Time;Day_of_week;Age_band_of_driver;Sex_of_driver;Educational_level;Vehicle_driver_relation;Driving_experience;Type_of_vehicle;Owner_of_vehicle;Service_year_of_vehicle;Defect_of_vehicle;Area_accident_occured;Lanes_or_Medians;Road_allignment;Types_of_Junction;Road_surface_type;Road_surface_conditions;Light_conditions;Weather_conditions;Type_of_collision;Number_of_vehicles_involved;Number_of_casualties;Vehicle_movement;Casualty_class;Sex_of_casualty;Age_band_of_casualty;Casualty_severity;Work_of_casuality;Fitness_of_casuality;Pedestrian_movement;Cause_of_accident;Accident_severity
19:40:00;Monday;Over 51;Male;Junior high school;Employee;unknown;Other;Owner;;;Office areas;Undivided Two way;Tangent road with flat terrain;Crossing;Asphalt roads;Wet or damp;Darkness - no lighting;Normal;Vehicle with vehicle collision;2;3;Going straight;Driver or rider;Male;31-50;2;Driver;Normal;Not a Pedestrian;Changing lane to the right;Slight Injury
19:40:00;Monday;31-50;Male;Junior high school;Employee;5-10yr;Automobile;Owner;Below 1yr;;Office areas;Two-way (divided with broken lines road marking);Tangent road with flat terrain;Crossing;Asphalt roads;Wet or damp;Darkness - no lighting;Normal;Vehicle with vehicle collision;2;3;Unknown;na;na;na;na;Driver;Normal;Not a Pedestrian;Changing lane to the right;Slight Injury
19:40:00;Monday;31-50;Male;Junior high school;Employee;2-5yr;Automobile;Organization;1-2yr;; Church areas;;Tangent road with flat terrain;Crossing;Asphalt roads;Wet or damp;Darkness - no lighting;Normal;Vehicle with vehicle collision;2;3;Going straight;Driver or rider;Male;Under 18;3;Driver;Normal;Not a Pedestrian;Driving to the left;Slight Injury
19:08:00;Tuesday;18-30;Male;Elementary school;Employee;5-10yr;Public (13?45 seats);Owner;;;Office areas;Two-way (divided with broken lines road marking);Tangent road with flat terrain;Crossing;Asphalt roads;Wet or damp;Darkness - lights lit;Normal;Vehicle with vehicle collision;2;1;Going straight;na;na;na;na;Driver;Normal;Not a Pedestrian;Changing lane to the left;Slight Injury
19:08:00;Tuesday;18-30;Male;Junior high school;Employee;2-5yr;Public (13?45 seats);Owner;1-2yr;;Office areas;Two-way (divided with broken lines road marking);Tangent road with mild grade and flat terrain;Crossing;Gravel roads;Wet or damp;Darkness - lights lit;Normal;Vehicle with vehicle collision;2;1;Going straight;Pedestrian;Female;Under 18;3;Driver;Normal;Unknown or other;Moving Backward;Slight Injury
17:50:00;Saturday;Over 51;Male;High school;Owner;5-10yr;Automobile;Owner;;;Office areas;Two-way (divided with broken lines road marking);Tangent road with mild grade and flat terrain;No junction;Asphalt roads;Wet or damp;Darkness - lights lit;Raining;Vehicle with vehicle collision;2;1;Turnover;na;na;na;na;Driver;Normal;Not a Pedestrian;Driving at high speed;Slight Injury
17:50:00;Saturday;18-30;Male;Junior high school;Employee;Above 10yr;Other;Owner;5-10yrs;No defect;Office areas;Two-way (divided with broken lines road marking);Tangent road with flat terrain;No junction;Asphalt roads;Wet or damp;Darkness - lights lit;Raining;Collision with pedestrians;2;1;Going straight;Driver or rider;Male;31-50;3;;Normal;Not a Pedestrian;Moving Backward;Slight Injury
21:30:00;Sunday;31-50;Male;Junior high school;Employee;2-5yr;Pick up upto 10Q;Owner;;No defect;Other;Two-way (divided with broken lines road marking);Tangent road with flat terrain;Y Shape;Asphalt roads;Dry;Darkness - lights lit;Normal;Collision with roadside objects;2;1;Going straight;na;na;na;na;Employee;Normal;Not a Pedestrian;No distancing;Slight Injury
21:30:00;Sunday;31-50;Unknown;Elementary school;Employee;2-5yr;Lorry (41?100Q);Owner;;No defect;Residential areas;Double carriageway (median);Tangent road with flat terrain;Y Shape;Asphalt roads;Dry;Darkness - lights lit;Normal;Collision with roadside objects;2;1;Going straight;Passenger;Female;18-30;3;;;Not a Pedestrian;Other;Slight Injury
14:49:00;Monday;Over 51;Male;High school;Owner;Above 10yr;Automobile;Owner;;No defect; Church areas;Undivided Two way;Tangent road with flat terrain;Y Shape;Asphalt roads;Dry;Daylight;Normal;Vehicle with vehicle collision;2;2;Reversing;Driver or rider;Male;18-30;2;Driver;Normal;Not a Pedestrian;No priority to vehicle;Slight Injury
14:49:00;Monday;Over 51;Male;Elementary school;Employee;1-2yr;Automobile;Owner;;No defect;Other;Two-way (divided with broken lines road marking);Tangent road with flat terrain;Y Shape;Asphalt roads;Dry;Daylight;Normal;Vehicle with vehicle collision;2;2;Getting off;na;na;na;na;Self-employed;Normal;Not a Pedestrian;Changing lane to the right;Slight Injury
14:49:00;Monday;18-30;Unknown;Junior high school;Employee;Above 10yr;Lorry (41?100Q);Owner;;No defect;  Recreational areas;Two-way (divided with broken lines road marking);Tangent road with flat terrain;Y Shape;Asphalt roads;Dry;Daylight;Normal;Vehicle with vehicle collision;2;2;Going straight;na;na;na;na;Self-employed;Normal;Not a Pedestrian;Other;Slight Injury
17:40:00;Sunday;31-50;Male;;Unknown;;;;;;;;Tangent road with flat terrain;Crossing;Asphalt roads;Wet or damp;Darkness - lights lit;Normal;Vehicle with vehicle collision;2;1;Getting off;Driver or rider;Male;18-30;3;;;Not a Pedestrian;No distancing;Slight Injury
17:40:00;Sunday;Over 51;Male;Junior high school;Owner;5-10yr;Other;Owner;Unknown;No defect; Industrial areas;Undivided Two way;Tangent road with mild grade and flat terrain;Crossing;Asphalt roads;Wet or damp;Darkness - lights lit;Normal;Vehicle with vehicle collision;2;1;Going straight;na;na;na;na;Self-employed;Normal;Not a Pedestrian;Driving carelessly;Slight Injury
21:55:00;Saturday;18-30;Male;Above high school;Employee;5-10yr;Automobile;Owner;;No defect;Other;Two-way (divided with broken lines road marking);Tangent road with flat terrain;Crossing;Asphalt roads;Wet or damp;Darkness - lights lit;Raining;Collision with roadside objects;2;1;Going straight;Driver or rider;Male;31-50;3;;;Not a Pedestrian;No distancing;Slight Injury
21:55:00;Saturday;18-30;Male;Junior high school;Employee;5-10yr;Automobile;Owner;Unknown;;Other;other;Tangent road with flat terrain;Crossing;Asphalt roads;Wet or damp;Darkness - lights lit;Raining;Vehicle with vehicle collision;2;1;Going straight;Pedestrian;Female;18-30;3;Self-employed;Normal;Not a Pedestrian;Moving Backward;Slight Injury
07:30:00;Tuesday;18-30;Male;Junior high school;Employee;Above 10yr;Automobile;Owner;5-10yrs;No defect; Church areas;other;Tangent road with flat terrain;Y Shape;Asphalt roads;Wet or damp;Daylight;Normal;Vehicle with vehicle collision;2;1;Going straight;na;na;na;na;Driver;Normal;Not a Pedestrian;No distancing;Slight Injury
07:30:00;Tuesday;31-50;Male;Junior high school;Employee;1-2yr;Automobile;Owner;5-10yrs;No defect; Church areas;Undivided Two way;Tangent road with flat terrain;Y Shape;Asphalt roads;Wet or damp;Daylight;Normal;Vehicle with vehicle collision;2;1;Going straight;Driver or rider;Male;Under 18;3;Self-employed;Normal;Not a Pedestrian;Moving Backward;Slight Injury
10:41:00;Wednesday;31-50;Male;Junior high school;Employee;2-5yr;Lorry (41?100Q);Owner;;No defect;Other;Two-way (divided with broken lines road marking);Tangent road with flat terrain;No junction;Asphalt roads;Wet or damp;Daylight;Other;Vehicle with vehicle collision;1;1;Going straight;Driver or rider;Male;31-50;2;Self-employed;Normal;Not a Pedestrian;No priority to pedestrian;Slight Injury
13:16:00;Wednesday;31-50;Male;Junior high school;Employee;Below 1yr;Other;Owner;;No defect;Other;One way;Tangent road with flat terrain;No junction;Asphalt roads;Wet or damp;Daylight;Raining;Vehicle with vehicle collision;2;3;Going straight;Passenger;Female;18-30;3;Self-employed;Normal;Not a Pedestrian;Changing lane to the left;Slight Injury
13:16:00;Wednesday;31-50;Male;Junior high school;Employee;Above 10yr;Pick up upto 10Q;Governmental;2-5yrs;;  Recreational areas;Two-way (divided with broken lines road marking);Tangent road with flat terrain;No junction;Asphalt roads;Wet or damp;Daylight;Raining;Vehicle with vehicle collision;2;3;Going straight;na;na;na;na;Driver;Normal;Not a Pedestrian;No distancing;Slight Injury
13:16:00;Wednesday;31-50;Male;Junior high school;Employee;1-2yr;Stationwagen;Owner;2-5yrs;;Other;Undivided Two way;Tangent road with flat terrain;No junction;Asphalt roads;Wet or damp;Daylight;Raining;Collision with pedestrians;2;3;Going straight;na;na;na;na;Employee;Normal;Not a Pedestrian;Other;Slight Injury
11:30:00;Thursday;18-30;Male;Above high school;Employee;5-10yr;Other;Owner;5-10yrs;;Office areas;Undivided Two way;Tangent road with flat terrain;Y Shape;Other;Dry;Daylight;Normal;Collision with pedestrians;2;1;Moving Backward;Driver or rider;Male;Under 18;3;;Normal;Not a Pedestrian;No distancing;Slight Injury
11:30:00;Thursday;18-30;Male;Junior high school;Employee;5-10yr;Pick up upto 10Q;Owner;5-10yrs;No defect; Church areas;Two-way (divided with broken lines road marking);Tangent road with flat terrain;Y Shape;Asphalt roads;Dry;Daylight;Normal;Collision with roadside objects;2;1;Going straight;Driver or rider;Male;18-30;3;;;Not a Pedestrian;No priority to pedestrian;Slight Injury
16:20:00;Friday;Unknown;Female;Elementary school;Owner;Below 1yr;Stationwagen;Owner;2-5yrs;;Office areas;Two-way (divided with broken lines road marking);Tangent road with flat terrain;Y Shape;Asphalt roads;Wet or damp;Darkness - lights lit;Normal;Collision with pedestrians;3;1;Going straight;na;na;na;na;;;Not a Pedestrian;Moving Backward;Slight Injury
16:20:00;Friday;31-50;Male;;Unknown;;Lorry (41?100Q);;;No defect;Office areas;Undivided Two way;Tangent road with mountainous terrain and;Y Shape;Asphalt roads;Wet or damp;Darkness - lights lit;Normal;Vehicle with vehicle collision;3;1;Going straight;na;na;na;na;;;Not a Pedestrian;No priority to pedestrian;Slight Injury
16:20:00;Friday;Over 51;Unknown;Junior high school;Employee;Above 10yr;Automobile;Owner;2-5yrs;No defect;Other;Undivided Two way;Tangent road with flat terrain;Y Shape;Asphalt roads;Wet or damp;Darkness - lights lit;Normal;Vehicle with vehicle collision;3;1;Going straight;Driver or rider;Male;18-30;3;Self-employed;Normal;Not a Pedestrian;No distancing;Slight Injury
01:10:00;Friday;31-50;Male;Junior high school;Unknown;;;Governmental;;;Residential areas;Two-way (divided with broken lines road marking);Tangent road with flat terrain;No junction;Asphalt roads;Wet or damp;Darkness - lights lit;Normal;Vehicle with vehicle collision;1;1;Going straight;Passenger;Female;18-30;3;Driver;Normal;Not a Pedestrian;No priority to pedestrian;Serious Injury
20:40:00;Monday;18-30;Male;Junior high school;Employee;1-2yr;Automobile;Owner;2-5yrs;No defect;Office areas;Two-way (divided with broken lines road marking);Tangent road with mild grade and flat terrain;No junction;Asphalt roads;Wet or damp;Darkness - lights lit;Raining;Collision with roadside objects;2;1;Going straight;Driver or rider;Male;18-30;3;;;Not a Pedestrian;Driving carelessly;Serious Injury
20:40:00;Monday;18-30;Male;Junior high school;Owner;2-5yr;Automobile;Owner;2-5yrs;;Residential areas;other;Tangent road with flat terrain;No junction;Asphalt roads;Wet or damp;Darkness - lights lit;Raining;Collision with roadside objects;2;1;Going straight;Driver or rider;Male;18-30;3;;;Not a Pedestrian;Getting off the vehicle improperly;Serious Injury
17:50:00;Wednesday;18-30;Male;;Employee;unknown;Turbo;Owner;Unknown;No defect;Residential areas;Two-way (divided with broken lines road marking);Tangent road with flat terrain;No junction;Other;Wet or damp;Darkness - no lighting;Windy;Vehicle with vehicle collision;2;3;Going straight;Passenger;Female;18-30;3;Driver;Normal;Not a Pedestrian;Driving carelessly;Slight Injury
17:50:00;Wednesday;18-30;Unknown;Junior high school;Employee;Above 10yr;;Owner;;No defect;Other;Double carriageway (median);Tangent road with flat terrain;No junction;Asphalt roads;Wet or damp;Darkness - no lighting;Windy;Vehicle with vehicle collision;2;3;Going straight;na;na;na;na;Driver;Normal;Not a Pedestrian;Changing lane to the left;Slight Injury
17:50:00;Wednesday;18-30;Male;Junior high school;Owner;2-5yr;Stationwagen;Owner;;No defect; Hospital areas;One way;Tangent road with flat terrain;No junction;Asphalt roads;Wet or damp;Darkness - no lighting;Windy;Vehicle with vehicle collision;2;3;Going straight;Driver or rider;Male;18-30;3;Self-employed;Normal;Not a Pedestrian;No priority to vehicle;Slight Injury
17:11:00;Wednesday;Over 51;Male;Junior high school;Employee;5-10yr;Automobile;Governmental;;No defect;Other;Undivided Two way;Tangent road with flat terrain;Y Shape;Asphalt roads;Wet or damp;Darkness - lights lit;Raining;Vehicle with vehicle collision;1;1;Going straight;na;na;na;na;Driver;Normal;Not a Pedestrian;Changing lane to the right;Slight Injury
21:03:00;Monday;18-30;Male;Junior high school;Employee;2-5yr;Automobile;Owner;;No defect;Other;Undivided Two way;Tangent road with flat terrain;O Shape;Asphalt roads;Wet or damp;Darkness - lights lit;Raining;Vehicle with vehicle collision;1;1;Going straight;Driver or rider;Male;Under 18;3;Driver;Normal;Not a Pedestrian;Changing lane to the right;Serious Injury
15:20:00;Monday;18-30;Male;Junior high school;Employee;1-2yr;Automobile;Owner;;No defect;  Recreational areas;One way;Tangent road with mild grade and flat terrain;Y Shape;Asphalt roads;Dry;Daylight;Normal;Vehicle with vehicle collision;1;1;Going straight;Driver or rider;Female;18-30;3;Self-employed;Normal;Not a Pedestrian;No distancing;Slight Injury
18:30:00;Monday;Unknown;Female;Junior high school;Employee;5-10yr;Pick up upto 10Q;Owner;;No defect;Other;Undivided Two way;Tangent road with flat terrain;Y Shape;Asphalt roads;Wet or damp;Darkness - lights lit;Raining;Vehicle with vehicle collision;1;1;Going straight;na;na;na;na;Self-employed;Normal;Not a Pedestrian;No distancing;Slight Injury
08:15:00;Wednesday;Over 51;Male;Junior high school;Employee;2-5yr;Lorry (41?100Q);Owner;;No defect;Other;Undivided Two way;Tangent road with flat terrain;No junction;Asphalt roads;Dry;Daylight;Normal;Vehicle with vehicle collision;1;1;Going straight;na;na;na;na;Driver;Normal;Not a Pedestrian;Changing lane to the left;Slight Injury
15:20:00;Tuesday;Unknown;Female;Elementary school;Employee;5-10yr;Lorry (41?100Q);Owner;;No defect;Other;Undivided Two way;Tangent road with flat terrain;Crossing;Asphalt roads;Wet or damp;Darkness - no lighting;Normal;Vehicle with vehicle collision;1;1;Going straight;Driver or rider;Male;18-30;3;Self-employed;Normal;Not a Pedestrian;Changing lane to the right;Slight Injury
18:17:00;Friday;18-30;Unknown;Above high school;Owner;5-10yr;Automobile;Owner;Below 1yr;No defect;Office areas;Two-way (divided with broken lines road marking);Tangent road with flat terrain;Crossing;;Wet or damp;Darkness - lights lit;Raining;Collision with roadside objects;2;1;Going straight;Passenger;Male;18-30;3;;;Not a Pedestrian;No priority to vehicle;Slight Injury
18:17:00;Friday;18-30;Male;Junior high school;Employee;2-5yr;Lorry (41?100Q);Owner;2-5yrs;No defect;Other;Two-way (divided with broken lines road marking);Tangent road with mild grade and flat terrain;Crossing;Other;Wet or damp;Darkness - lights lit;Raining;Collision with roadside objects;2;1;Reversing;Pedestrian;Female;Under 18;3;;;Unknown or other;Changing lane to the left;Slight Injury
19:31:00;Wednesday;18-30;Male;Junior high school;Employee;2-5yr;Lorry (41?100Q);Owner;;No defect;Residential areas;Two-way (divided with broken lines road marking);Tangent road with flat terrain;Crossing;Asphalt roads;Wet or damp;Darkness - no lighting;Raining;Collision with pedestrians;2;1;Going straight;Pedestrian;Female;Over 51;2;;;Crossing from driver's nearside;No priority to vehicle;Slight Injury
19:31:00;Wednesday;18-30;Male;Junior high school;Employee;2-5yr;Lorry (41?100Q);Owner;5-10yrs;No defect;Other;Undivided Two way;Tangent road with flat terrain;Crossing;Asphalt roads;Wet or damp;Darkness - no lighting;Raining;Vehicle with vehicle collision;2;1;Going straight;Driver or rider;Male;Under 18;3;Self-employed;Normal;Not a Pedestrian;Moving Backward;Slight Injury
09:25:00;Friday;31-50;Unknown;Junior high school;Employee;5-10yr;Lorry (41?100Q);Owner;Unknown;No defect;Other;Undivided Two way;Tangent road with flat terrain;No junction;Asphalt roads;Wet or damp;Daylight;Normal;Vehicle with vehicle collision;2;1;Going straight;na;na;na;na;Driver;Normal;Not a Pedestrian;Turnover;Serious Injury
09:25:00;Friday;18-30;Male;Junior high school;Employee;1-2yr;Automobile;Owner;;; Church areas;Undivided Two way;Tangent road with flat terrain;No junction;Asphalt roads;Wet or damp;Daylight;Normal;Vehicle with vehicle collision;2;1;Unknown;Pedestrian;Female;Under 18;3;Employee;Normal;Crossing from driver's nearside;No distancing;Serious Injury
14:10:00;Wednesday;18-30;Male;Junior high school;Owner;2-5yr;Automobile;Owner;1-2yr;5;Office areas;Undivided Two way;Tangent road with flat terrain;No junction;Asphalt roads with some distress;Dry;Daylight;Normal;Vehicle with vehicle collision;2;1;Going straight;na;na;na;na;Driver;Normal;Not a Pedestrian;No distancing;Slight Injury
14:10:00;Wednesday;Over 51;Male;High school;Owner;2-5yr;Automobile;Owner;Above 10yr;No defect;School areas;other;Tangent road with flat terrain;No junction;;Dry;Daylight;Normal;Vehicle with vehicle collision;2;1;Going straight;Driver or rider;Male;Over 51;3;Driver;Normal;Not a Pedestrian;No distancing;Slight Injury
14:00:00;Friday;31-50;Male;;Employee;;Public (13?45 seats);Owner;2-5yrs;No defect;Other;Undivided Two way;Tangent road with flat terrain;Y Shape;Asphalt roads;Wet or damp;Daylight;Normal;Vehicle with vehicle collision;2;1;Going straight;Passenger;Male;31-50;3;Driver;Normal;Not a Pedestrian;Changing lane to the left;Slight Injury
14:00:00;Friday;31-50;Male;Junior high school;Owner;1-2yr;Automobile;Owner;1-2yr;No defect;Office areas;Undivided Two way;Tangent road with flat terrain;Y Shape;Asphalt roads;Wet or damp;Daylight;Normal;Vehicle with vehicle collision;2;1;Going straight;Passenger;Male;Over 51;3;Driver;Normal;Not a Pedestrian;No priority to vehicle;Slight Injury
22:05:00;Tuesday;Unknown;Female;Junior high school;Unknown;Below 1yr;Public (13?45 seats);Owner;1-2yr;No defect;Residential areas;other;Steep grade downward with mountainous terrain;Crossing;Asphalt roads;Wet or damp;Darkness - lights lit;Normal;Vehicle with vehicle collision;2;1;Going straight;Passenger;Male;31-50;3;Driver;Normal;Not a Pedestrian;Driving at high speed;Slight Injury
22:05:00;Tuesday;Over 51;Male;High school;Employee;1-2yr;Public (13?45 seats);Owner;1-2yr;No defect; Industrial areas;One way;Tangent road with flat terrain;Crossing;Asphalt roads;Wet or damp;Darkness - lights lit;Normal;Vehicle with vehicle collision;2;1;Going straight;Passenger;Male;Over 51;3;Driver;Normal;Not a Pedestrian;Overtaking;Slight Injury
07:00:00;Thursday;18-30;Male;Above high school;Employee;1-2yr;Automobile;Owner;2-5yrs;No defect;Other;Undivided Two way;Tangent road with flat terrain;Y Shape;Earth roads;Wet or damp;Darkness - lights lit;Windy;Collision with pedestrians;2;1;Unknown;Driver or rider;Male;18-30;3;Employee;Normal;Not a Pedestrian;Other;Slight Injury
07:00:00;Thursday;31-50;Male;Junior high school;Employee;Above 10yr;Lorry (11?40Q);Owner;1-2yr;No defect;Residential areas;Undivided Two way;Tangent road with flat terrain;Y Shape;Asphalt roads;Wet or damp;Darkness - lights lit;Windy;Collision with pedestrians;2;1;Moving Backward;Passenger;Female;18-30;3;Driver;Normal;Not a Pedestrian;Changing lane to the left;Slight Injury
07:35:00;Thursday;18-30;Male;High school;Employee;1-2yr;Automobile;Owner;1-2yr;No defect;  Recreational areas;Two-way (divided with broken lines road marking);Tangent road with flat terrain;Y Shape;Asphalt roads;Wet or damp;Darkness - lights lit;Raining;Vehicle with vehicle collision;2;1;Going straight;Passenger;Male;31-50;3;Employee;Normal;Not a Pedestrian;No priority to pedestrian;Slight Injury
07:35:00;Thursday;31-50;Unknown;Junior high school;Employee;2-5yr;Lorry (41?100Q);Owner;Unknown;7;Office areas;other;Tangent road with flat terrain;Y Shape;Asphalt roads;Wet or damp;Darkness - lights lit;Raining;Vehicle with vehicle collision;2;1;Turnover;Driver or rider;Male;31-50;3;Self-employed;Normal;Not a Pedestrian;Changing lane to the left;Slight Injury
08:43:00;Wednesday;31-50;Male;Above high school;Other;2-5yr;Other;Owner;;No defect; Outside rural areas;Two-way (divided with broken lines road marking);Tangent road with flat terrain;Y Shape;Asphalt roads;Wet or damp;Daylight;Raining;Vehicle with vehicle collision;2;2;Turnover;na;na;na;na;Driver;Normal;Not a Pedestrian;No distancing;Slight Injury
08:43:00;Wednesday;31-50;Male;High school;Employee;Above 10yr;Pick up upto 10Q;Owner;1-2yr;No defect; Outside rural areas;Two-way (divided with broken lines road marking);Tangent road with flat terrain;Y Shape;Asphalt roads;Wet or damp;Daylight;Raining;Vehicle with vehicle collision;2;2;Reversing;Passenger;Female;Over 51;3;Driver;Normal;Not a Pedestrian;Moving Backward;Slight Injury
16:05:00;Tuesday;Over 51;Male;Elementary school;Employee;5-10yr;Lorry (11?40Q);Owner;1-2yr;No defect; Outside rural areas;Undivided Two way;Tangent road with flat terrain;Y Shape;Asphalt roads;Wet or damp;Daylight;Normal;Vehicle with vehicle collision;1;1;Reversing;Driver or rider;Female;18-30;3;Self-employed;Normal;Not a Pedestrian;Changing lane to the left;Serious Injury
22:05:00;Friday;18-30;Male;High school;Employee;1-2yr;Motorcycle;Governmental;Below 1yr;No defect; Outside rural areas;Undivided Two way;Tangent road with flat terrain;Y Shape;Asphalt roads;Wet or damp;Darkness - lights lit;Raining;Vehicle with vehicle collision;2;3;Reversing;Driver or rider;Male;18-30;3;Self-employed;Normal;Not a Pedestrian;Other;Serious Injury
22:05:00;Friday;18-30;Male;High school;Employee;5-10yr;Pick up upto 10Q;Owner;;No defect; Outside rural areas;other;Steep grade downward with mountainous terrain;Y Shape;Asphalt roads;Wet or damp;Darkness - lights lit;Raining;Vehicle with vehicle collision;2;3;Moving Backward;na;na;na;na;Driver;Normal;Not a Pedestrian;No distancing;Serious Injury
22:05:00;Friday;18-30;Male;High school;Employee;2-5yr;Lorry (11?40Q);Owner;;No defect;School areas;other;Steep grade downward with mountainous terrain;Y Shape;Asphalt roads;Wet or damp;Darkness - lights lit;Raining;Vehicle with vehicle collision;2;3;Going straight;Driver or rider;Male;31-50;2;Driver;Normal;Not a Pedestrian;Moving Backward;Serious Injury
22:05:00;Friday;18-30;Male;Junior high school;Employee;1-2yr;Lorry (11?40Q);Owner;Above 10yr;No defect; Outside rural areas;Two-way (divided with broken lines road marking);Tangent road with flat terrain;Y Shape;Asphalt roads;Wet or damp;Darkness - lights lit;Raining;Vehicle with vehicle collision;2;3;Going straight;Driver or rider;Male;18-30;2;Self-employed;Normal;Not a Pedestrian;No distancing;Serious Injury
03:40:00;Saturday;18-30;Male;Above high school;Employee;Above 10yr;Automobile;Owner;;No defect; Outside rural areas;Undivided Two way;Tangent road with flat terrain;Y Shape;Asphalt roads;Wet or damp;Darkness - lights lit;Windy;Vehicle with vehicle collision;1;1;Going straight;na;na;na;na;Self-employed;Normal;Not a Pedestrian;Changing lane to the left;Slight Injury
09:25:00;Tuesday;Over 51;Male;Above high school;Employee;2-5yr;Automobile;Owner;;No defect; Outside rural areas;Two-way (divided with broken lines road marking);Escarpments;Crossing;Gravel roads;Dry;Daylight;Normal;Vehicle with vehicle collision;6;1;Going straight;Pedestrian;Male;Over 51;3;Driver;Normal;Not a Pedestrian;Changing lane to the left;Slight Injury
09:25:00;Tuesday;Unknown;Female;Elementary school;Employee;5-10yr;Other;Owner;2-5yrs;No defect; Outside rural areas;Two-way (divided with broken lines road marking);Tangent road with mountainous terrain and;Crossing;Asphalt roads;Dry;Daylight;Normal;Vehicle with vehicle collision;6;1;Going straight;na;na;na;na;Driver;Normal;Not a Pedestrian;No priority to pedestrian;Slight Injury
09:25:00;Tuesday;Unknown;Female;Elementary school;Employee;1-2yr;Other;Owner;2-5yrs;No defect;Office areas;Undivided Two way;Tangent road with mountainous terrain and;Crossing;Asphalt roads;Dry;Daylight;Normal;Vehicle with vehicle collision;6;1;Going straight;Driver or rider;Male;31-50;3;Driver;Normal;Not a Pedestrian;Changing lane to the left;Slight Injury
09:25:00;Tuesday;Unknown;Female;Junior high school;Employee;;Automobile;Owner;2-5yrs;No defect; Outside rural areas;Undivided Two way;Tangent road with mountainous terrain and;Crossing;Asphalt roads;Dry;Daylight;Normal;Vehicle with vehicle collision;6;1;Going straight;Driver or rider;Male;18-30;3;Driver;Normal;Not a Pedestrian;Driving carelessly;Slight Injury
09:25:00;Tuesday;Unknown;Female;;;;Taxi;Owner;;No defect; Outside rural areas;Undivided Two way;Tangent road with mountainous terrain and;Crossing;Asphalt roads;Dry;Daylight;Normal;Vehicle with vehicle collision;6;1;Going straight;na;na;na;na;;;Not a Pedestrian;Driving carelessly;Slight Injury
09:25:00;Tuesday;Unknown;Female;Elementary school;Employee;5-10yr;Other;Owner;2-5yrs;No defect; Outside rural areas;Undivided Two way;Tangent road with flat terrain;Crossing;Asphalt roads;Dry;Daylight;Normal;Vehicle with vehicle collision;6;1;Going straight;Pedestrian;Male;Under 18;2;;Normal;Crossing from driver's nearside;No priority to pedestrian;Slight Injury
07:58:00;Thursday;Under 18;Male;Junior high school;Employee;2-5yr;Taxi;Owner;;No defect;Office areas;Undivided Two way;Tangent road with flat terrain;Y Shape;Asphalt roads;Wet or damp;Daylight;Raining;Vehicle with vehicle collision;2;2;Going straight;Pedestrian;Male;18-30;2;Driver;Normal;Unknown or other;Getting off the vehicle improperly;Slight Injury
07:58:00;Thursday;18-30;Male;Junior high school;Employee;5-10yr;Lorry (11?40Q);Owner;;No defect;  Recreational areas;Undivided Two way;Tangent road with flat terrain;Y Shape;Asphalt roads;Wet or damp;Daylight;Raining;Vehicle with vehicle collision;2;2;Going straight;na;na;na;na;;;Not a Pedestrian;No distancing;Slight Injury
20:15:00;Tuesday;18-30;Unknown;High school;Employee;2-5yr;Automobile;Owner;Above 10yr;No defect;Office areas;Undivided Two way;Tangent road with flat terrain;O Shape;Asphalt roads;Wet or damp;Darkness - no lighting;Raining;Vehicle with vehicle collision;2;1;Going straight;Driver or rider;Male;18-30;3;;;Not a Pedestrian;Changing lane to the left;Slight Injury
20:15:00;Tuesday;18-30;Male;Junior high school;Employee;1-2yr;Other;Owner;2-5yrs;No defect;Other;Two-way (divided with broken lines road marking);Tangent road with mild grade and flat terrain;O Shape;Asphalt roads;Wet or damp;Darkness - no lighting;Raining;Vehicle with vehicle collision;2;1;Going straight;Pedestrian;Female;31-50;3;;;Not a Pedestrian;No priority to vehicle;Slight Injury
17:10:00;Tuesday;18-30;Male;Junior high school;Employee;1-2yr;Automobile;Owner;Above 10yr;No defect;Residential areas;Two-way (divided with broken lines road marking);Tangent road with flat terrain;Y Shape;Asphalt roads;Wet or damp;Darkness - lights lit;Normal;Vehicle with vehicle collision;2;2;Going straight;na;na;na;na;Driver;Normal;Not a Pedestrian;No distancing;Slight Injury
17:10:00;Tuesday;31-50;Unknown;Junior high school;Employee;5-10yr;Automobile;Owner;Above 10yr;No defect;Residential areas;other;Tangent road with flat terrain;Y Shape;Asphalt roads;Wet or damp;Darkness - lights lit;Normal;Collision with roadside objects;2;2;Going straight;Driver or rider;Female;Over 51;3;;;Not a Pedestrian;No priority to pedestrian;Slight Injury
17:10:00;Tuesday;31-50;Male;Illiterate;Employee;unknown;Automobile;Owner;;No defect;Residential areas;Undivided Two way;Tangent road with flat terrain;Y Shape;Asphalt roads;Wet or damp;Darkness - lights lit;Normal;Collision with roadside objects;2;2;Going straight;na;na;na;na;;;Not a Pedestrian;No priority to pedestrian;Slight Injury
15:30:00;Saturday;Unknown;Female;Junior high school;Employee;5-10yr;Automobile;Owner;Above 10yr;No defect;Other;Undivided Two way;Tangent road with flat terrain;Y Shape;Asphalt roads;Wet or damp;Daylight;Normal;Vehicle with vehicle collision;2;2;Going straight;Pedestrian;Male;31-50;3;Driver;Normal;Crossing from nearside - masked by parked or statioNot a Pedestrianry vehicle;No priority to vehicle;Slight Injury