Time;Day_of_week;Age_band_of_driver;Sex_of_driver;Educational_level;Vehicle_driver_relation;Driving_experience;Type_of_vehicle;Owner_of_vehicle;Service_year_of_vehicle;Defect_of_vehicle;Area_accident_occured;Lanes_or_Medians;Road_allignment;Types_of_Junction;Road_surface_type;Road_surface_conditions;Light_conditions;Weather_conditions;Type_of_collision;Number_of_vehicles_involved;Number_of_casualties;Vehicle_movement;Casualty_class;Sex_of_casualty;Age_band_of_casualty;Casualty_severity;Work_of_casuality;Fitness_of_casuality;Pedestrian_movement;Cause_of_accident;Accident_severity
17:50:00;Saturday;18-30;Male;High school;Owner;2-5yr;Public (12 seats);Owner;2-5yrs;;Office areas;Two-way (divided with broken lines road marking);Tangent road with flat terrain;Y Shape;Asphalt roads;Dry;Daylight;Normal;Collision with pedestrians;2;1;Going straight;Driver or rider;Male;18-30;2;Employee;Normal;Not a Pedestrian;Getting off the vehicle improperly;Slight Injury
17:50:00;Saturday;31-50;Male;High school;Employee;Above 10yr;Automobile;Owner;2-5yrs;No defect;Other;Undivided Two way;Tangent road with flat terrain;Y Shape;Asphalt roads;Dry;Daylight;Normal;Collision with pedestrians;2;1;Unknown;Driver or rider;Male;18-30;3;;Normal;Not a Pedestrian;Changing lane to the left;Slight Injury
20:51:00;Tuesday;18-30;Male;Junior high school;Employee;1-2yr;Stationwagen;Owner;Below 1yr;No defect; Hospital areas;Undivided Two way;Tangent road with flat terrain;Y Shape;Asphalt roads;Wet or damp;Darkness - lights lit;Windy;Collision with pedestrians;1;1;Going straight;Driver or rider;Male;31-50;3;;Normal;Not a Pedestrian;Changing lane to the left;Serious Injury
14:00:00;Saturday;31-50;Male;Elementary school;Employee;1-2yr;Automobile;Owner;2-5yrs;;Other;Undivided Two way;Tangent road with flat terrain;Y Shape;Asphalt roads;Dry;Daylight;Normal;Vehicle with vehicle collision;2;1;Going straight;Passenger;Female;Under 18;3;;Normal;Not a Pedestrian;No priority to vehicle;Slight Injury
14:00:00;Saturday;18-30;Male;High school;Employee;1-2yr;Automobile;Owner;;;Other;Two-way (divided with broken lines road marking);Tangent road with flat terrain;Y Shape;Asphalt roads;Dry;Daylight;Normal;Collision with roadside objects;2;1;Going straight;Driver or rider;Male;Under 18;2;;;Not a Pedestrian;Changing lane to the right;Slight Injury
14:43:00;Friday;Over 51;Male;Above high school;Employee;5-10yr;Automobile;Owner;;;Other;Undivided Two way;Tangent road with flat terrain;Other;Asphalt roads;Dry;Daylight;Normal;Vehicle with vehicle collision;1;1;Moving Backward;Driver or rider;Male;Over 51;3;Driver;Normal;Not a Pedestrian;Changing lane to the right;Slight Injury
16:26:00;Tuesday;Over 51;Male;;;;;;;;Other;Double carriageway (median);Tangent road with flat terrain;Y Shape;Asphalt roads;Dry;Daylight;Normal;Vehicle with vehicle collision;2;1;Going straight;na;na;na;na;Self-employed;Normal;Not a Pedestrian;Driving carelessly;Serious Injury
16:26:00;Tuesday;Over 51;Male;Junior high school;Employee;5-10yr;;Governmental;;No defect;Other;Two-way (divided with broken lines road marking);Tangent road with mild grade and flat terrain;Y Shape;Gravel roads;Dry;Daylight;Normal;Collision with roadside objects;2;1;Going straight;Driver or rider;Male;31-50;3;;;Not a Pedestrian;Changing lane to the left;Serious Injury
13:54:00;Saturday;31-50;Unknown;Elementary school;Owner;5-10yr;Pick up upto 10Q;Owner;Above 10yr;No defect; Hospital areas;Two-way (divided with broken lines road marking);Tangent road with flat terrain;Y Shape;Asphalt roads;Dry;Daylight;Normal;Vehicle with vehicle collision;2;2;Going straight;na;na;na;na;Driver;Normal;Not a Pedestrian;Changing lane to the right;Slight Injury
13:54:00;Saturday;31-50;Male;Elementary school;Employee;5-10yr;Turbo;;Above 10yr;No defect;Other;Two-way (divided with broken lines road marking);Tangent road with flat terrain;Y Shape;Earth roads;Dry;Daylight;Normal;Vehicle with vehicle collision;2;2;Going straight;Driver or rider;Male;31-50;3;Driver;Normal;Not a Pedestrian;Driving under the influence of drugs;Slight Injury
13:54:00;Saturday;18-30;Male;High school;Owner;5-10yr;Pick up upto 10Q;Owner;;No defect;Other;One way;Tangent road with flat terrain;Y Shape;Asphalt roads;Dry;Daylight;Normal;Vehicle with vehicle collision;2;2;Going straight;na;na;na;na;Driver;Normal;Not a Pedestrian;Driving carelessly;Slight Injury
15:31:00;Monday;31-50;Male;Junior high school;Employee;5-10yr;Other;Owner;2-5yrs;No defect;Other;Two-way (divided with broken lines road marking);Tangent road with mild grade and flat terrain;Y Shape;Asphalt roads;Dry;Daylight;Cloudy;Vehicle with vehicle collision;2;1;Reversing;Driver or rider;Female;31-50;3;Driver;Normal;Not a Pedestrian;No distancing;Slight Injury
15:31:00;Monday;Over 51;Male;Junior high school;Owner;1-2yr;Stationwagen;Owner;;;Office areas;Two-way (divided with broken lines road marking);Tangent road with flat terrain;Y Shape;Asphalt roads;Dry;Daylight;Cloudy;Collision with pedestrians;2;1;Going straight;Driver or rider;Male;18-30;3;Self-employed;Normal;Not a Pedestrian;No priority to vehicle;Slight Injury
12:30:00;Thursday;18-30;Unknown;Junior high school;Employee;2-5yr;Pick up upto 10Q;Owner;Unknown;;Residential areas;Two-way (divided with broken lines road marking);Tangent road with flat terrain;No junction;Earth roads;Wet or damp;Daylight;Normal;Rollover;1;1;Going straight;na;na;na;na;;;Not a Pedestrian;No priority to vehicle;Slight Injury
18:45:00;Wednesday;18-30;Male;Junior high school;Owner;5-10yr;Lorry (41?100Q);Owner;2-5yrs;No defect;Other;Two-way (divided with broken lines road marking);Tangent road with flat terrain;No junction;Asphalt roads;Wet or damp;Darkness - lights lit;Raining;Vehicle with vehicle collision;2;1;Going straight;Pedestrian;Female;31-50;3;;;Crossing from offside - masked by  parked or statioNot a Pedestrianry vehicle;No priority to vehicle;Slight Injury
18:45:00;Wednesday;31-50;Unknown;Junior high school;Owner;Above 10yr;Lorry (41?100Q);Owner;Unknown;;Residential areas;Two-way (divided with broken lines road marking);Tangent road with flat terrain;No junction;Asphalt roads;Wet or damp;Darkness - lights lit;Raining;Vehicle with vehicle collision;2;1;Going straight;Passenger;Female;Over 51;2;Driver;Normal;Not a Pedestrian;Changing lane to the left;Slight Injury
19:12:00;Tuesday;31-50;Male;High school;Employee;5-10yr;Automobile;Owner;Unknown;;Other;Undivided Two way;Tangent road with flat terrain;No junction;Asphalt roads;Dry;Darkness - lights lit;Normal;Vehicle with vehicle collision;1;1;Going straight;Passenger;Female;Over 51;3;Driver;Normal;Not a Pedestrian;Moving Backward;Serious Injury
17:25:00;Friday;31-50;Male;High school;Owner;2-5yr;Automobile;Owner;2-5yrs;;Residential areas;Double carriageway (median);Tangent road with flat terrain;No junction;Asphalt roads;Dry;Daylight;Normal;Collision with roadside objects;2;1;Going straight;na;na;na;na;;;Not a Pedestrian;Driving carelessly;Slight Injury
17:25:00;Friday;31-50;Male;Junior high school;Employee;5-10yr;Pick up upto 10Q;Owner;;;Office areas;Two-way (divided with broken lines road marking);Tangent road with flat terrain;No junction;Asphalt roads;Dry;Daylight;Normal;Vehicle with vehicle collision;2;1;Going straight;Pedestrian;Male;31-50;2;Self-employed;Normal;Crossing from offside - masked by  parked or statioNot a Pedestrianry vehicle;Driving under the influence of drugs;Slight Injury
12:48:00;Friday;31-50;Male;Elementary school;Employee;2-5yr;Pick up upto 10Q;Owner;5-10yrs;;Office areas;Two-way (divided with broken lines road marking);Tangent road with mild grade and flat terrain;Y Shape;Asphalt roads;Wet or damp;Daylight;Normal;Rollover;1;1;Going straight;Pedestrian;Male;31-50;3;;;Not a Pedestrian;Changing lane to the right;Slight Injury
07:10:00;Friday;18-30;Male;Elementary school;Employee;5-10yr;Lorry (41?100Q);Owner;Unknown;;Office areas;Double carriageway (median);Tangent road with flat terrain;Y Shape;Asphalt roads;Dry;Daylight;Normal;Collision with roadside objects;2;1;Waiting to go;na;na;na;na;;;Not a Pedestrian;No priority to vehicle;Slight Injury
07:10:00;Friday;18-30;Male;Junior high school;Employee;1-2yr;Public (12 seats);Owner;;;  Recreational areas;Two-way (divided with broken lines road marking);Tangent road with flat terrain;Y Shape;Asphalt roads;Dry;Daylight;Normal;Vehicle with vehicle collision;2;1;Going straight;Driver or rider;Male;Over 51;3;Driver;Normal;Not a Pedestrian;Changing lane to the right;Slight Injury
17:10:00;Friday;18-30;Male;Junior high school;Employee;5-10yr;Other;Owner;;;Other;Two-way (divided with broken lines road marking);Tangent road with flat terrain;No junction;Asphalt roads;Wet or damp;Daylight;Normal;Vehicle with vehicle collision;3;1;Going straight;na;na;na;na;Driver;Normal;Not a Pedestrian;Driving to the left;Slight Injury
17:10:00;Friday;31-50;Male;;;;Stationwagen;Owner;;;Other;other;Tangent road with flat terrain;No junction;Asphalt roads;Wet or damp;Daylight;Normal;Vehicle with vehicle collision;3;1;Going straight;Passenger;Female;Over 51;3;Driver;Normal;Not a Pedestrian;Moving Backward;Slight Injury
17:10:00;Friday;18-30;Male;Elementary school;Employee;Above 10yr;Automobile;Owner;5-10yrs;;Other;Two-way (divided with broken lines road marking);Tangent road with flat terrain;No junction;Asphalt roads;Wet or damp;Daylight;Normal;Vehicle with vehicle collision;3;1;Going straight;Pedestrian;Male;Under 18;3;Driver;Normal;Walking along in carriageway, facing traffic;No priority to vehicle;Slight Injury
09:05:00;Friday;31-50;Male;Elementary school;Employee;Below 1yr;Automobile;Owner;;;Other;Double carriageway (median);Tangent road with flat terrain;Y Shape;Asphalt roads;Wet or damp;Daylight;Raining;Vehicle with vehicle collision;2;1;Going straight;na;na;na;na;Driver;Normal;Not a Pedestrian;No distancing;Slight Injury
09:05:00;Friday;18-30;Unknown;Junior high school;Employee;2-5yr;Lorry (41?100Q);Owner;2-5yrs;No defect;Other;Undivided Two way;Tangent road with mountainous terrain and;Y Shape;Asphalt roads;Wet or damp;Daylight;Raining;Vehicle with vehicle collision;2;1;Going straight;Driver or rider;Male;Under 18;2;Driver;Normal;Not a Pedestrian;Driving carelessly;Slight Injury
16:15:00;Wednesday;31-50;Male;Elementary school;Owner;1-2yr;Stationwagen;Owner;2-5yrs;No defect;Office areas;Two-way (divided with broken lines road marking);Tangent road with flat terrain;No junction;Asphalt roads;Dry;Daylight;Normal;Collision with pedestrians;1;1;Going straight;na;na;na;na;Self-employed;Normal;Not a Pedestrian;Changing lane to the left;Slight Injury
18:00:00;Sunday;Unknown;Female;Junior high school;Owner;5-10yr;Lorry (41?100Q);Owner;Above 10yr;No defect;Office areas;Two-way (divided with broken lines road marking);Tangent road with flat terrain;Crossing;Asphalt roads;Dry;Darkness - lights lit;Normal;Vehicle with vehicle collision;1;1;Going straight;Passenger;Female;31-50;3;Driver;Normal;Not a Pedestrian;No priority to vehicle;Slight Injury
13:55:00;Sunday;Over 51;Male;Junior high school;Employee;2-5yr;Public (> 45 seats);Owner;Unknown;No defect;Office areas;One way;Tangent road with flat terrain;Y Shape;Asphalt roads;Dry;Daylight;Normal;Vehicle with vehicle collision;3;3;Going straight;na;na;na;na;Driver;Normal;Not a Pedestrian;No priority to vehicle;Slight Injury
13:55:00;Sunday;18-30;Male;Junior high school;Employee;2-5yr;Automobile;Owner;Above 10yr;No defect;Residential areas;Double carriageway (median);Tangent road with flat terrain;Y Shape;Asphalt roads;Dry;Daylight;Normal;Collision with roadside objects;3;3;Going straight;Driver or rider;Male;Over 51;3;;;Not a Pedestrian;No distancing;Slight Injury
13:55:00;Sunday;18-30;Male;High school;Employee;2-5yr;Automobile;Governmental;Below 1yr;No defect;  Recreational areas;Two-way (divided with broken lines road marking);Tangent road with flat terrain;Y Shape;Asphalt roads;Dry;Daylight;Normal;Vehicle with vehicle collision;3;3;Going straight;Passenger;Male;18-30;3;Driver;Normal;Not a Pedestrian;Driving to the left;Slight Injury
13:55:00;Sunday;18-30;Male;Junior high school;Employee;Above 10yr;Automobile;Owner;Unknown;No defect; Church areas;Double carriageway (median);Tangent road with flat terrain;Y Shape;Asphalt roads;Dry;Daylight;Normal;Vehicle with vehicle collision;3;3;Going straight;Pedestrian;Female;Under 18;3;Driver;Normal;Not a Pedestrian;Driving carelessly;Slight Injury
19:20:00;Sunday;Unknown;Female;Junior high school;Employee;2-5yr;;Owner;Unknown;No defect;Office areas;Undivided Two way;Tangent road with flat terrain;No junction;Asphalt roads;Dry;Darkness - lights lit;Normal;Vehicle with vehicle collision;2;2;Going straight;na;na;na;na;Employee;Normal;Not a Pedestrian;Driving carelessly;Slight Injury
19:20:00;Sunday;31-50;Male;Junior high school;Employee;1-2yr;Lorry (41?100Q);Owner;Unknown;No defect;Other;Two-way (divided with broken lines road marking);Tangent road with flat terrain;No junction;Earth roads;Dry;Darkness - lights lit;Normal;Collision with roadside objects;2;2;Turnover;Driver or rider;Female;31-50;3;;;Not a Pedestrian;Changing lane to the right;Slight Injury
19:20:00;Sunday;31-50;Male;Junior high school;Employee;2-5yr;Lorry (41?100Q);Owner;;;Residential areas;other;Steep grade downward with mountainous terrain;No junction;Asphalt roads;Dry;Darkness - lights lit;Normal;Vehicle with vehicle collision;2;2;Reversing;Driver or rider;Male;Under 18;3;Driver;Normal;Not a Pedestrian;Driving carelessly;Slight Injury
11:58:00;Saturday;31-50;Male;Junior high school;Employee;5-10yr;Automobile;Owner;;No defect;School areas;other;Tangent road with flat terrain;No junction;Asphalt roads;Dry;Daylight;Normal;Vehicle with vehicle collision;1;1;Moving Backward;na;na;na;na;Self-employed;Normal;Not a Pedestrian;Changing lane to the left;Slight Injury
12:53:00;Sunday;31-50;Unknown;Junior high school;Employee;1-2yr;Stationwagen;Owner;1-2yr;No defect;Office areas;Two-way (divided with broken lines road marking);Tangent road with flat terrain;Crossing;Other;Dry;Daylight;Normal;Vehicle with vehicle collision;3;2;Going straight;na;na;na;na;Self-employed;Normal;Not a Pedestrian;Driving carelessly;Slight Injury
12:53:00;Sunday;18-30;Male;Elementary school;Employee;1-2yr;Public (12 seats);Owner;Above 10yr;No defect;Other;other;Tangent road with flat terrain;Crossing;Asphalt roads;Dry;Daylight;Normal;Vehicle with vehicle collision;3;2;Moving Backward;Driver or rider;Male;Over 51;3;Employee;Normal;Not a Pedestrian;Driving carelessly;Slight Injury
12:53:00;Sunday;18-30;Male;Junior high school;Employee;2-5yr;Public (12 seats);Owner;Unknown;No defect;Other;Two-way (divided with broken lines road marking);Tangent road with flat terrain;Crossing;Asphalt roads;Dry;Daylight;Normal;Vehicle with vehicle collision;3;2;Going straight;na;na;na;na;Driver;Normal;Not a Pedestrian;Driving under the influence of drugs;Slight Injury
20:40:00;Friday;18-30;Male;Junior high school;Employee;Above 10yr;Automobile;Organization;2-5yrs;;Office areas;Two-way (divided with broken lines road marking);Tangent road with mountainous terrain and;Y Shape;Asphalt roads;Dry;Darkness - lights lit;Normal;Vehicle with vehicle collision;2;1;Going straight;Driver or rider;Female;31-50;3;Driver;Normal;Not a Pedestrian;Driving carelessly;Slight Injury
20:40:00;Friday;31-50;Unknown;Junior high school;Employee;Below 1yr;Public (12 seats);Owner;;;Office areas;Two-way (divided with broken lines road marking);Tangent road with flat terrain;Y Shape;Asphalt roads;Dry;Darkness - lights lit;Normal;Vehicle with vehicle collision;2;1;Going straight;Passenger;Female;Under 18;3;Employee;Normal;Not a Pedestrian;No distancing;Slight Injury
12:44:00;Tuesday;Under 18;Male;Junior high school;Employee;Above 10yr;Public (12 seats);Owner;5-10yrs;;Other;Undivided Two way;Tangent road with flat terrain;Crossing;Asphalt roads;Wet or damp;Daylight;Other;Collision with roadside objects;2;1;Going straight;na;na;na;na;Self-employed;Normal;Not a Pedestrian;Driving carelessly;Slight Injury
12:44:00;Tuesday;18-30;Male;Elementary school;Owner;5-10yr;Lorry (41?100Q);Owner;5-10yrs;No defect;Office areas;Two-way (divided with broken lines road marking);Tangent road with flat terrain;Crossing;Asphalt roads;Wet or damp;Daylight;Other;Vehicle with vehicle collision;2;1;Going straight;Passenger;Female;Under 18;3;Driver;Normal;Not a Pedestrian;Driving to the left;Slight Injury
08:50:00;Thursday;31-50;Male;Elementary school;Employee;Above 10yr;Automobile;Owner;2-5yrs;No defect; Industrial areas;Two-way (divided with broken lines road marking);Tangent road with flat terrain;Y Shape;Asphalt roads;Dry;Daylight;Normal;Vehicle with vehicle collision;2;1;Unknown;na;na;na;na;Driver;Normal;Not a Pedestrian;Overtaking;Slight Injury
08:50:00;Thursday;18-30;Male;Junior high school;Employee;1-2yr;Lorry (41?100Q);Owner;Unknown;No defect;Office areas;Undivided Two way;Tangent road with flat terrain;Y Shape;Asphalt roads;Dry;Daylight;Normal;Vehicle with vehicle collision;2;1;Going straight;Pedestrian;Female;18-30;2;Self-employed;Normal;Crossing from nearside - masked by parked or statioNot a Pedestrianry vehicle;No distancing;Slight Injury
08:08:00;Tuesday;18-30;Male;;;;;Owner;;;Other;Undivided Two way;Tangent road with flat terrain;Y Shape;Asphalt roads;Dry;Daylight;Normal;Vehicle with vehicle collision;1;1;Unknown;Pedestrian;Male;Under 18;3;Driver;Normal;Crossing from driver's nearside;Driving carelessly;Serious Injury
15:33:00;Tuesday;31-50;Male;High school;Owner;5-10yr;Automobile;Owner;Above 10yr;;Other;Two-way (divided with broken lines road marking);Tangent road with flat terrain;Y Shape;Asphalt roads;Dry;Daylight;Normal;Vehicle with vehicle collision;2;1;Going straight;Driver or rider;Male;18-30;3;Driver;Normal;Not a Pedestrian;No priority to vehicle;Slight Injury
15:33:00;Tuesday;31-50;Male;Elementary school;Employee;2-5yr;Stationwagen;Owner;Unknown;;Office areas;Two-way (divided with broken lines road marking);Tangent road with flat terrain;Y Shape;Asphalt roads;Dry;Daylight;Normal;Vehicle with vehicle collision;2;1;Moving Backward;na;na;na;na;Driver;Normal;Not a Pedestrian;No priority to vehicle;Slight Injury
18:20:00;Sunday;18-30;Male;;;;;;;; Church areas;;Tangent road with flat terrain;Crossing;Asphalt roads;Dry;Daylight;Normal;Vehicle with vehicle collision;2;1;Going straight;na;na;na;na;Self-employed;Normal;Not a Pedestrian;No priority to vehicle;Slight Injury
18:20:00;Sunday;Over 51;Male;;;;;Owner;;;Office areas;other;Tangent road with flat terrain;Crossing;Asphalt roads;Dry;Daylight;Normal;Collision with roadside objects;2;1;Going straight;Driver or rider;Female;31-50;3;Employee;Normal;Not a Pedestrian;No priority to vehicle;Slight Injury
09:55:00;Monday;Over 51;Male;High school;Owner;1-2yr;Automobile;Owner;;;Residential areas;other;Tangent road with flat terrain;No junction;Asphalt roads;Wet or damp;Daylight;Normal;Rollover;2;1;Moving Backward;Pedestrian;Female;Under 18;3;;;Not a Pedestrian;No distancing;Slight Injury
09:55:00;Monday;Over 51;Male;Junior high school;Employee;1-2yr;Stationwagen;Owner;Unknown;No defect;  Recreational areas;Two-way (divided with broken lines road marking);Tangent road with flat terrain;No junction;Asphalt roads;Wet or damp;Daylight;Normal;Vehicle with vehicle collision;2;1;Going straight;Driver or rider;Male;31-50;3;Self-employed;Normal;Not a Pedestrian;Moving Backward;Slight Injury
20:16:00;Wednesday;31-50;Unknown;Junior high school;Employee;1-2yr;Automobile;Governmental;5-10yrs;;Other;other;Tangent road with flat terrain;Crossing;Asphalt roads;Dry;Darkness - lights lit;Normal;Vehicle with vehicle collision;1;1;Turnover;Driver or rider;Female;31-50;3;Driver;Normal;Not a Pedestrian;No distancing;Slight Injury
09:05:00;Monday;31-50;Male;Junior high school;Employee;Above 10yr;Other;Owner;Unknown;No defect; Church areas;Undivided Two way;Tangent road with flat terrain;Y Shape;Asphalt roads;Dry;Daylight;Normal;Vehicle with vehicle collision;3;1;Going straight;Pedestrian;Female;31-50;3;Driver;Normal;Crossing from driver's nearside;Changing lane to the left;Slight Injury
09:05:00;Monday;31-50;Male;Junior high school;Employee;1-2yr;Other;Owner;Unknown;No defect;Other;One way;Tangent road with flat terrain;Y Shape;Asphalt roads;Dry;Daylight;Normal;Vehicle with vehicle collision;3;1;Going straight;na;na;na;na;Driver;Normal;Not a Pedestrian;Changing lane to the left;Slight Injury
09:05:00;Monday;Unknown;Female;High school;Owner;Above 10yr;Automobile;Owner;Above 10yr;No defect;Other;Two-way (divided with broken lines road marking);Tangent road with flat terrain;Y Shape;Asphalt roads;Dry;Daylight;Normal;Vehicle with vehicle collision;3;1;Unknown;Passenger;Female;18-30;3;Driver;Normal;Not a Pedestrian;No priority to pedestrian;Slight Injury
20:00:00;Wednesday;Over 51;Male;Junior high school;Employee;Above 10yr;Lorry (41?100Q);Owner;5-10yrs;; Church areas;Undivided Two way;Tangent road with flat terrain;No junction;Asphalt roads;Wet or damp;Darkness - lights lit;Raining;Vehicle with vehicle collision;1;1;Going straight;na;na;na;na;Self-employed;Normal;Not a Pedestrian;Moving Backward;Fatal injury
11:30:00;Tuesday;18-30;Male;Junior high school;Employee;1-2yr;Lorry (41?100Q);Owner;Unknown;;Office areas;Two-way (divided with broken lines road marking);Tangent road with mild grade and flat terrain;Crossing;Gravel roads;Wet or damp;Daylight;Normal;Vehicle with vehicle collision;4;6;Going straight;na;na;na;na;Driver;Normal;Not a Pedestrian;Changing lane to the left;Serious Injury
11:30:00;Tuesday;18-30;Male;Junior high school;Employee;1-2yr;Lorry (41?100Q);Owner;Unknown;;Office areas;Double carriageway (median);Tangent road with flat terrain;Crossing;Asphalt roads;Wet or damp;Daylight;Normal;Vehicle with vehicle collision;4;6;Going straight;Passenger;Female;18-30;3;Driver;Normal;Not a Pedestrian;No distancing;Serious Injury
11:30:00;Tuesday;Under 18;Male;High school;Employee;2-5yr;Automobile;Organization;5-10yrs;No defect; Church areas;Two-way (divided with broken lines road marking);Tangent road with flat terrain;Crossing;Asphalt roads;Wet or damp;Daylight;Normal;Collision with roadside objects;4;6;Going straight;Driver or rider;Male;31-50;3;;;Not a Pedestrian;No priority to vehicle;Serious Injury
11:30:00;Tuesday;Under 18;Male;Junior high school;Employee;2-5yr;Automobile;Organization;2-5yrs;No defect;Other;Undivided Two way;Tangent road with mountainous terrain and;Crossing;Asphalt roads;Wet or damp;Daylight;Normal;Vehicle with vehicle collision;4;6;Reversing;Pedestrian;Male;18-30;3;Self-employed;Normal;Crossing from offside - masked by  parked or statioNot a Pedestrianry vehicle;Changing lane to the right;Serious Injury
11:30:00;Tuesday;Under 18;Male;Junior high school;Employee;1-2yr;Public (13?45 seats);Owner;Unknown;No defect;Other;Undivided Two way;Tangent road with flat terrain;Crossing;Asphalt roads;Wet or damp;Daylight;Normal;Vehicle with vehicle collision;4;6;Going straight;Driver or rider;Male;Over 51;2;Driver;Normal;Not a Pedestrian;No distancing;Serious Injury
11:30:00;Tuesday;31-50;Male;Elementary school;Employee;5-10yr;Public (13?45 seats);Owner;Unknown;No defect; Church areas;Undivided Two way;Tangent road with flat terrain;Crossing;Asphalt roads;Wet or damp;Daylight;Normal;Vehicle with vehicle collision;4;6;Moving Backward;na;na;na;na;Driver;Normal;Not a Pedestrian;No distancing;Serious Injury
11:30:00;Tuesday;18-30;Male;Junior high school;Employee;5-10yr;Lorry (41?100Q);Owner;5-10yrs;No defect; Industrial areas;Two-way (divided with broken lines road marking);Tangent road with mild grade and flat terrain;Crossing;Asphalt roads;Wet or damp;Daylight;Normal;Vehicle with vehicle collision;4;6;Going straight;Driver or rider;Male;31-50;3;Driver;Normal;Not a Pedestrian;Getting off the vehicle improperly;Serious Injury
14:00:00;Saturday;31-50;Male;Junior high school;Employee;1-2yr;Lorry (41?100Q);Owner;Unknown;No defect;Office areas;Undivided Two way;Tangent road with flat terrain;Y Shape;Asphalt roads;Dry;Daylight;Normal;Collision with pedestrians;2;1;Going straight;na;na;na;na;Other;Normal;Not a Pedestrian;No priority to pedestrian;Slight Injury
14:00:00;Saturday;18-30;Male;Elementary school;Other;5-10yr;Public (12 seats);Owner;Unknown;No defect;School areas;Undivided Two way;Tangent road with flat terrain;Y Shape;Asphalt roads;Dry;Daylight;Normal;Collision with pedestrians;2;1;Going straight;Driver or rider;Male;18-30;3;Employee;Normal;Not a Pedestrian;Changing lane to the left;Slight Injury
20:55:00;Friday;Over 51;Male;Junior high school;Employee;2-5yr;Other;Owner;Unknown;No defect;Other;Undivided Two way;Tangent road with flat terrain;Crossing;Asphalt roads;Dry;Darkness - lights lit;Normal;Vehicle with vehicle collision;3;5;Going straight;Passenger;Female;18-30;3;Driver;Normal;Not a Pedestrian;No distancing;Serious Injury
20:55:00;Friday;Over 51;Male;Elementary school;Employee;5-10yr;Lorry (41?100Q);Owner;Unknown;No defect; Church areas;One way;Tangent road with flat terrain;Crossing;Asphalt roads;Dry;Darkness - lights lit;Normal;Vehicle with vehicle collision;3;5;Going straight;na;na;na;na;Self-employed;Normal;Not a Pedestrian;Driving carelessly;Serious Injury
20:55:00;Friday;Over 51;Male;Junior high school;Employee;Above 10yr;Automobile;Owner;Unknown;No defect;Office areas;Undivided Two way;Tangent road with flat terrain;Crossing;Asphalt roads;Dry;Darkness - lights lit;Normal;Vehicle with vehicle collision;3;5;Turnover;Driver or rider;Female;31-50;3;Driver;Normal;Not a Pedestrian;No distancing;Serious Injury
20:55:00;Friday;Over 51;Male;Junior high school;Employee;Above 10yr;Other;Owner;Unknown;No defect;Other;other;Steep grade downward with mountainous terrain;Crossing;Asphalt roads;Dry;Darkness - lights lit;Normal;Rollover;3;5;Going straight;na;na;na;na;;;Not a Pedestrian;Changing lane to the right;Serious Injury
20:55:00;Friday;Over 51;Male;Elementary school;Owner;2-5yr;Motorcycle;Owner;2-5yrs;No defect;Other;other;Tangent road with flat terrain;Crossing;Asphalt roads;Dry;Darkness - lights lit;Normal;Vehicle with vehicle collision;3;5;Going straight;na;na;na;na;Driver;Normal;Not a Pedestrian;Overtaking;Serious Injury
20:55:00;Friday;18-30;Female;Elementary school;Employee;5-10yr;Automobile;Owner;Unknown;;Other;Two-way (divided with broken lines road marking);Tangent road with flat terrain;Crossing;Asphalt roads;Dry;Darkness - lights lit;Normal;Vehicle with vehicle collision;3;5;Moving Backward;Driver or rider;Female;31-50;3;Driver;Normal;Not a Pedestrian;Driving carelessly;Serious Injury
19:07:00;Friday;18-30;Male;Junior high school;Owner;1-2yr;Automobile;Owner;2-5yrs;;Other;One way;Tangent road with flat terrain;Y Shape;Asphalt roads;Dry;Darkness - lights lit;Normal;Collision with pedestrians;2;2;Going straight;Passenger;Female;Under 18;3;Self-employed;Normal;Not a Pedestrian;Moving Backward;Slight Injury
19:07:00;Friday;18-30;Male;Elementary school;Employee;Above 10yr;Lorry (41?100Q);Owner;Above 10yr;No defect; Church areas;Two-way (divided with broken lines road marking);Tangent road with mild grade and flat terrain;Y Shape;Asphalt roads;Dry;Darkness - lights lit;Normal;Vehicle with vehicle collision;2;2;Going straight;na;na;na;na;Self-employed;Normal;Not a Pedestrian;No distancing;Slight Injury
23:22:00;Saturday;Over 51;Male;Junior high school;Employee;5-10yr;Automobile;Governmental;2-5yrs;No defect;Residential areas;Two-way (divided with broken lines road marking);Tangent road with flat terrain;Crossing;Asphalt roads;Dry;Darkness - lights lit;Normal;Vehicle with vehicle collision;1;1;Going straight;Pedestrian;Male;Over 51;2;Driver;Normal;Crossing from nearside - masked by parked or statioNot a Pedestrianry vehicle;Overtaking;Serious Injury
18:35:00;Thursday;31-50;Male;Junior high school;Employee;2-5yr;Public (> 45 seats);Owner;2-5yrs;No defect;Office areas;Two-way (divided with broken lines road marking);Tangent road with mild grade and flat terrain;No junction;Gravel roads;Dry;Darkness - lights lit;Normal;Vehicle with vehicle collision;1;1;Other;Pedestrian;Female;Under 18;3;Driver;Normal;Not a Pedestrian;Driving carelessly;Slight Injury