Time;Day_of_week;Age_band_of_driver;Sex_of_driver;Educational_level;Vehicle_driver_relation;Driving_experience;Type_of_vehicle;Owner_of_vehicle;Service_year_of_vehicle;Defect_of_vehicle;Area_accident_occured;Lanes_or_Medians;Road_allignment;Types_of_Junction;Road_surface_type;Road_surface_conditions;Light_conditions;Weather_conditions;Type_of_collision;Number_of_vehicles_involved;Number_of_casualties;Vehicle_movement;Casualty_class;Sex_of_casualty;Age_band_of_casualty;Casualty_severity;Work_of_casuality;Fitness_of_casuality;Pedestrian_movement;Cause_of_accident;Accident_severity
06:12:00;Saturday;Over 51;Unknown;Junior high school;Employee;5-10yr;Public (> 45 seats);Owner;2-5yrs;No defect;Other;One way;Tangent road with flat terrain;Crossing;Asphalt roads;Wet or damp;Darkness - lights lit;Raining;Vehicle with vehicle collision;3;1;Going straight;Pedestrian;Female;18-30;3;Driver;Normal;Crossing from offside - masked by  parked or statioNot a Pedestrianry vehicle;Changing lane to the left;Slight Injury
06:12:00;Saturday;Over 51;Male;Junior high school;Employee;No Licence;Stationwagen;Owner;5-10yrs;No defect;Other;Two-way (divided with broken lines road marking);Tangent road with flat terrain;Crossing;Asphalt roads;Wet or damp;Darkness - lights lit;Raining;Vehicle with vehicle collision;3;1;Going straight;Driver or rider;Female;31-50;3;Self-employed;Normal;Not a Pedestrian;Getting off the vehicle improperly;Slight Injury
11:05:00;Thursday;Over 51;Male;Above high school;Employee;Below 1yr;Automobile;Owner;;No defect;Other;Two-way (divided with broken lines road marking);Tangent road with flat terrain;Y Shape;Asphalt roads;Wet or damp;Daylight;Normal;Vehicle with vehicle collision;2;1;Going straight;Passenger;Female;18-30;3;Other;Normal;Not a Pedestrian;Overloading;Serious Injury
11:05:00;Thursday;18-30;Male;Elementary school;Employee;5-10yr;Lorry (41?100Q);Owner;;No defect;Office areas;Undivided Two way;Tangent road with flat terrain;Y Shape;Asphalt roads;Wet or damp;Daylight;Normal;Collision with roadside objects;2;1;Going straight;Driver or rider;Male;Over 51;2;Driver;Normal;Not a Pedestrian;Driving carelessly;Serious Injury
17:43:00;Wednesday;18-30;Unknown;Elementary school;Employee;5-10yr;Other;Owner;;No defect;Office areas;Two-way (divided with solid lines road marking);Tangent road with flat terrain;Y Shape;Asphalt roads;Dry;Darkness - lights lit;Normal;Vehicle with vehicle collision;2;2;Going straight;na;na;na;na;Driver;Normal;Not a Pedestrian;Overtaking;Slight Injury
17:43:00;Wednesday;18-30;Male;Junior high school;Employee;5-10yr;Public (13?45 seats);Owner;Unknown;No defect;Residential areas;Undivided Two way;Tangent road with flat terrain;Y Shape;Asphalt roads;Dry;Darkness - lights lit;Normal;Collision with pedestrians;2;2;Waiting to go;na;na;na;na;Self-employed;Normal;Not a Pedestrian;No distancing;Slight Injury
17:43:00;Wednesday;18-30;Male;High school;Employee;5-10yr;Other;Owner;Unknown;No defect;Office areas;One way;Tangent road with flat terrain;Y Shape;Asphalt roads;Dry;Darkness - lights lit;Normal;Unknown;2;2;Going straight;Driver or rider;Male;31-50;2;Driver;Normal;Not a Pedestrian;Overturning;Slight Injury
17:00:00;Friday;31-50;Male;Junior high school;Employee;5-10yr;Other;Owner;Unknown;No defect;Residential areas;Two-way (divided with broken lines road marking);Tangent road with flat terrain;Y Shape;Asphalt roads;Dry;Darkness - lights lit;Normal;Collision with roadside objects;1;1;Going straight;Driver or rider;Male;18-30;3;Driver;Normal;Not a Pedestrian;Driving carelessly;Slight Injury
10:07:00;Monday;18-30;Male;Junior high school;Employee;2-5yr;Ridden horse;Owner;Unknown;No defect;Office areas;Undivided Two way;Tangent road with flat terrain;Crossing;Asphalt roads;Wet or damp;Daylight;Raining;Vehicle with vehicle collision;2;2;Going straight;Driver or rider;Female;18-30;3;Driver;Normal;Not a Pedestrian;No priority to pedestrian;Slight Injury
10:07:00;Monday;Over 51;Male;Writing & reading;Employee;5-10yr;Lorry (41?100Q);Owner;Unknown;No defect;Other;Two-way (divided with broken lines road marking);Tangent road with flat terrain;Crossing;Asphalt roads;Wet or damp;Daylight;Raining;Vehicle with vehicle collision;2;2;Going straight;Passenger;Female;Under 18;3;Other;Normal;Not a Pedestrian;No distancing;Slight Injury
10:40:00;Monday;31-50;Male;Junior high school;Employee;Above 10yr;Lorry (41?100Q);Owner;Unknown;No defect;Office areas;One way;Tangent road with flat terrain;Y Shape;Asphalt roads;Wet or damp;Daylight;Raining;Vehicle with vehicle collision;2;1;Going straight;na;na;na;na;;Normal;Not a Pedestrian;No priority to vehicle;Slight Injury
10:40:00;Monday;31-50;Male;Junior high school;Employee;1-2yr;Pick up upto 10Q;Owner;Unknown;No defect;School areas;Undivided Two way;Tangent road with flat terrain;Y Shape;Asphalt roads;Wet or damp;Daylight;Raining;Vehicle with vehicle collision;2;1;Going straight;Driver or rider;Male;18-30;3;Driver;Normal;Not a Pedestrian;Getting off the vehicle improperly;Slight Injury
18:40:00;Friday;18-30;Male;Writing & reading;Employee;Below 1yr;Lorry (11?40Q);Owner;;;Residential areas;One way;Tangent road with flat terrain;Y Shape;Asphalt roads;Wet or damp;Darkness - lights lit;Raining;Vehicle with vehicle collision;1;1;Going straight;Passenger;Female;31-50;3;Driver;Normal;Not a Pedestrian;No priority to pedestrian;Serious Injury
17:55:00;Saturday;18-30;Male;Elementary school;Employee;1-2yr;Automobile;Owner;;;Office areas;Undivided Two way;Tangent road with flat terrain;Y Shape;Asphalt roads;Wet or damp;Darkness - lights lit;Raining;Rollover;2;2;Going straight;Driver or rider;Male;Over 51;3;Driver;Normal;Not a Pedestrian;Changing lane to the right;Slight Injury
17:55:00;Saturday;18-30;Male;Junior high school;Employee;5-10yr;Automobile;Owner;Unknown;No defect;Residential areas;Undivided Two way;Tangent road with flat terrain;Y Shape;Asphalt roads;Wet or damp;Darkness - lights lit;Raining;Collision with roadside objects;2;2;Going straight;na;na;na;na;Driver;Normal;Not a Pedestrian;Moving Backward;Slight Injury
17:57:00;Saturday;Over 51;Male;Elementary school;Employee;Above 10yr;Pick up upto 10Q;Owner;Above 10yr;;Office areas;Undivided Two way;Tangent road with flat terrain;Crossing;Asphalt roads;Wet or damp;Darkness - no lighting;Raining;Vehicle with vehicle collision;1;1;Going straight;Driver or rider;Male;Under 18;3;Driver;Normal;Not a Pedestrian;Changing lane to the left;Serious Injury
17:45:00;Wednesday;18-30;Male;Junior high school;Employee;5-10yr;Automobile;Owner;Above 10yr;;Residential areas;One way;Tangent road with flat terrain;Y Shape;Asphalt roads;Wet or damp;Darkness - lights lit;Raining;Collision with roadside objects;1;1;Going straight;na;na;na;na;;;Not a Pedestrian;No distancing;Slight Injury
19:40:00;Monday;18-30;Male;Elementary school;Employee;2-5yr;Other;Owner;Unknown;No defect;Other;other;Tangent road with flat terrain;Y Shape;Asphalt roads;Dry;Darkness - lights lit;Normal;Vehicle with vehicle collision;2;2;Going straight;Passenger;Female;Under 18;3;Driver;Normal;Not a Pedestrian;Driving carelessly;Slight Injury
19:40:00;Monday;31-50;Male;Junior high school;Employee;2-5yr;Lorry (41?100Q);Other;Unknown;;Other;Two-way (divided with broken lines road marking);Tangent road with flat terrain;Y Shape;Asphalt roads;Dry;Darkness - lights lit;Normal;Vehicle with vehicle collision;2;2;Going straight;na;na;na;na;Driver;Normal;Not a Pedestrian;Driving under the influence of drugs;Slight Injury
21:05:00;Thursday;31-50;Male;Junior high school;Employee;Above 10yr;Public (13?45 seats);Owner;5-10yrs;;Office areas;Two-way (divided with broken lines road marking);Tangent road with flat terrain;No junction;Asphalt roads;Wet or damp;Darkness - lights lit;Raining;Vehicle with vehicle collision;1;2;Turnover;Passenger;Female;Over 51;2;Driver;Normal;Not a Pedestrian;Driving carelessly;Serious Injury
21:05:00;Thursday;31-50;Male;Junior high school;Employee;2-5yr;Pick up upto 10Q;Owner;Above 10yr;No defect;Office areas;Two-way (divided with broken lines road marking);Tangent road with flat terrain;No junction;Asphalt roads;Wet or damp;Darkness - lights lit;Raining;Vehicle with vehicle collision;1;2;Reversing;Pedestrian;Female;Under 18;3;Driver;Normal;Not a Pedestrian;Driving carelessly;Serious Injury
13:05:00;Monday;Over 51;Unknown;Junior high school;Owner;Below 1yr;Stationwagen;Owner;2-5yrs;No defect;Residential areas;Two-way (divided with broken lines road marking);Tangent road with flat terrain;Y Shape;Asphalt roads;Dry;Daylight;Normal;Vehicle with vehicle collision;2;1;Moving Backward;Pedestrian;Female;Under 18;3;Self-employed;Normal;Not a Pedestrian;Changing lane to the right;Slight Injury
13:05:00;Monday;Over 51;Male;Junior high school;Employee;2-5yr;Other;Owner;;No defect;Other;Two-way (divided with broken lines road marking);Tangent road with flat terrain;Y Shape;Asphalt roads;Dry;Daylight;Normal;Collision with roadside objects;2;1;Going straight;na;na;na;na;;;Not a Pedestrian;No distancing;Slight Injury
04:01:00;Thursday;31-50;Male;Junior high school;Employee;Above 10yr;Pick up upto 10Q;Governmental;;No defect;Other;Undivided Two way;Tangent road with flat terrain;Y Shape;Asphalt roads;Wet or damp;Darkness - lights lit;Normal;Vehicle with vehicle collision;1;1;Moving Backward;Driver or rider;Male;18-30;3;Driver;Normal;Not a Pedestrian;Driving carelessly;Slight Injury
13:53:00;Friday;31-50;Male;Junior high school;Employee;2-5yr;Public (13?45 seats);Owner;;No defect;Office areas;Two-way (divided with broken lines road marking);Tangent road with flat terrain;Y Shape;Asphalt roads;Dry;Daylight;Normal;Collision with roadside objects;2;1;Going straight;na;na;na;na;Self-employed;Normal;Not a Pedestrian;No priority to pedestrian;Slight Injury
13:53:00;Friday;Over 51;Male;Elementary school;Employee;Above 10yr;Public (12 seats);Owner;;No defect;Office areas;Two-way (divided with broken lines road marking);Tangent road with flat terrain;Y Shape;Asphalt roads;Dry;Daylight;Normal;Vehicle with vehicle collision;2;1;Going straight;Driver or rider;Male;31-50;3;Driver;Normal;Not a Pedestrian;No distancing;Slight Injury
17:28:00;Thursday;31-50;Male;Elementary school;Employee;Above 10yr;Lorry (41?100Q);Owner;Unknown;No defect; Church areas;Undivided Two way;Tangent road with flat terrain;Other;Asphalt roads;Dry;Darkness - lights lit;Normal;Vehicle with vehicle collision;1;1;Going straight;Pedestrian;Male;18-30;2;Employee;Normal;Crossing from driver's nearside;Moving Backward;Serious Injury
12:47:00;Sunday;Over 51;Unknown;Elementary school;Other;Above 10yr;Pick up upto 10Q;Governmental;Unknown;No defect;Other;One way;Tangent road with flat terrain;Crossing;Earth roads;Dry;Daylight;Normal;Vehicle with vehicle collision;2;1;Going straight;na;na;na;na;Driver;Normal;Not a Pedestrian;Moving Backward;Slight Injury
12:47:00;Sunday;31-50;Male;Junior high school;Employee;Above 10yr;Lorry (41?100Q);Owner;Unknown;No defect;Office areas;Undivided Two way;Tangent road with flat terrain;Crossing;Asphalt roads;Dry;Daylight;Normal;Vehicle with vehicle collision;2;1;Going straight;Driver or rider;Male;18-30;3;Self-employed;Normal;Not a Pedestrian;No priority to vehicle;Slight Injury
13:43:00;Tuesday;18-30;Male;Junior high school;Employee;Below 1yr;Pick up upto 10Q;Owner;1-2yr;;Office areas;Two-way (divided with broken lines road marking);Tangent road with flat terrain;No junction;Asphalt roads;Dry;Daylight;Normal;Vehicle with vehicle collision;2;1;Unknown;na;na;na;na;;;Not a Pedestrian;No distancing;Slight Injury
13:43:00;Tuesday;31-50;Male;Elementary school;Employee;5-10yr;Long lorry;Owner;Below 1yr;;Residential areas;Two-way (divided with broken lines road marking);Tangent road with flat terrain;No junction;Asphalt roads;Dry;Daylight;Normal;Vehicle with vehicle collision;2;1;Going straight;Driver or rider;Male;31-50;3;Driver;Normal;Not a Pedestrian;Moving Backward;Slight Injury
12:29:00;Tuesday;31-50;Male;Junior high school;Employee;2-5yr;;;;;Other;Undivided Two way;Tangent road with flat terrain;Crossing;Asphalt roads;Dry;Daylight;Normal;Vehicle with vehicle collision;3;3;Unknown;Pedestrian;Male;Over 51;1;Driver;Normal;Unknown or other;Changing lane to the right;Slight Injury
12:29:00;Tuesday;18-30;Unknown;Junior high school;Employee;Above 10yr;Other;Owner;5-10yrs;;Residential areas;Two-way (divided with broken lines road marking);Tangent road with flat terrain;Crossing;Asphalt roads;Dry;Daylight;Normal;Vehicle with vehicle collision;3;3;Going straight;na;na;na;na;Driver;Normal;Not a Pedestrian;Moving Backward;Slight Injury
12:29:00;Tuesday;31-50;Male;Junior high school;Employee;Below 1yr;;Governmental;;;Office areas;Two-way (divided with broken lines road marking);Tangent road with flat terrain;Crossing;Asphalt roads;Dry;Daylight;Normal;Vehicle with vehicle collision;3;3;Moving Backward;Driver or rider;Male;31-50;3;;Normal;Not a Pedestrian;Changing lane to the right;Slight Injury
12:29:00;Tuesday;31-50;Male;Junior high school;Owner;2-5yr;Public (13?45 seats);Owner;5-10yrs;;Office areas;Undivided Two way;Tangent road with flat terrain;Crossing;Asphalt roads;Dry;Daylight;Normal;Vehicle with vehicle collision;3;3;Going straight;na;na;na;na;;;Not a Pedestrian;Driving carelessly;Slight Injury
08:27:00;Wednesday;18-30;Male;Junior high school;Employee;Above 10yr;Special vehicle;Owner;Above 10yr;;Other;Undivided Two way;Tangent road with flat terrain;Y Shape;Asphalt roads;Dry;Daylight;Normal;Vehicle with vehicle collision;3;1;Going straight;Pedestrian;Male;31-50;2;Driver;Normal;Not a Pedestrian;Changing lane to the right;Serious Injury
08:27:00;Wednesday;18-30;Male;Writing & reading;Employee;2-5yr;Lorry (41?100Q);Owner;1-2yr;No defect;Other;other;Steep grade downward with mountainous terrain;Y Shape;Asphalt roads;Dry;Daylight;Normal;Rollover;3;1;Moving Backward;Driver or rider;Female;Under 18;3;;Normal;Not a Pedestrian;No distancing;Serious Injury
08:27:00;Wednesday;Over 51;Male;Junior high school;Employee;2-5yr;Lorry (41?100Q);Owner;2-5yrs;;Office areas;One way;Steep grade downward with mountainous terrain;Y Shape;Asphalt roads;Dry;Daylight;Normal;Collision with roadside objects;3;1;Going straight;na;na;na;na;;Normal;Not a Pedestrian;Moving Backward;Serious Injury
12:05:00;Friday;Over 51;Male;High school;Employee;2-5yr;Public (> 45 seats);Owner;;No defect;Residential areas;Two-way (divided with broken lines road marking);Tangent road with flat terrain;Y Shape;Asphalt roads;Wet or damp;Daylight;Windy;Vehicle with vehicle collision;3;1;Turnover;na;na;na;na;Self-employed;Normal;Not a Pedestrian;Driving carelessly;Slight Injury
12:05:00;Friday;Over 51;Male;Junior high school;Employee;1-2yr;Automobile;Owner;;No defect;Other;Two-way (divided with broken lines road marking);Tangent road with flat terrain;Y Shape;Asphalt roads;Wet or damp;Daylight;Windy;Vehicle with vehicle collision;3;1;Going straight;Pedestrian;Female;Under 18;3;Self-employed;Normal;Not a Pedestrian;No distancing;Slight Injury
12:05:00;Friday;31-50;Male;High school;Employee;5-10yr;Automobile;Organization;2-5yrs;;Residential areas;Undivided Two way;Tangent road with flat terrain;Y Shape;Asphalt roads;Wet or damp;Daylight;Windy;Collision with roadside objects;3;1;Going straight;Driver or rider;Male;18-30;3;;Normal;Not a Pedestrian;No priority to vehicle;Slight Injury
12:51:00;Thursday;31-50;Male;Elementary school;Employee;2-5yr;Automobile;Owner;;No defect; Church areas;Two-way (divided with broken lines road marking);Tangent road with flat terrain;Crossing;Asphalt roads;Dry;Daylight;Normal;Vehicle with vehicle collision;2;1;Unknown;na;na;na;na;Driver;Normal;Not a Pedestrian;Changing lane to the right;Slight Injury
12:51:00;Thursday;31-50;Male;Junior high school;Employee;1-2yr;Public (> 45 seats);Governmental;;No defect;Residential areas;Two-way (divided with broken lines road marking);Tangent road with flat terrain;Crossing;Asphalt roads;Dry;Daylight;Normal;Vehicle with vehicle collision;2;1;Going straight;Driver or rider;Female;Under 18;3;Other;Normal;Not a Pedestrian;Moving Backward;Slight Injury
11:10:00;Sunday;Under 18;Male;Elementary school;Employee;1-2yr;Lorry (11?40Q);Owner;;No defect;Office areas;One way;Tangent road with flat terrain;Crossing;Asphalt roads;Wet or damp;Daylight;Normal;Vehicle with vehicle collision;3;4;Going straight;Driver or rider;Male;31-50;3;Employee;Normal;Not a Pedestrian;Driving under the influence of drugs;Slight Injury
11:10:00;Sunday;18-30;Male;High school;Employee;No Licence;Pick up upto 10Q;Governmental;Below 1yr;No defect;Residential areas;Two-way (divided with broken lines road marking);Tangent road with flat terrain;Crossing;Asphalt roads;Wet or damp;Daylight;Normal;Rollover;3;4;Going straight;na;na;na;na;Driver;Normal;Not a Pedestrian;Changing lane to the right;Slight Injury
11:10:00;Sunday;31-50;Male;Junior high school;Owner;5-10yr;Lorry (11?40Q);Owner;Unknown;No defect;Other;One way;Tangent road with flat terrain;Crossing;Asphalt roads;Wet or damp;Daylight;Normal;Rollover;3;4;Going straight;Driver or rider;Male;31-50;3;Driver;Normal;Not a Pedestrian;No priority to vehicle;Slight Injury
11:10:00;Sunday;31-50;Unknown;Junior high school;Employee;1-2yr;Pick up upto 10Q;Owner;Unknown;; Industrial areas;Two-way (divided with broken lines road marking);Tangent road with flat terrain;Crossing;Asphalt roads;Wet or damp;Daylight;Normal;Collision with pedestrians;3;4;Reversing;Pedestrian;Male;31-50;3;Employee;Normal;Unknown or other;Changing lane to the left;Slight Injury
10:30:00;Monday;Over 51;Male;Junior high school;Employee;2-5yr;Special vehicle;Owner;Unknown;; Church areas;Two-way (divided with broken lines road marking);Tangent road with flat terrain;No junction;Asphalt roads;Wet or damp;Daylight;Normal;Vehicle with vehicle collision;1;1;Going straight;na;na;na;na;Driver;Normal;Not a Pedestrian;Driving carelessly;Serious Injury
22:25:00;Thursday;31-50;Male;Junior high school;Employee;5-10yr;Lorry (11?40Q);Owner;2-5yrs;No defect;Residential areas;Undivided Two way;Steep grade downward with mountainous terrain;Crossing;Asphalt roads;Dry;Darkness - no lighting;Cloudy;Vehicle with vehicle collision;2;1;Moving Backward;Driver or rider;Male;Under 18;2;Driver;Normal;Not a Pedestrian;No priority to pedestrian;Slight Injury
22:25:00;Thursday;31-50;Male;;;;;;;;;Two-way (divided with broken lines road marking);Tangent road with flat terrain;Crossing;Asphalt roads;Dry;Darkness - no lighting;Cloudy;Vehicle with vehicle collision;2;1;Going straight;na;na;na;na;Driver;Normal;Not a Pedestrian;No priority to pedestrian;Slight Injury
17:27:00;Friday;Over 51;Male;;;;;;;;;Two-way (divided with broken lines road marking);Tangent road with flat terrain;Other;Asphalt roads;Wet or damp;Darkness - lights lit;Normal;Collision with pedestrians;2;2;Going straight;Driver or rider;Male;31-50;3;Driver;Normal;Not a Pedestrian;Changing lane to the right;Slight Injury
17:27:00;Friday;31-50;Male;Junior high school;Employee;2-5yr;Lorry (41?100Q);Owner;1-2yr;No defect;Office areas;Undivided Two way;Tangent road with flat terrain;Other;Asphalt roads;Wet or damp;Darkness - lights lit;Normal;Collision with pedestrians;2;2;Going straight;na;na;na;na;;Normal;Not a Pedestrian;Drunk driving;Slight Injury
12:10:00;Tuesday;Over 51;Male;Junior high school;Employee;Above 10yr;Other;Owner;Above 10yr;No defect; Outside rural areas;Two-way (divided with broken lines road marking);Tangent road with mountainous terrain and;Y Shape;Asphalt roads;Wet or damp;Daylight;Normal;Vehicle with vehicle collision;2;1;Going straight;Driver or rider;Male;31-50;3;;Normal;Not a Pedestrian;Changing lane to the left;Slight Injury
12:10:00;Tuesday;31-50;Male;Junior high school;Owner;Above 10yr;Other;Owner;Above 10yr;No defect; Church areas;Two-way (divided with broken lines road marking);Steep grade downward with mountainous terrain;Y Shape;Asphalt roads;Wet or damp;Daylight;Normal;Vehicle with vehicle collision;2;1;Going straight;Driver or rider;Male;Over 51;2;;Normal;Not a Pedestrian;Changing lane to the left;Slight Injury
08:00:00;Tuesday;Over 51;Male;;;;Automobile;Owner;;No defect;Office areas;other;Tangent road with mountainous terrain and;Y Shape;Asphalt roads;Dry;Daylight;Normal;Vehicle with vehicle collision;3;3;Turnover;na;na;na;na;;Normal;Not a Pedestrian;Driving to the left;Serious Injury
08:00:00;Tuesday;18-30;Male;Elementary school;Owner;Above 10yr;Other;Owner;Above 10yr;; Church areas;Two-way (divided with broken lines road marking);Steep grade downward with mountainous terrain;Y Shape;Asphalt roads;Dry;Daylight;Normal;Collision with roadside objects;3;3;Going straight;Driver or rider;Male;18-30;3;;Normal;Not a Pedestrian;Changing lane to the left;Serious Injury
08:00:00;Tuesday;31-50;Male;;;;Automobile;;;;Office areas;other;Tangent road with mountainous terrain and;Y Shape;Asphalt roads;Dry;Daylight;Normal;Vehicle with vehicle collision;3;3;Going straight;Passenger;Female;Under 18;3;;Normal;Not a Pedestrian;Driving under the influence of drugs;Serious Injury
17:00:00;Tuesday;18-30;Male;Junior high school;Owner;5-10yr;Public (13?45 seats);Governmental;;No defect;Office areas;Undivided Two way;Tangent road with flat terrain;No junction;Asphalt roads;Wet or damp;Darkness - lights lit;Normal;Collision with roadside objects;1;1;Moving Backward;na;na;na;na;;;Not a Pedestrian;No priority to pedestrian;Serious Injury
17:45:00;Wednesday;Unknown;Female;Junior high school;Owner;Above 10yr;Lorry (41?100Q);Owner;1-2yr;No defect;School areas;Two-way (divided with broken lines road marking);Tangent road with flat terrain;Crossing;Asphalt roads;Dry;Darkness - lights lit;Normal;Vehicle with vehicle collision;1;1;Going straight;Driver or rider;Female;18-30;3;Self-employed;;Not a Pedestrian;Changing lane to the left;Slight Injury
09:57:00;Thursday;31-50;Male;High school;Owner;Above 10yr;;Owner;Below 1yr;No defect;Residential areas;Two-way (divided with broken lines road marking);Tangent road with flat terrain;Y Shape;Asphalt roads;Dry;Daylight;Normal;Vehicle with vehicle collision;2;1;Going straight;Passenger;Female;Over 51;3;Self-employed;Normal;Not a Pedestrian;Moving Backward;Slight Injury
09:57:00;Thursday;Over 51;Male;;;;Automobile;Owner;;No defect;Office areas;other;Tangent road with mountainous terrain and;Y Shape;Asphalt roads;Dry;Daylight;Normal;Collision with roadside objects;2;1;Going straight;Passenger;Male;Under 18;3;;Normal;Not a Pedestrian;No distancing;Slight Injury
18:00:00;Friday;31-50;Male;Elementary school;Employee;5-10yr;;Owner;Unknown;No defect;Rural village areasOffice areas;other;Tangent road with flat terrain;Y Shape;Asphalt roads;Dry;Darkness - lights lit;Normal;Vehicle with vehicle collision;2;1;Other;na;na;na;na;;;Not a Pedestrian;Changing lane to the right;Serious Injury
18:00:00;Friday;Unknown;Female;Elementary school;Owner;Above 10yr;Lorry (41?100Q);Owner;Unknown;No defect;Other;Two-way (divided with broken lines road marking);Tangent road with flat terrain;Y Shape;Asphalt roads;Dry;Darkness - lights lit;Normal;Vehicle with vehicle collision;2;1;Going straight;Passenger;Male;Under 18;3;Driver;Normal;Not a Pedestrian;No priority to vehicle;Serious Injury
19:00:00;Tuesday;18-30;Unknown;Junior high school;Owner;Below 1yr;;Owner;Unknown;No defect;Residential areas;Undivided Two way;Tangent road with flat terrain;Y Shape;Asphalt roads;Wet or damp;Darkness - lights lit;Other;Collision with roadside objects;2;3;Going straight;na;na;na;na;;;Not a Pedestrian;Moving Backward;Slight Injury
19:00:00;Tuesday;31-50;Male;Junior high school;Owner;2-5yr;Lorry (41?100Q);Owner;Unknown;No defect;Office areas;Undivided Two way;Tangent road with flat terrain;Y Shape;Asphalt roads;Wet or damp;Darkness - lights lit;Other;Collision with roadside objects;2;3;Going straight;Driver or rider;Male;31-50;3;;;Not a Pedestrian;Overtaking;Slight Injury
19:00:00;Tuesday;31-50;Male;Junior high school;Owner;2-5yr;Taxi;Owner;Unknown;No defect;Office areas;Undivided Two way;Tangent road with flat terrain;Y Shape;Asphalt roads;Wet or damp;Darkness - lights lit;Other;Vehicle with vehicle collision;2;3;Going straight;na;na;na;na;;;Not a Pedestrian;Changing lane to the left;Slight Injury
19:00:00;Tuesday;31-50;Male;High school;Owner;5-10yr;Lorry (41?100Q);Owner;Unknown;No defect;Residential areas;Undivided Two way;Tangent road with flat terrain;Y Shape;Asphalt roads;Wet or damp;Darkness - lights lit;Other;Vehicle with vehicle collision;2;3;Going straight;Driver or rider;Female;Over 51;2;Other;Normal;Not a Pedestrian;Changing lane to the right;Slight Injury
13:05:00;Friday;31-50;Male;Junior high school;Owner;;Lorry (41?100Q);Owner;Unknown;No defect;Office areas;Undivided Two way;Tangent road with flat terrain;Other;Asphalt roads;Dry;Daylight;Normal;Vehicle with vehicle collision;2;2;Going straight;Driver or rider;Male;18-30;2;Employee;Normal;Not a Pedestrian;Overtaking;Serious Injury
13:05:00;Friday;18-30;Unknown;;Owner;Below 1yr;Other;Owner;Unknown;No defect;Office areas;Undivided Two way;Tangent road with flat terrain;Other;Asphalt roads;Dry;Daylight;Normal;Vehicle with vehicle collision;2;2;U-Turn;na;na;na;na;Self-employed;Normal;Not a Pedestrian;Overloading;Serious Injury
08:25:00;Wednesday;Over 51;Male;Elementary school;Owner;Above 10yr;Stationwagen;Owner;Unknown;No defect;Office areas;;Tangent road with flat terrain;No junction;Asphalt roads;Wet or damp;Daylight;Raining;Vehicle with vehicle collision;1;1;Moving Backward;Pedestrian;Female;Over 51;2;Driver;Normal;Not a Pedestrian;Other;Slight Injury
13:51:00;Tuesday;Under 18;Male;Elementary school;Owner;Below 1yr;Stationwagen;Owner;Unknown;No defect;Office areas;Two-way (divided with broken lines road marking);Tangent road with flat terrain;No junction;Asphalt roads;Wet or damp;Daylight;Normal;Vehicle with vehicle collision;1;1;U-Turn;Driver or rider;Female;18-30;3;;;Not a Pedestrian;No priority to vehicle;Serious Injury
16:10:00;Monday;31-50;Male;Junior high school;Owner;5-10yr;Lorry (41?100Q);Owner;Unknown;No defect;Other;Undivided Two way;Tangent road with flat terrain;Unknown;Asphalt roads;Wet or damp;Darkness - lights unlit;Normal;Vehicle with vehicle collision;2;2;Going straight;na;na;na;na;Other;Normal;Not a Pedestrian;Changing lane to the right;Slight Injury
16:10:00;Monday;31-50;Male;Junior high school;Owner;5-10yr;Lorry (41?100Q);Owner;Unknown;No defect;Other;Two-way (divided with broken lines road marking);Tangent road with flat terrain;Unknown;Asphalt roads;Wet or damp;Darkness - lights unlit;Normal;Vehicle with vehicle collision;2;2;U-Turn;na;na;na;na;;;Not a Pedestrian;Moving Backward;Slight Injury
08:55:00;Thursday;18-30;Male;;Owner;;Other;Owner;2-5yrs;;Other;Two-way (divided with broken lines road marking);Tangent road with flat terrain;Y Shape;Asphalt roads;Wet or damp;Daylight;Other;Vehicle with vehicle collision;2;2;Turnover;na;na;na;na;Driver;Normal;Not a Pedestrian;Changing lane to the left;Slight Injury
08:55:00;Thursday;Over 51;Male;Junior high school;Employee;1-2yr;Automobile;Owner;2-5yrs;;Residential areas;One way;Tangent road with flat terrain;Y Shape;Asphalt roads;Wet or damp;Daylight;Other;Vehicle with vehicle collision;2;2;Going straight;Passenger;Female;31-50;3;Driver;Normal;Not a Pedestrian;No priority to pedestrian;Slight Injury
08:55:00;Thursday;Over 51;Male;High school;Owner;5-10yr;;Owner;2-5yrs;;School areas;Undivided Two way;Tangent road with mild grade and flat terrain;Y Shape;Asphalt roads;Wet or damp;Daylight;Other;Vehicle with vehicle collision;2;2;Going straight;Driver or rider;Male;31-50;3;Driver;Normal;Not a Pedestrian;No distancing;Slight Injury
02:04:00;Thursday;31-50;Unknown;Junior high school;Employee;5-10yr;Taxi;Owner;2-5yrs;;Residential areas;Undivided Two way;Tangent road with mild grade and flat terrain;No junction;Asphalt roads;Wet or damp;Darkness - lights lit;Other;Vehicle with vehicle collision;1;1;Waiting to go;na;na;na;na;Driver;Normal;Not a Pedestrian;No priority to vehicle;Slight Injury
07:30:00;Wednesday;Over 51;Male;Junior high school;Employee;5-10yr;Lorry (41?100Q);Owner;2-5yrs;No defect;Office areas;Two-way (divided with broken lines road marking);Tangent road with flat terrain;Crossing;Asphalt roads;Wet or damp;Darkness - lights lit;Windy;Vehicle with vehicle collision;2;1;Going straight;na;na;na;na;Driver;Normal;Not a Pedestrian;No distancing;Slight Injury