Time;Day_of_week;Age_band_of_driver;Sex_of_driver;Educational_level;Vehicle_driver_relation;Driving_experience;Type_of_vehicle;Owner_of_vehicle;Service_year_of_vehicle;Defect_of_vehicle;Area_accident_occured;Lanes_or_Medians;Road_allignment;Types_of_Junction;Road_surface_type;Road_surface_conditions;Light_conditions;Weather_conditions;Type_of_collision;Number_of_vehicles_involved;Number_of_casualties;Vehicle_movement;Casualty_class;Sex_of_casualty;Age_band_of_casualty;Casualty_severity;Work_of_casuality;Fitness_of_casuality;Pedestrian_movement;Cause_of_accident;Accident_severity
11:20:00;Wednesday;18-30;Male;Junior high school;Owner;5-10yr;Pick up upto 10Q;Owner;2-5yrs;;  Recreational areas;Undivided Two way;Tangent road with flat terrain;No junction;Asphalt roads;Wet or damp;Daylight;Normal;Collision with pedestrians;2;2;Going straight;Pedestrian;Female;Under 18;3;;;Unknown or other;No distancing;Slight Injury
22:10:00;Thursday;18-30;Male;Junior high school;Employee;5-10yr;;Owner;;;Other;other;Tangent road with flat terrain;Crossing;Asphalt roads;Wet or damp;Darkness - lights lit;Raining;Vehicle with vehicle collision;3;2;Going straight;Driver or rider;Female;Over 51;3;Other;Normal;Not a Pedestrian;No priority to pedestrian;Slight Injury
22:10:00;Thursday;18-30;Unknown;Junior high school;Employee;Below 1yr;Stationwagen;Owner;;;Office areas;Undivided Two way;Tangent road with flat terrain;Crossing;Asphalt roads;Wet or damp;Darkness - lights lit;Raining;Vehicle with vehicle collision;3;2;Going straight;Driver or rider;Female;18-30;3;Self-employed;Normal;Not a Pedestrian;Driving carelessly;Slight Injury
22:10:00;Thursday;Over 51;Male;;;;;;;;Other;Undivided Two way;Tangent road with flat terrain;Crossing;Asphalt roads;Wet or damp;Darkness - lights lit;Raining;Collision with pedestrians;3;2;Going straight;na;na;na;na;;;Not a Pedestrian;Changing lane to the right;Slight Injury
17:20:00;Saturday;18-30;Male;Junior high school;Employee;5-10yr;Automobile;Owner;Unknown;;Office areas;Undivided Two way;Tangent road with flat terrain;Y Shape;Asphalt roads;Dry;Daylight;Normal;Collision with pedestrians;1;1;Going straight;Driver or rider;Female;18-30;3;Student;Normal;Not a Pedestrian;Changing lane to the left;Serious Injury
14:45:00;Saturday;31-50;Male;Junior high school;Employee;5-10yr;Automobile;Owner;Unknown;;Office areas;One way;Tangent road with flat terrain;Y Shape;Asphalt roads;Dry;Daylight;Normal;Vehicle with vehicle collision;2;2;Going straight;na;na;na;na;Other;Normal;Not a Pedestrian;Driving carelessly;Slight Injury
14:45:00;Saturday;31-50;Male;Junior high school;Employee;Above 10yr;Long lorry;Owner;Unknown;;Office areas;Undivided Two way;Tangent road with flat terrain;Y Shape;Asphalt roads;Dry;Daylight;Normal;Vehicle with vehicle collision;2;2;Going straight;Driver or rider;Male;31-50;3;Driver;Normal;Not a Pedestrian;Driving carelessly;Slight Injury
14:45:00;Saturday;31-50;Male;High school;Employee;Above 10yr;Public (13?45 seats);Owner;Unknown;No defect;Other;Undivided Two way;Tangent road with flat terrain;Y Shape;Asphalt roads;Dry;Daylight;Normal;Vehicle with vehicle collision;2;2;Going straight;Passenger;Female;Over 51;3;Other;Normal;Not a Pedestrian;No distancing;Slight Injury
18:25:00;Thursday;18-30;Male;Junior high school;Employee;Above 10yr;Public (13?45 seats);Governmental;Unknown;;Other;Double carriageway (median);Tangent road with flat terrain;No junction;Asphalt roads;Dry;Darkness - lights lit;Normal;Vehicle with vehicle collision;2;1;Going straight;Pedestrian;Male;Under 18;3;Driver;Normal;Crossing from driver's nearside;Other;Slight Injury
18:25:00;Thursday;18-30;Male;Junior high school;Employee;Above 10yr;Lorry (11?40Q);Owner;Unknown;No defect;Office areas;Two-way (divided with solid lines road marking);Tangent road with flat terrain;No junction;Asphalt roads;Dry;Darkness - lights lit;Normal;Vehicle with vehicle collision;2;1;Going straight;na;na;na;na;Other;Normal;Not a Pedestrian;Changing lane to the right;Slight Injury
06:00:00;Tuesday;18-30;Male;Junior high school;Employee;Above 10yr;Lorry (11?40Q);Owner;Unknown;;Residential areas;other;Tangent road with flat terrain;No junction;Asphalt roads;Dry;Darkness - lights lit;Normal;Collision with roadside objects;2;1;Going straight;Driver or rider;Male;18-30;3;;Normal;Not a Pedestrian;Changing lane to the right;Slight Injury
06:00:00;Tuesday;18-30;Male;Junior high school;Employee;Above 10yr;Pick up upto 10Q;Governmental;2-5yrs;;  Recreational areas;Undivided Two way;Tangent road with flat terrain;No junction;Asphalt roads;Dry;Darkness - lights lit;Normal;Vehicle with vehicle collision;2;1;Parked;na;na;na;na;Driver;Normal;Not a Pedestrian;No distancing;Slight Injury
19:40:00;Thursday;Over 51;Male;Junior high school;Employee;5-10yr;Automobile;Owner;1-2yr;No defect;Other;other;Tangent road with flat terrain;Y Shape;Asphalt roads;Wet or damp;Darkness - lights lit;Raining;Vehicle with vehicle collision;1;1;Going straight;Driver or rider;Male;Over 51;3;Driver;Normal;Not a Pedestrian;No distancing;Slight Injury
14:29:00;Wednesday;31-50;Male;Junior high school;Employee;2-5yr;Automobile;Owner;Above 10yr;No defect;Residential areas;other;Tangent road with flat terrain;Other;Asphalt roads;Dry;Daylight;Normal;Vehicle with vehicle collision;3;2;Going straight;Driver or rider;Male;Under 18;3;Self-employed;Normal;Not a Pedestrian;Overturning;Slight Injury
14:29:00;Wednesday;Over 51;Male;Junior high school;Employee;Below 1yr;Automobile;Owner;Unknown;No defect;Other;other;Tangent road with flat terrain;Other;Asphalt roads;Dry;Daylight;Normal;Vehicle with vehicle collision;3;2;Going straight;na;na;na;na;;;Not a Pedestrian;Driving at high speed;Slight Injury
14:29:00;Wednesday;Over 51;Male;Junior high school;Employee;Below 1yr;Long lorry;Owner;Unknown;;Other;other;Tangent road with flat terrain;Other;Asphalt roads;Dry;Daylight;Normal;Vehicle with vehicle collision;3;2;Going straight;na;na;na;na;;;Not a Pedestrian;No priority to vehicle;Slight Injury
16:40:00;Tuesday;18-30;Male;Junior high school;Employee;2-5yr;Long lorry;Owner;5-10yrs;;Other;One way;Tangent road with flat terrain;Crossing;Asphalt roads;Dry;Daylight;Normal;Vehicle with vehicle collision;2;3;Going straight;Driver or rider;Male;Under 18;2;Employee;Normal;Not a Pedestrian;No priority to pedestrian;Slight Injury
16:40:00;Tuesday;18-30;Male;Elementary school;Employee;Below 1yr;Automobile;Owner;Unknown;No defect;Other;Two-way (divided with broken lines road marking);Tangent road with flat terrain;Crossing;Asphalt roads;Dry;Daylight;Normal;Vehicle with vehicle collision;2;3;Going straight;Passenger;Male;18-30;3;Driver;Normal;Not a Pedestrian;No priority to vehicle;Slight Injury
16:40:00;Tuesday;18-30;Male;Junior high school;Employee;Below 1yr;Stationwagen;Owner;2-5yrs;No defect;Other;other;Tangent road with flat terrain;Crossing;Asphalt roads;Dry;Daylight;Normal;Vehicle with vehicle collision;2;3;Turnover;Driver or rider;Male;Under 18;3;Other;Normal;Not a Pedestrian;Other;Slight Injury
19:02:00;Thursday;18-30;Male;Junior high school;Employee;;;Owner;Unknown;No defect;School areas;Undivided Two way;Tangent road with flat terrain;Y Shape;Asphalt roads;Dry;Darkness - lights lit;Normal;Vehicle with vehicle collision;1;1;Going straight;Pedestrian;Male;18-30;3;Driver;Normal;Unknown or other;Other;Slight Injury
13:33:00;Thursday;31-50;Male;;Employee;5-10yr;Other;Owner;;No defect;Office areas;Two-way (divided with broken lines road marking);Tangent road with flat terrain;No junction;Asphalt roads;Dry;Daylight;Normal;Vehicle with vehicle collision;2;1;Going straight;Passenger;Female;31-50;3;Driver;Normal;Not a Pedestrian;Moving Backward;Serious Injury
13:33:00;Thursday;31-50;Male;Writing & reading;Employee;Below 1yr;Special vehicle;Owner;Unknown;No defect;Office areas;Two-way (divided with broken lines road marking);Tangent road with flat terrain;No junction;Asphalt roads;Dry;Daylight;Normal;Vehicle with vehicle collision;2;1;Unknown;Driver or rider;Male;31-50;3;Driver;Normal;Not a Pedestrian;No distancing;Serious Injury
11:30:00;Tuesday;18-30;Male;Junior high school;Employee;Below 1yr;Lorry (41?100Q);Owner;5-10yrs;No defect;Office areas;Two-way (divided with broken lines road marking);Tangent road with flat terrain;No junction;Asphalt roads;Dry;Daylight;Normal;Vehicle with vehicle collision;1;1;Moving Backward;na;na;na;na;Driver;Normal;Not a Pedestrian;Moving Backward;Slight Injury
08:45:00;Friday;18-30;Male;Junior high school;Employee;1-2yr;Pick up upto 10Q;Owner;Unknown;No defect;School areas;;Tangent road with flat terrain;Y Shape;Asphalt roads;Wet or damp;Daylight;Normal;Vehicle with vehicle collision;3;2;Going straight;Driver or rider;Male;18-30;3;Driver;Normal;Not a Pedestrian;No priority to vehicle;Slight Injury
08:45:00;Friday;18-30;Male;Elementary school;Employee;Above 10yr;Lorry (11?40Q);Governmental;;No defect;School areas;Undivided Two way;Tangent road with flat terrain;Y Shape;Asphalt roads;Wet or damp;Daylight;Normal;Vehicle with vehicle collision;3;2;Moving Backward;na;na;na;na;Driver;Normal;Not a Pedestrian;Driving carelessly;Slight Injury
08:45:00;Friday;18-30;Male;Elementary school;Employee;Above 10yr;Lorry (41?100Q);Owner;;No defect;Office areas;Two-way (divided with broken lines road marking);Tangent road with flat terrain;Y Shape;Asphalt roads;Wet or damp;Daylight;Normal;Vehicle with vehicle collision;3;2;Turnover;na;na;na;na;Driver;Normal;Not a Pedestrian;No distancing;Slight Injury
17:50:00;Wednesday;18-30;Male;Elementary school;Employee;Below 1yr;Motorcycle;Owner;;No defect;Office areas;Two-way (divided with broken lines road marking);Tangent road with flat terrain;No junction;Asphalt roads;Dry;Daylight;Normal;Collision with roadside objects;3;3;Going straight;Driver or rider;Male;18-30;3;Driver;Normal;Not a Pedestrian;Other;Slight Injury
17:50:00;Wednesday;31-50;Male;High school;Employee;2-5yr;Automobile;Governmental;Above 10yr;No defect;School areas;Two-way (divided with broken lines road marking);Tangent road with flat terrain;No junction;Asphalt roads;Dry;Daylight;Normal;Vehicle with vehicle collision;3;3;Going straight;Passenger;Male;Under 18;3;;Normal;Not a Pedestrian;Changing lane to the right;Slight Injury
17:50:00;Wednesday;31-50;Male;Junior high school;Employee;2-5yr;Automobile;Owner;1-2yr;No defect;;Two-way (divided with broken lines road marking);Tangent road with flat terrain;No junction;Asphalt roads;Dry;Daylight;Normal;Vehicle with vehicle collision;3;3;Unknown;Passenger;Male;Under 18;3;;Normal;Not a Pedestrian;No distancing;Slight Injury
09:45:00;Friday;Over 51;Male;Above high school;Employee;Above 10yr;Automobile;Owner;Above 10yr;No defect;Other;Two-way (divided with broken lines road marking);Tangent road with flat terrain;No junction;Asphalt roads;Dry;Daylight;Normal;Vehicle with vehicle collision;2;1;Going straight;na;na;na;na;;Normal;Not a Pedestrian;Driving carelessly;Slight Injury
09:45:00;Friday;31-50;Male;Junior high school;Employee;2-5yr;Stationwagen;Owner;Below 1yr;No defect;Other;Undivided Two way;Tangent road with flat terrain;No junction;Asphalt roads;Dry;Daylight;Normal;Vehicle with vehicle collision;2;1;Going straight;na;na;na;na;;Normal;Not a Pedestrian;No distancing;Slight Injury
09:50:00;Tuesday;31-50;Male;Junior high school;Employee;2-5yr;;Owner;Above 10yr;No defect;Other;Two-way (divided with broken lines road marking);Tangent road with flat terrain;Y Shape;Asphalt roads;Dry;Daylight;Normal;Collision with pedestrians;3;3;Going straight;Driver or rider;Female;31-50;3;;Normal;Not a Pedestrian;No priority to vehicle;Slight Injury
09:50:00;Tuesday;31-50;Male;High school;Employee;1-2yr;Public (> 45 seats);Owner;Unknown;No defect;Residential areas;Undivided Two way;Tangent road with flat terrain;Y Shape;Asphalt roads;Dry;Daylight;Normal;Vehicle with vehicle collision;3;3;Going straight;Passenger;Female;18-30;3;;Normal;Not a Pedestrian;Changing lane to the right;Slight Injury
09:50:00;Tuesday;31-50;Male;Junior high school;Employee;5-10yr;Public (> 45 seats);Governmental;1-2yr;No defect;Other;Undivided Two way;Tangent road with flat terrain;Y Shape;Asphalt roads;Dry;Daylight;Normal;Vehicle with vehicle collision;3;3;Reversing;Passenger;Female;Under 18;3;;Normal;Not a Pedestrian;No priority to pedestrian;Slight Injury
09:50:00;Tuesday;18-30;Male;Junior high school;Employee;Below 1yr;Stationwagen;Owner;1-2yr;No defect;Other;Undivided Two way;Tangent road with flat terrain;Y Shape;Asphalt roads;Dry;Daylight;Normal;Vehicle with vehicle collision;3;3;Going straight;na;na;na;na;;Normal;Not a Pedestrian;No priority to vehicle;Slight Injury
18:40:00;Thursday;18-30;Male;Junior high school;Employee;Below 1yr;Automobile;Owner;;No defect; Industrial areas;Undivided Two way;Tangent road with flat terrain;Y Shape;Asphalt roads;Dry;Daylight;Normal;Vehicle with vehicle collision;1;1;Going straight;Driver or rider;Male;Over 51;3;Driver;;Not a Pedestrian;Changing lane to the left;Slight Injury
18:44:00;Tuesday;31-50;Male;Elementary school;Employee;;Bicycle;Owner;;No defect;  Recreational areas;Undivided Two way;Tangent road with flat terrain;Crossing;Asphalt roads;Wet or damp;Daylight;Windy;Vehicle with vehicle collision;1;1;Going straight;Driver or rider;Male;18-30;3;Driver;;Not a Pedestrian;Turnover;Slight Injury
19:33:00;Sunday;31-50;Male;Junior high school;Employee;Below 1yr;Automobile;Owner;Above 10yr;No defect; Church areas;Two-way (divided with broken lines road marking);Tangent road with flat terrain;No junction;Asphalt roads;Dry;Daylight;Normal;Vehicle with vehicle collision;3;1;Turnover;na;na;na;na;Driver;Normal;Not a Pedestrian;Driving to the left;Serious Injury
19:33:00;Sunday;Over 51;Male;Junior high school;Employee;1-2yr;Lorry (41?100Q);Owner;;;Office areas;Two-way (divided with broken lines road marking);Tangent road with flat terrain;No junction;Asphalt roads;Dry;Daylight;Normal;Vehicle with vehicle collision;3;1;Reversing;Driver or rider;Female;Over 51;3;Driver;Normal;Not a Pedestrian;Driving carelessly;Serious Injury
19:33:00;Sunday;Under 18;Male;Elementary school;Employee;2-5yr;Automobile;Owner;;;Other;Two-way (divided with broken lines road marking);Tangent road with flat terrain;No junction;Asphalt roads;Dry;Daylight;Normal;Vehicle with vehicle collision;3;1;Going straight;Driver or rider;Male;Over 51;3;Driver;Normal;Not a Pedestrian;Driving to the left;Serious Injury
12:25:00;Thursday;Over 51;Male;High school;Employee;1-2yr;Public (13?45 seats);Owner;;;Office areas;Undivided Two way;Tangent road with flat terrain;Y Shape;Asphalt roads;Dry;Daylight;Normal;Collision with pedestrians;2;1;Going straight;na;na;na;na;;Normal;Not a Pedestrian;Driving carelessly;Slight Injury
12:25:00;Thursday;31-50;Male;Junior high school;Employee;5-10yr;Special vehicle;Owner;;;Office areas;Two-way (divided with broken lines road marking);Tangent road with flat terrain;Y Shape;Asphalt roads;Dry;Daylight;Normal;Vehicle with vehicle collision;2;1;Turnover;Driver or rider;Male;31-50;3;Driver;Normal;Not a Pedestrian;No priority to pedestrian;Slight Injury
19:00:00;Thursday;18-30;Male;Junior high school;Employee;Below 1yr;Automobile;Owner;;;Other;Two-way (divided with broken lines road marking);Tangent road with flat terrain;No junction;Asphalt roads;Dry;Daylight;Normal;Vehicle with vehicle collision;2;1;Moving Backward;na;na;na;na;Driver;Normal;Not a Pedestrian;Driving carelessly;Slight Injury
19:00:00;Thursday;31-50;Male;High school;Employee;Above 10yr;Public (13?45 seats);Owner;Above 10yr;;Residential areas;Undivided Two way;Tangent road with flat terrain;No junction;Asphalt roads;Dry;Daylight;Normal;Vehicle with vehicle collision;2;1;Going straight;Passenger;Female;18-30;3;Self-employed;Normal;Not a Pedestrian;Changing lane to the right;Slight Injury
20:00:00;Friday;Unknown;Female;Elementary school;Owner;5-10yr;;Owner;Above 10yr;;Office areas;other;Tangent road with mountainous terrain and;No junction;Asphalt roads;Dry;Daylight;Normal;Vehicle with vehicle collision;1;3;Going straight;na;na;na;na;Driver;Normal;Not a Pedestrian;Moving Backward;Serious Injury
20:00:00;Friday;Unknown;Female;Elementary school;Employee;Below 1yr;Lorry (41?100Q);Owner;Above 10yr;No defect;Residential areas;other;Tangent road with flat terrain;No junction;Asphalt roads;Dry;Daylight;Normal;Collision with roadside objects;1;3;Going straight;Driver or rider;Female;31-50;3;Driver;Normal;Not a Pedestrian;Driving carelessly;Serious Injury
20:00:00;Friday;Unknown;Female;Junior high school;Employee;5-10yr;Lorry (41?100Q);;;;School areas;Two-way (divided with broken lines road marking);Tangent road with flat terrain;No junction;Asphalt roads;Dry;Daylight;Normal;Vehicle with vehicle collision;1;3;Reversing;Passenger;Female;Under 18;3;Self-employed;Normal;Not a Pedestrian;Changing lane to the right;Serious Injury
13:50:00;Sunday;31-50;Male;Elementary school;Owner;5-10yr;Public (12 seats);Owner;Above 10yr;No defect;Office areas;Two-way (divided with broken lines road marking);Sharp reverse curve;No junction;Asphalt roads;Dry;Daylight;Normal;Vehicle with vehicle collision;1;1;Going straight;na;na;na;na;;;Not a Pedestrian;Driving carelessly;Serious Injury
12:05:00;Friday;18-30;Male;Junior high school;Employee;2-5yr;Lorry (41?100Q);Owner;5-10yrs;No defect;Other;other;Tangent road with flat terrain;Unknown;Asphalt roads;Dry;Daylight;Normal;Vehicle with vehicle collision;2;4;Going straight;Driver or rider;Male;31-50;3;Driver;Normal;Not a Pedestrian;Driving carelessly;Slight Injury
12:05:00;Friday;18-30;Male;Junior high school;Employee;Above 10yr;Lorry (41?100Q);Owner;Above 10yr;No defect;Other;Undivided Two way;Tangent road with flat terrain;Unknown;Asphalt roads;Dry;Daylight;Normal;Vehicle with vehicle collision;2;4;Going straight;na;na;na;na;Other;Normal;Not a Pedestrian;Driving carelessly;Slight Injury
12:05:00;Friday;18-30;Male;Junior high school;Employee;5-10yr;Public (12 seats);Owner;Above 10yr;No defect; Church areas;other;Tangent road with flat terrain;Unknown;Asphalt roads;Dry;Daylight;Normal;Vehicle with vehicle collision;2;4;Parked;Passenger;Female;Over 51;3;Driver;Normal;Not a Pedestrian;Changing lane to the right;Slight Injury
12:05:00;Friday;31-50;Unknown;High school;Employee;1-2yr;Public (> 45 seats);Owner;;No defect;Office areas;Two-way (divided with broken lines road marking);Tangent road with flat terrain;Unknown;Asphalt roads;Dry;Daylight;Normal;Vehicle with vehicle collision;2;4;Going straight;na;na;na;na;Self-employed;Normal;Not a Pedestrian;Changing lane to the right;Slight Injury
17:05:00;Wednesday;Over 51;Male;Elementary school;Employee;5-10yr;Automobile;Owner;;No defect;Other;Two-way (divided with broken lines road marking);Tangent road with flat terrain;Y Shape;Asphalt roads;Wet or damp;Daylight;Windy;Vehicle with vehicle collision;2;1;Going straight;Pedestrian;Male;Over 51;3;Driver;Normal;Unknown or other;Driving carelessly;Serious Injury
17:05:00;Wednesday;31-50;Male;Elementary school;Employee;2-5yr;Pick up upto 10Q;Owner;;No defect;Office areas;Two-way (divided with broken lines road marking);Tangent road with mild grade and flat terrain;Y Shape;Asphalt roads;Wet or damp;Daylight;Windy;Collision with roadside objects;2;1;Unknown;na;na;na;na;Driver;Normal;Not a Pedestrian;Overtaking;Serious Injury
20:40:00;Saturday;18-30;Male;Junior high school;Employee;Below 1yr;Stationwagen;Owner;;No defect;Office areas;Two-way (divided with broken lines road marking);Tangent road with flat terrain;Crossing;Asphalt roads;Dry;Darkness - lights lit;Normal;Vehicle with vehicle collision;2;1;Going straight;Driver or rider;Male;Over 51;3;;;Not a Pedestrian;Changing lane to the right;Slight Injury
20:40:00;Saturday;31-50;Male;Junior high school;Employee;Below 1yr;Other;Owner;Above 10yr;No defect;Office areas;Two-way (divided with broken lines road marking);Sharp reverse curve;Crossing;Asphalt roads;Dry;Darkness - lights lit;Normal;Vehicle with vehicle collision;2;1;Going straight;Passenger;Female;Over 51;3;Driver;Normal;Not a Pedestrian;No distancing;Slight Injury
19:08:00;Thursday;18-30;Male;Junior high school;Employee;5-10yr;;Owner;Above 10yr;No defect; Church areas;Undivided Two way;Sharp reverse curve;Y Shape;Asphalt roads;Dry;Daylight;Unknown;Vehicle with vehicle collision;1;1;Stopping;na;na;na;na;Driver;Normal;Not a Pedestrian;Other;Serious Injury
19:16:00;Tuesday;Over 51;Male;Junior high school;Owner;5-10yr;Automobile;Owner;Above 10yr;No defect;Office areas;Undivided Two way;Gentle horizontal curve;No junction;Asphalt roads;Dry;Daylight;Normal;Vehicle with vehicle collision;2;1;Going straight;Pedestrian;Male;Under 18;2;;;Unknown or other;Changing lane to the right;Slight Injury
19:16:00;Tuesday;31-50;Male;Elementary school;Employee;1-2yr;Stationwagen;Owner;5-10yrs;No defect;Other;Double carriageway (median);Gentle horizontal curve;No junction;Asphalt roads;Dry;Daylight;Normal;Rollover;2;1;Overtaking;na;na;na;na;;;Not a Pedestrian;Changing lane to the right;Slight Injury
09:55:00;Monday;Over 51;Male;Junior high school;Employee;;Pick up upto 10Q;Owner;;;Other;Two-way (divided with broken lines road marking);Tangent road with flat terrain;No junction;Asphalt roads;Dry;Daylight;Normal;Vehicle with vehicle collision;2;2;Going straight;Driver or rider;Male;31-50;3;Driver;Normal;Not a Pedestrian;Overtaking;Slight Injury
09:55:00;Monday;Over 51;Male;Elementary school;Employee;Above 10yr;Lorry (41?100Q);Owner;5-10yrs;No defect; Church areas;Unknown;Tangent road with mountainous terrain and;No junction;Asphalt roads with some distress;Dry;Daylight;Normal;Vehicle with vehicle collision;2;2;Reversing;na;na;na;na;Driver;Normal;Not a Pedestrian;Other;Slight Injury
19:00:00;Thursday;18-30;Male;Junior high school;Owner;1-2yr;Automobile;Owner;1-2yr;;School areas;Undivided Two way;Tangent road with flat terrain;No junction;Asphalt roads;Dry;Daylight;Normal;Collision with roadside objects;1;1;Going straight;Driver or rider;Female;31-50;3;;;Not a Pedestrian;Driving to the left;Slight Injury
10:31:00;Sunday;31-50;Male;;;;;;;; Church areas;Two-way (divided with broken lines road marking);Tangent road with flat terrain;Other;Asphalt roads;Dry;Daylight;Normal;Vehicle with vehicle collision;2;1;Going straight;Driver or rider;Male;18-30;3;;;Not a Pedestrian;Overtaking;Slight Injury
10:31:00;Sunday;31-50;Male;Junior high school;Employee;Above 10yr;Lorry (41?100Q);Owner;Above 10yr;;Office areas;Undivided Two way;Tangent road with flat terrain;Other;Asphalt roads;Dry;Daylight;Normal;Vehicle with vehicle collision;2;1;Unknown;na;na;na;na;Driver;Normal;Not a Pedestrian;No priority to vehicle;Slight Injury
12:37:00;Sunday;31-50;Unknown;Elementary school;Owner;2-5yr;Lorry (41?100Q);Owner;2-5yrs;No defect;Other;other;Tangent road with flat terrain;Unknown;Asphalt roads;Dry;Daylight;Normal;Vehicle with vehicle collision;2;3;Going straight;Driver or rider;Male;Under 18;3;Driver;Normal;Not a Pedestrian;Moving Backward;Serious Injury
12:37:00;Sunday;31-50;Male;Junior high school;Employee;5-10yr;Lorry (41?100Q);Owner;Above 10yr;; Church areas;Two-way (divided with broken lines road marking);Steep grade upward with mountainous terrain;Unknown;Gravel roads;Dry;Daylight;Normal;Collision with roadside objects;2;3;Moving Backward;Driver or rider;Male;Over 51;2;;;Not a Pedestrian;Other;Serious Injury
12:37:00;Sunday;Over 51;Male;Junior high school;Employee;Below 1yr;Pick up upto 10Q;Governmental;1-2yr;No defect;Other;Double carriageway (median);Tangent road with flat terrain;Unknown;Asphalt roads;Dry;Daylight;Normal;Collision with roadside objects;2;3;Going straight;na;na;na;na;;;Not a Pedestrian;No priority to vehicle;Serious Injury
14:51:00;Sunday;18-30;Male;Junior high school;Employee;5-10yr;Pick up upto 10Q;Governmental;Above 10yr;;Other;Double carriageway (median);Tangent road with flat terrain;Y Shape;Asphalt roads;Dry;Daylight;Normal;Vehicle with vehicle collision;2;2;Moving Backward;na;na;na;na;Driver;Normal;Not a Pedestrian;No priority to pedestrian;Slight Injury
14:51:00;Sunday;31-50;Male;High school;Employee;Above 10yr;Automobile;Organization;5-10yrs;No defect;Office areas;Two-way (divided with broken lines road marking);Gentle horizontal curve;Y Shape;Asphalt roads;Dry;Daylight;Normal;Vehicle with vehicle collision;2;2;Going straight;Driver or rider;Male;Over 51;3;Driver;Normal;Not a Pedestrian;Changing lane to the right;Slight Injury
14:51:00;Sunday;31-50;Male;Junior high school;Employee;5-10yr;Other;Organization;Above 10yr;No defect;Other;Two-way (divided with broken lines road marking);Tangent road with flat terrain;Y Shape;Asphalt roads;Dry;Daylight;Normal;Collision with roadside objects;2;2;Going straight;Pedestrian;Male;Under 18;3;;;Crossing from nearside - masked by parked or statioNot a Pedestrianry vehicle;Changing lane to the right;Slight Injury
07:50:00;Friday;18-30;Male;Elementary school;Employee;1-2yr;;Owner;2-5yrs;No defect;Other;Two-way (divided with broken lines road marking);Tangent road with flat terrain;Y Shape;Asphalt roads;Dry;Daylight;Normal;Collision with roadside objects;2;1;Unknown;na;na;na;na;Driver;;Not a Pedestrian;Changing lane to the right;Slight Injury
07:50:00;Friday;18-30;Male;Junior high school;Employee;;Automobile;Governmental;;No defect;Residential areas;Two-way (divided with broken lines road marking);Tangent road with flat terrain;Y Shape;Asphalt roads;Dry;Daylight;Normal;Vehicle with vehicle collision;2;1;Going straight;na;na;na;na;Driver;Normal;Not a Pedestrian;Driving to the left;Slight Injury
20:39:00;Saturday;18-30;Male;Elementary school;Employee;1-2yr;Motorcycle;Owner;2-5yrs;No defect;Office areas;Two-way (divided with broken lines road marking);Tangent road with flat terrain;Y Shape;Asphalt roads;Dry;Darkness - lights lit;Normal;Vehicle with vehicle collision;3;2;Going straight;Driver or rider;Male;31-50;2;Driver;Normal;Not a Pedestrian;Changing lane to the left;Slight Injury
20:39:00;Saturday;31-50;Male;Junior high school;Owner;1-2yr;Automobile;Owner;2-5yrs;No defect; Church areas;One way;Tangent road with flat terrain;Y Shape;Asphalt roads;Dry;Darkness - lights lit;Normal;Vehicle with vehicle collision;3;2;Going straight;Pedestrian;Female;Under 18;3;Driver;Normal;In carriageway, statioNot a Pedestrianry - not crossing  (standing or playing);Moving Backward;Slight Injury
20:39:00;Saturday;31-50;Male;Above high school;Owner;1-2yr;Automobile;Owner;1-2yr;No defect;;Undivided Two way;Tangent road with flat terrain;Y Shape;Asphalt roads;Dry;Darkness - lights lit;Normal;Collision with roadside objects;3;2;Turnover;Pedestrian;Female;Under 18;2;Driver;Normal;In carriageway, statioNot a Pedestrianry - not crossing  (standing or playing);Driving at high speed;Slight Injury
20:39:00;Saturday;18-30;Male;Junior high school;Owner;5-10yr;Public (12 seats);Owner;Above 10yr;;  Market areas;other;Steep grade downward with mountainous terrain;Y Shape;Asphalt roads;Dry;Darkness - lights lit;Normal;Vehicle with vehicle collision;3;2;Going straight;na;na;na;na;;;Not a Pedestrian;Moving Backward;Slight Injury
11:10:00;Tuesday;31-50;Male;Above high school;Employee;1-2yr;Automobile;Owner;Above 10yr;No defect;Residential areas;;Tangent road with flat terrain;Y Shape;Asphalt roads;Dry;Daylight;Normal;Collision with roadside-parked vehicles;2;1;Going straight;Driver or rider;Female;Over 51;3;Student;Normal;Not a Pedestrian;No distancing;Slight Injury
11:10:00;Tuesday;18-30;Male;Junior high school;Employee;Above 10yr;Public (> 45 seats);Owner;5-10yrs;No defect;Office areas;Undivided Two way;Tangent road with flat terrain;Y Shape;Asphalt roads;Dry;Daylight;Normal;Vehicle with vehicle collision;2;1;Going straight;Driver or rider;Male;18-30;3;;;Not a Pedestrian;Other;Slight Injury
17:19:00;Friday;18-30;Male;Junior high school;Employee;1-2yr;Lorry (41?100Q);Owner;;No defect;  Recreational areas;other;;No junction;Asphalt roads;Dry;Daylight;Normal;Collision with roadside objects;2;1;Reversing;Passenger;Male;31-50;2;;;Not a Pedestrian;No priority to vehicle;Slight Injury
17:19:00;Friday;31-50;Male;Junior high school;Employee;5-10yr;Public (> 45 seats);Governmental;;No defect;Office areas;other;Tangent road with mild grade and flat terrain;No junction;Earth roads;Dry;Daylight;Normal;Vehicle with vehicle collision;2;1;Getting off;na;na;na;na;;Normal;Not a Pedestrian;Changing lane to the right;Slight Injury