Time;Day_of_week;Age_band_of_driver;Sex_of_driver;Educational_level;Vehicle_driver_relation;Driving_experience;Type_of_vehicle;Owner_of_vehicle;Service_year_of_vehicle;Defect_of_vehicle;Area_accident_occured;Lanes_or_Medians;Road_allignment;Types_of_Junction;Road_surface_type;Road_surface_conditions;Light_conditions;Weather_conditions;Type_of_collision;Number_of_vehicles_involved;Number_of_casualties;Vehicle_movement;Casualty_class;Sex_of_casualty;Age_band_of_casualty;Casualty_severity;Work_of_casuality;Fitness_of_casuality;Pedestrian_movement;Cause_of_accident;Accident_severity
20:31:00;Saturday;18-30;Male;Junior high school;Employee;Below 1yr;Lorry (11?40Q);Owner;5-10yrs;;Residential areas;Undivided Two way;Tangent road with flat terrain;Y Shape;Asphalt roads;Dry;Daylight;Normal;Vehicle with vehicle collision;3;2;Going straight;Passenger;Female;18-30;2;Driver;Normal;Not a Pedestrian;Changing lane to the right;Slight Injury
07:58:00;Monday;31-50;Male;Junior high school;Employee;2-5yr;;Owner;2-5yrs;;Office areas;Double carriageway (median);Tangent road with flat terrain;Y Shape;Asphalt roads;Wet or damp;Daylight;Raining;Vehicle with vehicle collision;2;2;Moving Backward;Passenger;Female;Under 18;1;Driver;Normal;Not a Pedestrian;No distancing;Slight Injury
07:58:00;Monday;31-50;Male;Junior high school;Employee;5-10yr;Automobile;Owner;2-5yrs;No defect;Office areas;Double carriageway (median);Tangent road with flat terrain;Y Shape;Asphalt roads;Wet or damp;Daylight;Raining;Vehicle with vehicle collision;2;2;Going straight;Driver or rider;Male;18-30;3;Self-employed;Normal;Not a Pedestrian;Other;Slight Injury
17:30:00;Friday;31-50;Male;Junior high school;Employee;Above 10yr;Lorry (41?100Q);;;No defect;Other;Two-way (divided with broken lines road marking);Tangent road with flat terrain;No junction;Earth roads;Dry;Daylight;Normal;Vehicle with vehicle collision;2;1;Going straight;Pedestrian;Female;31-50;3;Self-employed;Normal;Unknown or other;No priority to vehicle;Serious Injury
17:30:00;Friday;18-30;Male;Elementary school;Employee;2-5yr;Other;Owner;Unknown;No defect;Other;Two-way (divided with broken lines road marking);Tangent road with flat terrain;No junction;Asphalt roads;Dry;Daylight;Normal;Vehicle with vehicle collision;2;1;Moving Backward;Pedestrian;Male;Over 51;3;Driver;Normal;Not a Pedestrian;Changing lane to the left;Serious Injury
07:50:00;Friday;18-30;Male;Elementary school;Owner;Above 10yr;Lorry (41?100Q);Owner;Above 10yr;No defect;Residential areas;Two-way (divided with broken lines road marking);Tangent road with flat terrain;No junction;Asphalt roads;Dry;Daylight;Normal;Vehicle with vehicle collision;2;2;Going straight;na;na;na;na;Driver;Normal;Not a Pedestrian;No priority to pedestrian;Slight Injury
07:50:00;Friday;31-50;Unknown;Junior high school;Employee;1-2yr;Automobile;Owner;Unknown;; Church areas;Two-way (divided with broken lines road marking);Tangent road with flat terrain;No junction;Asphalt roads;Dry;Daylight;Normal;Collision with roadside objects;2;2;Turnover;Driver or rider;Male;31-50;3;;;Not a Pedestrian;Overtaking;Slight Injury
07:50:00;Friday;31-50;Male;Junior high school;Employee;5-10yr;Pick up upto 10Q;Governmental;Unknown;No defect; Church areas;Double carriageway (median);Tangent road with flat terrain;No junction;Asphalt roads;Dry;Daylight;Normal;Vehicle with vehicle collision;2;2;Going straight;Driver or rider;Female;Over 51;3;Driver;Normal;Not a Pedestrian;Driving carelessly;Slight Injury
23:05:00;Friday;Unknown;Female;Junior high school;Employee;2-5yr;Lorry (41?100Q);Owner;2-5yrs;No defect;Residential areas;Double carriageway (median);Tangent road with flat terrain;No junction;Other;Dry;Darkness - lights lit;Normal;Vehicle with vehicle collision;2;1;Going straight;na;na;na;na;Driver;Normal;Not a Pedestrian;No priority to vehicle;Slight Injury
23:05:00;Friday;31-50;Male;Junior high school;Employee;2-5yr;Public (13?45 seats);Owner;;No defect;Office areas;Two-way (divided with broken lines road marking);Tangent road with mild grade and flat terrain;No junction;Gravel roads;Dry;Darkness - lights lit;Normal;Vehicle with vehicle collision;2;1;Unknown;na;na;na;na;Driver;Normal;Not a Pedestrian;No priority to pedestrian;Slight Injury
09:36:00;Thursday;31-50;Male;Junior high school;Employee;2-5yr;Long lorry;Owner;5-10yrs;No defect;Office areas;Two-way (divided with broken lines road marking);Tangent road with mild grade and flat terrain;No junction;Gravel roads;Dry;Daylight;Normal;Vehicle with vehicle collision;2;1;Going straight;Driver or rider;Male;Over 51;2;;Normal;Not a Pedestrian;Changing lane to the right;Slight Injury
09:36:00;Thursday;Over 51;Male;Junior high school;Employee;2-5yr;Automobile;Owner;2-5yrs;;Residential areas;Two-way (divided with broken lines road marking);Tangent road with flat terrain;No junction;Asphalt roads;Dry;Daylight;Normal;Collision with pedestrians;2;1;Going straight;Driver or rider;Female;18-30;3;;;Not a Pedestrian;Moving Backward;Slight Injury
17:25:00;Saturday;31-50;Male;Junior high school;Employee;Above 10yr;Automobile;Owner;5-10yrs;; Church areas;other;Tangent road with flat terrain;Y Shape;Asphalt roads;Dry;Daylight;Normal;Vehicle with vehicle collision;1;1;Going straight;Driver or rider;Male;Under 18;3;Driver;Normal;Not a Pedestrian;Overtaking;Slight Injury
17:00:00;Tuesday;18-30;Male;Junior high school;Employee;Above 10yr;Other;Owner;;;Other;Two-way (divided with broken lines road marking);Tangent road with flat terrain;Y Shape;Earth roads;Dry;Daylight;Normal;Vehicle with vehicle collision;2;1;Going straight;Driver or rider;Female;31-50;3;Driver;Normal;Not a Pedestrian;Changing lane to the left;Slight Injury
17:00:00;Tuesday;31-50;Male;Elementary school;Employee;5-10yr;;Owner;;;Office areas;Two-way (divided with broken lines road marking);Tangent road with flat terrain;Y Shape;Asphalt roads;Dry;Daylight;Normal;Vehicle with vehicle collision;2;1;Reversing;na;na;na;na;Self-employed;Normal;Not a Pedestrian;Changing lane to the right;Slight Injury
13:54:00;Thursday;18-30;Male;;Employee;;Long lorry;Owner;;;Other;Two-way (divided with broken lines road marking);Tangent road with flat terrain;No junction;Asphalt roads;Dry;Daylight;Normal;Vehicle with vehicle collision;2;1;Going straight;na;na;na;na;Driver;Normal;Not a Pedestrian;Overtaking;Slight Injury
13:54:00;Thursday;Over 51;Male;;Employee;2-5yr;Public (12 seats);Owner;;;Other;Two-way (divided with broken lines road marking);Tangent road with flat terrain;No junction;Asphalt roads;Dry;Daylight;Normal;Vehicle with vehicle collision;2;1;Moving Backward;Driver or rider;Male;31-50;3;Driver;Normal;Not a Pedestrian;Overloading;Slight Injury
10:02:00;Tuesday;31-50;Male;Elementary school;Employee;5-10yr;Public (12 seats);Owner;;;;;Tangent road with flat terrain;Y Shape;Asphalt roads;Dry;Daylight;Normal;Vehicle with vehicle collision;1;1;Going straight;na;na;na;na;Driver;Normal;Not a Pedestrian;Other;Serious Injury
14:40:00;Wednesday;18-30;Unknown;Junior high school;Employee;5-10yr;Other;Governmental;2-5yrs;;Residential areas;Two-way (divided with broken lines road marking);;Y Shape;Earth roads;Dry;Daylight;Normal;Collision with roadside objects;2;1;Going straight;Driver or rider;Male;31-50;3;;;Not a Pedestrian;No priority to vehicle;Slight Injury
14:40:00;Wednesday;Over 51;Male;Junior high school;Employee;Above 10yr;Other;Owner;Below 1yr;; Church areas;Undivided Two way;Tangent road with flat terrain;Y Shape;Asphalt roads;Dry;Daylight;Normal;Vehicle with vehicle collision;2;1;Going straight;Driver or rider;Female;31-50;3;Driver;Normal;Not a Pedestrian;Changing lane to the right;Slight Injury
16:35:00;Tuesday;18-30;Unknown;Junior high school;Employee;5-10yr;Other;;;;Other;Undivided Two way;Tangent road with flat terrain;No junction;Asphalt roads;Dry;Daylight;Normal;Vehicle with vehicle collision;2;1;Going straight;Driver or rider;Female;18-30;3;Driver;Normal;Not a Pedestrian;Moving Backward;Slight Injury
16:35:00;Tuesday;31-50;Male;Junior high school;Employee;Above 10yr;Public (12 seats);Owner;Unknown;;Other;One way;Tangent road with flat terrain;No junction;Asphalt roads;Dry;Daylight;Normal;Vehicle with vehicle collision;2;1;Going straight;na;na;na;na;Self-employed;Normal;Not a Pedestrian;Changing lane to the left;Slight Injury
12:34:00;Thursday;18-30;Male;Elementary school;Employee;Below 1yr;Lorry (41?100Q);Owner;Unknown;No defect;Residential areas;Two-way (divided with broken lines road marking);Tangent road with flat terrain;Y Shape;Asphalt roads;Dry;Daylight;Normal;Vehicle with vehicle collision;2;1;Turnover;Driver or rider;Male;Over 51;3;;Normal;Not a Pedestrian;No priority to pedestrian;Slight Injury
12:34:00;Thursday;31-50;Male;Elementary school;Employee;5-10yr;Other;Owner;Unknown;;Office areas;One way;Tangent road with flat terrain;Y Shape;Asphalt roads;Dry;Daylight;Normal;Vehicle with vehicle collision;2;1;Going straight;na;na;na;na;;;Not a Pedestrian;No distancing;Slight Injury
16:25:00;Tuesday;31-50;Male;Elementary school;Employee;1-2yr;Public (12 seats);Owner;Unknown;No defect; Industrial areas;Two-way (divided with broken lines road marking);Tangent road with flat terrain;Y Shape;Asphalt roads;Dry;Daylight;Normal;Vehicle with vehicle collision;2;1;Going straight;Driver or rider;Male;18-30;3;Driver;Normal;Not a Pedestrian;No priority to vehicle;Slight Injury
16:25:00;Tuesday;Over 51;Male;Elementary school;Employee;5-10yr;Other;Governmental;;No defect;Residential areas;Double carriageway (median);Tangent road with flat terrain;Y Shape;Asphalt roads;Dry;Daylight;Normal;Vehicle with vehicle collision;2;1;Moving Backward;na;na;na;na;Driver;Normal;Not a Pedestrian;No distancing;Slight Injury
17:46:00;Wednesday;18-30;Male;Elementary school;Employee;5-10yr;Lorry (11?40Q);Owner;;No defect;Office areas;Unknown;Tangent road with flat terrain;No junction;Asphalt roads;Dry;Daylight;Normal;Vehicle with vehicle collision;1;1;Going straight;Pedestrian;Male;31-50;3;Driver;Normal;Unknown or other;No distancing;Serious Injury
15:55:00;Wednesday;Over 51;Male;Elementary school;Employee;2-5yr;Other;Owner;2-5yrs;;Other;;Tangent road with flat terrain;No junction;Asphalt roads;Dry;Daylight;Normal;Rollover;1;1;Going straight;Pedestrian;Male;18-30;2;;;Not a Pedestrian;Moving Backward;Slight Injury
09:00:00;Friday;Over 51;Male;Elementary school;Employee;5-10yr;Other;Owner;Unknown;; Church areas;other;Tangent road with flat terrain;No junction;Asphalt roads;Dry;Daylight;Normal;Vehicle with vehicle collision;1;1;Going straight;Passenger;Female;18-30;3;Driver;Normal;Not a Pedestrian;Changing lane to the right;Slight Injury
08:15:00;Tuesday;31-50;Male;;;5-10yr;Other;Owner;Above 10yr;; Industrial areas;;Tangent road with flat terrain;No junction;Earth roads;Dry;Daylight;Normal;Vehicle with vehicle collision;2;3;Other;na;na;na;na;Self-employed;Normal;Not a Pedestrian;No priority to pedestrian;Slight Injury
08:15:00;Tuesday;31-50;Male;Junior high school;Employee;Above 10yr;Pick up upto 10Q;Owner;Unknown;No defect;  Recreational areas;One way;Tangent road with flat terrain;No junction;Asphalt roads;Dry;Daylight;Normal;Vehicle with vehicle collision;2;3;Going straight;Driver or rider;Male;18-30;3;Self-employed;Normal;Not a Pedestrian;Moving Backward;Slight Injury
08:15:00;Tuesday;31-50;Male;Junior high school;Employee;Above 10yr;Automobile;Owner;Unknown;No defect;  Market areas;Undivided Two way;Tangent road with flat terrain;No junction;Asphalt roads;Dry;Daylight;Normal;Collision with roadside objects;2;3;Going straight;Pedestrian;Male;18-30;3;;;In carriageway, statioNot a Pedestrianry - not crossing  (standing or playing) - masked by parked or statioNot a Pedestrianry vehicle;Getting off the vehicle improperly;Slight Injury
07:25:00;Thursday;18-30;Male;Elementary school;Employee;Below 1yr;Other;Owner;Unknown;No defect;Other;Two-way (divided with broken lines road marking);Tangent road with flat terrain;No junction;Asphalt roads;Dry;Daylight;Normal;Vehicle with vehicle collision;2;4;Turnover;Driver or rider;Male;Under 18;3;;Normal;Not a Pedestrian;Overtaking;Slight Injury
07:25:00;Thursday;18-30;Male;Elementary school;Employee;5-10yr;Lorry (41?100Q);Owner;Unknown;;Other;Two-way (divided with broken lines road marking);Tangent road with flat terrain;No junction;Asphalt roads;Dry;Daylight;Normal;Vehicle with vehicle collision;2;4;Moving Backward;na;na;na;na;Driver;Normal;Not a Pedestrian;Overloading;Slight Injury
07:25:00;Thursday;18-30;Male;Elementary school;Owner;5-10yr;Public (13?45 seats);Owner;Unknown;No defect; Industrial areas;Two-way (divided with broken lines road marking);;No junction;Earth roads;Dry;Daylight;Normal;Vehicle with vehicle collision;2;4;Going straight;Pedestrian;Male;18-30;3;Driver;Normal;Not a Pedestrian;Changing lane to the right;Slight Injury
07:25:00;Thursday;31-50;Male;Elementary school;Employee;2-5yr;Automobile;Governmental;2-5yrs;;Other;Two-way (divided with broken lines road marking);Tangent road with flat terrain;No junction;Asphalt roads;Dry;Daylight;Normal;Collision with roadside objects;2;4;Going straight;Driver or rider;Male;Over 51;3;;;Not a Pedestrian;Improper parking;Slight Injury
19:30:00;Monday;18-30;Unknown;Elementary school;Employee;Above 10yr;Pick up upto 10Q;Governmental;;;Office areas;other;Tangent road with flat terrain;Crossing;Asphalt roads;Wet or damp;Daylight;Raining;Vehicle with vehicle collision;1;1;Going straight;Driver or rider;Female;18-30;3;Driver;Normal;Not a Pedestrian;Other;Slight Injury
19:15:00;Wednesday;18-30;Male;Elementary school;Employee;2-5yr;Lorry (41?100Q);Owner;Unknown;;;other;Tangent road with flat terrain;No junction;Asphalt roads;Dry;Daylight;Normal;Vehicle with vehicle collision;1;1;Reversing;Passenger;Female;Over 51;3;Self-employed;Normal;Not a Pedestrian;Changing lane to the left;Serious Injury
17:00:00;Friday;31-50;Male;Junior high school;Employee;Above 10yr;Public (12 seats);Owner;;;Office areas;Two-way (divided with broken lines road marking);Tangent road with flat terrain;Crossing;Asphalt roads;Dry;Daylight;Normal;Vehicle with vehicle collision;2;6;Going straight;Passenger;Female;Under 18;3;Self-employed;Normal;Not a Pedestrian;Changing lane to the right;Slight Injury
17:00:00;Friday;31-50;Male;Junior high school;Employee;Below 1yr;Other;Owner;;;Office areas;Undivided Two way;Tangent road with flat terrain;Crossing;Asphalt roads;Dry;Daylight;Normal;Vehicle with vehicle collision;2;6;Going straight;Driver or rider;Male;31-50;2;Self-employed;Normal;Not a Pedestrian;No priority to pedestrian;Slight Injury
17:00:00;Friday;31-50;Male;Junior high school;Employee;2-5yr;Lorry (41?100Q);Organization;Unknown;;Other;other;Tangent road with flat terrain;Crossing;Asphalt roads;Dry;Daylight;Normal;Collision with roadside objects;2;6;Going straight;Pedestrian;Female;18-30;2;;;In carriageway, statioNot a Pedestrianry - not crossing  (standing or playing);Overspeed;Slight Injury
17:00:00;Friday;31-50;Male;Elementary school;Employee;5-10yr;Pick up upto 10Q;Governmental;2-5yrs;;Other;other;Tangent road with flat terrain;Crossing;Asphalt roads;Dry;Daylight;Normal;Vehicle with vehicle collision;2;6;Parked;Pedestrian;Female;Over 51;2;Self-employed;Normal;Unknown or other;Changing lane to the left;Slight Injury
17:00:00;Friday;31-50;Male;Elementary school;Employee;5-10yr;Other;Owner;Unknown;No defect;Other;Undivided Two way;Tangent road with flat terrain;Crossing;Asphalt roads;Dry;Daylight;Normal;Vehicle with vehicle collision;2;6;Going straight;na;na;na;na;Self-employed;Normal;Not a Pedestrian;No priority to vehicle;Slight Injury
17:00:00;Friday;18-30;Male;Elementary school;Employee;1-2yr;Lorry (41?100Q);Owner;Above 10yr;;Other;other;Tangent road with flat terrain;Crossing;Other;Dry;Daylight;Normal;Vehicle with vehicle collision;2;6;Going straight;Driver or rider;Male;Under 18;3;Driver;Deaf;Not a Pedestrian;Changing lane to the right;Slight Injury
13:50:00;Saturday;31-50;Male;Elementary school;Employee;;Ridden horse;;;;Residential areas;Undivided Two way;Tangent road with flat terrain;Y Shape;Asphalt roads;Dry;Daylight;Normal;Vehicle with vehicle collision;2;1;Unknown;na;na;na;na;Driver;Normal;Not a Pedestrian;No distancing;Slight Injury
13:50:00;Saturday;18-30;Male;Junior high school;Employee;1-2yr;Automobile;Owner;2-5yrs;No defect; Church areas;Undivided Two way;Tangent road with flat terrain;Y Shape;Asphalt roads;Dry;Daylight;Normal;Vehicle with vehicle collision;2;1;Going straight;Driver or rider;Female;18-30;3;Self-employed;Normal;Not a Pedestrian;No priority to pedestrian;Slight Injury
17:25:00;Friday;18-30;Male;;Employee;5-10yr;Automobile;Owner;2-5yrs;;Office areas;Double carriageway (median);Tangent road with flat terrain;Crossing;Asphalt roads;Dry;Daylight;Normal;Collision with pedestrians;2;1;Going straight;Passenger;Female;31-50;3;Self-employed;Normal;Not a Pedestrian;No distancing;Serious Injury
17:25:00;Friday;31-50;Male;Elementary school;Owner;1-2yr;Stationwagen;Owner;2-5yrs;; Church areas;other;Tangent road with flat terrain;Crossing;Asphalt roads;Dry;Daylight;Normal;Vehicle with vehicle collision;2;1;Stopping;Driver or rider;Male;18-30;3;Driver;Normal;Not a Pedestrian;No priority to vehicle;Serious Injury
09:55:00;Wednesday;18-30;Male;Junior high school;Employee;5-10yr;Other;Owner;2-5yrs;;Other;Two-way (divided with broken lines road marking);Tangent road with flat terrain;No junction;Asphalt roads;Dry;Daylight;Normal;Vehicle with vehicle collision;2;1;Going straight;Driver or rider;Male;18-30;3;Driver;Normal;Not a Pedestrian;Other;Slight Injury
09:55:00;Wednesday;31-50;Male;Junior high school;Employee;2-5yr;Lorry (41?100Q);Owner;;;;other;Tangent road with flat terrain;No junction;Asphalt roads;Dry;Daylight;Normal;Collision with roadside objects;2;1;Overtaking;Pedestrian;Male;Under 18;2;;;Unknown or other;Driving carelessly;Slight Injury
16:01:00;Friday;18-30;Male;Junior high school;Employee;2-5yr;Lorry (41?100Q);Owner;1-2yr;;School areas;other;Steep grade downward with mountainous terrain;Crossing;Asphalt roads;Wet or damp;Daylight;Raining;Vehicle with vehicle collision;2;1;Going straight;Driver or rider;Male;18-30;3;Driver;Normal;Not a Pedestrian;Changing lane to the left;Slight Injury
16:01:00;Friday;Under 18;Male;Junior high school;Employee;5-10yr;Long lorry;Owner;5-10yrs;;Office areas;Two-way (divided with broken lines road marking);Tangent road with mild grade and flat terrain;Crossing;Earth roads;Wet or damp;Daylight;Raining;Vehicle with vehicle collision;2;1;Reversing;na;na;na;na;Driver;Normal;Not a Pedestrian;Driving carelessly;Slight Injury
22:35:00;Thursday;18-30;Male;Junior high school;Owner;Below 1yr;Stationwagen;Owner;Below 1yr;;Other;other;Steep grade downward with mountainous terrain;No junction;Asphalt roads;Dry;Darkness - no lighting;Normal;Collision with pedestrians;1;2;Going straight;Pedestrian;Male;Under 18;2;Student;Normal;Not a Pedestrian;Changing lane to the left;Serious Injury
22:35:00;Thursday;18-30;Male;High school;Employee;Below 1yr;Public (12 seats);Owner;Unknown;;Office areas;Undivided Two way;Tangent road with flat terrain;No junction;Asphalt roads;Dry;Darkness - no lighting;Normal;Vehicle with vehicle collision;1;2;Going straight;Driver or rider;Male;Under 18;3;Employee;Normal;Not a Pedestrian;No priority to vehicle;Serious Injury
14:04:00;Thursday;18-30;Male;Junior high school;Employee;;Automobile;Owner;;;Other;Undivided Two way;Tangent road with flat terrain;Crossing;Asphalt roads;Dry;Daylight;Normal;Vehicle with vehicle collision;3;1;Unknown;na;na;na;na;Driver;Normal;Not a Pedestrian;No distancing;Slight Injury
14:04:00;Thursday;Over 51;Male;Junior high school;Employee;Below 1yr;Public (12 seats);Owner;2-5yrs;;Other;Two-way (divided with broken lines road marking);Tangent road with flat terrain;Crossing;Asphalt roads;Dry;Daylight;Normal;Collision with pedestrians;3;1;Going straight;Pedestrian;Male;Under 18;2;Other;Normal;In carriageway, statioNot a Pedestrianry - not crossing  (standing or playing);Changing lane to the right;Slight Injury
14:04:00;Thursday;18-30;Male;Junior high school;Employee;2-5yr;Lorry (41?100Q);Owner;;;Office areas;Undivided Two way;Tangent road with flat terrain;Crossing;Asphalt roads;Dry;Daylight;Normal;Collision with pedestrians;3;1;Moving Backward;na;na;na;na;;Normal;Not a Pedestrian;Changing lane to the right;Slight Injury
17:33:00;Wednesday;Over 51;Male;Junior high school;Employee;2-5yr;Automobile;Owner;;No defect;Other;Double carriageway (median);Tangent road with flat terrain;No junction;Asphalt roads;Dry;Daylight;Normal;Collision with pedestrians;2;1;Going straight;Driver or rider;Male;Over 51;3;;;Not a Pedestrian;Driving at high speed;Slight Injury
17:33:00;Wednesday;Over 51;Female;Junior high school;Employee;5-10yr;Lorry (41?100Q);Owner;;; Church areas;other;Tangent road with flat terrain;No junction;Asphalt roads;Dry;Daylight;Normal;Collision with roadside objects;2;1;Moving Backward;Pedestrian;Female;31-50;3;;;Unknown or other;No distancing;Slight Injury
14:30:00;Thursday;Over 51;Male;Elementary school;Employee;5-10yr;Lorry (41?100Q);Owner;;No defect;Office areas;Two-way (divided with broken lines road marking);Tangent road with flat terrain;Y Shape;Asphalt roads;Dry;Daylight;Other;Vehicle with vehicle collision;2;4;Going straight;Driver or rider;Female;18-30;3;Employee;;Not a Pedestrian;Changing lane to the right;Slight Injury
14:30:00;Thursday;Over 51;Male;;Owner;5-10yr;Pick up upto 10Q;Owner;Above 10yr;No defect;Office areas;Two-way (divided with broken lines road marking);Tangent road with flat terrain;Y Shape;Asphalt roads;Dry;Daylight;Other;Vehicle with vehicle collision;2;4;Going straight;na;na;na;na;Driver;;Not a Pedestrian;Changing lane to the left;Slight Injury
14:30:00;Thursday;Under 18;Male;Junior high school;Employee;5-10yr;Other;Owner;2-5yrs;;Other;Undivided Two way;Tangent road with mountainous terrain and;Y Shape;Asphalt roads;Dry;Daylight;Other;Vehicle with vehicle collision;2;4;Unknown;na;na;na;na;Driver;;Not a Pedestrian;Getting off the vehicle improperly;Slight Injury
14:30:00;Thursday;Under 18;Male;Junior high school;Owner;5-10yr;Automobile;Owner;2-5yrs;;Residential areas;Undivided Two way;Tangent road with flat terrain;Y Shape;Asphalt roads;Dry;Daylight;Other;Vehicle with vehicle collision;2;4;Going straight;Driver or rider;Male;31-50;2;Driver;;Not a Pedestrian;Other;Slight Injury
16:20:00;Wednesday;Unknown;Female;Illiterate;Employee;2-5yr;Automobile;Owner;Unknown;No defect;Residential areas;Undivided Two way;Tangent road with flat terrain;Y Shape;Asphalt roads;Dry;Daylight;Normal;Vehicle with vehicle collision;2;1;Going straight;Driver or rider;Male;18-30;2;Self-employed;Normal;Not a Pedestrian;Other;Slight Injury
16:20:00;Wednesday;18-30;Male;Junior high school;Employee;5-10yr;Lorry (11?40Q);Owner;5-10yrs;7;;Two-way (divided with broken lines road marking);Tangent road with flat terrain;Y Shape;Asphalt roads;Dry;Daylight;Normal;Vehicle with vehicle collision;2;1;Going straight;na;na;na;na;Driver;Normal;Not a Pedestrian;No distancing;Slight Injury
20:25:00;Thursday;18-30;Male;Junior high school;Employee;Below 1yr;Bajaj;Owner;Unknown;7;Other;other;Tangent road with flat terrain;Y Shape;Asphalt roads;Dry;Darkness - lights lit;Normal;Collision with pedestrians;2;2;Turnover;na;na;na;na;Other;Normal;Not a Pedestrian;No priority to vehicle;Serious Injury
20:25:00;Thursday;Under 18;Male;Junior high school;Employee;1-2yr;Automobile;Owner;Unknown;No defect;Office areas;;Steep grade downward with mountainous terrain;Y Shape;Asphalt roads;Dry;Darkness - lights lit;Normal;Collision with roadside objects;2;2;Going straight;Driver or rider;Male;18-30;2;;;Not a Pedestrian;Overtaking;Serious Injury
10:54:00;Monday;Over 51;Male;Elementary school;Employee;2-5yr;Lorry (41?100Q);Governmental;Unknown;No defect;School areas;Double carriageway (median);Tangent road with flat terrain;O Shape;Earth roads;Dry;Daylight;Normal;Vehicle with vehicle collision;2;1;Going straight;na;na;na;na;Driver;Normal;Not a Pedestrian;No priority to pedestrian;Serious Injury
10:54:00;Monday;Over 51;Male;Elementary school;Employee;2-5yr;Lorry (11?40Q);Owner;Unknown;No defect;Other;Two-way (divided with broken lines road marking);Steep grade downward with mountainous terrain;O Shape;Asphalt roads;Dry;Daylight;Normal;Vehicle with vehicle collision;2;1;Going straight;Driver or rider;Female;31-50;3;Self-employed;Normal;Not a Pedestrian;No distancing;Serious Injury
20:35:00;Saturday;31-50;Male;Elementary school;Employee;5-10yr;Lorry (11?40Q);Owner;5-10yrs;No defect;Other;Two-way (divided with broken lines road marking);Tangent road with rolling terrain;Y Shape;;Dry;Daylight;Normal;Vehicle with vehicle collision;2;1;Reversing;Passenger;Male;Under 18;3;Self-employed;Normal;Not a Pedestrian;Changing lane to the right;Slight Injury
20:35:00;Saturday;Under 18;Male;Junior high school;Employee;5-10yr;Automobile;Governmental;Unknown;No defect; Church areas;Two-way (divided with broken lines road marking);Tangent road with flat terrain;Y Shape;Asphalt roads;Dry;Daylight;Normal;Vehicle with vehicle collision;2;1;Getting off;Driver or rider;Female;18-30;3;Self-employed;Normal;Not a Pedestrian;Driving carelessly;Slight Injury
16:40:00;Saturday;18-30;Male;;;;;;;;Office areas;;Tangent road with mild grade and flat terrain;Crossing;Asphalt roads;Dry;Daylight;Normal;With Train;2;1;Going straight;Passenger;Female;18-30;3;;Other;Not a Pedestrian;Changing lane to the right;Slight Injury
16:40:00;Saturday;31-50;Male;Junior high school;Employee;Above 10yr;Automobile;Owner;;;Other;Two-way (divided with broken lines road marking);Tangent road with mild grade and flat terrain;Crossing;Asphalt roads;Dry;Daylight;Normal;Vehicle with vehicle collision;2;1;Getting off;na;na;na;na;Driver;Blind;Not a Pedestrian;Overtaking;Slight Injury
09:00:00;Friday;31-50;Male;Junior high school;Employee;Above 10yr;Public (13?45 seats);Governmental;;No defect;Residential areas;Double carriageway (median);Tangent road with flat terrain;Y Shape;Asphalt roads;Dry;Daylight;Normal;Vehicle with vehicle collision;2;3;Going straight;Driver or rider;Male;Under 18;3;Driver;Normal;Not a Pedestrian;Other;Slight Injury
09:00:00;Friday;31-50;Male;Junior high school;Owner;Above 10yr;Public (12 seats);Owner;;;Office areas;Two-way (divided with broken lines road marking);Tangent road with flat terrain;Y Shape;Asphalt roads;Dry;Daylight;Normal;Vehicle with vehicle collision;2;3;Going straight;na;na;na;na;Self-employed;Normal;Not a Pedestrian;Driving to the left;Slight Injury
09:00:00;Friday;31-50;Male;Junior high school;Employee;unknown;Other;Owner;;;Office areas;Undivided Two way;Tangent road with flat terrain;Y Shape;Asphalt roads;Dry;Daylight;Normal;Vehicle with vehicle collision;2;3;Going straight;Driver or rider;Female;Over 51;3;Driver;Normal;Not a Pedestrian;Driving at high speed;Slight Injury
09:00:00;Friday;Over 51;Male;Junior high school;Employee;5-10yr;Automobile;Owner;Below 1yr;;Office areas;Two-way (divided with broken lines road marking);Tangent road with flat terrain;Y Shape;Asphalt roads;Dry;Daylight;Normal;Vehicle with vehicle collision;2;3;Going straight;na;na;na;na;Driver;Normal;Not a Pedestrian;Unknown;Slight Injury
16:56:00;Sunday;31-50;Male;Junior high school;Employee;2-5yr;Automobile;Organization;1-2yr;; Church areas;;Tangent road with flat terrain;Crossing;Asphalt roads;Dry;Daylight;Normal;Vehicle with vehicle collision;3;1;Going straight;na;na;na;na;Driver;Normal;Not a Pedestrian;Changing lane to the right;Slight Injury
16:56:00;Sunday;31-50;Male;Elementary school;Employee;5-10yr;Public (13?45 seats);Owner;;;Office areas;Two-way (divided with broken lines road marking);Tangent road with flat terrain;Crossing;Asphalt roads;Dry;Daylight;Normal;Vehicle with vehicle collision;3;1;Going straight;Driver or rider;Female;Under 18;2;Driver;Normal;Not a Pedestrian;No distancing;Slight Injury
16:56:00;Sunday;31-50;Male;Junior high school;Employee;2-5yr;Public (13?45 seats);Owner;1-2yr;;Office areas;Two-way (divided with broken lines road marking);Tangent road with mild grade and flat terrain;Crossing;Gravel roads;Dry;Daylight;Normal;Vehicle with vehicle collision;3;1;Going straight;na;na;na;na;Driver;Normal;Not a Pedestrian;Other;Slight Injury