Time;Day_of_week;Age_band_of_driver;Sex_of_driver;Educational_level;Vehicle_driver_relation;Driving_experience;Type_of_vehicle;Owner_of_vehicle;Service_year_of_vehicle;Defect_of_vehicle;Area_accident_occured;Lanes_or_Medians;Road_allignment;Types_of_Junction;Road_surface_type;Road_surface_conditions;Light_conditions;Weather_conditions;Type_of_collision;Number_of_vehicles_involved;Number_of_casualties;Vehicle_movement;Casualty_class;Sex_of_casualty;Age_band_of_casualty;Casualty_severity;Work_of_casuality;Fitness_of_casuality;Pedestrian_movement;Cause_of_accident;Accident_severity
13:30:00;Thursday;18-30;Male;High school;Owner;5-10yr;Automobile;Owner;;;Office areas;Two-way (divided with broken lines road marking);Tangent road with mild grade and flat terrain;Crossing;Asphalt roads;Dry;Daylight;Normal;Vehicle with vehicle collision;2;2;Going straight;Driver or rider;Male;31-50;2;Driver;Normal;Not a Pedestrian;No priority to vehicle;Slight Injury
13:30:00;Thursday;31-50;Unknown;Junior high school;Employee;Above 10yr;Other;Owner;5-10yrs;No defect;Office areas;Two-way (divided with broken lines road marking);Tangent road with flat terrain;Crossing;Asphalt roads;Dry;Daylight;Normal;Collision with pedestrians;2;2;Going straight;Driver or rider;Male;Over 51;2;;Normal;Not a Pedestrian;Changing lane to the left;Slight Injury
08:10:00;Wednesday;18-30;Male;Junior high school;Employee;2-5yr;Pick up upto 10Q;Owner;;No defect;Other;Two-way (divided with broken lines road marking);Tangent road with flat terrain;No junction;Asphalt roads;Wet or damp;Daylight;Normal;Collision with roadside objects;3;2;Moving Backward;na;na;na;na;Employee;Normal;Not a Pedestrian;No priority to pedestrian;Serious Injury
08:10:00;Wednesday;18-30;Male;Elementary school;Employee;2-5yr;Lorry (41?100Q);Owner;;No defect;Residential areas;Double carriageway (median);Tangent road with flat terrain;No junction;Asphalt roads;Wet or damp;Daylight;Normal;Collision with roadside objects;3;2;Going straight;Driver or rider;Female;31-50;2;;;Not a Pedestrian;Overtaking;Serious Injury
08:10:00;Wednesday;31-50;Male;High school;Owner;Above 10yr;Automobile;Owner;;No defect; Church areas;Undivided Two way;Tangent road with flat terrain;No junction;Asphalt roads;Wet or damp;Daylight;Normal;Vehicle with vehicle collision;3;2;Going straight;Pedestrian;Male;Under 18;2;Driver;Normal;Crossing from driver's nearside;Driving carelessly;Serious Injury
14:09:00;Tuesday;18-30;Male;Elementary school;Employee;1-2yr;Automobile;Owner;;No defect;Other;Two-way (divided with broken lines road marking);Tangent road with flat terrain;No junction;Asphalt roads;Dry;Daylight;Normal;Vehicle with vehicle collision;2;1;Going straight;na;na;na;na;Self-employed;Normal;Not a Pedestrian;No priority to vehicle;Slight Injury
14:09:00;Tuesday;18-30;Male;Junior high school;Employee;Above 10yr;Lorry (41?100Q);Owner;;No defect;  Recreational areas;Two-way (divided with broken lines road marking);Tangent road with flat terrain;No junction;Asphalt roads;Dry;Daylight;Normal;Vehicle with vehicle collision;2;1;Going straight;Driver or rider;Female;31-50;3;Self-employed;Normal;Not a Pedestrian;No priority to pedestrian;Slight Injury
14:56:00;Wednesday;31-50;Male;;;;;;;;;;Tangent road with flat terrain;No junction;Asphalt roads;Dry;Daylight;Normal;Vehicle with vehicle collision;2;1;Going straight;Driver or rider;Female;31-50;3;;;Not a Pedestrian;Changing lane to the right;Slight Injury
14:56:00;Wednesday;31-50;Male;Junior high school;Owner;5-10yr;Other;Owner;Unknown;No defect; Industrial areas;Undivided Two way;Tangent road with mild grade and flat terrain;No junction;Asphalt roads;Dry;Daylight;Normal;Vehicle with vehicle collision;2;1;Going straight;na;na;na;na;Self-employed;Normal;Not a Pedestrian;Driving carelessly;Slight Injury
09:40:00;Sunday;18-30;Male;Above high school;Employee;5-10yr;Automobile;Owner;;No defect;Other;Two-way (divided with broken lines road marking);Tangent road with flat terrain;No junction;Asphalt roads;Dry;Daylight;Normal;Collision with roadside objects;3;1;Going straight;na;na;na;na;;;Not a Pedestrian;Changing lane to the right;Slight Injury
09:40:00;Sunday;18-30;Male;Junior high school;Employee;5-10yr;Automobile;Owner;Unknown;;Other;other;Tangent road with flat terrain;No junction;Asphalt roads;Dry;Daylight;Normal;Vehicle with vehicle collision;3;1;Going straight;Driver or rider;Male;31-50;3;Self-employed;Normal;Not a Pedestrian;Changing lane to the right;Slight Injury
09:40:00;Sunday;18-30;Male;Junior high school;Employee;Above 10yr;Automobile;Owner;5-10yrs;No defect; Church areas;other;Tangent road with flat terrain;No junction;Asphalt roads;Dry;Daylight;Normal;Vehicle with vehicle collision;3;1;Going straight;na;na;na;na;Driver;Normal;Not a Pedestrian;Changing lane to the left;Slight Injury
10:15:00;Tuesday;Over 51;Male;Junior high school;Employee;1-2yr;Automobile;Owner;5-10yrs;No defect; Church areas;Undivided Two way;Tangent road with flat terrain;Crossing;Asphalt roads;Dry;Daylight;Normal;Vehicle with vehicle collision;1;1;Going straight;Driver or rider;Male;31-50;3;Self-employed;Normal;Not a Pedestrian;Overturning;Serious Injury
14:15:00;Saturday;18-30;Male;Junior high school;Employee;2-5yr;Lorry (41?100Q);Owner;;No defect;Other;Two-way (divided with broken lines road marking);Tangent road with flat terrain;No junction;Asphalt roads;Dry;Daylight;Normal;Vehicle with vehicle collision;2;1;Going straight;Passenger;Male;Under 18;3;Self-employed;Normal;Not a Pedestrian;Driving carelessly;Slight Injury
14:15:00;Saturday;18-30;Male;Junior high school;Employee;Below 1yr;Other;Owner;;No defect;Other;One way;Tangent road with flat terrain;No junction;Asphalt roads;Dry;Daylight;Normal;Vehicle with vehicle collision;2;1;Going straight;Passenger;Female;Under 18;3;Self-employed;Normal;Not a Pedestrian;No distancing;Slight Injury
11:40:00;Saturday;18-30;Male;Junior high school;Employee;Above 10yr;Pick up upto 10Q;Governmental;2-5yrs;;  Recreational areas;Two-way (divided with broken lines road marking);Tangent road with flat terrain;Crossing;Asphalt roads;Dry;Daylight;Normal;Vehicle with vehicle collision;2;1;Going straight;na;na;na;na;Driver;Normal;Not a Pedestrian;Driving carelessly;Slight Injury
11:40:00;Saturday;Over 51;Male;Junior high school;Employee;1-2yr;Stationwagen;Owner;2-5yrs;;Other;Undivided Two way;Tangent road with flat terrain;Crossing;Asphalt roads;Dry;Daylight;Normal;Collision with pedestrians;2;1;Going straight;Driver or rider;Male;18-30;2;Employee;Normal;Not a Pedestrian;Changing lane to the left;Slight Injury
12:44:00;Sunday;18-30;Male;Above high school;Employee;5-10yr;Other;Owner;5-10yrs;;Office areas;Undivided Two way;Tangent road with flat terrain;No junction;Other;Dry;Daylight;Normal;Collision with pedestrians;1;1;Going straight;Pedestrian;Male;18-30;2;;Normal;Not a Pedestrian;No priority to vehicle;Serious Injury
16:22:00;Friday;18-30;Male;Junior high school;Employee;5-10yr;Pick up upto 10Q;Owner;5-10yrs;No defect; Church areas;Two-way (divided with broken lines road marking);Tangent road with flat terrain;Y Shape;Asphalt roads;Dry;Daylight;Normal;Collision with roadside objects;2;1;Going straight;na;na;na;na;;;Not a Pedestrian;Changing lane to the right;Slight Injury
16:22:00;Friday;31-50;Unknown;Elementary school;Owner;Below 1yr;Stationwagen;Owner;2-5yrs;;Office areas;Two-way (divided with broken lines road marking);Tangent road with flat terrain;Y Shape;Asphalt roads;Dry;Daylight;Normal;Collision with pedestrians;2;1;Going straight;Driver or rider;Female;Over 51;3;;;Not a Pedestrian;No distancing;Slight Injury
13:15:00;Friday;18-30;Male;;;;Lorry (41?100Q);;;No defect;Office areas;Undivided Two way;Tangent road with mountainous terrain and;Crossing;Asphalt roads;Wet or damp;Daylight;Normal;Vehicle with vehicle collision;2;2;Reversing;Passenger;Male;Over 51;3;;;Not a Pedestrian;Moving Backward;Slight Injury
13:15:00;Friday;31-50;Male;Junior high school;Employee;Above 10yr;Automobile;Owner;2-5yrs;No defect;Other;Undivided Two way;Tangent road with flat terrain;Crossing;Asphalt roads;Wet or damp;Daylight;Normal;Vehicle with vehicle collision;2;2;Going straight;na;na;na;na;Self-employed;Normal;Not a Pedestrian;Moving Backward;Slight Injury
09:06:00;Tuesday;18-30;Male;Junior high school;;;;Governmental;;;Residential areas;Two-way (divided with broken lines road marking);Tangent road with flat terrain;No junction;Asphalt roads;Dry;Daylight;Normal;Vehicle with vehicle collision;2;2;Going straight;Driver or rider;Female;31-50;3;Driver;Normal;Not a Pedestrian;No distancing;Slight Injury
09:06:00;Tuesday;31-50;Male;Junior high school;Employee;1-2yr;Automobile;Owner;2-5yrs;No defect;Office areas;Two-way (divided with broken lines road marking);Tangent road with mild grade and flat terrain;No junction;Asphalt roads;Dry;Daylight;Normal;Collision with roadside objects;2;2;Going straight;Passenger;Male;Over 51;2;;;Not a Pedestrian;No distancing;Slight Injury
22:30:00;Friday;Under 18;Male;Junior high school;Owner;2-5yr;Automobile;Owner;2-5yrs;;Residential areas;other;Tangent road with flat terrain;No junction;Asphalt roads;Wet or damp;Darkness - lights lit;Raining;Collision with roadside objects;1;2;Unknown;Passenger;Male;Under 18;3;;;Not a Pedestrian;No distancing;Slight Injury
22:30:00;Friday;Under 18;Male;;Employee;unknown;Turbo;Owner;Unknown;No defect;Residential areas;Two-way (divided with broken lines road marking);Tangent road with flat terrain;No junction;Other;Wet or damp;Darkness - lights lit;Raining;Vehicle with vehicle collision;1;2;Going straight;Pedestrian;Male;18-30;3;Driver;Normal;Crossing from driver's nearside;No priority to pedestrian;Slight Injury
09:25:00;Wednesday;Under 18;Unknown;Junior high school;Employee;Above 10yr;;Owner;;No defect;Other;Double carriageway (median);Tangent road with flat terrain;Y Shape;Asphalt roads;Dry;Daylight;Normal;Vehicle with vehicle collision;2;1;Going straight;Driver or rider;Male;18-30;3;Driver;Normal;Not a Pedestrian;Driving carelessly;Slight Injury
09:25:00;Wednesday;31-50;Male;Junior high school;Owner;2-5yr;Stationwagen;Owner;;No defect; Hospital areas;One way;Tangent road with flat terrain;Y Shape;Asphalt roads;Dry;Daylight;Normal;Vehicle with vehicle collision;2;1;Going straight;na;na;na;na;Self-employed;Normal;Not a Pedestrian;Changing lane to the right;Slight Injury
08:20:00;Friday;31-50;Male;Junior high school;Employee;5-10yr;Automobile;Governmental;;No defect;Other;Undivided Two way;Tangent road with flat terrain;Y Shape;Asphalt roads;Dry;Daylight;Normal;Vehicle with vehicle collision;2;1;Going straight;Driver or rider;Male;18-30;3;Driver;Normal;Not a Pedestrian;Changing lane to the left;Serious Injury
08:20:00;Friday;18-30;Male;Junior high school;Employee;2-5yr;Automobile;Owner;;No defect;Other;Undivided Two way;Tangent road with flat terrain;Y Shape;Asphalt roads;Dry;Daylight;Normal;Vehicle with vehicle collision;2;1;Going straight;na;na;na;na;Driver;Normal;Not a Pedestrian;Driving carelessly;Serious Injury
17:25:00;Wednesday;31-50;Male;Junior high school;Employee;1-2yr;Automobile;Owner;;No defect;  Recreational areas;One way;Tangent road with mild grade and flat terrain;No junction;Asphalt roads;Dry;Daylight;Normal;Vehicle with vehicle collision;2;1;Going straight;Driver or rider;Male;31-50;3;Self-employed;Normal;Not a Pedestrian;Driving carelessly;Slight Injury
17:25:00;Wednesday;31-50;Male;Junior high school;Employee;5-10yr;Pick up upto 10Q;Owner;;No defect;Other;Undivided Two way;Tangent road with flat terrain;No junction;Asphalt roads;Dry;Daylight;Normal;Vehicle with vehicle collision;2;1;Unknown;na;na;na;na;Self-employed;Normal;Not a Pedestrian;No distancing;Slight Injury
10:05:00;Thursday;31-50;Male;Junior high school;Employee;2-5yr;Lorry (41?100Q);Owner;;No defect;Other;Undivided Two way;Tangent road with flat terrain;No junction;Asphalt roads;Dry;Daylight;Normal;Vehicle with vehicle collision;2;1;Moving Backward;Driver or rider;Male;Over 51;3;Driver;Normal;Not a Pedestrian;Other;Slight Injury
10:05:00;Thursday;Over 51;Male;Elementary school;Employee;5-10yr;Lorry (41?100Q);Owner;;No defect;Other;Undivided Two way;Tangent road with flat terrain;No junction;Asphalt roads;Dry;Daylight;Normal;Vehicle with vehicle collision;2;1;Going straight;Pedestrian;Male;Under 18;3;Self-employed;Normal;Not a Pedestrian;Changing lane to the right;Slight Injury
16:00:00;Monday;18-30;Male;Above high school;Owner;5-10yr;Automobile;Owner;Below 1yr;No defect;Office areas;Two-way (divided with broken lines road marking);Tangent road with flat terrain;No junction;;Dry;Daylight;Normal;Collision with roadside objects;2;1;Turnover;na;na;na;na;;;Not a Pedestrian;Changing lane to the right;Serious Injury
16:00:00;Monday;18-30;Male;Junior high school;Employee;2-5yr;Lorry (41?100Q);Owner;2-5yrs;No defect;Other;Two-way (divided with broken lines road marking);Tangent road with mild grade and flat terrain;No junction;Other;Dry;Daylight;Normal;Collision with roadside objects;2;1;Turnover;Driver or rider;Male;18-30;3;;;Not a Pedestrian;No distancing;Serious Injury
16:00:00;Tuesday;31-50;Male;Junior high school;Employee;2-5yr;Lorry (41?100Q);Owner;;No defect;Residential areas;Two-way (divided with broken lines road marking);Tangent road with flat terrain;Y Shape;Asphalt roads;Dry;Daylight;Normal;Collision with pedestrians;1;1;Reversing;na;na;na;na;;;Not a Pedestrian;No distancing;Slight Injury
17:30:00;Thursday;18-30;Male;Junior high school;Employee;2-5yr;Lorry (41?100Q);Owner;5-10yrs;No defect;Other;Undivided Two way;Tangent road with flat terrain;Y Shape;Asphalt roads;Dry;Daylight;Normal;Vehicle with vehicle collision;2;3;Reversing;Driver or rider;Male;31-50;3;Self-employed;Normal;Not a Pedestrian;Overturning;Slight Injury
17:30:00;Thursday;18-30;Male;Junior high school;Employee;5-10yr;Lorry (41?100Q);Owner;Unknown;No defect;Other;Undivided Two way;Tangent road with flat terrain;Y Shape;Asphalt roads;Dry;Daylight;Normal;Vehicle with vehicle collision;2;3;Reversing;Pedestrian;Male;Over 51;3;Driver;Normal;In carriageway, statioNot a Pedestrianry - not crossing  (standing or playing);Driving at high speed;Slight Injury
17:30:00;Thursday;18-30;Male;Junior high school;Employee;1-2yr;Automobile;Owner;;; Church areas;Undivided Two way;Tangent road with flat terrain;Y Shape;Asphalt roads;Dry;Daylight;Normal;Vehicle with vehicle collision;2;3;Moving Backward;na;na;na;na;Employee;Normal;Not a Pedestrian;No priority to vehicle;Slight Injury
17:30:00;Thursday;18-30;Male;Junior high school;Owner;2-5yr;Automobile;Owner;1-2yr;5;Office areas;Undivided Two way;Tangent road with flat terrain;Y Shape;Asphalt roads with some distress;Dry;Daylight;Normal;Vehicle with vehicle collision;2;3;Going straight;Pedestrian;Female;Over 51;3;Driver;Normal;In carriageway, statioNot a Pedestrianry - not crossing  (standing or playing);No priority to pedestrian;Slight Injury
14:20:00;Friday;18-30;Male;High school;Owner;2-5yr;Automobile;Owner;Above 10yr;No defect;School areas;other;Tangent road with flat terrain;Y Shape;;Dry;Daylight;Normal;Vehicle with vehicle collision;2;1;Going straight;na;na;na;na;Driver;Normal;Not a Pedestrian;No priority to vehicle;Slight Injury
14:20:00;Friday;31-50;Male;;Employee;;Public (13?45 seats);Owner;2-5yrs;No defect;Other;Undivided Two way;Tangent road with flat terrain;Y Shape;Asphalt roads;Dry;Daylight;Normal;Vehicle with vehicle collision;2;1;Going straight;Driver or rider;Male;Over 51;3;Driver;Normal;Not a Pedestrian;Other;Slight Injury
18:40:00;Friday;Under 18;Male;Junior high school;Owner;1-2yr;Automobile;Owner;1-2yr;No defect;Office areas;Undivided Two way;Tangent road with flat terrain;Crossing;Asphalt roads;Dry;Daylight;Normal;Vehicle with vehicle collision;3;1;Going straight;Driver or rider;Male;18-30;3;Driver;Normal;Not a Pedestrian;Other;Slight Injury
18:40:00;Friday;Over 51;Male;Junior high school;;Below 1yr;Public (13?45 seats);Owner;1-2yr;No defect;Residential areas;other;Steep grade downward with mountainous terrain;Crossing;Asphalt roads;Dry;Daylight;Normal;Vehicle with vehicle collision;3;1;Going straight;Driver or rider;Male;18-30;3;Driver;Normal;Not a Pedestrian;Moving Backward;Slight Injury
18:40:00;Friday;18-30;Male;High school;Employee;1-2yr;Public (13?45 seats);Owner;1-2yr;No defect; Industrial areas;One way;Tangent road with flat terrain;Crossing;Asphalt roads;Dry;Daylight;Normal;Vehicle with vehicle collision;3;1;Going straight;na;na;na;na;Driver;Normal;Not a Pedestrian;No distancing;Slight Injury
11:30:00;Saturday;31-50;Male;Above high school;Employee;1-2yr;Automobile;Owner;2-5yrs;No defect;Other;Undivided Two way;Tangent road with flat terrain;No junction;Earth roads;Dry;Daylight;Normal;Collision with pedestrians;1;1;Going straight;Driver or rider;Male;18-30;3;Employee;Normal;Not a Pedestrian;Moving Backward;Fatal injury
22:15:00;Friday;31-50;Male;Junior high school;Employee;Above 10yr;Lorry (11?40Q);Owner;1-2yr;No defect;Residential areas;Undivided Two way;Tangent road with flat terrain;Y Shape;Asphalt roads;Dry;Darkness - lights lit;Normal;Collision with pedestrians;2;1;Going straight;na;na;na;na;Driver;Normal;Not a Pedestrian;No priority to vehicle;Slight Injury
22:15:00;Friday;18-30;Male;High school;Employee;1-2yr;Automobile;Owner;1-2yr;No defect;  Recreational areas;Two-way (divided with broken lines road marking);Tangent road with flat terrain;Y Shape;Asphalt roads;Dry;Darkness - lights lit;Normal;Vehicle with vehicle collision;2;1;Going straight;na;na;na;na;Employee;Normal;Not a Pedestrian;Driving carelessly;Slight Injury
21:50:00;Tuesday;Over 51;Male;Junior high school;Employee;2-5yr;Lorry (41?100Q);Owner;Unknown;7;Office areas;other;Tangent road with flat terrain;No junction;Asphalt roads;Dry;Darkness - lights lit;Normal;Vehicle with vehicle collision;2;1;Turnover;Driver or rider;Male;Over 51;3;Self-employed;Normal;Not a Pedestrian;No distancing;Slight Injury
21:50:00;Tuesday;18-30;Male;Above high school;Other;2-5yr;Other;Owner;;No defect; Outside rural areas;Two-way (divided with broken lines road marking);Tangent road with flat terrain;No junction;Asphalt roads;Dry;Darkness - lights lit;Normal;Vehicle with vehicle collision;2;1;Going straight;Driver or rider;Female;18-30;3;Driver;Normal;Not a Pedestrian;Other;Slight Injury
14:50:00;Tuesday;18-30;Male;High school;Employee;Above 10yr;Pick up upto 10Q;Owner;1-2yr;No defect; Outside rural areas;Two-way (divided with broken lines road marking);Tangent road with flat terrain;Y Shape;Asphalt roads;Dry;Daylight;Normal;Vehicle with vehicle collision;2;1;Moving Backward;Driver or rider;Female;18-30;3;Driver;Normal;Not a Pedestrian;Changing lane to the right;Slight Injury
14:50:00;Tuesday;31-50;Male;Elementary school;Employee;5-10yr;Lorry (11?40Q);Owner;1-2yr;No defect; Outside rural areas;Undivided Two way;Tangent road with flat terrain;Y Shape;Asphalt roads;Dry;Daylight;Normal;Vehicle with vehicle collision;2;1;Going straight;Passenger;Female;Under 18;3;Self-employed;Normal;Not a Pedestrian;No distancing;Slight Injury
14:00:00;Thursday;Over 51;Male;High school;Employee;1-2yr;Motorcycle;Governmental;Below 1yr;No defect; Outside rural areas;Undivided Two way;Tangent road with flat terrain;Y Shape;Asphalt roads;Dry;Daylight;Normal;Vehicle with vehicle collision;1;1;Going straight;Pedestrian;Male;Under 18;3;Self-employed;Normal;Crossing from offside - masked by  parked or statioNot a Pedestrianry vehicle;Driving carelessly;Slight Injury
15:05:00;Monday;31-50;Male;High school;Employee;5-10yr;Pick up upto 10Q;Owner;;No defect; Outside rural areas;other;Steep grade downward with mountainous terrain;Other;Asphalt roads;Dry;Daylight;Normal;Vehicle with vehicle collision;2;1;Moving Backward;na;na;na;na;Driver;Normal;Not a Pedestrian;No distancing;Slight Injury
15:05:00;Monday;Under 18;Male;High school;Employee;2-5yr;Lorry (11?40Q);Owner;;No defect;School areas;other;Steep grade downward with mountainous terrain;Other;Asphalt roads;Dry;Daylight;Normal;Vehicle with vehicle collision;2;1;Going straight;Driver or rider;Male;18-30;3;Driver;Normal;Not a Pedestrian;No priority to vehicle;Slight Injury
08:20:00;Thursday;31-50;Male;Junior high school;Employee;1-2yr;Lorry (11?40Q);Owner;Above 10yr;No defect; Outside rural areas;Two-way (divided with broken lines road marking);Tangent road with flat terrain;Y Shape;Asphalt roads;Dry;Daylight;Normal;Vehicle with vehicle collision;2;1;Going straight;na;na;na;na;Self-employed;Normal;Not a Pedestrian;Changing lane to the right;Slight Injury
08:20:00;Thursday;18-30;Male;Above high school;Employee;Above 10yr;Automobile;Owner;;No defect; Outside rural areas;Undivided Two way;Tangent road with flat terrain;Y Shape;Asphalt roads;Dry;Daylight;Normal;Vehicle with vehicle collision;2;1;Waiting to go;Driver or rider;Male;31-50;3;Self-employed;Normal;Not a Pedestrian;No priority to pedestrian;Slight Injury
19:32:00;Tuesday;18-30;Male;Above high school;Employee;2-5yr;Automobile;Owner;;No defect; Outside rural areas;Two-way (divided with broken lines road marking);Escarpments;No junction;Gravel roads;Wet or damp;Darkness - lights lit;Raining;Vehicle with vehicle collision;2;3;Moving Backward;na;na;na;na;Driver;Normal;Not a Pedestrian;No priority to vehicle;Slight Injury
19:32:00;Tuesday;18-30;Male;Elementary school;Employee;5-10yr;Other;Owner;2-5yrs;No defect; Outside rural areas;Two-way (divided with broken lines road marking);Tangent road with mountainous terrain and;No junction;Asphalt roads;Wet or damp;Darkness - lights lit;Raining;Vehicle with vehicle collision;2;3;Moving Backward;Driver or rider;Male;31-50;3;Driver;Normal;Not a Pedestrian;Changing lane to the left;Slight Injury
19:32:00;Tuesday;18-30;Male;Elementary school;Employee;1-2yr;Other;Owner;2-5yrs;No defect;Office areas;Undivided Two way;Tangent road with mountainous terrain and;No junction;Asphalt roads;Wet or damp;Darkness - lights lit;Raining;Vehicle with vehicle collision;2;3;Going straight;Driver or rider;Female;Over 51;3;Driver;Normal;Not a Pedestrian;Turnover;Slight Injury
12:37:00;Friday;Over 51;Male;Junior high school;Employee;;Automobile;Owner;2-5yrs;No defect; Outside rural areas;Undivided Two way;Tangent road with mountainous terrain and;Crossing;Asphalt roads;Dry;Daylight;Normal;Vehicle with vehicle collision;2;1;Unknown;Passenger;Male;Over 51;3;Driver;Normal;Not a Pedestrian;Driving to the left;Serious Injury
12:37:00;Friday;18-30;Male;;;;Taxi;Owner;;No defect; Outside rural areas;Undivided Two way;Tangent road with mountainous terrain and;Crossing;Asphalt roads;Dry;Daylight;Normal;Vehicle with vehicle collision;2;1;Going straight;na;na;na;na;;;Not a Pedestrian;Driving carelessly;Serious Injury
17:30:00;Tuesday;31-50;Male;Elementary school;Employee;5-10yr;Other;Owner;2-5yrs;No defect; Outside rural areas;Undivided Two way;Tangent road with flat terrain;Y Shape;Asphalt roads;Dry;Daylight;Normal;Vehicle with vehicle collision;2;2;Going straight;Driver or rider;Male;31-50;3;;Normal;Not a Pedestrian;Driving to the left;Slight Injury
17:30:00;Tuesday;Over 51;Male;Junior high school;Employee;2-5yr;Taxi;Owner;;No defect;Office areas;Undivided Two way;Tangent road with flat terrain;Y Shape;Asphalt roads;Dry;Daylight;Normal;Vehicle with vehicle collision;2;2;Going straight;Passenger;Female;Over 51;3;Driver;Normal;Not a Pedestrian;Driving carelessly;Slight Injury
11:49:00;Saturday;Over 51;Male;Junior high school;Employee;5-10yr;Lorry (11?40Q);Owner;;No defect;  Recreational areas;Undivided Two way;Tangent road with flat terrain;Crossing;Asphalt roads;Dry;Daylight;Normal;Vehicle with vehicle collision;2;1;Moving Backward;Passenger;Female;Over 51;3;;;Not a Pedestrian;No priority to pedestrian;Slight Injury
11:49:00;Saturday;18-30;Male;High school;Employee;2-5yr;Automobile;Owner;Above 10yr;No defect;Office areas;Undivided Two way;Tangent road with flat terrain;Crossing;Asphalt roads;Dry;Daylight;Normal;Vehicle with vehicle collision;2;1;Going straight;na;na;na;na;;;Not a Pedestrian;Driving carelessly;Slight Injury
14:10:00;Thursday;Over 51;Male;Junior high school;Employee;1-2yr;Other;Owner;2-5yrs;No defect;Other;Two-way (divided with broken lines road marking);Tangent road with mild grade and flat terrain;No junction;Asphalt roads;Dry;Daylight;Normal;Vehicle with vehicle collision;2;1;Going straight;na;na;na;na;;;Not a Pedestrian;Changing lane to the right;Slight Injury
14:10:00;Thursday;Over 51;Male;Junior high school;Employee;1-2yr;Automobile;Owner;Above 10yr;No defect;Residential areas;Two-way (divided with broken lines road marking);Tangent road with flat terrain;No junction;Asphalt roads;Dry;Daylight;Normal;Vehicle with vehicle collision;2;1;Going straight;Driver or rider;Male;18-30;3;Driver;Normal;Not a Pedestrian;Moving Backward;Slight Injury
16:11:00;Wednesday;31-50;Male;Junior high school;Employee;5-10yr;Automobile;Owner;Above 10yr;No defect;Residential areas;other;Tangent road with flat terrain;Crossing;Asphalt roads;Dry;Daylight;Normal;Collision with roadside objects;2;1;Going straight;na;na;na;na;;;Not a Pedestrian;Driving carelessly;Slight Injury
16:11:00;Wednesday;18-30;Male;Illiterate;Employee;unknown;Automobile;Owner;;No defect;Residential areas;Undivided Two way;Tangent road with flat terrain;Crossing;Asphalt roads;Dry;Daylight;Normal;Collision with roadside objects;2;1;Going straight;Driver or rider;Female;Under 18;3;;;Not a Pedestrian;Changing lane to the right;Slight Injury
15:40:00;Friday;31-50;Male;Junior high school;Employee;5-10yr;Automobile;Owner;Above 10yr;No defect;Other;Undivided Two way;Tangent road with flat terrain;Other;Asphalt roads;Dry;Daylight;Normal;Vehicle with vehicle collision;2;2;Reversing;na;na;na;na;Driver;Normal;Not a Pedestrian;Driving carelessly;Slight Injury
15:40:00;Friday;31-50;Male;Junior high school;Employee;1-2yr;Lorry (41?100Q);Owner;;No defect;Office areas;Two-way (divided with broken lines road marking);Tangent road with flat terrain;Other;Asphalt roads;Dry;Daylight;Normal;Vehicle with vehicle collision;2;2;Going straight;Driver or rider;Male;31-50;3;Driver;Normal;Not a Pedestrian;Driving carelessly;Slight Injury
15:40:00;Friday;18-30;Male;Junior high school;Employee;2-5yr;Other;Owner;;;Other;Two-way (divided with broken lines road marking);Tangent road with flat terrain;Other;Asphalt roads;Dry;Daylight;Normal;Vehicle with vehicle collision;2;2;Going straight;Passenger;Female;31-50;3;Driver;Normal;Not a Pedestrian;Driving carelessly;Slight Injury
17:10:00;Wednesday;18-30;Male;Junior high school;Employee;Above 10yr;Pick up upto 10Q;Owner;Above 10yr;;Other;other;Tangent road with flat terrain;No junction;Asphalt roads;Dry;Daylight;Normal;Vehicle with vehicle collision;2;1;Going straight;Pedestrian;Male;Over 51;2;Driver;Normal;Unknown or other;Changing lane to the right;Slight Injury
17:10:00;Wednesday;Under 18;Male;Junior high school;Owner;5-10yr;Pick up upto 10Q;Owner;5-10yrs;;Office areas;Two-way (divided with broken lines road marking);Tangent road with flat terrain;No junction;Asphalt roads;Dry;Daylight;Normal;Collision with roadside objects;2;1;Going straight;na;na;na;na;;;Not a Pedestrian;Changing lane to the right;Slight Injury
12:45:00;Saturday;18-30;Male;High school;Employee;1-2yr;Automobile;Owner;Below 1yr;; Church areas;other;Tangent road with flat terrain;No junction;Asphalt roads;Dry;Daylight;Normal;Vehicle with vehicle collision;2;2;Going straight;Driver or rider;Male;Over 51;3;Driver;Normal;Not a Pedestrian;Driving carelessly;Slight Injury
12:45:00;Saturday;31-50;Male;Junior high school;Employee;Above 10yr;Long lorry;Owner;Unknown;No defect;Other;Two-way (divided with broken lines road marking);Tangent road with flat terrain;No junction;Asphalt roads;Dry;Daylight;Normal;Collision with roadside objects;2;2;Going straight;Passenger;Female;Over 51;3;;;Not a Pedestrian;Overtaking;Slight Injury
12:45:00;Saturday;31-50;Male;Junior high school;Employee;1-2yr;Automobile;Owner;;;Other;One way;Tangent road with flat terrain;No junction;Asphalt roads;Dry;Daylight;Normal;Collision with roadside objects;2;2;Going straight;na;na;na;na;;;Not a Pedestrian;Changing lane to the right;Slight Injury