Time;Day_of_week;Age_band_of_driver;Sex_of_driver;Educational_level;Vehicle_driver_relation;Driving_experience;Type_of_vehicle;Owner_of_vehicle;Service_year_of_vehicle;Defect_of_vehicle;Area_accident_occured;Lanes_or_Medians;Road_allignment;Types_of_Junction;Road_surface_type;Road_surface_conditions;Light_conditions;Weather_conditions;Type_of_collision;Number_of_vehicles_involved;Number_of_casualties;Vehicle_movement;Casualty_class;Sex_of_casualty;Age_band_of_casualty;Casualty_severity;Work_of_casuality;Fitness_of_casuality;Pedestrian_movement;Cause_of_accident;Accident_severity
16:10:00;Tuesday;18-30;Male;Junior high school;Employee;2-5yr;Public (13?45 seats);Owner;;;Office areas;Double carriageway (median);Tangent road with flat terrain;Crossing;Asphalt roads;Wet or damp;Daylight;Normal;Collision with pedestrians;1;1;Going straight;Pedestrian;Male;Under 18;3;;;Unknown or other;No distancing;Slight Injury
08:40:00;Thursday;Unknown;Male;Junior high school;Employee;Above 10yr;Lorry (41?100Q);Owner;;;Office areas;One way;Tangent road with mild grade and flat terrain;No junction;Other;Dry;Daylight;Normal;Vehicle with vehicle collision;2;1;Waiting to go;Pedestrian;Female;Under 18;3;;;Not a Pedestrian;Other;Slight Injury
08:40:00;Thursday;18-30;Male;Junior high school;Employee;2-5yr;Public (13?45 seats);Owner;;;Office areas;Undivided Two way;Tangent road with flat terrain;No junction;;Dry;Daylight;Normal;Collision with roadside objects;2;1;Going straight;Pedestrian;Male;18-30;2;;;Crossing from nearside - masked by parked or statioNot a Pedestrianry vehicle;Changing lane to the right;Slight Injury
17:03:00;Friday;31-50;Male;Elementary school;Employee;5-10yr;Other;Owner;;No defect;Office areas;Double carriageway (median);Tangent road with flat terrain;No junction;Asphalt roads;Dry;Darkness - no lighting;Normal;Vehicle with vehicle collision;1;1;Going straight;Driver or rider;Male;18-30;3;Driver;Normal;Not a Pedestrian;Changing lane to the right;Fatal injury
17:35:00;Monday;18-30;Male;;;;Lorry (41?100Q);Owner;Unknown;;;Two-way (divided with broken lines road marking);Tangent road with flat terrain;Y Shape;Asphalt roads;Dry;Daylight;Normal;Vehicle with vehicle collision;2;1;Going straight;Driver or rider;Male;Under 18;3;Driver;Normal;Not a Pedestrian;Overtaking;Serious Injury
17:35:00;Monday;31-50;Male;Elementary school;Employee;1-2yr;Lorry (41?100Q);Owner;Below 1yr;;Office areas;Undivided Two way;Tangent road with flat terrain;Y Shape;Asphalt roads;Dry;Daylight;Normal;Vehicle with vehicle collision;2;1;Going straight;Passenger;Male;18-30;3;Driver;Normal;Not a Pedestrian;Other;Serious Injury
14:54:00;Saturday;18-30;Male;Elementary school;Employee;5-10yr;Long lorry;Owner;Unknown;;Other;;Tangent road with flat terrain;Y Shape;Asphalt roads;Dry;Daylight;Normal;Vehicle with vehicle collision;1;1;Going straight;Passenger;Male;18-30;3;Driver;Normal;Not a Pedestrian;Driving to the left;Serious Injury
09:10:00;Thursday;18-30;Male;Elementary school;Employee;5-10yr;Pick up upto 10Q;Owner;;;Other;Double carriageway (median);Tangent road with flat terrain;Y Shape;Asphalt roads;Dry;Daylight;Normal;Vehicle with vehicle collision;2;1;Going straight;Passenger;Male;Under 18;3;Driver;Normal;Not a Pedestrian;Overtaking;Slight Injury
09:10:00;Thursday;31-50;Male;Junior high school;Employee;1-2yr;Pick up upto 10Q;Governmental;Unknown;;Other;Two-way (divided with broken lines road marking);Tangent road with flat terrain;Y Shape;Asphalt roads;Dry;Daylight;Normal;Vehicle with vehicle collision;2;1;Going straight;na;na;na;na;Driver;Normal;Not a Pedestrian;No priority to vehicle;Slight Injury
07:30:00;Tuesday;Over 51;Male;Junior high school;Employee;5-10yr;Lorry (41?100Q);Owner;;;Office areas;;Tangent road with flat terrain;Crossing;Asphalt roads;Dry;Daylight;Normal;Collision with roadside objects;1;1;Going straight;Driver or rider;Male;18-30;3;;;Not a Pedestrian;Moving Backward;Slight Injury
12:32:00;Sunday;18-30;Male;Junior high school;Employee;5-10yr;Lorry (41?100Q);Owner;;;Office areas;;Tangent road with flat terrain;Unknown;Asphalt roads;Dry;Daylight;Normal;Vehicle with vehicle collision;2;2;Going straight;na;na;na;na;Driver;Normal;Not a Pedestrian;Other;Slight Injury
12:32:00;Sunday;18-30;Male;Junior high school;Employee;2-5yr;Automobile;Owner;;;Office areas;Two-way (divided with broken lines road marking);Tangent road with flat terrain;Unknown;Asphalt roads;Dry;Daylight;Normal;Collision with roadside objects;2;2;Going straight;Driver or rider;Male;18-30;3;;;Not a Pedestrian;No priority to vehicle;Slight Injury
12:32:00;Sunday;18-30;Male;Junior high school;Employee;1-2yr;Other;Governmental;;No defect;Office areas;Two-way (divided with broken lines road marking);Tangent road with flat terrain;Unknown;Asphalt roads;Dry;Daylight;Normal;Vehicle with vehicle collision;2;2;Going straight;Pedestrian;Male;Over 51;3;Driver;Normal;Crossing from nearside - masked by parked or statioNot a Pedestrianry vehicle;No priority to pedestrian;Slight Injury
18:24:00;Monday;18-30;Male;Junior high school;Employee;5-10yr;;Owner;2-5yrs;; Church areas;Undivided Two way;Tangent road with flat terrain;No junction;Asphalt roads;Dry;Darkness - lights lit;Normal;Vehicle with vehicle collision;1;1;Going straight;na;na;na;na;Driver;Normal;Not a Pedestrian;Changing lane to the right;Slight Injury
07:22:00;Thursday;18-30;Unknown;Junior high school;Employee;Below 1yr;Other;Governmental;;;Office areas;Two-way (divided with broken lines road marking);Tangent road with flat terrain;Y Shape;Asphalt roads;Wet or damp;Darkness - lights lit;Normal;Vehicle with vehicle collision;2;1;Going straight;na;na;na;na;Driver;Normal;Not a Pedestrian;Changing lane to the right;Serious Injury
07:22:00;Thursday;Over 51;Male;Junior high school;Employee;5-10yr;Automobile;Governmental;Unknown;;Residential areas;Two-way (divided with broken lines road marking);Tangent road with flat terrain;Y Shape;Other;Wet or damp;Darkness - lights lit;Normal;Collision with roadside objects;2;1;Turnover;Driver or rider;Male;18-30;3;;;Not a Pedestrian;Changing lane to the right;Serious Injury
18:30:00;Wednesday;31-50;Male;Junior high school;Owner;5-10yr;Pick up upto 10Q;Owner;;;School areas;Two-way (divided with broken lines road marking);Tangent road with flat terrain;Other;Asphalt roads;Dry;Daylight;Unknown;Collision with roadside objects;2;1;Reversing;Driver or rider;Male;Under 18;3;;;Not a Pedestrian;Driving to the left;Serious Injury
18:30:00;Wednesday;31-50;Male;;Owner;5-10yr;Automobile;Owner;Unknown;;Office areas;Undivided Two way;Tangent road with flat terrain;Other;Asphalt roads;Dry;Daylight;Unknown;Vehicle with vehicle collision;2;1;Moving Backward;na;na;na;na;Driver;Normal;Not a Pedestrian;Changing lane to the left;Serious Injury
20:33:00;Friday;31-50;Male;Junior high school;Employee;5-10yr;Public (12 seats);Owner;5-10yrs;;Other;Undivided Two way;Tangent road with flat terrain;Crossing;Asphalt roads;Wet or damp;Darkness - lights lit;Normal;Vehicle with vehicle collision;2;1;Going straight;na;na;na;na;Driver;Normal;Not a Pedestrian;Moving Backward;Slight Injury
20:33:00;Friday;31-50;Male;High school;Employee;2-5yr;Automobile;Owner;;;Other;Double carriageway (median);Tangent road with flat terrain;Crossing;Asphalt roads;Wet or damp;Darkness - lights lit;Normal;Vehicle with vehicle collision;2;1;Moving Backward;Driver or rider;Female;18-30;3;Driver;Normal;Not a Pedestrian;Driving at high speed;Slight Injury
17:18:00;Monday;18-30;Male;Above high school;Employee;5-10yr;Other;Governmental;;No defect;Other;Double carriageway (median);Tangent road with flat terrain;No junction;Asphalt roads;Dry;Darkness - lights lit;Raining and Windy;Vehicle with vehicle collision;2;1;Going straight;Pedestrian;Male;Over 51;3;Driver;Normal;Not a Pedestrian;Moving Backward;Slight Injury
17:18:00;Monday;31-50;Male;Junior high school;Employee;Above 10yr;Public (12 seats);Owner;5-10yrs;No defect;Other;Two-way (divided with broken lines road marking);Tangent road with flat terrain;No junction;Asphalt roads;Dry;Darkness - lights lit;Raining and Windy;Vehicle with vehicle collision;2;1;Going straight;Driver or rider;Female;31-50;3;Self-employed;Normal;Not a Pedestrian;No distancing;Slight Injury
11:15:00;Wednesday;Over 51;Male;Junior high school;Employee;Below 1yr;Stationwagen;Owner;Unknown;No defect;Office areas;Double carriageway (median);Tangent road with mild grade and flat terrain;Y Shape;Asphalt roads;Wet or damp;Daylight;Normal;Vehicle with vehicle collision;2;1;Going straight;na;na;na;na;Self-employed;Normal;Not a Pedestrian;Other;Serious Injury
11:15:00;Wednesday;31-50;Male;Elementary school;Employee;5-10yr;Lorry (41?100Q);Owner;;;Office areas;Two-way (divided with broken lines road marking);Tangent road with flat terrain;Y Shape;Asphalt roads;Wet or damp;Daylight;Normal;Vehicle with vehicle collision;2;1;Going straight;na;na;na;na;Driver;Normal;Not a Pedestrian;No priority to vehicle;Serious Injury
18:45:00;Thursday;31-50;Male;Elementary school;Employee;2-5yr;Lorry (41?100Q);Owner;;;Office areas;;Tangent road with mild grade and flat terrain;Y Shape;Asphalt roads;Wet or damp;Darkness - lights lit;Raining;Collision with roadside objects;2;1;Going straight;Driver or rider;Male;18-30;3;;;Not a Pedestrian;Changing lane to the right;Slight Injury
18:45:00;Thursday;31-50;Male;Junior high school;Employee;2-5yr;Lorry (41?100Q);Owner;;;Office areas;;Tangent road with mild grade and flat terrain;Y Shape;Other;Wet or damp;Darkness - lights lit;Raining;Collision with roadside objects;2;1;Unknown;na;na;na;na;;;Not a Pedestrian;Other;Slight Injury
10:08:00;Sunday;Over 51;Male;Junior high school;Employee;1-2yr;Automobile;Owner;;;Office areas;One way;Tangent road with flat terrain;Y Shape;Asphalt roads;Dry;Daylight;Normal;Collision with roadside objects;2;1;Going straight;na;na;na;na;;;Not a Pedestrian;No distancing;Slight Injury
10:08:00;Sunday;31-50;Male;Junior high school;Employee;2-5yr;Lorry (41?100Q);;;;Office areas;Two-way (divided with broken lines road marking);Tangent road with flat terrain;Y Shape;Asphalt roads;Dry;Daylight;Normal;Vehicle with vehicle collision;2;1;Unknown;Driver or rider;Female;18-30;3;Driver;Normal;Not a Pedestrian;Driving carelessly;Slight Injury
10:12:00;Saturday;18-30;Male;Junior high school;Employee;2-5yr;;Owner;;;Office areas;;Tangent road with flat terrain;Y Shape;;Dry;Daylight;Normal;Vehicle with vehicle collision;2;1;Going straight;na;na;na;na;;Normal;Not a Pedestrian;No distancing;Slight Injury
10:12:00;Saturday;31-50;Male;Junior high school;Employee;Above 10yr;Public (12 seats);Owner;5-10yrs;;Other;Undivided Two way;Tangent road with flat terrain;Y Shape;Asphalt roads;Dry;Daylight;Normal;Vehicle with vehicle collision;2;1;Moving Backward;Driver or rider;Male;18-30;3;Driver;Normal;Not a Pedestrian;Moving Backward;Slight Injury
17:16:00;Friday;18-30;Male;High school;Employee;Below 1yr;Automobile;Owner;;No defect;Other;Two-way (divided with broken lines road marking);Tangent road with flat terrain;Y Shape;Asphalt roads;Dry;Darkness - lights lit;Normal;Vehicle with vehicle collision;2;1;Going straight;Driver or rider;Male;31-50;3;Driver;Normal;Not a Pedestrian;No distancing;Slight Injury
17:16:00;Friday;31-50;Male;Junior high school;Employee;2-5yr;Stationwagen;;2-5yrs;No defect;Residential areas;Two-way (divided with broken lines road marking);Tangent road with flat terrain;Y Shape;Asphalt roads;Dry;Darkness - lights lit;Normal;Collision with pedestrians;2;1;Going straight;Pedestrian;Male;31-50;3;;;Not a Pedestrian;Moving Backward;Slight Injury
19:25:00;Friday;Over 51;Male;High school;Employee;Above 10yr;Automobile;Owner;;No defect;Other;Two-way (divided with broken lines road marking);Tangent road with flat terrain;Y Shape;Earth roads;Dry;Darkness - lights lit;Normal;Collision with pedestrians;1;1;Moving Backward;Passenger;Female;Over 51;3;Self-employed;Normal;Not a Pedestrian;No priority to pedestrian;Serious Injury
15:00:00;Thursday;18-30;Male;Junior high school;Employee;Above 10yr;Lorry (41?100Q);Owner;5-10yrs;No defect;Other;Two-way (divided with broken lines road marking);Tangent road with flat terrain;No junction;Asphalt roads;Dry;Daylight;Normal;Vehicle with vehicle collision;3;1;Going straight;na;na;na;na;Driver;Normal;Not a Pedestrian;Changing lane to the left;Slight Injury
15:00:00;Thursday;31-50;Unknown;High school;Employee;5-10yr;Other;Governmental;;No defect;Other;Two-way (divided with broken lines road marking);Tangent road with flat terrain;No junction;Asphalt roads;Dry;Daylight;Normal;Vehicle with vehicle collision;3;1;Turnover;Pedestrian;Female;18-30;3;Driver;Normal;Not a Pedestrian;No distancing;Slight Injury
15:00:00;Thursday;Unknown;Female;Junior high school;Employee;Above 10yr;Pick up upto 10Q;Owner;5-10yrs;;Other;Undivided Two way;Tangent road with flat terrain;No junction;Asphalt roads;Dry;Daylight;Normal;Vehicle with vehicle collision;3;1;Going straight;na;na;na;na;Driver;Normal;Not a Pedestrian;Other;Slight Injury
17:40:00;Wednesday;31-50;Male;Junior high school;Employee;1-2yr;;Owner;;; Industrial areas;Undivided Two way;Tangent road with flat terrain;No junction;Asphalt roads;Dry;Darkness - lights lit;Normal;Vehicle with vehicle collision;2;1;Going straight;Driver or rider;Male;18-30;2;Driver;Normal;Not a Pedestrian;No distancing;Slight Injury
17:40:00;Wednesday;31-50;Male;Junior high school;Employee;2-5yr;Lorry (41?100Q);Owner;5-10yrs;; Industrial areas;Undivided Two way;Tangent road with flat terrain;No junction;Asphalt roads;Dry;Darkness - lights lit;Normal;Vehicle with vehicle collision;2;1;Unknown;Pedestrian;Female;18-30;3;Driver;Normal;Crossing from nearside - masked by parked or statioNot a Pedestrianry vehicle;No priority to pedestrian;Slight Injury
11:44:00;Sunday;18-30;Male;Elementary school;Employee;2-5yr;Automobile;Owner;;No defect; Church areas;Double carriageway (median);Tangent road with flat terrain;O Shape;Asphalt roads;Wet or damp;Daylight;Normal;Vehicle with vehicle collision;2;1;Going straight;Pedestrian;Male;Under 18;2;Driver;Normal;Not a Pedestrian;Moving Backward;Slight Injury
11:44:00;Sunday;31-50;Male;Elementary school;Other;5-10yr;Public (13?45 seats);Owner;;No defect;Other;Undivided Two way;Tangent road with flat terrain;O Shape;Asphalt roads;Wet or damp;Daylight;Normal;Vehicle with vehicle collision;2;1;Going straight;na;na;na;na;Driver;Normal;Not a Pedestrian;No priority to pedestrian;Slight Injury
14:20:00;Sunday;18-30;Male;Junior high school;Employee;5-10yr;Automobile;Owner;Above 10yr;;Other;Undivided Two way;Tangent road with flat terrain;No junction;Asphalt roads;Dry;Daylight;Normal;Vehicle with vehicle collision;2;1;Going straight;Driver or rider;Male;18-30;3;Driver;Normal;Not a Pedestrian;No distancing;Slight Injury
14:20:00;Sunday;31-50;Male;High school;Owner;5-10yr;Lorry (41?100Q);Owner;Unknown;No defect;Office areas;Undivided Two way;Tangent road with flat terrain;No junction;Asphalt roads;Dry;Daylight;Normal;Vehicle with vehicle collision;2;1;Going straight;Driver or rider;Female;31-50;3;Driver;Normal;Not a Pedestrian;No priority to pedestrian;Slight Injury
15:20:00;Saturday;Over 51;Male;Junior high school;Employee;Above 10yr;Public (12 seats);Owner;Unknown;No defect;Office areas;Undivided Two way;Tangent road with flat terrain;Unknown;Asphalt roads;Wet or damp;Daylight;Normal;Vehicle with vehicle collision;1;2;Reversing;na;na;na;na;Driver;Normal;Not a Pedestrian;Driving carelessly;Slight Injury
15:20:00;Saturday;Over 51;Male;Junior high school;Employee;Below 1yr;Motorcycle;Governmental;Below 1yr;;Residential areas;Two-way (divided with broken lines road marking);Tangent road with flat terrain;Unknown;Asphalt roads;Wet or damp;Daylight;Normal;Collision with roadside objects;1;2;Going straight;Pedestrian;Male;Under 18;3;;;Crossing from nearside - masked by parked or statioNot a Pedestrianry vehicle;Getting off the vehicle improperly;Slight Injury
16:22:00;Friday;18-30;Male;Junior high school;Other;Below 1yr;Public (12 seats);Owner;Unknown;No defect; Industrial areas;Undivided Two way;Tangent road with flat terrain;No junction;Asphalt roads;Dry;Darkness - lights lit;Normal;Rollover;4;3;Moving Backward;Driver or rider;Female;Over 51;3;Self-employed;Normal;Not a Pedestrian;Driving carelessly;Slight Injury
16:22:00;Friday;31-50;Male;Junior high school;Employee;Above 10yr;Lorry (41?100Q);Owner;;No defect;Office areas;Undivided Two way;Tangent road with flat terrain;No junction;Asphalt roads;Dry;Darkness - lights lit;Normal;Vehicle with vehicle collision;4;3;Going straight;Driver or rider;Male;Over 51;3;Self-employed;Normal;Not a Pedestrian;Changing lane to the left;Slight Injury
16:22:00;Friday;Over 51;Male;High school;Owner;5-10yr;Automobile;Owner;;No defect;Other;Undivided Two way;Tangent road with flat terrain;No junction;Asphalt roads;Dry;Darkness - lights lit;Normal;Vehicle with vehicle collision;4;3;Going straight;Driver or rider;Male;Under 18;3;Driver;Normal;Not a Pedestrian;No priority to vehicle;Slight Injury
16:22:00;Friday;31-50;Male;Elementary school;Owner;5-10yr;Lorry (41?100Q);Owner;;;Other;Two-way (divided with broken lines road marking);Tangent road with flat terrain;No junction;Asphalt roads;Dry;Darkness - lights lit;Normal;Vehicle with vehicle collision;4;3;Going straight;Driver or rider;Female;Over 51;3;Driver;Normal;Not a Pedestrian;Changing lane to the right;Slight Injury
11:40:00;Sunday;31-50;Male;Junior high school;Employee;2-5yr;Stationwagen;Owner;;No defect;Residential areas;Undivided Two way;Tangent road with flat terrain;Y Shape;Asphalt roads;Wet or damp;Daylight;Normal;Vehicle with vehicle collision;2;1;Going straight;Passenger;Female;31-50;3;Self-employed;Normal;Not a Pedestrian;Changing lane to the right;Slight Injury
11:40:00;Sunday;Over 51;Male;Junior high school;Employee;2-5yr;Pick up upto 10Q;Owner;;;Office areas;Two-way (divided with broken lines road marking);Tangent road with flat terrain;Y Shape;Asphalt roads;Wet or damp;Daylight;Normal;Vehicle with vehicle collision;2;1;Going straight;na;na;na;na;Self-employed;Normal;Not a Pedestrian;No distancing;Slight Injury
17:30:00;Thursday;31-50;Male;Above high school;Employee;5-10yr;Automobile;Organization;;;Residential areas;other;Tangent road with flat terrain;Y Shape;Earth roads;Wet or damp;Darkness - lights lit;Normal;Collision with roadside objects;1;1;Turnover;Driver or rider;Male;18-30;3;;;Not a Pedestrian;No distancing;Slight Injury
08:04:00;Thursday;Over 51;Male;Junior high school;Owner;2-5yr;Automobile;Owner;;;Office areas;Two-way (divided with broken lines road marking);Tangent road with flat terrain;No junction;Asphalt roads;Dry;Daylight;Normal;Collision with roadside objects;2;2;Going straight;Pedestrian;Male;Over 51;1;Employee;Normal;Crossing from nearside - masked by parked or statioNot a Pedestrianry vehicle;Changing lane to the left;Serious Injury
08:04:00;Thursday;Over 51;Male;;;;;;;; Church areas;Two-way (divided with broken lines road marking);Tangent road with flat terrain;No junction;Asphalt roads;Dry;Daylight;Normal;Vehicle with vehicle collision;2;2;Going straight;na;na;na;na;;;Not a Pedestrian;Changing lane to the right;Serious Injury
08:04:00;Thursday;18-30;Male;Junior high school;Employee;2-5yr;Other;Organization;5-10yrs;;Residential areas;Two-way (divided with broken lines road marking);Tangent road with flat terrain;No junction;Asphalt roads;Dry;Daylight;Normal;Collision with roadside objects;2;2;Moving Backward;Driver or rider;Male;18-30;3;;;Not a Pedestrian;No priority to vehicle;Serious Injury
17:00:00;Tuesday;Unknown;Female;Junior high school;Employee;5-10yr;Automobile;Owner;Above 10yr;;School areas;other;Tangent road with flat terrain;Crossing;Asphalt roads;Wet or damp;Darkness - lights lit;Normal;Vehicle with vehicle collision;2;1;Going straight;na;na;na;na;;;Not a Pedestrian;Changing lane to the left;Slight Injury
17:00:00;Tuesday;31-50;Male;Junior high school;Employee;2-5yr;Public (13?45 seats);Owner;5-10yrs;; Hospital areas;other;Steep grade downward with mountainous terrain;Crossing;Asphalt roads;Wet or damp;Darkness - lights lit;Normal;Vehicle with vehicle collision;2;1;Going straight;Driver or rider;Male;31-50;3;Driver;Normal;Not a Pedestrian;No priority to vehicle;Slight Injury
17:01:00;Wednesday;31-50;Male;Elementary school;Employee;1-2yr;Public (13?45 seats);Owner;2-5yrs;;Other;Undivided Two way;Tangent road with flat terrain;Y Shape;Asphalt roads;Wet or damp;Darkness - no lighting;Normal;Vehicle with vehicle collision;3;1;Going straight;Driver or rider;Male;31-50;3;Driver;Normal;Not a Pedestrian;Moving Backward;Slight Injury
17:01:00;Wednesday;31-50;Male;High school;Employee;;Automobile;Owner;;;School areas;Double carriageway (median);Tangent road with flat terrain;Y Shape;Asphalt roads;Wet or damp;Darkness - no lighting;Normal;Vehicle with vehicle collision;3;1;Other;na;na;na;na;Driver;Normal;Not a Pedestrian;Turnover;Slight Injury
17:01:00;Wednesday;18-30;Male;Junior high school;Owner;1-2yr;Public (12 seats);Owner;Above 10yr;No defect;Other;other;Tangent road with flat terrain;Y Shape;Asphalt roads;Wet or damp;Darkness - no lighting;Normal;Vehicle with vehicle collision;3;1;Going straight;na;na;na;na;Driver;Normal;Not a Pedestrian;No distancing;Slight Injury
05:40:00;Tuesday;Over 51;Male;Junior high school;Employee;2-5yr;Public (12 seats);Owner;5-10yrs;; Industrial areas;Undivided Two way;Tangent road with flat terrain;Y Shape;Asphalt roads;Dry;Darkness - lights lit;Normal;Vehicle with vehicle collision;2;1;Going straight;na;na;na;na;Driver;Normal;Not a Pedestrian;No distancing;Slight Injury
05:40:00;Tuesday;18-30;Male;Junior high school;Employee;1-2yr;Lorry (41?100Q);Owner;Unknown;No defect; Church areas;Two-way (divided with broken lines road marking);Tangent road with flat terrain;Y Shape;Asphalt roads;Dry;Darkness - lights lit;Normal;Collision with pedestrians;2;1;Turnover;Passenger;Female;18-30;3;Self-employed;Normal;Not a Pedestrian;No distancing;Slight Injury
20:37:00;Monday;18-30;Male;Elementary school;Employee;Above 10yr;Automobile;Owner;;No defect;Office areas;Two-way (divided with broken lines road marking);Tangent road with flat terrain;Unknown;Earth roads;Wet or damp;Darkness - lights lit;Normal;Vehicle with vehicle collision;2;1;Moving Backward;na;na;na;na;Self-employed;Normal;Not a Pedestrian;Changing lane to the left;Slight Injury
20:37:00;Monday;18-30;Male;Junior high school;Employee;2-5yr;Pick up upto 10Q;Owner;;No defect;Other;Two-way (divided with broken lines road marking);Tangent road with flat terrain;Unknown;Asphalt roads;Wet or damp;Darkness - lights lit;Normal;Collision with roadside objects;2;1;Going straight;Driver or rider;Female;18-30;3;Self-employed;Normal;Not a Pedestrian;No priority to vehicle;Slight Injury
20:43:00;Tuesday;18-30;Male;Junior high school;Employee;2-5yr;Pick up upto 10Q;Owner;;No defect;Office areas;Double carriageway (median);Tangent road with flat terrain;No junction;Asphalt roads;Wet or damp;Darkness - lights lit;Normal;Vehicle with vehicle collision;1;1;Going straight;Pedestrian;Male;Over 51;2;Self-employed;Normal;Not a Pedestrian;Driving at high speed;Serious Injury
16:50:00;Tuesday;31-50;Male;Junior high school;Employee;2-5yr;Lorry (41?100Q);Owner;;No defect;Office areas;Double carriageway (median);Tangent road with flat terrain;Y Shape;Asphalt roads;Dry;Darkness - lights lit;Normal;Collision with roadside objects;1;1;Going straight;na;na;na;na;;;Not a Pedestrian;Overtaking;Slight Injury
09:24:00;Monday;Over 51;Male;Junior high school;Employee;2-5yr;Automobile;Governmental;;No defect;Office areas;Double carriageway (median);Tangent road with flat terrain;No junction;Asphalt roads;Dry;Daylight;Normal;Vehicle with vehicle collision;2;1;Reversing;Driver or rider;Male;31-50;3;Self-employed;Normal;Not a Pedestrian;Other;Slight Injury
09:24:00;Monday;18-30;Male;Elementary school;Employee;2-5yr;Stationwagen;Owner;;No defect;Residential areas;Double carriageway (median);Tangent road with flat terrain;No junction;Asphalt roads;Dry;Daylight;Normal;Vehicle with vehicle collision;2;1;Going straight;Pedestrian;Female;Under 18;2;Self-employed;Normal;Not a Pedestrian;Changing lane to the left;Slight Injury
20:22:00;Friday;Over 51;Male;Junior high school;Employee;2-5yr;Motorcycle;Owner;;No defect;Office areas;Double carriageway (median);Tangent road with flat terrain;Unknown;Asphalt roads;Wet or damp;Darkness - lights lit;Normal;Collision with pedestrians;2;1;Going straight;Pedestrian;Female;31-50;3;Self-employed;Normal;In carriageway, statioNot a Pedestrianry - not crossing  (standing or playing) - masked by parked or statioNot a Pedestrianry vehicle;No priority to pedestrian;Slight Injury
20:22:00;Friday;18-30;Male;Elementary school;Employee;5-10yr;;Owner;2-5yrs;;Other;Undivided Two way;Tangent road with flat terrain;Unknown;Asphalt roads;Wet or damp;Darkness - lights lit;Normal;Vehicle with vehicle collision;2;1;Going straight;Passenger;Female;31-50;3;Driver;Normal;Not a Pedestrian;Changing lane to the left;Slight Injury
15:10:00;Tuesday;18-30;Male;Elementary school;Employee;2-5yr;Other;Owner;2-5yrs;; Industrial areas;One way;;No junction;Asphalt roads;Wet or damp;Daylight;Raining;Vehicle with vehicle collision;2;1;Parked;Passenger;Female;18-30;3;;;Not a Pedestrian;No distancing;Serious Injury
15:10:00;Tuesday;Over 51;Male;Junior high school;Employee;Above 10yr;Automobile;Owner;;No defect;Other;One way;Tangent road with flat terrain;No junction;Gravel roads;Wet or damp;Daylight;Raining;Vehicle with vehicle collision;2;1;Going straight;Pedestrian;Female;Under 18;2;Driver;Normal;Not a Pedestrian;Moving Backward;Serious Injury
16:35:00;Wednesday;18-30;Male;Junior high school;Employee;Above 10yr;Automobile;Owner;;No defect;Office areas;Double carriageway (median);Tangent road with flat terrain;No junction;Asphalt roads;Wet or damp;Darkness - lights lit;Normal;Vehicle with vehicle collision;3;2;Going straight;Pedestrian;Male;Over 51;3;Driver;Normal;Crossing from driver's nearside;Changing lane to the left;Slight Injury
16:35:00;Wednesday;18-30;Male;High school;Employee;Above 10yr;;Governmental;Unknown;;Office areas;Two-way (divided with broken lines road marking);Tangent road with flat terrain;No junction;Asphalt roads;Wet or damp;Darkness - lights lit;Normal;Collision with pedestrians;3;2;Unknown;Pedestrian;Female;Over 51;2;Self-employed;Normal;Crossing from driver's nearside;Other;Slight Injury
16:35:00;Wednesday;18-30;Male;Junior high school;Employee;5-10yr;Public (> 45 seats);Governmental;;No defect;;Double carriageway (median);Tangent road with flat terrain;No junction;Asphalt roads;Wet or damp;Darkness - lights lit;Normal;Vehicle with vehicle collision;3;2;Going straight;Pedestrian;Male;31-50;3;Driver;Normal;Not a Pedestrian;No distancing;Slight Injury
16:35:00;Wednesday;18-30;Male;Junior high school;Owner;2-5yr;Automobile;Owner;;;Other;;Tangent road with flat terrain;No junction;Asphalt roads;Wet or damp;Darkness - lights lit;Normal;Vehicle with vehicle collision;3;2;Going straight;na;na;na;na;Driver;Normal;Not a Pedestrian;Moving Backward;Slight Injury
15:36:00;Tuesday;31-50;Male;Elementary school;Employee;1-2yr;Other;Owner;Unknown;;Office areas;Double carriageway (median);Tangent road with flat terrain;No junction;Asphalt roads;Wet or damp;Daylight;Other;Vehicle with vehicle collision;1;1;Stopping;Driver or rider;Male;31-50;3;;;Not a Pedestrian;No distancing;Slight Injury
15:19:00;Wednesday;18-30;Male;Junior high school;Employee;2-5yr;Automobile;Owner;;No defect;Office areas;Two-way (divided with broken lines road marking);Tangent road with flat terrain;Y Shape;Asphalt roads;Wet or damp;Darkness - lights lit;Normal;Vehicle with vehicle collision;1;1;Going straight;Pedestrian;Female;Under 18;3;Driver;Normal;Not a Pedestrian;Changing lane to the left;Slight Injury
22:40:00;Thursday;Over 51;Male;Junior high school;Employee;5-10yr;Other;Owner;5-10yrs;;Office areas;Undivided Two way;Tangent road with flat terrain;No junction;Asphalt roads;Wet or damp;Darkness - lights lit;Normal;Collision with roadside objects;2;1;Overtaking;Pedestrian;Female;Over 51;2;Driver;Normal;Not a Pedestrian;Changing lane to the left;Slight Injury
22:40:00;Thursday;Under 18;Male;;;;Lorry (41?100Q);Owner;;;Other;Undivided Two way;Tangent road with flat terrain;No junction;Asphalt roads;Wet or damp;Darkness - lights lit;Normal;Vehicle with vehicle collision;2;1;Going straight;Pedestrian;Female;Over 51;2;Driver;Normal;Crossing from nearside - masked by parked or statioNot a Pedestrianry vehicle;No priority to pedestrian;Slight Injury