Time;Day_of_week;Age_band_of_driver;Sex_of_driver;Educational_level;Vehicle_driver_relation;Driving_experience;Type_of_vehicle;Owner_of_vehicle;Service_year_of_vehicle;Defect_of_vehicle;Area_accident_occured;Lanes_or_Medians;Road_allignment;Types_of_Junction;Road_surface_type;Road_surface_conditions;Light_conditions;Weather_conditions;Type_of_collision;Number_of_vehicles_involved;Number_of_casualties;Vehicle_movement;Casualty_class;Sex_of_casualty;Age_band_of_casualty;Casualty_severity;Work_of_casuality;Fitness_of_casuality;Pedestrian_movement;Cause_of_accident;Accident_severity
18:50:00;Thursday;Over 51;Male;Elementary school;Owner;5-10yr;Pick up upto 10Q;Owner;;No defect;Other;Undivided Two way;Tangent road with flat terrain;Y Shape;Asphalt roads;Wet or damp;Darkness - lights lit;Normal;Vehicle with vehicle collision;4;3;Reversing;Driver or rider;Male;Over 51;3;Driver;Normal;Not a Pedestrian;Changing lane to the left;Slight Injury
18:50:00;Thursday;31-50;Male;High school;Other;Above 10yr;Public (13?45 seats);Owner;;No defect;  Recreational areas;Undivided Two way;Tangent road with flat terrain;Y Shape;Asphalt roads;Wet or damp;Darkness - lights lit;Normal;Vehicle with vehicle collision;4;3;Going straight;Passenger;Female;Over 51;1;Driver;Normal;Not a Pedestrian;Driving carelessly;Slight Injury
18:50:00;Thursday;31-50;Male;Junior high school;Employee;Above 10yr;Automobile;Owner;;No defect; Church areas;Undivided Two way;Tangent road with flat terrain;Y Shape;Asphalt roads;Wet or damp;Darkness - lights lit;Normal;Vehicle with vehicle collision;4;3;Going straight;na;na;na;na;Self-employed;Normal;Not a Pedestrian;Driving carelessly;Slight Injury
18:50:00;Thursday;31-50;Male;Junior high school;Employee;1-2yr;Pick up upto 10Q;Other;1-2yr;No defect;  Recreational areas;other;Tangent road with flat terrain;Y Shape;Asphalt roads;Wet or damp;Darkness - lights lit;Normal;Collision with roadside objects;4;3;Unknown;na;na;na;na;;;Not a Pedestrian;No priority to pedestrian;Slight Injury
18:50:00;Thursday;Unknown;Female;High school;Owner;;Automobile;Owner;5-10yrs;No defect;School areas;other;Tangent road with flat terrain;Y Shape;Asphalt roads;Wet or damp;Darkness - lights lit;Normal;Vehicle with vehicle collision;4;3;Going straight;Pedestrian;Male;Under 18;3;Self-employed;Normal;Crossing from nearside - masked by parked or statioNot a Pedestrianry vehicle;Getting off the vehicle improperly;Slight Injury
18:50:00;Thursday;Unknown;Female;Junior high school;Employee;2-5yr;Lorry (41?100Q);Owner;;No defect; Church areas;Double carriageway (median);Tangent road with flat terrain;Y Shape;Asphalt roads;Wet or damp;Darkness - lights lit;Normal;Vehicle with vehicle collision;4;3;Moving Backward;Driver or rider;Male;18-30;2;Driver;Normal;Not a Pedestrian;No distancing;Slight Injury
17:05:00;Tuesday;Over 51;Male;Junior high school;Employee;5-10yr;Automobile;Owner;5-10yrs;;Office areas;;Tangent road with flat terrain;Y Shape;Asphalt roads;Dry;Darkness - lights lit;Normal;Vehicle with vehicle collision;3;1;Going straight;na;na;na;na;;;Not a Pedestrian;Changing lane to the left;Slight Injury
17:05:00;Tuesday;31-50;Male;Junior high school;Employee;2-5yr;Lorry (41?100Q);Owner;2-5yrs;;Residential areas;One way;Steep grade downward with mountainous terrain;Y Shape;Asphalt roads;Dry;Darkness - lights lit;Normal;Vehicle with vehicle collision;3;1;Moving Backward;na;na;na;na;;;Not a Pedestrian;No priority to vehicle;Slight Injury
17:05:00;Tuesday;31-50;Male;Junior high school;Employee;Above 10yr;Lorry (41?100Q);Owner;;No defect;Other;One way;Tangent road with flat terrain;Y Shape;Asphalt roads;Dry;Darkness - lights lit;Normal;Vehicle with vehicle collision;3;1;Going straight;Passenger;Female;31-50;3;Driver;Normal;Not a Pedestrian;No distancing;Slight Injury
11:00:00;Monday;31-50;Male;Elementary school;Employee;5-10yr;Lorry (41?100Q);Owner;;No defect;Other;Undivided Two way;Tangent road with flat terrain;Y Shape;Asphalt roads;Wet or damp;Daylight;Normal;Vehicle with vehicle collision;1;1;Going straight;na;na;na;na;Driver;Normal;Not a Pedestrian;No priority to pedestrian;Slight Injury
17:50:00;Tuesday;Over 51;Male;Junior high school;Employee;5-10yr;Public (13?45 seats);Governmental;1-2yr;No defect; Industrial areas;One way;Tangent road with flat terrain;No junction;Asphalt roads;Wet or damp;Darkness - lights lit;Normal;Vehicle with vehicle collision;1;1;Unknown;Driver or rider;Male;Under 18;3;Driver;Normal;Not a Pedestrian;No priority to pedestrian;Serious Injury
23:00:00;Tuesday;Over 51;Male;Above high school;Employee;1-2yr;Automobile;Governmental;1-2yr;No defect; Church areas;other;Steep grade downward with mountainous terrain;Y Shape;Asphalt roads;Wet or damp;Darkness - lights lit;Raining;Vehicle with vehicle collision;1;1;Going straight;na;na;na;na;Self-employed;Normal;Not a Pedestrian;No priority to vehicle;Slight Injury
18:20:00;Tuesday;18-30;Male;Elementary school;Employee;Above 10yr;Other;Organization;1-2yr;No defect;Office areas;other;Tangent road with flat terrain;No junction;Earth roads;Wet or damp;Darkness - lights lit;Windy;Vehicle with vehicle collision;3;1;Going straight;na;na;na;na;Driver;Normal;Not a Pedestrian;Driving carelessly;Slight Injury
18:20:00;Tuesday;31-50;Male;Elementary school;Employee;5-10yr;Other;Owner;Unknown;No defect;Office areas;Undivided Two way;Tangent road with flat terrain;No junction;Asphalt roads;Wet or damp;Darkness - lights lit;Windy;Vehicle with vehicle collision;3;1;Going straight;na;na;na;na;Self-employed;Normal;Not a Pedestrian;Changing lane to the right;Slight Injury
18:20:00;Tuesday;18-30;Male;Elementary school;Employee;2-5yr;Other;Owner;;;Office areas;Double carriageway (median);Tangent road with flat terrain;No junction;Asphalt roads;Wet or damp;Darkness - lights lit;Windy;Vehicle with vehicle collision;3;1;Turnover;Driver or rider;Male;Under 18;3;Driver;Normal;Not a Pedestrian;Changing lane to the left;Slight Injury
19:05:00;Saturday;31-50;Male;Elementary school;Employee;2-5yr;Automobile;Owner;2-5yrs;;Other;Two-way (divided with broken lines road marking);Tangent road with flat terrain;No junction;Asphalt roads;Dry;Darkness - no lighting;Unknown;Collision with roadside objects;2;1;Going straight;na;na;na;na;Driver;Normal;Not a Pedestrian;Moving Backward;Slight Injury
19:05:00;Saturday;18-30;Male;Junior high school;Employee;5-10yr;Other;Owner;;;Office areas;Undivided Two way;Tangent road with flat terrain;No junction;Asphalt roads;Dry;Darkness - no lighting;Unknown;Collision with roadside objects;2;1;Going straight;na;na;na;na;;;Not a Pedestrian;Driving carelessly;Slight Injury
11:05:00;Sunday;18-30;Male;Junior high school;Employee;1-2yr;Lorry (41?100Q);Owner;;No defect;Other;Double carriageway (median);Tangent road with flat terrain;Y Shape;Asphalt roads;Dry;Daylight;Normal;Collision with roadside objects;2;1;Going straight;Driver or rider;Male;31-50;3;;;Not a Pedestrian;Driving to the left;Slight Injury
11:05:00;Sunday;Under 18;Male;Junior high school;Employee;5-10yr;Public (12 seats);Owner;Above 10yr;No defect; Industrial areas;Two-way (divided with broken lines road marking);Tangent road with flat terrain;Y Shape;Asphalt roads;Dry;Daylight;Normal;Collision with pedestrians;2;1;Reversing;Pedestrian;Male;Under 18;3;Self-employed;Normal;Not a Pedestrian;Driving to the left;Slight Injury
18:15:00;Sunday;31-50;Male;Junior high school;Employee;5-10yr;Lorry (41?100Q);Owner;;No defect;Residential areas;other;Tangent road with flat terrain;Y Shape;Asphalt roads;Wet or damp;Darkness - lights lit;Normal;Vehicle with vehicle collision;1;1;Getting off;Driver or rider;Male;Under 18;3;Driver;Normal;Not a Pedestrian;No priority to pedestrian;Serious Injury
08:05:00;Friday;18-30;Male;Above high school;Employee;5-10yr;Public (12 seats);Owner;;No defect;Other;Two-way (divided with broken lines road marking);Tangent road with flat terrain;O Shape;Gravel roads;Dry;Darkness - lights lit;Cloudy;Vehicle with vehicle collision;2;1;Going straight;Passenger;Male;Under 18;3;Driver;Normal;Not a Pedestrian;Changing lane to the left;Slight Injury
08:05:00;Friday;18-30;Male;Junior high school;Employee;Above 10yr;Lorry (41?100Q);Owner;5-10yrs;;Other;One way;Tangent road with flat terrain;O Shape;Asphalt roads;Dry;Darkness - lights lit;Cloudy;Collision with pedestrians;2;1;Getting off;na;na;na;na;Self-employed;Normal;Not a Pedestrian;Changing lane to the right;Slight Injury
19:47:00;Thursday;Unknown;Female;Elementary school;Employee;2-5yr;Other;Owner;1-2yr;No defect;Other;One way;Tangent road with flat terrain;No junction;Asphalt roads;Dry;Darkness - lights lit;Normal;Vehicle with vehicle collision;2;1;Going straight;na;na;na;na;Driver;Normal;Not a Pedestrian;Driving carelessly;Slight Injury
19:47:00;Thursday;31-50;Male;Junior high school;Employee;5-10yr;Lorry (41?100Q);Owner;;;Other;Undivided Two way;Tangent road with flat terrain;No junction;Asphalt roads;Dry;Darkness - lights lit;Normal;Vehicle with vehicle collision;2;1;Going straight;na;na;na;na;Driver;Normal;Not a Pedestrian;No distancing;Slight Injury
18:30:00;Tuesday;Over 51;Male;;;;;;;;Other;Two-way (divided with broken lines road marking);Tangent road with flat terrain;Y Shape;Other;Dry;Darkness - lights lit;Cloudy;Vehicle with vehicle collision;1;1;Going straight;Driver or rider;Female;31-50;3;;Normal;Not a Pedestrian;Getting off the vehicle improperly;Slight Injury
18:09:00;Monday;31-50;Male;Junior high school;Employee;5-10yr;Public (> 45 seats);Governmental;Below 1yr;No defect;Residential areas;other;Steep grade downward with mountainous terrain;Y Shape;Asphalt roads;Wet or damp;Darkness - lights lit;Cloudy;Vehicle with vehicle collision;2;1;Going straight;na;na;na;na;Driver;Normal;Not a Pedestrian;Driving under the influence of drugs;Slight Injury
18:09:00;Monday;18-30;Male;Junior high school;Employee;;Lorry (41?100Q);Owner;;No defect;Office areas;Two-way (divided with broken lines road marking);Tangent road with flat terrain;Y Shape;Asphalt roads;Wet or damp;Darkness - lights lit;Cloudy;Vehicle with vehicle collision;2;1;Going straight;Driver or rider;Male;Over 51;3;Self-employed;Normal;Not a Pedestrian;Changing lane to the right;Slight Injury
17:36:00;Sunday;18-30;Male;Junior high school;Employee;;Other;Owner;;;Office areas;Two-way (divided with broken lines road marking);Tangent road with flat terrain;Crossing;Asphalt roads;Wet or damp;Darkness - lights lit;Normal;Vehicle with vehicle collision;1;1;Going straight;Pedestrian;Female;31-50;3;Self-employed;Normal;Not a Pedestrian;Driving carelessly;Slight Injury
19:35:00;Friday;18-30;Male;Junior high school;Employee;1-2yr;Other;Owner;Unknown;No defect;Other;Two-way (divided with broken lines road marking);Tangent road with flat terrain;Crossing;Asphalt roads;Wet or damp;Darkness - lights lit;Normal;Collision with roadside objects;2;2;Going straight;Pedestrian;Male;Over 51;3;;Normal;Not a Pedestrian;Moving Backward;Slight Injury
19:35:00;Friday;31-50;Male;Above high school;Owner;5-10yr;Automobile;Owner;Above 10yr;No defect;Other;One way;Tangent road with flat terrain;Crossing;Asphalt roads;Wet or damp;Darkness - lights lit;Normal;Collision with pedestrians;2;2;Going straight;Passenger;Female;Under 18;1;Self-employed;Normal;Not a Pedestrian;Turnover;Slight Injury
10:42:00;Monday;Over 51;Male;Junior high school;Employee;2-5yr;Lorry (41?100Q);Owner;;No defect;Office areas;Two-way (divided with broken lines road marking);Tangent road with flat terrain;Y Shape;Asphalt roads;Dry;Daylight;Normal;Vehicle with vehicle collision;2;1;Going straight;Driver or rider;Male;18-30;1;Driver;Normal;Not a Pedestrian;Changing lane to the right;Serious Injury
10:42:00;Monday;31-50;Male;Junior high school;Owner;5-10yr;Pick up upto 10Q;Owner;2-5yrs;;Office areas;Undivided Two way;Tangent road with flat terrain;Y Shape;Asphalt roads;Dry;Daylight;Normal;Vehicle with vehicle collision;2;1;Moving Backward;Passenger;Male;18-30;2;Driver;Normal;Not a Pedestrian;Driving carelessly;Serious Injury
08:05:00;Tuesday;18-30;Male;High school;Employee;2-5yr;Automobile;Owner;;No defect;Other;Two-way (divided with broken lines road marking);Tangent road with flat terrain;No junction;Asphalt roads;Dry;Daylight;Normal;Collision with roadside objects;1;1;Going straight;Passenger;Male;Under 18;2;;Normal;Not a Pedestrian;No priority to vehicle;Slight Injury
15:35:00;Thursday;18-30;Male;Junior high school;Employee;Above 10yr;;Owner;;No defect;Other;Two-way (divided with broken lines road marking);Tangent road with flat terrain;Y Shape;Asphalt roads;Wet or damp;Daylight;Normal;Vehicle with vehicle collision;2;1;Going straight;na;na;na;na;Driver;Normal;Not a Pedestrian;Moving Backward;Serious Injury
15:35:00;Thursday;18-30;Male;Junior high school;Employee;Below 1yr;Other;Governmental;Unknown;;Residential areas;Two-way (divided with broken lines road marking);Tangent road with flat terrain;Y Shape;Asphalt roads;Wet or damp;Daylight;Normal;Vehicle with vehicle collision;2;1;Going straight;Driver or rider;Male;31-50;3;Driver;Normal;Not a Pedestrian;Changing lane to the left;Serious Injury
09:10:00;Saturday;31-50;Male;Junior high school;Employee;Below 1yr;Automobile;Owner;1-2yr;No defect;Other;Undivided Two way;Tangent road with flat terrain;Crossing;Asphalt roads;Wet or damp;Daylight;Normal;Vehicle with vehicle collision;2;2;Going straight;na;na;na;na;Driver;Normal;Not a Pedestrian;Overturning;Slight Injury
09:10:00;Saturday;Over 51;Male;;Owner;;Stationwagen;Owner;;No defect;Office areas;Undivided Two way;Tangent road with flat terrain;Crossing;Asphalt roads;Wet or damp;Daylight;Normal;Vehicle with vehicle collision;2;2;Going straight;Driver or rider;Male;Under 18;3;Self-employed;Normal;Not a Pedestrian;No distancing;Slight Injury
17:10:00;Wednesday;Over 51;Male;Junior high school;Employee;2-5yr;Other;Owner;2-5yrs;No defect;Office areas;Undivided Two way;Tangent road with flat terrain;Y Shape;Asphalt roads;Wet or damp;Darkness - no lighting;Raining;Vehicle with vehicle collision;2;1;Going straight;Passenger;Female;Over 51;3;Driver;Normal;Not a Pedestrian;Driving carelessly;Slight Injury
17:10:00;Wednesday;31-50;Male;;;;;;;;Other;Undivided Two way;Tangent road with flat terrain;Y Shape;Asphalt roads;Wet or damp;Darkness - no lighting;Raining;Vehicle with vehicle collision;2;1;Going straight;na;na;na;na;Driver;Normal;Not a Pedestrian;No distancing;Slight Injury
16:35:00;Monday;31-50;Male;Elementary school;Employee;No Licence;Ridden horse;Owner;Unknown;;Other;;Tangent road with flat terrain;Y Shape;Gravel roads;Dry;Daylight;Normal;Vehicle with vehicle collision;2;2;Going straight;na;na;na;na;;Normal;Not a Pedestrian;Changing lane to the left;Slight Injury
16:35:00;Monday;31-50;Male;Junior high school;Employee;Above 10yr;;Owner;Above 10yr;;Other;Undivided Two way;Tangent road with flat terrain;Y Shape;Asphalt roads;Dry;Daylight;Normal;Vehicle with vehicle collision;2;2;Going straight;na;na;na;na;Driver;Normal;Not a Pedestrian;No priority to pedestrian;Slight Injury
19:08:00;Wednesday;18-30;Male;Junior high school;Owner;Above 10yr;Other;Owner;;No defect;Office areas;;Tangent road with flat terrain;Y Shape;Asphalt roads;Wet or damp;Darkness - lights lit;Raining;Collision with roadside objects;2;6;Going straight;Driver or rider;Male;18-30;3;;;Not a Pedestrian;No distancing;Slight Injury
19:08:00;Wednesday;31-50;Male;Junior high school;Employee;Above 10yr;Lorry (41?100Q);Owner;Above 10yr;No defect;Office areas;Two-way (divided with broken lines road marking);Tangent road with flat terrain;Y Shape;Asphalt roads;Wet or damp;Darkness - lights lit;Raining;Collision with roadside objects;2;6;Going straight;na;na;na;na;;;Not a Pedestrian;No distancing;Slight Injury
19:08:00;Wednesday;31-50;Male;Junior high school;Employee;Above 10yr;Lorry (41?100Q);Owner;;No defect;Other;Two-way (divided with broken lines road marking);Steep grade downward with mountainous terrain;Y Shape;Other;Wet or damp;Darkness - lights lit;Raining;Collision with roadside objects;2;6;Going straight;Driver or rider;Male;Under 18;3;;;Not a Pedestrian;Changing lane to the left;Slight Injury
19:08:00;Wednesday;31-50;Male;Junior high school;Owner;5-10yr;Lorry (41?100Q);Owner;Above 10yr;No defect; Church areas;other;Tangent road with flat terrain;Y Shape;Asphalt roads;Wet or damp;Darkness - lights lit;Raining;Vehicle with vehicle collision;2;6;Going straight;Pedestrian;Female;Under 18;3;Self-employed;Normal;Crossing from driver's nearside;No distancing;Slight Injury
19:08:00;Wednesday;31-50;Male;Junior high school;Employee;Below 1yr;Stationwagen;Governmental;;No defect; Industrial areas;Undivided Two way;Tangent road with flat terrain;Y Shape;Other;Wet or damp;Darkness - lights lit;Raining;Collision with pedestrians;2;6;Going straight;na;na;na;na;Self-employed;Normal;Not a Pedestrian;Changing lane to the left;Slight Injury
19:08:00;Wednesday;31-50;Male;Junior high school;Employee;2-5yr;Lorry (41?100Q);Organization;2-5yrs;;Other;Undivided Two way;Tangent road with flat terrain;Y Shape;Asphalt roads;Wet or damp;Darkness - lights lit;Raining;Vehicle with vehicle collision;2;6;Going straight;Driver or rider;Male;31-50;2;Driver;Normal;Not a Pedestrian;No distancing;Slight Injury
19:08:00;Wednesday;31-50;Male;Junior high school;Employee;;Automobile;Owner;5-10yrs;No defect;Other;Two-way (divided with broken lines road marking);Tangent road with flat terrain;Y Shape;Asphalt roads;Wet or damp;Darkness - lights lit;Raining;Collision with pedestrians;2;6;Going straight;Passenger;Female;Over 51;3;Self-employed;Normal;Not a Pedestrian;No distancing;Slight Injury
08:50:00;Friday;18-30;Male;Above high school;Employee;1-2yr;Automobile;Owner;1-2yr;;Office areas;Undivided Two way;Tangent road with mountainous terrain and;No junction;Asphalt roads;Wet or damp;Daylight;Normal;Vehicle with vehicle collision;2;1;Going straight;na;na;na;na;Driver;Normal;Not a Pedestrian;No distancing;Slight Injury
08:50:00;Friday;18-30;Male;Junior high school;Employee;1-2yr;Pick up upto 10Q;Owner;Unknown;No defect;Other;One way;Tangent road with flat terrain;No junction;Asphalt roads;Wet or damp;Daylight;Normal;Collision with pedestrians;2;1;Reversing;Driver or rider;Male;31-50;3;Self-employed;Normal;Not a Pedestrian;Changing lane to the left;Slight Injury
14:10:00;Wednesday;18-30;Male;Junior high school;Employee;1-2yr;Taxi;Owner;Unknown;No defect;  Recreational areas;Undivided Two way;Steep grade downward with mountainous terrain;Crossing;Asphalt roads;Wet or damp;Daylight;Other;Vehicle with vehicle collision;2;1;Going straight;na;na;na;na;Employee;Normal;Not a Pedestrian;Changing lane to the right;Slight Injury
14:10:00;Wednesday;Under 18;Unknown;Unknown;Employee;5-10yr;;Governmental;Unknown;No defect;Other;Two-way (divided with broken lines road marking);Steep grade downward with mountainous terrain;Crossing;Asphalt roads;Wet or damp;Daylight;Other;Vehicle with vehicle collision;2;1;Going straight;na;na;na;na;Driver;Normal;Not a Pedestrian;Moving Backward;Slight Injury
16:52:00;Monday;31-50;Male;Junior high school;Employee;Above 10yr;Automobile;Governmental;5-10yrs;No defect; Church areas;Two-way (divided with broken lines road marking);Tangent road with flat terrain;Y Shape;Asphalt roads;Wet or damp;Darkness - lights lit;Other;Vehicle with vehicle collision;2;1;Going straight;Driver or rider;Male;31-50;3;Driver;Normal;Not a Pedestrian;Changing lane to the right;Slight Injury
16:52:00;Monday;18-30;Male;Junior high school;Employee;Above 10yr;;Owner;;;Residential areas;Undivided Two way;Tangent road with flat terrain;Y Shape;Asphalt roads;Wet or damp;Darkness - lights lit;Other;Vehicle with vehicle collision;2;1;Unknown;na;na;na;na;Driver;Normal;Not a Pedestrian;No distancing;Slight Injury
10:43:00;Saturday;18-30;Male;Junior high school;Employee;5-10yr;Long lorry;Owner;5-10yrs;No defect;Office areas;Two-way (divided with broken lines road marking);;O Shape;Asphalt roads;Wet or damp;Daylight;Normal;Vehicle with vehicle collision;2;1;Going straight;Driver or rider;Male;31-50;3;Driver;Normal;Not a Pedestrian;Overtaking;Slight Injury
10:43:00;Saturday;31-50;Male;Junior high school;Employee;2-5yr;Public (12 seats);Owner;2-5yrs;No defect;Other;Two-way (divided with broken lines road marking);Tangent road with flat terrain;O Shape;Asphalt roads;Wet or damp;Daylight;Normal;Vehicle with vehicle collision;2;1;Going straight;Driver or rider;Male;Under 18;2;Driver;Normal;Not a Pedestrian;Other;Slight Injury
15:55:00;Friday;31-50;Male;Junior high school;Employee;Below 1yr;Pick up upto 10Q;Governmental;2-5yrs;;Office areas;Undivided Two way;Tangent road with flat terrain;Y Shape;Asphalt roads;Wet or damp;Daylight;Normal;Vehicle with vehicle collision;1;1;Going straight;na;na;na;na;Driver;Normal;Not a Pedestrian;Other;Slight Injury
22:10:00;Tuesday;18-30;Male;Junior high school;Employee;1-2yr;;Owner;;;Office areas;other;Tangent road with flat terrain;No junction;Asphalt roads;Dry;Darkness - lights lit;Normal;Vehicle with vehicle collision;3;2;Going straight;Driver or rider;Male;18-30;2;Self-employed;Normal;Not a Pedestrian;Changing lane to the right;Slight Injury
22:10:00;Tuesday;18-30;Male;Junior high school;Employee;5-10yr;Other;Owner;;No defect;Other;One way;Escarpments;No junction;Asphalt roads;Dry;Darkness - lights lit;Normal;Vehicle with vehicle collision;3;2;Going straight;Driver or rider;Male;31-50;3;Self-employed;Normal;Not a Pedestrian;No priority to pedestrian;Slight Injury
22:10:00;Tuesday;18-30;Male;Junior high school;Employee;Below 1yr;Lorry (41?100Q);Owner;;No defect;Residential areas;Undivided Two way;Tangent road with flat terrain;No junction;Asphalt roads;Dry;Darkness - lights lit;Normal;Vehicle with vehicle collision;3;2;Going straight;na;na;na;na;Self-employed;Normal;Not a Pedestrian;No priority to vehicle;Slight Injury
22:10:00;Tuesday;31-50;Male;Elementary school;Employee;5-10yr;Automobile;Owner;;No defect;  Recreational areas;One way;Tangent road with flat terrain;No junction;Asphalt roads;Dry;Darkness - lights lit;Normal;Vehicle with vehicle collision;3;2;Unknown;Pedestrian;Female;31-50;3;Driver;Normal;Unknown or other;Changing lane to the left;Slight Injury
17:20:00;Thursday;Over 51;Male;Junior high school;Employee;2-5yr;Pick up upto 10Q;Owner;;No defect; Church areas;Undivided Two way;Tangent road with flat terrain;No junction;Asphalt roads;Snow;Darkness - lights lit;Fog or mist;Vehicle with vehicle collision;2;1;Moving Backward;na;na;na;na;;Normal;Not a Pedestrian;Changing lane to the left;Slight Injury
17:20:00;Thursday;18-30;Male;Junior high school;Employee;5-10yr;Lorry (41?100Q);Owner;;No defect;Other;One way;Tangent road with flat terrain;No junction;Asphalt roads;Snow;Darkness - lights lit;Fog or mist;Rollover;2;1;Going straight;Driver or rider;Male;Over 51;3;;Normal;Not a Pedestrian;Overtaking;Slight Injury
10:17:00;Sunday;31-50;Male;Elementary school;Employee;5-10yr;Lorry (41?100Q);Owner;;No defect;Other;Undivided Two way;Tangent road with flat terrain;No junction;Asphalt roads;Dry;Daylight;Normal;Collision with roadside objects;2;1;Turnover;na;na;na;na;Self-employed;Normal;Not a Pedestrian;No distancing;Slight Injury
10:17:00;Sunday;Over 51;Male;Junior high school;Employee;Above 10yr;Long lorry;Owner;Unknown;No defect;Other;Two-way (divided with broken lines road marking);Tangent road with flat terrain;No junction;Asphalt roads;Dry;Daylight;Normal;Vehicle with vehicle collision;2;1;Turnover;Driver or rider;Female;31-50;3;Driver;Normal;Not a Pedestrian;No priority to vehicle;Slight Injury
18:52:00;Tuesday;18-30;Male;Junior high school;Employee;1-2yr;Public (> 45 seats);Governmental;;No defect;Residential areas;other;Tangent road with flat terrain;No junction;Asphalt roads;Dry;Darkness - no lighting;Normal;Vehicle with vehicle collision;1;1;Reversing;Driver or rider;Female;18-30;3;Employee;Normal;Not a Pedestrian;Changing lane to the right;Slight Injury
09:45:00;Wednesday;18-30;Male;High school;Employee;Below 1yr;Public (> 45 seats);Owner;Above 10yr;No defect;School areas;other;Tangent road with flat terrain;Y Shape;Asphalt roads;Wet or damp;Daylight;Raining;Vehicle with vehicle collision;2;1;Reversing;na;na;na;na;Other;Normal;Not a Pedestrian;Changing lane to the left;Slight Injury
09:45:00;Wednesday;31-50;Male;Elementary school;Employee;Above 10yr;Automobile;Owner;Above 10yr;No defect; Church areas;Two-way (divided with broken lines road marking);Tangent road with flat terrain;Y Shape;Earth roads;Wet or damp;Daylight;Raining;Collision with pedestrians;2;1;Reversing;Driver or rider;Male;18-30;3;Driver;Normal;Not a Pedestrian;No distancing;Slight Injury
20:55:00;Monday;Under 18;Male;High school;Owner;1-2yr;Automobile;Owner;Above 10yr;No defect;Other;other;Tangent road with flat terrain;Crossing;Asphalt roads;Dry;Darkness - lights lit;Normal;Collision with pedestrians;2;1;Moving Backward;Driver or rider;Male;18-30;3;Driver;Normal;Not a Pedestrian;Driving carelessly;Slight Injury
20:55:00;Monday;31-50;Male;Junior high school;Employee;2-5yr;Automobile;Owner;Below 1yr;;Other;Two-way (divided with broken lines road marking);Tangent road with flat terrain;Crossing;Asphalt roads;Dry;Darkness - lights lit;Normal;Vehicle with vehicle collision;2;1;Going straight;Pedestrian;Male;Under 18;3;Driver;Normal;Unknown or other;No priority to pedestrian;Slight Injury
09:30:00;Saturday;18-30;Male;;Employee;5-10yr;Other;Owner;2-5yrs;;Office areas;Undivided Two way;Tangent road with flat terrain;Other;Asphalt roads;Dry;Daylight;Normal;Vehicle with vehicle collision;3;3;Going straight;Driver or rider;Male;31-50;3;;Normal;Not a Pedestrian;Driving carelessly;Slight Injury
09:30:00;Saturday;18-30;Male;High school;Owner;2-5yr;Public (12 seats);Owner;2-5yrs;;Office areas;Two-way (divided with broken lines road marking);Tangent road with flat terrain;Other;Asphalt roads;Dry;Daylight;Normal;Collision with pedestrians;3;3;Going straight;Driver or rider;Male;18-30;3;Employee;Normal;Not a Pedestrian;Moving Backward;Slight Injury
09:30:00;Saturday;18-30;Male;High school;Employee;Above 10yr;Automobile;Owner;2-5yrs;No defect;Other;Undivided Two way;Tangent road with flat terrain;Other;Asphalt roads;Dry;Daylight;Normal;Collision with pedestrians;3;3;Going straight;Driver or rider;Male;31-50;3;;Normal;Not a Pedestrian;No distancing;Slight Injury
09:20:00;Wednesday;31-50;Male;Junior high school;Employee;1-2yr;Stationwagen;Owner;Below 1yr;No defect; Hospital areas;Undivided Two way;Tangent road with flat terrain;No junction;Asphalt roads;Dry;Daylight;Normal;Collision with pedestrians;2;2;Going straight;Driver or rider;Male;Under 18;3;;Normal;Not a Pedestrian;No distancing;Slight Injury
09:20:00;Wednesday;Over 51;Male;Elementary school;Employee;1-2yr;Automobile;Owner;2-5yrs;;Other;Undivided Two way;Tangent road with flat terrain;No junction;Asphalt roads;Dry;Daylight;Normal;Vehicle with vehicle collision;2;2;Going straight;Passenger;Female;Under 18;3;;Normal;Not a Pedestrian;No distancing;Slight Injury
01:50:00;Friday;Under 18;Male;High school;Employee;1-2yr;Automobile;Owner;;;Other;Two-way (divided with broken lines road marking);Tangent road with flat terrain;Crossing;Asphalt roads;Dry;Darkness - lights lit;Normal;Collision with roadside objects;2;1;Going straight;na;na;na;na;;;Not a Pedestrian;Changing lane to the left;Slight Injury
01:50:00;Friday;18-30;Male;Above high school;Employee;5-10yr;Automobile;Owner;;;Other;Undivided Two way;Tangent road with flat terrain;Crossing;Asphalt roads;Dry;Darkness - lights lit;Normal;Vehicle with vehicle collision;2;1;Going straight;Driver or rider;Male;18-30;3;Driver;Normal;Not a Pedestrian;Changing lane to the left;Slight Injury
10:32:00;Wednesday;31-50;Male;;;;;;;;Other;Double carriageway (median);Tangent road with flat terrain;No junction;Asphalt roads;Dry;Daylight;Normal;Vehicle with vehicle collision;1;1;Going straight;Passenger;Male;18-30;3;Self-employed;Normal;Not a Pedestrian;Moving Backward;Slight Injury