Time;Day_of_week;Age_band_of_driver;Sex_of_driver;Educational_level;Vehicle_driver_relation;Driving_experience;Type_of_vehicle;Owner_of_vehicle;Service_year_of_vehicle;Defect_of_vehicle;Area_accident_occured;Lanes_or_Medians;Road_allignment;Types_of_Junction;Road_surface_type;Road_surface_conditions;Light_conditions;Weather_conditions;Type_of_collision;Number_of_vehicles_involved;Number_of_casualties;Vehicle_movement;Casualty_class;Sex_of_casualty;Age_band_of_casualty;Casualty_severity;Work_of_casuality;Fitness_of_casuality;Pedestrian_movement;Cause_of_accident;Accident_severity
18:37:00;Thursday;Under 18;Male;Junior high school;Employee;5-10yr;;Governmental;;No defect;Other;Two-way (divided with broken lines road marking);Tangent road with mild grade and flat terrain;Y Shape;Gravel roads;Wet or damp;Darkness - lights lit;Normal;Collision with roadside objects;1;1;Turnover;na;na;na;na;;;Not a Pedestrian;Changing lane to the right;Slight Injury
08:02:00;Tuesday;18-30;Male;Elementary school;Owner;5-10yr;Pick up upto 10Q;Owner;Above 10yr;No defect; Hospital areas;Two-way (divided with broken lines road marking);Tangent road with flat terrain;Unknown;Asphalt roads;Dry;Daylight;Normal;Vehicle with vehicle collision;2;2;Going straight;Driver or rider;Male;Over 51;2;Driver;Normal;Not a Pedestrian;No priority to vehicle;Slight Injury
08:02:00;Tuesday;31-50;Male;Elementary school;Employee;5-10yr;Turbo;;Above 10yr;No defect;Other;Two-way (divided with broken lines road marking);Tangent road with flat terrain;Unknown;Earth roads;Dry;Daylight;Normal;Vehicle with vehicle collision;2;2;Moving Backward;na;na;na;na;Driver;Normal;Not a Pedestrian;Moving Backward;Slight Injury
08:02:00;Tuesday;31-50;Male;High school;Owner;5-10yr;Pick up upto 10Q;Owner;;No defect;Other;One way;Tangent road with flat terrain;Unknown;Asphalt roads;Dry;Daylight;Normal;Vehicle with vehicle collision;2;2;Going straight;Passenger;Male;Under 18;2;Driver;Normal;Not a Pedestrian;Driving carelessly;Slight Injury
06:14:00;Friday;Over 51;Male;Junior high school;Employee;5-10yr;Other;Owner;2-5yrs;No defect;Other;Two-way (divided with broken lines road marking);Tangent road with mild grade and flat terrain;Y Shape;Asphalt roads;Wet or damp;Darkness - lights lit;Normal;Vehicle with vehicle collision;2;1;Going straight;Passenger;Female;Under 18;2;Driver;Normal;Not a Pedestrian;Driving carelessly;Slight Injury
06:14:00;Friday;31-50;Male;Junior high school;Owner;1-2yr;Stationwagen;Owner;;;Office areas;Two-way (divided with broken lines road marking);Tangent road with flat terrain;Y Shape;Asphalt roads;Wet or damp;Darkness - lights lit;Normal;Collision with pedestrians;2;1;Moving Backward;na;na;na;na;Self-employed;Normal;Not a Pedestrian;Driving under the influence of drugs;Slight Injury
17:55:00;Saturday;Over 51;Male;Junior high school;Employee;2-5yr;Pick up upto 10Q;Owner;Unknown;;Residential areas;Two-way (divided with broken lines road marking);Tangent road with flat terrain;O Shape;Earth roads;Dry;Darkness - lights lit;Normal;Rollover;1;1;Going straight;na;na;na;na;;;Not a Pedestrian;No priority to pedestrian;Serious Injury
22:48:00;Monday;Over 51;Male;Junior high school;Owner;5-10yr;Lorry (41?100Q);Owner;2-5yrs;No defect;Other;Two-way (divided with broken lines road marking);Tangent road with flat terrain;No junction;Asphalt roads;Wet or damp;Darkness - lights lit;Normal;Vehicle with vehicle collision;2;2;Going straight;Driver or rider;Male;18-30;3;;;Not a Pedestrian;No priority to vehicle;Slight Injury
22:48:00;Monday;18-30;Male;Junior high school;Owner;Above 10yr;Lorry (41?100Q);Owner;Unknown;;Residential areas;Two-way (divided with broken lines road marking);Tangent road with flat terrain;No junction;Asphalt roads;Wet or damp;Darkness - lights lit;Normal;Vehicle with vehicle collision;2;2;Waiting to go;Passenger;Female;Under 18;3;Driver;Normal;Not a Pedestrian;Driving carelessly;Slight Injury
19:51:00;Friday;18-30;Male;High school;Employee;5-10yr;Automobile;Owner;Unknown;;Other;Undivided Two way;Tangent road with flat terrain;No junction;Asphalt roads;Dry;Darkness - no lighting;Normal;Vehicle with vehicle collision;1;1;Moving Backward;Passenger;Female;18-30;3;Driver;Normal;Not a Pedestrian;Moving Backward;Serious Injury
09:45:00;Wednesday;Over 51;Male;High school;Owner;2-5yr;Automobile;Owner;2-5yrs;;Residential areas;Double carriageway (median);Tangent road with flat terrain;Crossing;Asphalt roads;Dry;Daylight;Normal;Collision with roadside objects;2;1;Moving Backward;Pedestrian;Female;Over 51;3;;;Not a Pedestrian;Driving carelessly;Slight Injury
09:45:00;Wednesday;Over 51;Male;Junior high school;Employee;5-10yr;Pick up upto 10Q;Owner;;;Office areas;Two-way (divided with broken lines road marking);Tangent road with flat terrain;Crossing;Asphalt roads;Dry;Daylight;Normal;Vehicle with vehicle collision;2;1;Going straight;Driver or rider;Female;31-50;3;Self-employed;Normal;Not a Pedestrian;No priority to vehicle;Slight Injury
16:59:00;Friday;Under 18;Male;Elementary school;Employee;2-5yr;Pick up upto 10Q;Owner;5-10yrs;;Office areas;Two-way (divided with broken lines road marking);Tangent road with mild grade and flat terrain;No junction;Asphalt roads;Dry;Daylight;Normal;Rollover;2;1;Unknown;na;na;na;na;;;Not a Pedestrian;Changing lane to the right;Slight Injury
16:59:00;Friday;31-50;Male;Elementary school;Employee;5-10yr;Lorry (41?100Q);Owner;Unknown;;Office areas;Double carriageway (median);Tangent road with flat terrain;No junction;Asphalt roads;Dry;Daylight;Normal;Collision with roadside objects;2;1;Going straight;Driver or rider;Male;18-30;3;;;Not a Pedestrian;Changing lane to the left;Slight Injury
15:30:00;Wednesday;Under 18;Male;Junior high school;Employee;1-2yr;Public (12 seats);Owner;;;  Recreational areas;Two-way (divided with broken lines road marking);Tangent road with flat terrain;Y Shape;Asphalt roads;Wet or damp;Daylight;Other;Vehicle with vehicle collision;2;1;Going straight;na;na;na;na;Driver;Normal;Not a Pedestrian;No priority to vehicle;Slight Injury
15:30:00;Wednesday;18-30;Male;Junior high school;Employee;5-10yr;Other;Owner;;;Other;Two-way (divided with broken lines road marking);Tangent road with flat terrain;Y Shape;Asphalt roads;Wet or damp;Daylight;Other;Vehicle with vehicle collision;2;1;Going straight;na;na;na;na;Driver;Normal;Not a Pedestrian;Driving carelessly;Slight Injury
08:24:00;Thursday;31-50;Male;;;;Stationwagen;Owner;;;Other;other;Tangent road with flat terrain;Y Shape;Asphalt roads;Dry;Daylight;Normal;Vehicle with vehicle collision;1;1;Moving Backward;na;na;na;na;Driver;Normal;Not a Pedestrian;Moving Backward;Serious Injury
14:18:00;Wednesday;Over 51;Male;Elementary school;Employee;Above 10yr;Automobile;Owner;5-10yrs;;Other;Two-way (divided with broken lines road marking);Tangent road with flat terrain;Y Shape;Asphalt roads;Dry;Daylight;Normal;Vehicle with vehicle collision;2;1;Going straight;na;na;na;na;Driver;Normal;Not a Pedestrian;No distancing;Serious Injury
18:45:00;Monday;Unknown;Male;Elementary school;Employee;Below 1yr;Automobile;Owner;;;Other;Double carriageway (median);Tangent road with flat terrain;Y Shape;Asphalt roads;Dry;Darkness - lights lit;Normal;Vehicle with vehicle collision;1;1;Going straight;Passenger;Male;31-50;3;Driver;Normal;Not a Pedestrian;Changing lane to the left;Slight Injury
07:50:00;Monday;Unknown;Male;Junior high school;Employee;2-5yr;Lorry (41?100Q);Owner;2-5yrs;No defect;Other;Undivided Two way;Tangent road with mountainous terrain and;Y Shape;Asphalt roads;Dry;Daylight;Normal;Vehicle with vehicle collision;1;1;Going straight;Passenger;Female;31-50;3;Driver;Normal;Not a Pedestrian;Changing lane to the left;Slight Injury
18:08:00;Monday;18-30;Male;Elementary school;Owner;1-2yr;Stationwagen;Owner;2-5yrs;No defect;Office areas;Two-way (divided with broken lines road marking);Tangent road with flat terrain;O Shape;Asphalt roads;Wet or damp;Darkness - lights lit;Raining;Collision with pedestrians;1;1;Going straight;Pedestrian;Female;Under 18;2;Self-employed;Normal;Crossing from offside - masked by  parked or statioNot a Pedestrianry vehicle;No distancing;Slight Injury
07:40:00;Tuesday;Unknown;Male;Junior high school;Owner;5-10yr;Lorry (41?100Q);Owner;Above 10yr;No defect;Office areas;Two-way (divided with broken lines road marking);Tangent road with flat terrain;Crossing;Asphalt roads;Wet or damp;Daylight;Normal;Vehicle with vehicle collision;1;1;Going straight;na;na;na;na;Driver;Normal;Not a Pedestrian;Changing lane to the left;Slight Injury
07:30:00;Friday;31-50;Male;Junior high school;Employee;2-5yr;Public (> 45 seats);Owner;Unknown;No defect;Office areas;One way;Tangent road with flat terrain;Crossing;Asphalt roads;Wet or damp;Daylight;Raining;Vehicle with vehicle collision;2;1;Reversing;Driver or rider;Male;Over 51;2;Driver;Normal;Not a Pedestrian;Driving carelessly;Serious Injury
07:30:00;Friday;Unknown;Male;Junior high school;Employee;2-5yr;Automobile;Owner;Above 10yr;No defect;Residential areas;Double carriageway (median);Tangent road with flat terrain;Crossing;Asphalt roads;Wet or damp;Daylight;Raining;Collision with roadside objects;2;1;Going straight;Driver or rider;Male;18-30;2;;;Not a Pedestrian;Changing lane to the left;Serious Injury
09:56:00;Thursday;31-50;Male;High school;Employee;2-5yr;Automobile;Governmental;Below 1yr;No defect;  Recreational areas;Two-way (divided with broken lines road marking);Tangent road with flat terrain;Y Shape;Asphalt roads;Wet or damp;Daylight;Normal;Vehicle with vehicle collision;2;1;Going straight;na;na;na;na;Driver;Normal;Not a Pedestrian;No distancing;Slight Injury
09:56:00;Thursday;31-50;Male;Junior high school;Employee;Above 10yr;Automobile;Owner;Unknown;No defect; Church areas;Double carriageway (median);Tangent road with flat terrain;Y Shape;Asphalt roads;Wet or damp;Daylight;Normal;Vehicle with vehicle collision;2;1;Going straight;na;na;na;na;Driver;Normal;Not a Pedestrian;Changing lane to the right;Slight Injury
09:09:00;Thursday;31-50;Male;Junior high school;Employee;2-5yr;;Owner;Unknown;No defect;Office areas;Undivided Two way;Tangent road with flat terrain;Crossing;Asphalt roads;Wet or damp;Daylight;Other;Vehicle with vehicle collision;2;1;Going straight;Driver or rider;Male;31-50;3;Employee;Normal;Not a Pedestrian;No distancing;Slight Injury
09:09:00;Thursday;31-50;Male;Junior high school;Employee;1-2yr;Lorry (41?100Q);Owner;Unknown;No defect;Other;Two-way (divided with broken lines road marking);Tangent road with flat terrain;Crossing;Earth roads;Wet or damp;Daylight;Other;Collision with roadside objects;2;1;Going straight;Passenger;Female;18-30;3;;;Not a Pedestrian;Driving to the left;Slight Injury
15:30:00;Sunday;Over 51;Male;Junior high school;Employee;2-5yr;Lorry (41?100Q);Owner;;;Residential areas;other;Steep grade downward with mountainous terrain;No junction;Asphalt roads;Dry;Daylight;Normal;Vehicle with vehicle collision;2;1;Going straight;Pedestrian;Male;Over 51;3;Driver;Normal;Not a Pedestrian;No distancing;Slight Injury
15:30:00;Sunday;31-50;Male;Junior high school;Employee;5-10yr;Automobile;Owner;;No defect;School areas;other;Tangent road with flat terrain;No junction;Asphalt roads;Dry;Daylight;Normal;Vehicle with vehicle collision;2;1;Going straight;na;na;na;na;Self-employed;Normal;Not a Pedestrian;Overtaking;Slight Injury
06:20:00;Friday;31-50;Male;Junior high school;Employee;1-2yr;Stationwagen;Owner;1-2yr;No defect;Office areas;Two-way (divided with broken lines road marking);Tangent road with flat terrain;Y Shape;Other;Dry;Daylight;Normal;Vehicle with vehicle collision;2;1;Going straight;Driver or rider;Male;Over 51;3;Self-employed;Normal;Not a Pedestrian;Driving under the influence of drugs;Slight Injury
06:20:00;Friday;Over 51;Male;Elementary school;Employee;1-2yr;Public (12 seats);Owner;Above 10yr;No defect;Other;other;Tangent road with flat terrain;Y Shape;Asphalt roads;Dry;Daylight;Normal;Vehicle with vehicle collision;2;1;Waiting to go;Pedestrian;Female;Under 18;3;Employee;Normal;Not a Pedestrian;No priority to pedestrian;Slight Injury
15:44:00;Tuesday;31-50;Male;Junior high school;Employee;2-5yr;Public (12 seats);Owner;Unknown;No defect;Other;Two-way (divided with broken lines road marking);Tangent road with flat terrain;Y Shape;Asphalt roads;Dry;Daylight;Other;Vehicle with vehicle collision;2;2;Going straight;Driver or rider;Female;18-30;2;Driver;Normal;Not a Pedestrian;Moving Backward;Slight Injury
15:44:00;Tuesday;31-50;Male;Junior high school;Employee;Above 10yr;Automobile;Organization;2-5yrs;;Office areas;Two-way (divided with broken lines road marking);Tangent road with mountainous terrain and;Y Shape;Asphalt roads;Dry;Daylight;Other;Vehicle with vehicle collision;2;2;Going straight;Passenger;Female;Under 18;3;Driver;Normal;Not a Pedestrian;Changing lane to the right;Slight Injury
22:39:00;Friday;18-30;Male;Junior high school;Employee;Below 1yr;Public (12 seats);Owner;;;Office areas;Two-way (divided with broken lines road marking);Tangent road with flat terrain;O Shape;Asphalt roads;Wet or damp;Darkness - lights lit;Raining;Vehicle with vehicle collision;2;1;Going straight;na;na;na;na;Employee;Normal;Not a Pedestrian;Changing lane to the left;Slight Injury
22:39:00;Friday;Unknown;Female;Junior high school;Employee;Above 10yr;Public (12 seats);Owner;5-10yrs;;Other;Undivided Two way;Tangent road with flat terrain;O Shape;Asphalt roads;Wet or damp;Darkness - lights lit;Raining;Collision with roadside objects;2;1;Going straight;Driver or rider;Female;31-50;3;Self-employed;Normal;Not a Pedestrian;Changing lane to the right;Slight Injury
08:10:00;Thursday;31-50;Male;Elementary school;Owner;5-10yr;Lorry (41?100Q);Owner;5-10yrs;No defect;Office areas;Two-way (divided with broken lines road marking);Tangent road with flat terrain;Y Shape;Asphalt roads;Dry;Daylight;Normal;Vehicle with vehicle collision;1;2;Going straight;na;na;na;na;Driver;Normal;Not a Pedestrian;Driving under the influence of drugs;Slight Injury
08:10:00;Thursday;31-50;Male;Elementary school;Employee;Above 10yr;Automobile;Owner;2-5yrs;No defect; Industrial areas;Two-way (divided with broken lines road marking);Tangent road with flat terrain;Y Shape;Asphalt roads;Dry;Daylight;Normal;Vehicle with vehicle collision;1;2;Going straight;Passenger;Male;31-50;3;Driver;Normal;Not a Pedestrian;No priority to vehicle;Slight Injury
18:05:00;Wednesday;18-30;Male;Junior high school;Employee;1-2yr;Lorry (41?100Q);Owner;Unknown;No defect;Office areas;Undivided Two way;Tangent road with flat terrain;Y Shape;Asphalt roads;Dry;Darkness - lights lit;Normal;Vehicle with vehicle collision;2;1;Going straight;na;na;na;na;Self-employed;Normal;Not a Pedestrian;No priority to vehicle;Slight Injury
18:05:00;Wednesday;18-30;Male;;;;;Owner;;;Other;Undivided Two way;Tangent road with flat terrain;Y Shape;Asphalt roads;Dry;Darkness - lights lit;Normal;Vehicle with vehicle collision;2;1;Going straight;Driver or rider;Male;31-50;3;Driver;Normal;Not a Pedestrian;Changing lane to the left;Slight Injury
13:38:00;Wednesday;Unknown;Female;High school;Owner;5-10yr;Automobile;Owner;Above 10yr;;Other;Two-way (divided with broken lines road marking);Tangent road with flat terrain;Crossing;Asphalt roads;Dry;Daylight;Normal;Vehicle with vehicle collision;1;1;Going straight;Pedestrian;Male;31-50;3;Driver;Normal;Crossing from nearside - masked by parked or statioNot a Pedestrianry vehicle;Changing lane to the right;Slight Injury
10:57:00;Friday;31-50;Male;Elementary school;Employee;2-5yr;Stationwagen;Owner;Unknown;;Office areas;Two-way (divided with broken lines road marking);Tangent road with flat terrain;Y Shape;Asphalt roads;Dry;Daylight;Normal;Vehicle with vehicle collision;1;1;Going straight;na;na;na;na;Driver;Normal;Not a Pedestrian;Changing lane to the right;Slight Injury
17:15:00;Friday;31-50;Male;;;;;;;; Church areas;;Tangent road with flat terrain;Y Shape;Asphalt roads;Dry;Darkness - lights lit;Normal;Vehicle with vehicle collision;1;1;Going straight;Driver or rider;Male;31-50;3;Self-employed;Normal;Not a Pedestrian;Changing lane to the left;Slight Injury
13:34:00;Friday;31-50;Male;;;;;Owner;;;Office areas;other;Tangent road with flat terrain;Y Shape;Asphalt roads;Dry;Daylight;Normal;Collision with roadside objects;2;1;Going straight;Passenger;Male;31-50;3;Employee;Normal;Not a Pedestrian;Changing lane to the left;Slight Injury
13:34:00;Friday;31-50;Male;High school;Owner;1-2yr;Automobile;Owner;;;Residential areas;other;Tangent road with flat terrain;Y Shape;Asphalt roads;Dry;Daylight;Normal;Rollover;2;1;Going straight;Driver or rider;Male;Over 51;3;;;Not a Pedestrian;Getting off the vehicle improperly;Slight Injury
01:50:00;Sunday;18-30;Male;Junior high school;Employee;1-2yr;Stationwagen;Owner;Unknown;No defect;  Recreational areas;Two-way (divided with broken lines road marking);Tangent road with flat terrain;No junction;Asphalt roads;Dry;Darkness - lights lit;Normal;Vehicle with vehicle collision;2;1;Turnover;Passenger;Female;31-50;3;Self-employed;Normal;Not a Pedestrian;Overtaking;Slight Injury
01:50:00;Sunday;31-50;Male;Junior high school;Employee;1-2yr;Automobile;Governmental;5-10yrs;;Other;other;Tangent road with flat terrain;No junction;Asphalt roads;Dry;Darkness - lights lit;Normal;Vehicle with vehicle collision;2;1;Reversing;Driver or rider;Male;18-30;3;Driver;Normal;Not a Pedestrian;Changing lane to the left;Slight Injury
16:16:00;Saturday;Unknown;Male;Junior high school;Employee;Above 10yr;Other;Owner;Unknown;No defect; Church areas;Undivided Two way;Tangent road with flat terrain;No junction;Asphalt roads;Dry;Darkness - lights lit;Normal;Vehicle with vehicle collision;1;1;Moving Backward;na;na;na;na;Driver;Normal;Not a Pedestrian;Driving under the influence of drugs;Slight Injury
15:25:00;Friday;31-50;Male;Junior high school;Employee;1-2yr;Other;Owner;Unknown;No defect;Other;One way;Tangent road with flat terrain;Other;Asphalt roads;Dry;Daylight;Normal;Vehicle with vehicle collision;2;1;Going straight;Driver or rider;Female;31-50;3;Driver;Normal;Not a Pedestrian;Driving carelessly;Slight Injury
15:25:00;Friday;18-30;Male;High school;Owner;Above 10yr;Automobile;Owner;Above 10yr;No defect;Other;Two-way (divided with broken lines road marking);Tangent road with flat terrain;Other;Asphalt roads;Dry;Daylight;Normal;Vehicle with vehicle collision;2;1;Moving Backward;na;na;na;na;Driver;Normal;Not a Pedestrian;Moving Backward;Slight Injury
23:25:00;Friday;31-50;Male;Junior high school;Employee;Above 10yr;Lorry (41?100Q);Owner;5-10yrs;; Church areas;Undivided Two way;Tangent road with flat terrain;Y Shape;Asphalt roads;Wet or damp;Darkness - lights lit;Raining;Vehicle with vehicle collision;1;1;Going straight;na;na;na;na;Self-employed;Normal;Not a Pedestrian;No distancing;Serious Injury
17:20:00;Tuesday;Unknown;Male;Junior high school;Employee;1-2yr;Lorry (41?100Q);Owner;Unknown;;Office areas;Two-way (divided with broken lines road marking);Tangent road with mild grade and flat terrain;Crossing;Gravel roads;Dry;Darkness - lights lit;Normal;Vehicle with vehicle collision;1;1;Going straight;Driver or rider;Male;31-50;3;Driver;Normal;Not a Pedestrian;No priority to vehicle;Slight Injury
15:15:00;Tuesday;31-50;Male;Junior high school;Employee;1-2yr;Lorry (41?100Q);Owner;Unknown;;Office areas;Double carriageway (median);Tangent road with flat terrain;Y Shape;Asphalt roads;Dry;Daylight;Normal;Vehicle with vehicle collision;2;1;Going straight;na;na;na;na;Driver;Normal;Not a Pedestrian;Overturning;Slight Injury
15:15:00;Tuesday;Unknown;Male;High school;Employee;2-5yr;Automobile;Organization;5-10yrs;No defect; Church areas;Two-way (divided with broken lines road marking);Tangent road with flat terrain;Y Shape;Asphalt roads;Dry;Daylight;Normal;Collision with roadside objects;2;1;Going straight;Driver or rider;Female;31-50;3;;;Not a Pedestrian;Changing lane to the left;Slight Injury
09:36:00;Wednesday;Over 51;Male;Junior high school;Employee;2-5yr;Automobile;Organization;2-5yrs;No defect;Other;Undivided Two way;Tangent road with mountainous terrain and;No junction;Asphalt roads;Wet or damp;Daylight;Raining;Vehicle with vehicle collision;2;2;Going straight;Passenger;Female;Under 18;3;Self-employed;Normal;Not a Pedestrian;No distancing;Slight Injury
09:36:00;Wednesday;18-30;Male;Junior high school;Employee;1-2yr;Public (13?45 seats);Owner;Unknown;No defect;Other;Undivided Two way;Tangent road with flat terrain;No junction;Asphalt roads;Wet or damp;Daylight;Raining;Vehicle with vehicle collision;2;2;Unknown;Driver or rider;Female;31-50;3;Driver;Normal;Not a Pedestrian;Moving Backward;Slight Injury
01:46:00;Friday;18-30;Male;Elementary school;Employee;5-10yr;Public (13?45 seats);Owner;Unknown;No defect; Church areas;Undivided Two way;Tangent road with flat terrain;Crossing;Asphalt roads;Dry;Darkness - lights lit;Normal;Vehicle with vehicle collision;2;2;Going straight;Pedestrian;Male;31-50;2;Driver;Normal;Unknown or other;No priority to vehicle;Slight Injury
01:46:00;Friday;31-50;Male;Junior high school;Employee;5-10yr;Lorry (41?100Q);Owner;5-10yrs;No defect; Industrial areas;Two-way (divided with broken lines road marking);Tangent road with mild grade and flat terrain;Crossing;Asphalt roads;Dry;Darkness - lights lit;Normal;Vehicle with vehicle collision;2;2;Unknown;Pedestrian;Male;31-50;2;Driver;Normal;Not a Pedestrian;No priority to vehicle;Slight Injury
19:00:00;Thursday;31-50;Male;Junior high school;Employee;1-2yr;Lorry (41?100Q);Owner;Unknown;No defect;Office areas;Undivided Two way;Tangent road with flat terrain;Crossing;Asphalt roads;Dry;Darkness - lights lit;Normal;Collision with pedestrians;1;1;Going straight;na;na;na;na;Other;Normal;Not a Pedestrian;No distancing;Slight Injury
17:10:00;Thursday;Unknown;Female;Elementary school;Other;5-10yr;Public (12 seats);Owner;Unknown;No defect;School areas;Undivided Two way;Tangent road with flat terrain;Crossing;Asphalt roads;Dry;Darkness - lights lit;Normal;Collision with pedestrians;1;1;Moving Backward;Driver or rider;Male;31-50;2;Employee;Normal;Not a Pedestrian;No distancing;Slight Injury
07:50:00;Friday;31-50;Male;Junior high school;Employee;2-5yr;Other;Owner;Unknown;No defect;Other;Undivided Two way;Tangent road with flat terrain;No junction;Asphalt roads;Dry;Daylight;Normal;Vehicle with vehicle collision;1;1;Going straight;na;na;na;na;Driver;Normal;Not a Pedestrian;Overtaking;Slight Injury
13:00:00;Sunday;31-50;Male;Elementary school;Employee;5-10yr;Lorry (41?100Q);Owner;Unknown;No defect; Church areas;One way;Tangent road with flat terrain;Crossing;Asphalt roads;Wet or damp;Daylight;Normal;Vehicle with vehicle collision;2;1;Going straight;Driver or rider;Male;18-30;3;Self-employed;Normal;Not a Pedestrian;Driving under the influence of drugs;Slight Injury
13:00:00;Sunday;Over 51;Male;Junior high school;Employee;Above 10yr;Automobile;Owner;Unknown;No defect;Office areas;Undivided Two way;Tangent road with flat terrain;Crossing;Asphalt roads;Wet or damp;Daylight;Normal;Vehicle with vehicle collision;2;1;Moving Backward;na;na;na;na;Driver;Normal;Not a Pedestrian;Changing lane to the right;Slight Injury
23:10:00;Friday;Over 51;Male;Junior high school;Employee;Above 10yr;Other;Owner;Unknown;No defect;Other;other;Steep grade downward with mountainous terrain;Y Shape;Asphalt roads;Dry;Darkness - lights lit;Normal;Rollover;1;1;Going straight;Driver or rider;Male;31-50;3;;;Not a Pedestrian;Changing lane to the left;Slight Injury
00:10:00;Saturday;18-30;Male;Elementary school;Owner;2-5yr;Motorcycle;Owner;2-5yrs;No defect;Other;other;Tangent road with flat terrain;No junction;Asphalt roads;Dry;Darkness - lights lit;Normal;Vehicle with vehicle collision;2;1;Turnover;Pedestrian;Female;Under 18;2;Driver;Normal;Crossing from nearside - masked by parked or statioNot a Pedestrianry vehicle;Driving carelessly;Slight Injury
00:10:00;Saturday;Over 51;Male;Elementary school;Employee;5-10yr;Automobile;Owner;Unknown;;Other;Two-way (divided with broken lines road marking);Tangent road with flat terrain;No junction;Asphalt roads;Dry;Darkness - lights lit;Normal;Vehicle with vehicle collision;2;1;Going straight;Driver or rider;Male;18-30;2;Driver;Normal;Not a Pedestrian;Moving Backward;Slight Injury
16:00:00;Sunday;31-50;Male;Junior high school;Owner;1-2yr;Automobile;Owner;2-5yrs;;Other;One way;Tangent road with flat terrain;Y Shape;Asphalt roads;Dry;Daylight;Normal;Collision with pedestrians;1;1;Going straight;na;na;na;na;Self-employed;Normal;Not a Pedestrian;Moving Backward;Slight Injury
21:06:00;Saturday;31-50;Male;Elementary school;Employee;Above 10yr;Lorry (41?100Q);Owner;Above 10yr;No defect; Church areas;Two-way (divided with broken lines road marking);Tangent road with mild grade and flat terrain;Y Shape;Asphalt roads;Dry;Darkness - lights lit;Normal;Vehicle with vehicle collision;1;1;Unknown;Driver or rider;Female;31-50;3;Self-employed;Normal;Not a Pedestrian;Changing lane to the right;Slight Injury
18:40:00;Friday;18-30;Male;Junior high school;Employee;5-10yr;Automobile;Governmental;2-5yrs;No defect;Residential areas;Two-way (divided with broken lines road marking);Tangent road with flat terrain;No junction;Asphalt roads;Dry;Darkness - lights lit;Normal;Vehicle with vehicle collision;2;1;Going straight;na;na;na;na;Driver;Normal;Not a Pedestrian;No priority to vehicle;Serious Injury
18:40:00;Friday;Unknown;Male;Junior high school;Employee;2-5yr;Public (> 45 seats);Owner;2-5yrs;No defect;Office areas;Two-way (divided with broken lines road marking);Tangent road with mild grade and flat terrain;No junction;Gravel roads;Dry;Darkness - lights lit;Normal;Vehicle with vehicle collision;2;1;Going straight;na;na;na;na;Driver;Normal;Not a Pedestrian;Driving at high speed;Serious Injury
14:00:00;Saturday;31-50;Male;Elementary school;Employee;Above 10yr;Lorry (41?100Q);Owner;2-5yrs;No defect;Other;Two-way (divided with broken lines road marking);Tangent road with flat terrain;Y Shape;Asphalt roads;Wet or damp;Daylight;Raining;Collision with pedestrians;1;1;Going straight;na;na;na;na;Self-employed;Normal;Not a Pedestrian;Driving under the influence of drugs;Slight Injury
16:30:00;Friday;31-50;Male;Junior high school;Employee;2-5yr;Public (> 45 seats);Owner;2-5yrs;No defect;Office areas;Two-way (divided with broken lines road marking);Tangent road with mild grade and flat terrain;Crossing;Gravel roads;Dry;Daylight;Normal;Vehicle with vehicle collision;2;1;Going straight;na;na;na;na;Driver;Normal;Not a Pedestrian;Changing lane to the right;Slight Injury
16:30:00;Friday;Unknown;Male;Elementary school;Employee;Above 10yr;Lorry (41?100Q);Owner;2-5yrs;No defect;Other;Two-way (divided with broken lines road marking);Tangent road with flat terrain;Crossing;Asphalt roads;Dry;Daylight;Normal;Collision with pedestrians;2;1;Reversing;Driver or rider;Female;18-30;3;Self-employed;Normal;Not a Pedestrian;Driving carelessly;Slight Injury
14:10:00;Tuesday;18-30;Male;Junior high school;Employee;Above 10yr;Lorry (41?100Q);Owner;1-2yr;No defect; Church areas;Undivided Two way;Tangent road with flat terrain;Y Shape;Asphalt roads;Dry;Daylight;Normal;Vehicle with vehicle collision;3;3;Going straight;Passenger;Female;Under 18;3;Driver;Normal;Not a Pedestrian;No distancing;Slight Injury
14:10:00;Tuesday;18-30;Male;Junior high school;Employee;2-5yr;Lorry (41?100Q);Owner;Unknown;No defect;Office areas;Two-way (divided with broken lines road marking);Tangent road with flat terrain;Y Shape;Asphalt roads;Dry;Daylight;Normal;Vehicle with vehicle collision;3;3;Moving Backward;Pedestrian;Male;Under 18;3;Driver;Normal;Crossing from driver's nearside;Changing lane to the left;Slight Injury
14:10:00;Tuesday;18-30;Male;Junior high school;Employee;Above 10yr;Public (12 seats);Owner;Unknown;No defect;Other;Two-way (divided with broken lines road marking);Tangent road with flat terrain;Y Shape;Asphalt roads;Dry;Daylight;Normal;Vehicle with vehicle collision;3;3;Going straight;na;na;na;na;Driver;Normal;Not a Pedestrian;No distancing;Slight Injury
14:10:00;Tuesday;31-50;Male;Junior high school;Employee;Above 10yr;Public (12 seats);Owner;Unknown;No defect;Other;Two-way (divided with broken lines road marking);Tangent road with flat terrain;Y Shape;Asphalt roads;Dry;Daylight;Normal;Vehicle with vehicle collision;3;3;Going straight;Driver or rider;Male;31-50;2;Driver;Normal;Not a Pedestrian;No distancing;Slight Injury