Time;Day_of_week;Age_band_of_driver;Sex_of_driver;Educational_level;Vehicle_driver_relation;Driving_experience;Type_of_vehicle;Owner_of_vehicle;Service_year_of_vehicle;Defect_of_vehicle;Area_accident_occured;Lanes_or_Medians;Road_allignment;Types_of_Junction;Road_surface_type;Road_surface_conditions;Light_conditions;Weather_conditions;Type_of_collision;Number_of_vehicles_involved;Number_of_casualties;Vehicle_movement;Casualty_class;Sex_of_casualty;Age_band_of_casualty;Casualty_severity;Work_of_casuality;Fitness_of_casuality;Pedestrian_movement;Cause_of_accident;Accident_severity
11:39:00;Saturday;Over 51;Male;Junior high school;Employee;2-5yr;Public (12 seats);Owner;1-2yr;No defect;Other;Double carriageway (median);Tangent road with flat terrain;No junction;Asphalt roads;Wet or damp;Daylight;Normal;Vehicle with vehicle collision;3;1;Going straight;Passenger;Female;31-50;3;Self-employed;Normal;Not a Pedestrian;No distancing;Slight Injury
16:00:00;Saturday;31-50;Male;Junior high school;Employee;1-2yr;Automobile;Owner;Unknown;No defect;Other;Two-way (divided with broken lines road marking);Tangent road with flat terrain;No junction;Asphalt roads;Dry;Daylight;Normal;Collision with roadside objects;1;1;Going straight;Driver or rider;Male;31-50;3;;;Not a Pedestrian;No distancing;Slight Injury
14:20:00;Sunday;Under 18;Male;Elementary school;Employee;5-10yr;Automobile;Owner;2-5yrs;No defect;Residential areas;Two-way (divided with broken lines road marking);Tangent road with flat terrain;Crossing;Asphalt roads;Dry;Daylight;Normal;Collision with roadside objects;1;1;Going straight;Pedestrian;Male;Under 18;3;;;Not a Pedestrian;Getting off the vehicle improperly;Serious Injury
16:01:00;Monday;31-50;Male;Junior high school;Owner;Below 1yr;Public (13?45 seats);Owner;Unknown;No defect;Other;other;Tangent road with flat terrain;Y Shape;Asphalt roads;Dry;Daylight;Normal;Vehicle with vehicle collision;1;1;Going straight;na;na;na;na;Driver;;Not a Pedestrian;No priority to pedestrian;Slight Injury
10:27:00;Monday;31-50;Male;Junior high school;Employee;Below 1yr;Lorry (41?100Q);Owner;Unknown;No defect; Church areas;Undivided Two way;Tangent road with flat terrain;Y Shape;Asphalt roads;Dry;Daylight;Normal;Collision with roadside objects;2;6;Going straight;Driver or rider;Male;31-50;3;;;Not a Pedestrian;Changing lane to the left;Slight Injury
10:27:00;Monday;31-50;Male;Writing & reading;Employee;Below 1yr;Lorry (41?100Q);Owner;Unknown;No defect;Other;Undivided Two way;Tangent road with flat terrain;Y Shape;Asphalt roads;Dry;Daylight;Normal;Collision with roadside objects;2;6;Reversing;Passenger;Female;18-30;3;Unemployed;Normal;Not a Pedestrian;No distancing;Slight Injury
10:27:00;Monday;31-50;Male;Junior high school;Employee;1-2yr;Lorry (11?40Q);Owner;Unknown;No defect;Office areas;Undivided Two way;Tangent road with flat terrain;Y Shape;Asphalt roads;Dry;Daylight;Normal;Vehicle with vehicle collision;2;6;Going straight;Passenger;Female;31-50;3;Driver;Normal;Not a Pedestrian;Driving carelessly;Slight Injury
10:27:00;Monday;31-50;Male;Elementary school;Owner;5-10yr;Motorcycle;Owner;2-5yrs;No defect;Office areas;Two-way (divided with broken lines road marking);Tangent road with flat terrain;Y Shape;Asphalt roads;Dry;Daylight;Normal;Vehicle with vehicle collision;2;6;Going straight;Passenger;Male;18-30;3;Driver;Normal;Not a Pedestrian;No distancing;Slight Injury
10:27:00;Monday;31-50;Male;Junior high school;Employee;2-5yr;Lorry (41?100Q);Owner;;;Residential areas;Undivided Two way;Tangent road with flat terrain;Y Shape;Asphalt roads;Dry;Daylight;Normal;Collision with roadside objects;2;6;Going straight;na;na;na;na;Driver;Normal;Not a Pedestrian;Changing lane to the right;Slight Injury
10:27:00;Monday;Unknown;Male;Junior high school;Owner;Below 1yr;Stationwagen;Owner;Unknown;;Other;Two-way (divided with broken lines road marking);Tangent road with flat terrain;Y Shape;Asphalt roads;Dry;Daylight;Normal;Vehicle with vehicle collision;2;6;Unknown;Driver or rider;Male;Over 51;3;;;Not a Pedestrian;Overtaking;Slight Injury
11:26:00;Monday;18-30;Male;Writing & reading;Employee;5-10yr;Automobile;Owner;Above 10yr;; Industrial areas;Undivided Two way;Tangent road with flat terrain;Y Shape;Asphalt roads;Dry;Daylight;Normal;Vehicle with vehicle collision;1;1;Going straight;Passenger;Male;Over 51;3;Driver;Normal;Not a Pedestrian;Driving carelessly;Slight Injury
18:12:00;Saturday;31-50;Male;Writing & reading;Employee;5-10yr;Other;Owner;Unknown;;Office areas;Two-way (divided with broken lines road marking);Tangent road with flat terrain;Crossing;Asphalt roads;Dry;Darkness - lights lit;Normal;Vehicle with vehicle collision;3;1;Going straight;Pedestrian;Female;Under 18;3;Driver;Normal;Not a Pedestrian;Moving Backward;Slight Injury
18:12:00;Saturday;Unknown;Male;Junior high school;Employee;5-10yr;Other;Organization;Unknown;;  Recreational areas;Two-way (divided with broken lines road marking);Tangent road with flat terrain;Crossing;Asphalt roads;Dry;Darkness - lights lit;Normal;Vehicle with vehicle collision;3;1;Going straight;na;na;na;na;Self-employed;Normal;Not a Pedestrian;No distancing;Slight Injury
18:12:00;Saturday;Unknown;Female;Junior high school;Employee;2-5yr;Taxi;Owner;1-2yr;No defect;Residential areas;Two-way (divided with broken lines road marking);Tangent road with flat terrain;Crossing;Asphalt roads;Dry;Darkness - lights lit;Normal;Vehicle with vehicle collision;3;1;Going straight;Driver or rider;Male;18-30;3;Driver;Normal;Not a Pedestrian;Overtaking;Slight Injury
21:01:00;Tuesday;18-30;Male;Junior high school;Employee;Above 10yr;Automobile;Owner;Above 10yr;;Residential areas;Undivided Two way;Tangent road with flat terrain;No junction;Asphalt roads;Wet or damp;Darkness - lights lit;Normal;Vehicle with vehicle collision;2;1;Going straight;na;na;na;na;;;Not a Pedestrian;Driving carelessly;Slight Injury
21:01:00;Tuesday;18-30;Male;Junior high school;Employee;5-10yr;Long lorry;Owner;5-10yrs;; Church areas;Undivided Two way;Steep grade downward with mountainous terrain;No junction;Asphalt roads;Wet or damp;Darkness - lights lit;Normal;Collision with pedestrians;2;1;Going straight;Driver or rider;Male;18-30;2;Unknown;Normal;Not a Pedestrian;Driving carelessly;Slight Injury
10:11:00;Tuesday;Over 51;Male;Junior high school;Employee;Above 10yr;Long lorry;Owner;5-10yrs;;Residential areas;Undivided Two way;Tangent road with flat terrain;Y Shape;Asphalt roads;Dry;Daylight;Normal;Vehicle with vehicle collision;2;1;Unknown;na;na;na;na;Driver;Normal;Not a Pedestrian;Moving Backward;Slight Injury
10:11:00;Tuesday;31-50;Male;Junior high school;Employee;2-5yr;Lorry (41?100Q);Owner;Unknown;No defect;;other;Tangent road with flat terrain;Y Shape;Asphalt roads;Dry;Daylight;Normal;Collision with roadside objects;2;1;Moving Backward;Driver or rider;Female;18-30;3;;;Not a Pedestrian;Driving carelessly;Slight Injury
19:30:00;Friday;31-50;Male;Junior high school;Employee;Below 1yr;Lorry (41?100Q);Owner;5-10yrs;No defect;Other;Undivided Two way;Tangent road with flat terrain;Y Shape;Asphalt roads;Dry;Darkness - lights lit;Normal;Vehicle with vehicle collision;2;1;Going straight;na;na;na;na;Driver;Normal;Not a Pedestrian;Driving to the left;Slight Injury
19:30:00;Friday;18-30;Male;Junior high school;Employee;Below 1yr;Lorry (11?40Q);Owner;Unknown;;Other;Two-way (divided with solid lines road marking);Tangent road with flat terrain;Y Shape;Asphalt roads;Dry;Darkness - lights lit;Normal;Vehicle with vehicle collision;2;1;Turnover;Driver or rider;Male;31-50;3;Other;Normal;Not a Pedestrian;Changing lane to the left;Slight Injury
12:01:00;Friday;31-50;Male;Junior high school;Owner;5-10yr;Automobile;Owner;Unknown;No defect; Church areas;Two-way (divided with solid lines road marking);Tangent road with flat terrain;Y Shape;Asphalt roads;Dry;Daylight;Normal;Vehicle with vehicle collision;2;1;Turnover;Passenger;Female;18-30;3;Other;Normal;Not a Pedestrian;No distancing;Slight Injury
12:01:00;Friday;18-30;Male;Junior high school;Employee;2-5yr;Taxi;Governmental;;No defect;Other;Two-way (divided with solid lines road marking);Tangent road with flat terrain;Y Shape;Asphalt roads;Dry;Daylight;Normal;Vehicle with vehicle collision;2;1;Reversing;na;na;na;na;Self-employed;Normal;Not a Pedestrian;No distancing;Slight Injury
13:30:00;Saturday;31-50;Male;Elementary school;Employee;Below 1yr;Other;Owner;Unknown;No defect; Church areas;Two-way (divided with solid lines road marking);Tangent road with flat terrain;No junction;Asphalt roads;Dry;Daylight;Normal;Vehicle with vehicle collision;3;2;Reversing;Pedestrian;Male;18-30;2;Driver;Normal;Unknown or other;Changing lane to the right;Slight Injury
13:30:00;Saturday;Over 51;Male;Junior high school;Employee;2-5yr;Automobile;Owner;Unknown;No defect; Church areas;Two-way (divided with broken lines road marking);Tangent road with flat terrain;No junction;;Dry;Daylight;Normal;Vehicle with vehicle collision;3;2;Reversing;Pedestrian;Female;Under 18;3;Driver;Normal;Not a Pedestrian;Driving under the influence of drugs;Slight Injury
13:30:00;Saturday;31-50;Male;Junior high school;Employee;5-10yr;Automobile;Owner;Above 10yr;No defect;Other;Undivided Two way;Tangent road with flat terrain;No junction;Asphalt roads;Dry;Daylight;Normal;Vehicle with vehicle collision;3;2;Moving Backward;na;na;na;na;Driver;Normal;Not a Pedestrian;Changing lane to the right;Slight Injury
07:50:00;Wednesday;18-30;Male;High school;Employee;Above 10yr;Automobile;Governmental;5-10yrs;No defect;Other;Undivided Two way;Tangent road with flat terrain;Y Shape;Asphalt roads;Dry;Daylight;Normal;Vehicle with vehicle collision;2;1;Going straight;Driver or rider;Female;Over 51;3;;;Not a Pedestrian;Changing lane to the left;Slight Injury
07:50:00;Wednesday;Unknown;Male;High school;Employee;Above 10yr;Automobile;Owner;5-10yrs;No defect;School areas;other;Tangent road with flat terrain;Y Shape;Asphalt roads;Dry;Daylight;Normal;Vehicle with vehicle collision;2;1;Going straight;Pedestrian;Male;31-50;2;;;Not a Pedestrian;Moving Backward;Slight Injury
12:30:00;Tuesday;31-50;Male;Junior high school;Employee;5-10yr;Public (> 45 seats);Owner;Above 10yr;No defect;Residential areas;Undivided Two way;Tangent road with flat terrain;Y Shape;Asphalt roads;Dry;Daylight;Normal;Collision with roadside objects;2;1;Going straight;na;na;na;na;Driver;Normal;Not a Pedestrian;No distancing;Slight Injury
12:30:00;Tuesday;31-50;Male;Elementary school;Employee;1-2yr;Lorry (11?40Q);;1-2yr;No defect;Other;Two-way (divided with broken lines road marking);Tangent road with flat terrain;Y Shape;Asphalt roads;Dry;Daylight;Normal;Vehicle with vehicle collision;2;1;Going straight;Driver or rider;Male;31-50;2;Other;Normal;Not a Pedestrian;Changing lane to the right;Slight Injury
19:30:00;Tuesday;31-50;Male;Elementary school;Employee;5-10yr;Lorry (41?100Q);Owner;Above 10yr;No defect;Office areas;Undivided Two way;Tangent road with flat terrain;Crossing;Asphalt roads;Dry;Darkness - lights lit;Normal;Collision with roadside objects;2;1;Going straight;Driver or rider;Male;Under 18;3;Driver;Normal;Not a Pedestrian;Moving Backward;Slight Injury
19:30:00;Tuesday;18-30;Male;Junior high school;Employee;5-10yr;Lorry (41?100Q);Owner;Above 10yr;No defect;Residential areas;Undivided Two way;Tangent road with flat terrain;Crossing;Asphalt roads;Dry;Darkness - lights lit;Normal;Vehicle with vehicle collision;2;1;Going straight;na;na;na;na;;;Not a Pedestrian;No distancing;Slight Injury
22:40:00;Tuesday;18-30;Male;Junior high school;Employee;1-2yr;Stationwagen;Owner;Above 10yr;No defect;Other;One way;Steep grade downward with mountainous terrain;Y Shape;Asphalt roads;Dry;Darkness - lights lit;Normal;Vehicle with vehicle collision;2;1;Going straight;na;na;na;na;Driver;Normal;Not a Pedestrian;Driving to the left;Slight Injury
22:40:00;Tuesday;31-50;Male;Junior high school;Owner;5-10yr;Other;Owner;Above 10yr;No defect;Residential areas;Two-way (divided with broken lines road marking);Tangent road with flat terrain;Y Shape;Asphalt roads;Dry;Darkness - lights lit;Normal;;2;1;Going straight;Driver or rider;Male;31-50;3;Driver;Normal;Not a Pedestrian;Driving to the left;Slight Injury
23:35:00;Tuesday;18-30;Male;High school;Owner;Above 10yr;Automobile;Owner;5-10yrs;No defect;Residential areas;Undivided Two way;Tangent road with flat terrain;Y Shape;Asphalt roads;Dry;Darkness - lights lit;Normal;Collision with pedestrians;1;1;Going straight;Passenger;Female;Over 51;3;Employee;Normal;Not a Pedestrian;Moving Backward;Slight Injury
17:30:00;Tuesday;18-30;Male;;Owner;Below 1yr;Pick up upto 10Q;Owner;;No defect;Residential areas;Two-way (divided with broken lines road marking);Tangent road with flat terrain;Y Shape;Asphalt roads;Dry;Daylight;Normal;Vehicle with vehicle collision;2;1;Turnover;Passenger;Female;31-50;3;;;Not a Pedestrian;Moving Backward;Slight Injury
17:30:00;Tuesday;18-30;Male;Writing & reading;Owner;5-10yr;Motorcycle;Owner;1-2yr;No defect;Other;other;Tangent road with flat terrain;Y Shape;Asphalt roads;Dry;Daylight;Normal;Vehicle with vehicle collision;2;1;Going straight;Passenger;Male;Under 18;3;Student;Normal;Not a Pedestrian;Overtaking;Slight Injury
12:44:00;Wednesday;31-50;Male;Above high school;Employee;Above 10yr;Automobile;Owner;5-10yrs;No defect;Other;Undivided Two way;Tangent road with flat terrain;Y Shape;Asphalt roads;Dry;Daylight;Normal;Vehicle with vehicle collision;2;1;Moving Backward;Passenger;Female;Under 18;3;Driver;Normal;Not a Pedestrian;Driving carelessly;Serious Injury
12:44:00;Wednesday;31-50;Male;High school;Employee;Below 1yr;Pick up upto 10Q;Owner;5-10yrs;No defect;Other;One way;Tangent road with flat terrain;Y Shape;Asphalt roads;Dry;Daylight;Normal;Collision with pedestrians;2;1;Going straight;Driver or rider;Female;31-50;3;Self-employed;Normal;Not a Pedestrian;Changing lane to the left;Serious Injury
20:20:00;Thursday;Unknown;Male;Junior high school;Employee;1-2yr;Motorcycle;Owner;1-2yr;No defect; Hospital areas;Undivided Two way;Tangent road with flat terrain;Y Shape;Asphalt roads;Dry;Darkness - lights lit;Normal;Collision with roadside objects;3;2;Going straight;na;na;na;na;Self-employed;Normal;Not a Pedestrian;Driving under the influence of drugs;Slight Injury
20:20:00;Thursday;18-30;Male;Junior high school;Employee;Above 10yr;Stationwagen;Owner;2-5yrs;No defect;Residential areas;Undivided Two way;Tangent road with flat terrain;Y Shape;Asphalt roads;Dry;Darkness - lights lit;Normal;;3;2;Moving Backward;na;na;na;na;Driver;Normal;Not a Pedestrian;No distancing;Slight Injury
20:20:00;Thursday;18-30;Male;Junior high school;Owner;Above 10yr;Lorry (41?100Q);Owner;5-10yrs;No defect;Residential areas;One way;Tangent road with flat terrain;Y Shape;Asphalt roads;Dry;Darkness - lights lit;Normal;Vehicle with vehicle collision;3;2;Going straight;Driver or rider;Male;18-30;3;;;Not a Pedestrian;Moving Backward;Slight Injury
09:30:00;Wednesday;Unknown;Male;Junior high school;Employee;Above 10yr;Taxi;Owner;5-10yrs;No defect;Residential areas;Undivided Two way;Tangent road with flat terrain;Crossing;Asphalt roads;Dry;Daylight;Normal;;2;1;Going straight;Driver or rider;Male;18-30;3;Driver;Normal;Not a Pedestrian;Changing lane to the left;Serious Injury
09:30:00;Wednesday;31-50;Unknown;Junior high school;Employee;No Licence;Automobile;Owner;1-2yr;No defect;Other;Two-way (divided with broken lines road marking);Tangent road with flat terrain;Crossing;Asphalt roads;Dry;Daylight;Normal;;2;1;Waiting to go;na;na;na;na;Driver;Normal;Not a Pedestrian;Changing lane to the right;Serious Injury
14:20:00;Friday;18-30;Male;Junior high school;Employee;1-2yr;Long lorry;Owner;1-2yr;No defect;Office areas;Two-way (divided with broken lines road marking);Tangent road with flat terrain;Y Shape;Asphalt roads;Dry;Daylight;Normal;;2;1;Moving Backward;na;na;na;na;Self-employed;Normal;Not a Pedestrian;No distancing;Slight Injury
14:20:00;Friday;31-50;Male;Illiterate;Owner;1-2yr;Automobile;Owner;2-5yrs;No defect;Other;other;Tangent road with flat terrain;Y Shape;Asphalt roads;Dry;Daylight;Normal;Vehicle with vehicle collision;2;1;Moving Backward;na;na;na;na;Driver;Normal;Not a Pedestrian;Driving at high speed;Slight Injury
21:44:00;Sunday;Over 51;Male;Junior high school;Owner;Below 1yr;Public (12 seats);Owner;Unknown;No defect;Office areas;Double carriageway (median);Tangent road with flat terrain;Crossing;Asphalt roads;Wet or damp;Darkness - lights lit;Other;Vehicle with vehicle collision;2;1;Going straight;na;na;na;na;;Normal;Not a Pedestrian;Changing lane to the right;Serious Injury
21:44:00;Sunday;31-50;Male;Junior high school;Owner;1-2yr;Lorry (11?40Q);Owner;Unknown;No defect;Residential areas;Two-way (divided with broken lines road marking);Tangent road with flat terrain;Crossing;Asphalt roads;Wet or damp;Darkness - lights lit;Other;Collision with roadside objects;2;1;Unknown;Driver or rider;Male;31-50;3;Driver;Normal;Not a Pedestrian;No priority to vehicle;Serious Injury
12:20:00;Thursday;31-50;Male;Junior high school;Owner;2-5yr;Pick up upto 10Q;Owner;Unknown;No defect;Office areas;Double carriageway (median);Gentle horizontal curve;No junction;Asphalt roads;Dry;Daylight;Normal;Collision with roadside objects;1;1;Going straight;Driver or rider;Female;Over 51;3;;;Not a Pedestrian;No distancing;Slight Injury
08:15:00;Monday;31-50;Male;Unknown;Owner;5-10yr;Lorry (41?100Q);Owner;;No defect;Office areas;Double carriageway (median);Tangent road with flat terrain;O Shape;Asphalt roads;Wet or damp;Daylight;Raining;Vehicle with vehicle collision;2;1;Going straight;na;na;na;na;Driver;Normal;Not a Pedestrian;Turnover;Slight Injury
08:15:00;Monday;Under 18;Male;Unknown;Owner;Above 10yr;Other;Organization;Unknown;No defect;Other;Double carriageway (median);Tangent road with flat terrain;O Shape;Asphalt roads;Wet or damp;Daylight;Raining;Vehicle with vehicle collision;2;1;Going straight;Driver or rider;Male;Over 51;2;;;Not a Pedestrian;No distancing;Slight Injury
12:55:00;Monday;31-50;Male;Junior high school;Owner;2-5yr;Automobile;Owner;Unknown;No defect;Office areas;Two-way (divided with broken lines road marking);Tangent road with flat terrain;No junction;Asphalt roads;Dry;Daylight;Normal;Vehicle with vehicle collision;1;1;Moving Backward;Driver or rider;Male;Under 18;3;Self-employed;NormalNormal;Not a Pedestrian;Changing lane to the right;Slight Injury
15:03:00;Tuesday;Over 51;Male;Elementary school;Owner;Above 10yr;Long lorry;Owner;Unknown;No defect;Office areas;;Tangent road with flat terrain;No junction;Asphalt roads;Dry;Daylight;Normal;Vehicle with vehicle collision;3;1;Going straight;Passenger;Male;18-30;3;Driver;Normal;Not a Pedestrian;No distancing;Slight Injury
15:03:00;Tuesday;Over 51;Male;Writing & reading;Owner;5-10yr;Lorry (11?40Q);Governmental;Unknown;;Office areas;One way;Tangent road with flat terrain;No junction;Gravel roads;Dry;Daylight;Normal;Vehicle with vehicle collision;3;1;Going straight;Passenger;Male;18-30;3;Driver;Normal;Not a Pedestrian;Changing lane to the left;Slight Injury
15:03:00;Tuesday;Over 51;Male;;Owner;;Long lorry;Owner;Unknown;;Other;Undivided Two way;Tangent road with flat terrain;No junction;Asphalt roads;Dry;Daylight;Normal;Rollover;3;1;Going straight;Driver or rider;Female;31-50;3;Other;Normal;Not a Pedestrian;Driving carelessly;Slight Injury
11:15:00;Wednesday;31-50;Male;Junior high school;Owner;5-10yr;Automobile;Owner;Unknown;;Residential areas;;Tangent road with flat terrain;Crossing;Asphalt roads;Dry;Daylight;Normal;Vehicle with vehicle collision;2;1;Going straight;na;na;na;na;;;Not a Pedestrian;Changing lane to the right;Slight Injury
11:15:00;Wednesday;31-50;Male;Junior high school;Owner;Below 1yr;Taxi;Owner;2-5yrs;No defect;Residential areas;Two-way (divided with broken lines road marking);Gentle horizontal curve;Crossing;Asphalt roads;Dry;Daylight;Normal;Collision with roadside objects;2;1;Going straight;na;na;na;na;;;Not a Pedestrian;No priority to vehicle;Slight Injury
20:14:00;Wednesday;18-30;Male;Junior high school;Owner;2-5yr;Taxi;Owner;5-10yrs;; Church areas;Two-way (divided with broken lines road marking);Tangent road with flat terrain;Crossing;Asphalt roads;Dry;Darkness - lights lit;Normal;Collision with pedestrians;2;1;Reversing;Driver or rider;Male;Over 51;3;Other;Normal;Not a Pedestrian;No distancing;Slight Injury
20:14:00;Wednesday;Under 18;Male;Elementary school;Employee;2-5yr;Long lorry;Owner;5-10yrs;;Other;Two-way (divided with broken lines road marking);Tangent road with flat terrain;Crossing;Asphalt roads;Dry;Darkness - lights lit;Normal;Vehicle with vehicle collision;2;1;Going straight;Passenger;Female;Over 51;3;Driver;Normal;Not a Pedestrian;No priority to pedestrian;Slight Injury
08:55:00;Thursday;31-50;Male;Junior high school;Employee;2-5yr;Lorry (11?40Q);Owner;Unknown;;Residential areas;Two-way (divided with broken lines road marking);Tangent road with flat terrain;Crossing;Asphalt roads;Dry;Daylight;Normal;Vehicle with vehicle collision;2;1;Going straight;na;na;na;na;Driver;Normal;Not a Pedestrian;No priority to pedestrian;Slight Injury
08:55:00;Thursday;Over 51;Male;Junior high school;Employee;2-5yr;Lorry (11?40Q);Owner;2-5yrs;;Other;Undivided Two way;Tangent road with flat terrain;Crossing;Asphalt roads;Dry;Daylight;Normal;Vehicle with vehicle collision;2;1;Going straight;na;na;na;na;;;Not a Pedestrian;No priority to vehicle;Slight Injury
13:23:00;Thursday;18-30;Male;Junior high school;Employee;5-10yr;Long lorry;Owner;2-5yrs;;Residential areas;Undivided Two way;Tangent road with flat terrain;Y Shape;Asphalt roads;Dry;Daylight;Normal;Vehicle with vehicle collision;2;1;Going straight;Passenger;Female;Under 18;3;Driver;Normal;Not a Pedestrian;Changing lane to the left;Slight Injury
13:23:00;Thursday;18-30;Male;Junior high school;Employee;5-10yr;Turbo;Owner;2-5yrs;;Residential areas;Two-way (divided with broken lines road marking);Tangent road with flat terrain;Y Shape;Asphalt roads;Dry;Daylight;Normal;Vehicle with vehicle collision;2;1;Going straight;Pedestrian;Male;Under 18;2;;;Not a Pedestrian;Changing lane to the left;Slight Injury
15:35:00;Friday;18-30;Male;Junior high school;Employee;Above 10yr;Long lorry;Owner;5-10yrs;No defect;Other;Two-way (divided with broken lines road marking);Tangent road with flat terrain;Other;Asphalt roads with some distress;Dry;Daylight;Normal;Vehicle with vehicle collision;2;1;Going straight;Driver or rider;Female;18-30;3;Driver;Normal;Not a Pedestrian;No distancing;Slight Injury
15:35:00;Friday;18-30;Male;Elementary school;Employee;5-10yr;Long lorry;;;;Other;Two-way (divided with broken lines road marking);Tangent road with flat terrain;Other;Asphalt roads;Dry;Daylight;Normal;Vehicle with vehicle collision;2;1;Going straight;na;na;na;na;Driver;Normal;Not a Pedestrian;No priority to vehicle;Slight Injury
16:19:00;Friday;18-30;Male;Junior high school;Employee;5-10yr;Public (13?45 seats);Owner;Unknown;No defect;Other;Undivided Two way;Tangent road with flat terrain;Y Shape;Asphalt roads;Dry;Daylight;Normal;Collision with roadside objects;2;1;Going straight;na;na;na;na;;;Not a Pedestrian;No distancing;Slight Injury
16:19:00;Friday;18-30;Male;Junior high school;Employee;Above 10yr;Automobile;Owner;Unknown;No defect;Other;Double carriageway (median);Tangent road with flat terrain;Y Shape;Asphalt roads;Dry;Daylight;Normal;Rollover;2;1;Waiting to go;Driver or rider;Male;18-30;3;;;Not a Pedestrian;No distancing;Slight Injury
20:40:00;Friday;Over 51;Male;Elementary school;Owner;;Automobile;Owner;Unknown;;Residential areas;Two-way (divided with broken lines road marking);Tangent road with flat terrain;No junction;Asphalt roads;Dry;Darkness - lights lit;Normal;Vehicle with vehicle collision;1;1;Going straight;na;na;na;na;;;Not a Pedestrian;Changing lane to the right;Serious Injury
20:11:00;Saturday;31-50;Male;Junior high school;Owner;5-10yr;Pick up upto 10Q;Owner;2-5yrs;;Recreational areas;Undivided Two way;Tangent road with flat terrain;Y Shape;Asphalt roads;Dry;Darkness - lights lit;Normal;Collision with pedestrians;1;1;Going straight;Pedestrian;Female;Under 18;2;;;Not a Pedestrian;Changing lane to the left;Serious Injury
01:05:00;Sunday;18-30;Unknown;Junior high school;Employee;5-10yr;;Owner;;;Other;other;Tangent road with flat terrain;No junction;Asphalt roads;Dry;Darkness - lights lit;Normal;Vehicle with vehicle collision;2;2;Going straight;Pedestrian;Female;Under 18;2;Other;Normal;Not a Pedestrian;No distancing;Slight Injury
01:05:00;Sunday;18-30;Male;Junior high school;Employee;Below 1yr;Stationwagen;Owner;;;Office areas;Undivided Two way;Tangent road with flat terrain;No junction;Asphalt roads;Dry;Darkness - lights lit;Normal;Vehicle with vehicle collision;2;2;Going straight;Driver or rider;Male;31-50;1;Self-employed;Normal;Not a Pedestrian;Overturning;Slight Injury
01:05:00;Sunday;31-50;Male;;;;;;;;Other;Undivided Two way;Tangent road with flat terrain;No junction;Asphalt roads;Dry;Darkness - lights lit;Normal;Collision with pedestrians;2;2;Going straight;Driver or rider;Male;31-50;3;;;Not a Pedestrian;No priority to vehicle;Slight Injury
08:15:00;Monday;18-30;Male;Junior high school;Employee;5-10yr;Automobile;Owner;Unknown;;Office areas;Undivided Two way;Tangent road with flat terrain;Crossing;Asphalt roads;Dry;Daylight;Normal;Collision with pedestrians;2;2;Going straight;Driver or rider;Male;31-50;3;Student;Normal;Not a Pedestrian;Moving Backward;Slight Injury
08:15:00;Monday;31-50;Male;Junior high school;Employee;5-10yr;Automobile;Owner;Unknown;;Office areas;One way;Tangent road with flat terrain;Crossing;Asphalt roads;Dry;Daylight;Normal;Vehicle with vehicle collision;2;2;Going straight;na;na;na;na;Other;Normal;Not a Pedestrian;Driving under the influence of drugs;Slight Injury
08:45:00;Saturday;31-50;Male;Junior high school;Employee;Above 10yr;Long lorry;Owner;Unknown;;Office areas;Undivided Two way;Tangent road with flat terrain;Y Shape;Asphalt roads;Dry;Daylight;Normal;Vehicle with vehicle collision;2;1;Going straight;Driver or rider;Female;31-50;3;Driver;Normal;Not a Pedestrian;Moving Backward;Slight Injury
08:45:00;Saturday;Unknown;Male;High school;Employee;Above 10yr;Public (13?45 seats);Owner;Unknown;No defect;Other;Undivided Two way;Tangent road with flat terrain;Y Shape;Asphalt roads;Dry;Daylight;Normal;Vehicle with vehicle collision;2;1;Going straight;Driver or rider;Female;18-30;3;Other;Normal;Not a Pedestrian;Changing lane to the right;Slight Injury
17:13:00;Friday;Unknown;Male;Junior high school;Employee;Above 10yr;Public (13?45 seats);Governmental;Unknown;;Other;Double carriageway (median);Tangent road with flat terrain;No junction;Asphalt roads;Dry;Daylight;Normal;Vehicle with vehicle collision;1;1;Going straight;Driver or rider;Male;18-30;3;Driver;Normal;Not a Pedestrian;Overspeed;Serious Injury
16:47:00;Tuesday;Unknown;Male;Junior high school;Employee;Above 10yr;Lorry (11?40Q);Owner;Unknown;No defect;Office areas;Two-way (divided with solid lines road marking);Tangent road with flat terrain;No junction;Asphalt roads;Dry;Daylight;Normal;Vehicle with vehicle collision;1;1;Going straight;Driver or rider;Male;18-30;3;Other;Normal;Not a Pedestrian;Driving under the influence of drugs;Slight Injury
13:50:00;Wednesday;18-30;Male;Junior high school;Employee;Above 10yr;Lorry (11?40Q);Owner;Unknown;;Residential areas;other;Tangent road with flat terrain;Y Shape;Asphalt roads;Dry;Daylight;Normal;Collision with roadside objects;2;1;Going straight;Pedestrian;Female;Under 18;3;;Normal;Crossing from nearside - masked by parked or statioNot a Pedestrianry vehicle;Driving carelessly;Slight Injury
13:50:00;Wednesday;Unknown;Female;Junior high school;Employee;Above 10yr;Pick up upto 10Q;Governmental;2-5yrs;;  Recreational areas;Undivided Two way;Tangent road with flat terrain;Y Shape;Asphalt roads;Dry;Daylight;Normal;Vehicle with vehicle collision;2;1;Going straight;Pedestrian;Male;Under 18;3;Driver;Normal;Crossing from nearside - masked by parked or statioNot a Pedestrianry vehicle;No distancing;Slight Injury
21:05:00;Sunday;31-50;Male;Junior high school;Employee;5-10yr;Automobile;Owner;1-2yr;No defect;Other;other;Tangent road with flat terrain;Y Shape;Asphalt roads;Dry;Darkness - lights lit;Normal;Vehicle with vehicle collision;1;1;Turnover;na;na;na;na;Driver;Normal;Not a Pedestrian;No priority to vehicle;Slight Injury