Time;Day_of_week;Age_band_of_driver;Sex_of_driver;Educational_level;Vehicle_driver_relation;Driving_experience;Type_of_vehicle;Owner_of_vehicle;Service_year_of_vehicle;Defect_of_vehicle;Area_accident_occured;Lanes_or_Medians;Road_allignment;Types_of_Junction;Road_surface_type;Road_surface_conditions;Light_conditions;Weather_conditions;Type_of_collision;Number_of_vehicles_involved;Number_of_casualties;Vehicle_movement;Casualty_class;Sex_of_casualty;Age_band_of_casualty;Casualty_severity;Work_of_casuality;Fitness_of_casuality;Pedestrian_movement;Cause_of_accident;Accident_severity
07:40:00;Friday;31-50;Male;High school;Owner;Above 10yr;Pick up upto 10Q;Owner;;No defect; Church areas;Double carriageway (median);Tangent road with flat terrain;No junction;Asphalt roads;Dry;Daylight;Normal;Vehicle with vehicle collision;2;1;Going straight;Passenger;Female;Under 18;3;Driver;Normal;Not a Pedestrian;Changing lane to the left;Slight Injury
23:01:00;Thursday;18-30;Male;Elementary school;Employee;2-5yr;Public (12 seats);Owner;2-5yrs;;Other;One way;Tangent road with flat terrain;Y Shape;Asphalt roads;Dry;Darkness - lights lit;Normal;Collision with roadside objects;1;1;Going straight;Driver or rider;Male;31-50;3;;;Not a Pedestrian;No priority to vehicle;Slight Injury
09:18:00;Saturday;31-50;Male;Junior high school;Employee;Above 10yr;Automobile;Owner;5-10yrs;No defect;Office areas;Two-way (divided with broken lines road marking);Tangent road with mountainous terrain and;Crossing;Asphalt roads;Dry;Daylight;Normal;Vehicle with vehicle collision;2;1;Getting off;na;na;na;na;Driver;Normal;Not a Pedestrian;Moving Backward;Slight Injury
09:18:00;Saturday;Over 51;Male;High school;Employee;2-5yr;Automobile;Owner;2-5yrs;;Other;Undivided Two way;Tangent road with flat terrain;Crossing;Asphalt roads;Dry;Daylight;Normal;Collision with roadside objects;2;1;Moving Backward;Driver or rider;Male;18-30;2;;;Not a Pedestrian;Moving Backward;Slight Injury
11:40:00;Sunday;31-50;Male;Junior high school;Other;No Licence;Automobile;Owner;Unknown;;  Recreational areas;Two-way (divided with broken lines road marking);Steep grade downward with mountainous terrain;No junction;Asphalt roads;Dry;Daylight;Normal;Vehicle with vehicle collision;1;1;Getting off;Driver or rider;Male;31-50;1;Driver;Normal;Not a Pedestrian;No distancing;Slight Injury
10:43:00;Saturday;31-50;Male;Junior high school;Employee;1-2yr;Stationwagen;Owner;;No defect;Other;Undivided Two way;Tangent road with flat terrain;No junction;Asphalt roads;Dry;Daylight;Normal;Rollover;2;4;Overtaking;na;na;na;na;Self-employed;Normal;Not a Pedestrian;Changing lane to the right;Slight Injury
10:43:00;Saturday;31-50;Male;Junior high school;Owner;5-10yr;Other;Owner;1-2yr;No defect;Office areas;Two-way (divided with broken lines road marking);Tangent road with flat terrain;No junction;Asphalt roads with some distress;Dry;Daylight;Normal;Vehicle with vehicle collision;2;4;Going straight;na;na;na;na;Driver;Normal;Not a Pedestrian;Changing lane to the right;Slight Injury
10:43:00;Saturday;31-50;Male;Junior high school;Employee;1-2yr;Other;Governmental;;No defect;Residential areas;Undivided Two way;Tangent road with flat terrain;No junction;Asphalt roads;Dry;Daylight;Normal;Vehicle with vehicle collision;2;4;Going straight;Driver or rider;Male;18-30;3;Driver;Normal;Not a Pedestrian;Moving Backward;Slight Injury
10:43:00;Saturday;31-50;Male;Junior high school;Employee;Above 10yr;Other;Owner;Unknown;No defect;Office areas;One way;Tangent road with flat terrain;No junction;Asphalt roads;Dry;Daylight;Normal;Vehicle with vehicle collision;2;4;Going straight;na;na;na;na;Self-employed;Normal;Not a Pedestrian;Driving carelessly;Slight Injury
10:43:00;Saturday;Unknown;Male;Junior high school;Employee;1-2yr;Public (13?45 seats);Owner;;No defect;Office areas;Two-way (divided with broken lines road marking);Tangent road with flat terrain;No junction;Asphalt roads;Dry;Daylight;Normal;Vehicle with vehicle collision;2;4;Reversing;Driver or rider;Male;Over 51;3;Driver;Normal;Not a Pedestrian;Driving under the influence of drugs;Slight Injury
19:33:00;Monday;31-50;Male;Junior high school;Employee;1-2yr;Lorry (41?100Q);Owner;Unknown;No defect; Church areas;Double carriageway (median);Tangent road with flat terrain;O Shape;Asphalt roads;Dry;Daylight;Normal;Vehicle with vehicle collision;2;1;Getting off;Driver or rider;Male;18-30;3;Driver;Normal;Not a Pedestrian;No distancing;Slight Injury
19:33:00;Monday;31-50;Male;Junior high school;Employee;2-5yr;Public (12 seats);Owner;;No defect; Church areas;Undivided Two way;Tangent road with flat terrain;O Shape;Asphalt roads;Dry;Daylight;Normal;Collision with pedestrians;2;1;Going straight;na;na;na;na;Self-employed;Normal;Not a Pedestrian;No distancing;Slight Injury
15:00:00;Sunday;18-30;Male;High school;Employee;1-2yr;Automobile;Owner;;No defect;Residential areas;Undivided Two way;Tangent road with flat terrain;Y Shape;Asphalt roads;Dry;Daylight;Normal;Rollover;2;1;Going straight;na;na;na;na;;;Not a Pedestrian;No priority to vehicle;Slight Injury
15:00:00;Sunday;Unknown;Female;Junior high school;Employee;1-2yr;Automobile;Owner;;No defect;Other;Undivided Two way;Tangent road with flat terrain;Y Shape;Asphalt roads;Dry;Daylight;Normal;Vehicle with vehicle collision;2;1;Going straight;na;na;na;na;Self-employed;Normal;Not a Pedestrian;Driving to the left;Slight Injury
15:40:00;Thursday;31-50;Male;Elementary school;Employee;Above 10yr;Stationwagen;Owner;Unknown;;Other;other;Tangent road with flat terrain;Y Shape;Asphalt roads;Dry;Daylight;Normal;Rollover;2;1;Reversing;Driver or rider;Female;Over 51;3;Self-employed;Normal;Not a Pedestrian;No priority to vehicle;Slight Injury
15:40:00;Thursday;Over 51;Male;Junior high school;Employee;Above 10yr;Lorry (41?100Q);Owner;;No defect;;Undivided Two way;Tangent road with flat terrain;Y Shape;Asphalt roads;Dry;Daylight;Normal;Vehicle with vehicle collision;2;1;Going straight;Driver or rider;Male;18-30;3;Self-employed;Normal;Not a Pedestrian;No priority to vehicle;Slight Injury
12:05:00;Friday;31-50;Male;Elementary school;Employee;Above 10yr;Lorry (41?100Q);Owner;2-5yrs;;Residential areas;Undivided Two way;Tangent road with flat terrain;Y Shape;Asphalt roads;Wet or damp;Daylight;Raining;Vehicle with vehicle collision;1;1;Stopping;Driver or rider;Male;31-50;3;Driver;Normal;Not a Pedestrian;No priority to vehicle;Slight Injury
18:48:00;Friday;18-30;Male;Junior high school;Employee;Above 10yr;Lorry (41?100Q);Owner;Unknown;;Office areas;Undivided Two way;Tangent road with flat terrain;No junction;Asphalt roads;Dry;Daylight;Normal;Vehicle with vehicle collision;2;1;Overtaking;Driver or rider;Male;18-30;3;;;Not a Pedestrian;No distancing;Slight Injury
18:48:00;Friday;18-30;Male;Junior high school;Employee;1-2yr;Public (> 45 seats);Owner;Unknown;;Residential areas;Undivided Two way;Tangent road with flat terrain;No junction;Asphalt roads;Dry;Daylight;Normal;Fall from vehicles;2;1;Going straight;na;na;na;na;Student;Normal;Not a Pedestrian;Moving Backward;Slight Injury
15:25:00;Sunday;31-50;Male;Junior high school;Employee;5-10yr;Public (12 seats);Owner;Unknown;No defect;Other;Two-way (divided with broken lines road marking);Tangent road with flat terrain;No junction;Asphalt roads;Dry;Daylight;Normal;Vehicle with vehicle collision;1;1;Reversing;na;na;na;na;Driver;Normal;Not a Pedestrian;Changing lane to the right;Slight Injury
06:05:00;Tuesday;31-50;Male;High school;Owner;2-5yr;Other;Owner;;No defect;Other;Two-way (divided with broken lines road marking);Tangent road with flat terrain;Y Shape;Asphalt roads;Dry;Daylight;Normal;Collision with roadside objects;1;2;Going straight;Driver or rider;Male;Over 51;3;;;Not a Pedestrian;Driving carelessly;Slight Injury
06:05:00;Tuesday;31-50;Male;Junior high school;Employee;2-5yr;Public (12 seats);Owner;;No defect;  Recreational areas;Two-way (divided with broken lines road marking);Tangent road with flat terrain;Y Shape;Asphalt roads;Dry;Daylight;Normal;Vehicle with vehicle collision;1;2;Going straight;Pedestrian;Male;Under 18;3;Self-employed;Normal;Crossing from nearside - masked by parked or statioNot a Pedestrianry vehicle;Changing lane to the left;Slight Injury
08:58:00;Monday;31-50;Male;Junior high school;Employee;5-10yr;Other;Owner;5-10yrs;; Church areas;One way;Tangent road with flat terrain;Y Shape;Asphalt roads;Dry;Daylight;Normal;Vehicle with vehicle collision;2;3;Reversing;Driver or rider;Male;Under 18;2;Self-employed;Normal;Not a Pedestrian;No distancing;Slight Injury
08:58:00;Monday;31-50;Unknown;Junior high school;Employee;5-10yr;Public (12 seats);Owner;;;School areas;Two-way (divided with broken lines road marking);Tangent road with flat terrain;Y Shape;Asphalt roads;Dry;Daylight;Normal;Vehicle with vehicle collision;2;3;Going straight;Passenger;Female;Under 18;2;Driver;Normal;Not a Pedestrian;Changing lane to the right;Slight Injury
08:58:00;Monday;31-50;Male;Junior high school;Employee;2-5yr;Stationwagen;Owner;2-5yrs;;Office areas;Undivided Two way;Tangent road with flat terrain;Y Shape;Asphalt roads;Dry;Daylight;Normal;Collision with pedestrians;2;3;Waiting to go;Passenger;Male;Under 18;3;;Normal;Not a Pedestrian;Driving under the influence of drugs;Slight Injury
14:37:00;Monday;18-30;Male;High school;Employee;Above 10yr;Automobile;Owner;1-2yr;;Other;;Tangent road with flat terrain;O Shape;;Dry;Daylight;Normal;Vehicle with vehicle collision;2;1;Going straight;Passenger;Female;Under 18;2;;;Not a Pedestrian;No distancing;Slight Injury
14:37:00;Monday;18-30;Male;Elementary school;Employee;5-10yr;Lorry (41?100Q);Owner;5-10yrs;;Residential areas;Undivided Two way;Tangent road with flat terrain;O Shape;Asphalt roads;Dry;Daylight;Normal;Vehicle with vehicle collision;2;1;Going straight;na;na;na;na;Self-employed;Normal;Not a Pedestrian;Overturning;Slight Injury
10:48:00;Wednesday;31-50;Male;Junior high school;Employee;Above 10yr;Special vehicle;Owner;Above 10yr;;Other;Undivided Two way;Tangent road with flat terrain;No junction;Asphalt roads;Dry;Daylight;Normal;Vehicle with vehicle collision;2;1;Going straight;Driver or rider;Female;31-50;3;Driver;Normal;Not a Pedestrian;No distancing;Slight Injury
10:48:00;Wednesday;31-50;Male;Writing & reading;Employee;2-5yr;Lorry (41?100Q);Owner;1-2yr;No defect;Other;other;Steep grade downward with mountainous terrain;No junction;Asphalt roads;Dry;Daylight;Normal;Rollover;2;1;Going straight;na;na;na;na;;Normal;Not a Pedestrian;Changing lane to the right;Slight Injury
12:10:00;Wednesday;31-50;Male;Junior high school;Employee;2-5yr;Lorry (41?100Q);Owner;2-5yrs;;Office areas;One way;Steep grade downward with mountainous terrain;No junction;Asphalt roads;Wet or damp;Daylight;Windy;Collision with roadside objects;1;1;Getting off;na;na;na;na;;Normal;Not a Pedestrian;No priority to vehicle;Slight Injury
11:40:00;Monday;18-30;Male;High school;Employee;2-5yr;Public (> 45 seats);Owner;;No defect;Residential areas;Two-way (divided with broken lines road marking);Tangent road with flat terrain;Crossing;Asphalt roads;Dry;Daylight;Normal;Vehicle with vehicle collision;1;1;Going straight;Passenger;Female;Under 18;3;Self-employed;Normal;Not a Pedestrian;Changing lane to the right;Slight Injury
13:15:00;Thursday;18-30;Male;Junior high school;Employee;1-2yr;Automobile;Owner;;No defect;Other;Two-way (divided with broken lines road marking);Tangent road with flat terrain;Crossing;Asphalt roads;Dry;Daylight;Normal;Vehicle with vehicle collision;2;1;Going straight;Pedestrian;Male;18-30;3;Self-employed;Normal;Unknown or other;Changing lane to the left;Slight Injury
13:15:00;Thursday;18-30;Male;High school;Employee;5-10yr;Automobile;Organization;2-5yrs;;Residential areas;Undivided Two way;Tangent road with flat terrain;Crossing;Asphalt roads;Dry;Daylight;Normal;Collision with roadside objects;2;1;Going straight;Pedestrian;Female;Under 18;3;;Normal;Not a Pedestrian;No distancing;Slight Injury
13:15:00;Thursday;Over 51;Male;Elementary school;Employee;2-5yr;Automobile;Owner;;No defect; Church areas;Two-way (divided with broken lines road marking);Tangent road with flat terrain;Y Shape;Asphalt roads;Dry;Daylight;Normal;Vehicle with vehicle collision;2;1;Reversing;na;na;na;na;Driver;Normal;Not a Pedestrian;No priority to pedestrian;Slight Injury
13:15:00;Thursday;18-30;Male;Junior high school;Employee;1-2yr;Public (> 45 seats);Governmental;;No defect;Residential areas;Two-way (divided with broken lines road marking);Tangent road with flat terrain;Y Shape;Asphalt roads;Dry;Daylight;Normal;Vehicle with vehicle collision;2;1;Turnover;Driver or rider;Female;18-30;3;Other;Normal;Not a Pedestrian;Driving carelessly;Slight Injury
16:30:00;Wednesday;Unknown;Male;Elementary school;Employee;1-2yr;Lorry (11?40Q);Owner;;No defect;Office areas;One way;Tangent road with flat terrain;No junction;Asphalt roads;Dry;Daylight;Normal;Vehicle with vehicle collision;1;1;Going straight;Passenger;Female;18-30;3;Employee;Normal;Not a Pedestrian;No distancing;Slight Injury
20:16:00;Sunday;Over 51;Male;High school;Employee;No Licence;Pick up upto 10Q;Governmental;Below 1yr;No defect;Residential areas;Two-way (divided with broken lines road marking);Tangent road with flat terrain;Crossing;Asphalt roads;Dry;Darkness - lights lit;Normal;Rollover;2;1;Going straight;Passenger;Female;18-30;3;Driver;Normal;Not a Pedestrian;Driving carelessly;Slight Injury
20:16:00;Sunday;31-50;Male;Junior high school;Owner;5-10yr;Lorry (11?40Q);Owner;Unknown;No defect;Other;One way;Tangent road with flat terrain;Crossing;Asphalt roads;Dry;Darkness - lights lit;Normal;Rollover;2;1;Going straight;Driver or rider;Female;31-50;3;Driver;Normal;Not a Pedestrian;Driving carelessly;Slight Injury
02:10:00;Sunday;18-30;Male;Junior high school;Employee;1-2yr;Pick up upto 10Q;Owner;Unknown;; Industrial areas;Two-way (divided with broken lines road marking);Tangent road with flat terrain;Y Shape;Asphalt roads;Dry;Darkness - lights lit;Normal;Collision with pedestrians;2;1;Going straight;na;na;na;na;Employee;Normal;Not a Pedestrian;Moving Backward;Slight Injury
02:10:00;Sunday;18-30;Male;Junior high school;Employee;2-5yr;Special vehicle;Owner;Unknown;; Church areas;Two-way (divided with broken lines road marking);Tangent road with flat terrain;Y Shape;Asphalt roads;Dry;Darkness - lights lit;Normal;Vehicle with vehicle collision;2;1;Getting off;Driver or rider;Male;18-30;3;Driver;Normal;Not a Pedestrian;Overtaking;Slight Injury
15:59:00;Saturday;Over 51;Male;Junior high school;Employee;5-10yr;Lorry (11?40Q);Owner;2-5yrs;No defect;Residential areas;Undivided Two way;Steep grade downward with mountainous terrain;Y Shape;Asphalt roads;Dry;Daylight;Normal;Vehicle with vehicle collision;1;1;Going straight;na;na;na;na;Driver;Normal;Not a Pedestrian;No priority to vehicle;Slight Injury
18:23:00;Wednesday;18-30;Male;;;;;;;;;Two-way (divided with broken lines road marking);Tangent road with flat terrain;No junction;Asphalt roads;Dry;Daylight;Normal;Vehicle with vehicle collision;2;1;Going straight;na;na;na;na;Driver;Normal;Not a Pedestrian;No priority to vehicle;Slight Injury
18:23:00;Wednesday;Unknown;Male;;;;;;;;;Two-way (divided with broken lines road marking);Tangent road with flat terrain;No junction;Asphalt roads;Dry;Daylight;Normal;Collision with pedestrians;2;1;Going straight;Driver or rider;Male;18-30;2;Driver;Normal;Not a Pedestrian;Changing lane to the left;Slight Injury
17:40:00;Tuesday;18-30;Male;Junior high school;Employee;2-5yr;Lorry (41?100Q);Owner;1-2yr;No defect;Office areas;Undivided Two way;Tangent road with flat terrain;Unknown;Asphalt roads;Dry;Daylight;Normal;Collision with pedestrians;2;1;Going straight;Driver or rider;Female;Under 18;3;;Normal;Not a Pedestrian;No priority to vehicle;Slight Injury
17:40:00;Tuesday;31-50;Male;Junior high school;Employee;Above 10yr;Other;Owner;Above 10yr;No defect; Outside rural areas;Two-way (divided with broken lines road marking);Tangent road with mountainous terrain and;Unknown;Asphalt roads;Dry;Daylight;Normal;Vehicle with vehicle collision;2;1;Going straight;na;na;na;na;;Normal;Not a Pedestrian;No distancing;Slight Injury
12:10:00;Thursday;Over 51;Male;Junior high school;Owner;Above 10yr;Other;Owner;Above 10yr;No defect; Church areas;Two-way (divided with broken lines road marking);Steep grade downward with mountainous terrain;Y Shape;Asphalt roads;Dry;Daylight;Normal;Vehicle with vehicle collision;2;1;Going straight;Pedestrian;Female;Under 18;3;;Normal;Not a Pedestrian;Moving Backward;Slight Injury
12:10:00;Thursday;Unknown;Male;;;;Automobile;Owner;;No defect;Office areas;other;Tangent road with mountainous terrain and;Y Shape;Asphalt roads;Dry;Daylight;Normal;Vehicle with vehicle collision;2;1;Going straight;Driver or rider;Male;18-30;3;;Normal;Not a Pedestrian;Changing lane to the right;Slight Injury
08:00:00;Tuesday;Unknown;Male;Elementary school;Owner;Above 10yr;Other;Owner;Above 10yr;; Church areas;Two-way (divided with broken lines road marking);Steep grade downward with mountainous terrain;No junction;Asphalt roads;Dry;Daylight;Normal;Collision with roadside objects;1;1;Going straight;Passenger;Male;18-30;3;;Normal;Not a Pedestrian;No distancing;Slight Injury
16:55:00;Wednesday;18-30;Male;;;;Automobile;;;;Office areas;other;Tangent road with mountainous terrain and;No junction;Asphalt roads;Dry;Daylight;Normal;Vehicle with vehicle collision;2;1;Going straight;Passenger;Female;Under 18;3;;Normal;Not a Pedestrian;Overtaking;Slight Injury
16:55:00;Wednesday;Over 51;Male;Junior high school;Owner;5-10yr;Public (13?45 seats);Governmental;;No defect;Office areas;Undivided Two way;Tangent road with flat terrain;No junction;Asphalt roads;Dry;Daylight;Normal;Collision with roadside objects;2;1;Going straight;Pedestrian;Male;Under 18;3;;;Crossing from nearside - masked by parked or statioNot a Pedestrianry vehicle;No distancing;Slight Injury
18:00:00;Saturday;18-30;Male;Junior high school;Owner;Above 10yr;Lorry (41?100Q);Owner;1-2yr;No defect;School areas;Two-way (divided with broken lines road marking);Tangent road with flat terrain;No junction;Asphalt roads;Dry;Daylight;Normal;Vehicle with vehicle collision;2;1;Reversing;na;na;na;na;Self-employed;;Not a Pedestrian;Changing lane to the left;Slight Injury
18:00:00;Saturday;Unknown;Male;High school;Owner;Above 10yr;;Owner;Below 1yr;No defect;Residential areas;Two-way (divided with broken lines road marking);Tangent road with flat terrain;No junction;Asphalt roads;Dry;Daylight;Normal;Vehicle with vehicle collision;2;1;Going straight;Passenger;Male;18-30;3;Self-employed;Normal;Not a Pedestrian;Driving under the influence of drugs;Slight Injury
12:10:00;Thursday;31-50;Male;;;;Automobile;Owner;;No defect;Office areas;other;Tangent road with mountainous terrain and;Y Shape;Asphalt roads;Dry;Daylight;Normal;Collision with roadside objects;1;1;Turnover;Pedestrian;Male;31-50;2;;Normal;Unknown or other;No distancing;Slight Injury
16:58:00;Thursday;Unknown;Male;Elementary school;Employee;5-10yr;;Owner;Unknown;No defect;Rural village areasOffice areas;other;Tangent road with flat terrain;Crossing;Asphalt roads;Dry;Daylight;Normal;Vehicle with vehicle collision;2;1;Going straight;Pedestrian;Female;Under 18;3;;;Crossing from driver's nearside;No distancing;Slight Injury
16:58:00;Thursday;Over 51;Male;Elementary school;Owner;Above 10yr;Lorry (41?100Q);Owner;Unknown;No defect;Other;Two-way (divided with broken lines road marking);Tangent road with flat terrain;Crossing;Asphalt roads;Dry;Daylight;Normal;Vehicle with vehicle collision;2;1;Going straight;Pedestrian;Male;31-50;3;Driver;Normal;In carriageway, statioNot a Pedestrianry - not crossing  (standing or playing);Changing lane to the right;Slight Injury
11:17:00;Thursday;18-30;Male;Junior high school;Owner;Below 1yr;;Owner;Unknown;No defect;Residential areas;Undivided Two way;Tangent road with flat terrain;Y Shape;Asphalt roads;Dry;Daylight;Normal;Collision with roadside objects;2;1;Going straight;Driver or rider;Male;31-50;2;;;Not a Pedestrian;Changing lane to the left;Slight Injury
11:17:00;Thursday;31-50;Male;Junior high school;Owner;2-5yr;Lorry (41?100Q);Owner;Unknown;No defect;Office areas;Undivided Two way;Tangent road with flat terrain;Y Shape;Asphalt roads;Dry;Daylight;Normal;Collision with roadside objects;2;1;Going straight;na;na;na;na;;;Not a Pedestrian;Moving Backward;Slight Injury
20:16:00;Sunday;Unknown;Male;Junior high school;Owner;2-5yr;Taxi;Owner;Unknown;No defect;Office areas;Undivided Two way;Tangent road with flat terrain;Y Shape;Asphalt roads;Dry;Darkness - lights lit;Normal;Vehicle with vehicle collision;1;1;Reversing;Driver or rider;Male;Under 18;2;;;Not a Pedestrian;No distancing;Slight Injury
23:44:00;Thursday;31-50;Male;High school;Owner;5-10yr;Lorry (41?100Q);Owner;Unknown;No defect;Residential areas;Undivided Two way;Tangent road with flat terrain;No junction;Asphalt roads;Dry;Darkness - lights lit;Normal;Vehicle with vehicle collision;2;1;Going straight;Pedestrian;Female;Over 51;2;Other;Normal;Crossing from driver's nearside;No distancing;Slight Injury
23:44:00;Thursday;Unknown;Male;Junior high school;Owner;;Lorry (41?100Q);Owner;Unknown;No defect;Office areas;Undivided Two way;Tangent road with flat terrain;No junction;Asphalt roads;Dry;Darkness - lights lit;Normal;Vehicle with vehicle collision;2;1;Turnover;Driver or rider;Female;18-30;3;Employee;Normal;Not a Pedestrian;Driving carelessly;Slight Injury
13:44:00;Friday;18-30;Male;;Owner;Below 1yr;Other;Owner;Unknown;No defect;Office areas;Undivided Two way;Tangent road with flat terrain;Y Shape;Asphalt roads;Dry;Daylight;Normal;Vehicle with vehicle collision;1;1;Going straight;Passenger;Female;18-30;3;Self-employed;Normal;Not a Pedestrian;Moving Backward;Slight Injury
10:40:00;Friday;Over 51;Male;Elementary school;Owner;Above 10yr;Stationwagen;Owner;Unknown;No defect;Office areas;;Tangent road with flat terrain;Y Shape;Asphalt roads;Dry;Daylight;Normal;Vehicle with vehicle collision;2;1;Going straight;Passenger;Male;31-50;3;Driver;Normal;Not a Pedestrian;No distancing;Slight Injury
10:40:00;Friday;18-30;Male;Elementary school;Owner;Below 1yr;Stationwagen;Owner;Unknown;No defect;Office areas;Two-way (divided with broken lines road marking);Tangent road with flat terrain;Y Shape;Asphalt roads;Dry;Daylight;Normal;Vehicle with vehicle collision;2;1;Going straight;Passenger;Female;18-30;3;;;Not a Pedestrian;Changing lane to the right;Slight Injury
01:18:00;Tuesday;18-30;Male;Junior high school;Owner;5-10yr;Lorry (41?100Q);Owner;Unknown;No defect;Other;Undivided Two way;Tangent road with flat terrain;Crossing;Asphalt roads;Dry;Darkness - lights lit;Normal;Vehicle with vehicle collision;2;1;Going straight;Pedestrian;Female;Under 18;3;Other;Normal;Not a Pedestrian;Driving carelessly;Slight Injury
01:18:00;Tuesday;Under 18;Male;Junior high school;Owner;5-10yr;Lorry (41?100Q);Owner;Unknown;No defect;Other;Two-way (divided with broken lines road marking);Tangent road with flat terrain;Crossing;Asphalt roads;Dry;Darkness - lights lit;Normal;Vehicle with vehicle collision;2;1;Going straight;Pedestrian;Female;31-50;3;;;Unknown or other;Driving to the left;Slight Injury
15:47:00;Monday;31-50;Male;;Owner;;Other;Owner;2-5yrs;;Other;Two-way (divided with broken lines road marking);Tangent road with flat terrain;No junction;Asphalt roads;Dry;Daylight;Normal;Vehicle with vehicle collision;1;1;Getting off;na;na;na;na;Driver;Normal;Not a Pedestrian;Changing lane to the right;Slight Injury
15:20:00;Monday;31-50;Male;Junior high school;Employee;1-2yr;Automobile;Owner;2-5yrs;;Residential areas;One way;Tangent road with flat terrain;No junction;Asphalt roads;Dry;Daylight;Normal;Vehicle with vehicle collision;1;1;Moving Backward;Driver or rider;Male;31-50;3;Driver;Normal;Not a Pedestrian;Driving carelessly;Slight Injury
14:22:00;Tuesday;18-30;Male;High school;Owner;5-10yr;;Owner;2-5yrs;;School areas;Undivided Two way;Tangent road with mild grade and flat terrain;Crossing;Asphalt roads;Dry;Daylight;Normal;Vehicle with vehicle collision;3;1;Going straight;Passenger;Male;18-30;3;Driver;Normal;Not a Pedestrian;Changing lane to the right;Slight Injury
14:22:00;Tuesday;Over 51;Male;Junior high school;Employee;5-10yr;Taxi;Owner;2-5yrs;;Residential areas;Undivided Two way;Tangent road with mild grade and flat terrain;Crossing;Asphalt roads;Dry;Daylight;Normal;Vehicle with vehicle collision;3;1;Turnover;na;na;na;na;Driver;Normal;Not a Pedestrian;No priority to vehicle;Slight Injury
14:22:00;Tuesday;18-30;Male;Junior high school;Employee;5-10yr;Lorry (41?100Q);Owner;2-5yrs;No defect;Office areas;Two-way (divided with broken lines road marking);Tangent road with flat terrain;Crossing;Asphalt roads;Dry;Daylight;Normal;Vehicle with vehicle collision;3;1;Going straight;Driver or rider;Male;18-30;3;Driver;Normal;Not a Pedestrian;Changing lane to the right;Slight Injury
18:12:00;Tuesday;31-50;Male;Junior high school;Employee;5-10yr;Other;Owner;;No defect; Church areas;One way;Tangent road with flat terrain;Crossing;Asphalt roads;Dry;Daylight;Normal;Vehicle with vehicle collision;2;1;;na;na;na;na;Driver;Normal;Not a Pedestrian;Turnover;Slight Injury
18:12:00;Tuesday;18-30;Male;Junior high school;Employee;Above 10yr;Automobile;Owner;;No defect;Other;Undivided Two way;Tangent road with flat terrain;Crossing;Asphalt roads;Dry;Daylight;Normal;Vehicle with vehicle collision;2;1;Going straight;Passenger;Male;18-30;3;Driver;Normal;Not a Pedestrian;No priority to vehicle;Slight Injury
20:45:00;Tuesday;18-30;Male;Junior high school;Employee;5-10yr;Public (> 45 seats);Owner;2-5yrs;No defect;Other;One way;Tangent road with flat terrain;Crossing;Asphalt roads;Dry;Darkness - lights lit;Normal;Vehicle with vehicle collision;2;1;Going straight;Driver or rider;Male;31-50;3;Driver;Normal;Not a Pedestrian;Driving at high speed;Slight Injury
20:45:00;Tuesday;Unknown;Male;Junior high school;Employee;No Licence;Stationwagen;Owner;5-10yrs;No defect;Other;Two-way (divided with broken lines road marking);Tangent road with flat terrain;Crossing;Asphalt roads;Dry;Darkness - lights lit;Normal;Vehicle with vehicle collision;2;1;Going straight;na;na;na;na;Self-employed;Normal;Not a Pedestrian;No distancing;Slight Injury
19:00:00;Wednesday;18-30;Male;Above high school;Employee;Below 1yr;Automobile;Owner;;No defect;Other;Two-way (divided with broken lines road marking);Tangent road with flat terrain;Crossing;Asphalt roads;Dry;Daylight;Normal;Vehicle with vehicle collision;2;1;Going straight;Driver or rider;Male;Under 18;3;Other;Normal;Not a Pedestrian;No distancing;Slight Injury
19:00:00;Wednesday;Over 51;Male;Elementary school;Employee;5-10yr;Lorry (41?100Q);Owner;;No defect;Office areas;Undivided Two way;Tangent road with flat terrain;Crossing;Asphalt roads;Dry;Daylight;Normal;Collision with roadside objects;2;1;Turnover;Driver or rider;Male;Under 18;3;Driver;Normal;Not a Pedestrian;Driving carelessly;Slight Injury
11:10:00;Wednesday;Over 51;Unknown;Elementary school;Employee;5-10yr;Other;Owner;;No defect;Office areas;Two-way (divided with solid lines road marking);Tangent road with flat terrain;Crossing;Asphalt roads;Dry;Daylight;Normal;Vehicle with vehicle collision;2;1;Turnover;Driver or rider;Male;31-50;3;Driver;Normal;Not a Pedestrian;Driving carelessly;Slight Injury
11:10:00;Wednesday;18-30;Male;Junior high school;Employee;5-10yr;Public (13?45 seats);Owner;Unknown;No defect;Residential areas;Undivided Two way;Tangent road with flat terrain;Crossing;Asphalt roads;Dry;Daylight;Normal;Collision with pedestrians;2;1;Going straight;Driver or rider;Male;Over 51;3;Self-employed;Normal;Not a Pedestrian;Moving Backward;Slight Injury
18:40:00;Thursday;18-30;Male;High school;Employee;5-10yr;Other;Owner;Unknown;No defect;Office areas;One way;Tangent road with flat terrain;O Shape;Asphalt roads;Wet or damp;Daylight;Raining;Vehicle with vehicle collision;2;1;Getting off;Driver or rider;Male;31-50;3;Driver;Normal;Not a Pedestrian;No distancing;Slight Injury
18:40:00;Thursday;Unknown;Male;Junior high school;Employee;5-10yr;Other;Owner;Unknown;No defect;Residential areas;Two-way (divided with broken lines road marking);Tangent road with flat terrain;O Shape;Asphalt roads;Wet or damp;Daylight;Raining;Collision with roadside objects;2;1;Getting off;Passenger;Female;31-50;3;Driver;Normal;Not a Pedestrian;Changing lane to the right;Slight Injury