Time;Day_of_week;Age_band_of_driver;Sex_of_driver;Educational_level;Vehicle_driver_relation;Driving_experience;Type_of_vehicle;Owner_of_vehicle;Service_year_of_vehicle;Defect_of_vehicle;Area_accident_occured;Lanes_or_Medians;Road_allignment;Types_of_Junction;Road_surface_type;Road_surface_conditions;Light_conditions;Weather_conditions;Type_of_collision;Number_of_vehicles_involved;Number_of_casualties;Vehicle_movement;Casualty_class;Sex_of_casualty;Age_band_of_casualty;Casualty_severity;Work_of_casuality;Fitness_of_casuality;Pedestrian_movement;Cause_of_accident;Accident_severity
07:48:00;Wednesday;31-50;Male;Junior high school;Employee;5-10yr;Other;Owner;Unknown;No defect;Residential areas;Two-way (divided with broken lines road marking);Tangent road with flat terrain;Crossing;Asphalt roads;Dry;Daylight;Normal;Collision with roadside objects;2;1;Going straight;na;na;na;na;Driver;Normal;Not a Pedestrian;Getting off the vehicle improperly;Slight Injury
07:48:00;Wednesday;18-30;Male;Junior high school;Employee;2-5yr;Ridden horse;Owner;Unknown;No defect;Office areas;Undivided Two way;Tangent road with flat terrain;Crossing;Asphalt roads;Dry;Daylight;Normal;Vehicle with vehicle collision;2;1;Going straight;na;na;na;na;Driver;Normal;Not a Pedestrian;No distancing;Slight Injury
15:15:00;Saturday;Unknown;Male;Writing & reading;Employee;5-10yr;Lorry (41?100Q);Owner;Unknown;No defect;Other;Two-way (divided with broken lines road marking);Tangent road with flat terrain;No junction;Asphalt roads;Dry;Daylight;Normal;Vehicle with vehicle collision;1;1;Going straight;Driver or rider;Male;18-30;3;Other;Normal;Not a Pedestrian;No distancing;Slight Injury
18:08:00;Saturday;18-30;Male;Junior high school;Employee;Above 10yr;Lorry (41?100Q);Owner;Unknown;No defect;Office areas;One way;Tangent road with flat terrain;Y Shape;Asphalt roads;Dry;Daylight;Normal;Vehicle with vehicle collision;2;1;Going straight;Driver or rider;Male;18-30;3;;Normal;Not a Pedestrian;Changing lane to the left;Slight Injury
18:08:00;Saturday;18-30;Male;Junior high school;Employee;1-2yr;Pick up upto 10Q;Owner;Unknown;No defect;School areas;Undivided Two way;Tangent road with flat terrain;Y Shape;Asphalt roads;Dry;Daylight;Normal;Vehicle with vehicle collision;2;1;Other;Passenger;Male;Under 18;3;Driver;Normal;Not a Pedestrian;No priority to vehicle;Slight Injury
14:44:00;Friday;18-30;Male;Writing & reading;Employee;Below 1yr;Lorry (11?40Q);Owner;;;Residential areas;One way;Tangent road with flat terrain;Crossing;Asphalt roads;Dry;Daylight;Normal;Vehicle with vehicle collision;1;1;Going straight;Driver or rider;Female;31-50;3;Driver;Normal;Not a Pedestrian;Driving carelessly;Slight Injury
10:13:00;Friday;31-50;Male;Elementary school;Employee;1-2yr;Automobile;Owner;;;Office areas;Undivided Two way;Tangent road with flat terrain;Y Shape;Asphalt roads;Dry;Daylight;Normal;Rollover;1;1;Going straight;Driver or rider;Female;31-50;3;Driver;Normal;Not a Pedestrian;Changing lane to the right;Slight Injury
17:30:00;Friday;18-30;Male;Junior high school;Employee;5-10yr;Automobile;Owner;Unknown;No defect;Residential areas;Undivided Two way;Tangent road with flat terrain;Y Shape;Asphalt roads;Dry;Daylight;Normal;Collision with roadside objects;2;1;Going straight;Driver or rider;Male;31-50;3;Driver;Normal;Not a Pedestrian;No distancing;Slight Injury
17:30:00;Friday;Unknown;Female;Junior high school;Employee;1-2yr;Lorry (11?40Q);Owner;Unknown;No defect;Office areas;Undivided Two way;Tangent road with flat terrain;Y Shape;Asphalt roads;Dry;Daylight;Normal;Vehicle with vehicle collision;2;1;Reversing;na;na;na;na;Driver;Normal;Not a Pedestrian;Changing lane to the right;Slight Injury
13:30:00;Friday;31-50;Male;Elementary school;Owner;5-10yr;Motorcycle;Owner;2-5yrs;No defect;Office areas;Two-way (divided with broken lines road marking);Tangent road with flat terrain;No junction;Asphalt roads;Dry;Daylight;Normal;Vehicle with vehicle collision;2;1;Moving Backward;Driver or rider;Male;18-30;3;Driver;Normal;Not a Pedestrian;No distancing;Slight Injury
13:30:00;Friday;31-50;Male;Junior high school;Employee;2-5yr;Lorry (41?100Q);Owner;;;Residential areas;Undivided Two way;Tangent road with flat terrain;No junction;Asphalt roads;Dry;Daylight;Normal;Collision with roadside objects;2;1;Going straight;Pedestrian;Female;18-30;3;Driver;Normal;Crossing from nearside - masked by parked or statioNot a Pedestrianry vehicle;Driving under the influence of drugs;Slight Injury
10:00:00;Thursday;18-30;Male;Junior high school;Owner;Below 1yr;Stationwagen;Owner;Unknown;;Other;Two-way (divided with broken lines road marking);Tangent road with flat terrain;No junction;Asphalt roads;Dry;Daylight;Normal;Vehicle with vehicle collision;2;1;Going straight;Driver or rider;Male;18-30;3;;;Not a Pedestrian;Changing lane to the left;Serious Injury
10:00:00;Thursday;Unknown;Male;Writing & reading;Employee;5-10yr;Automobile;Owner;Above 10yr;; Industrial areas;Undivided Two way;Tangent road with flat terrain;No junction;Asphalt roads;Dry;Daylight;Normal;Vehicle with vehicle collision;2;1;Reversing;Passenger;Female;18-30;3;Driver;Normal;Not a Pedestrian;Getting off the vehicle improperly;Serious Injury
08:20:00;Tuesday;31-50;Male;Writing & reading;Employee;5-10yr;Other;Owner;Unknown;;Office areas;Two-way (divided with broken lines road marking);Tangent road with flat terrain;Y Shape;Asphalt roads;Dry;Daylight;Normal;Vehicle with vehicle collision;1;1;Going straight;na;na;na;na;Driver;Normal;Not a Pedestrian;Overloading;Slight Injury
14:05:00;Tuesday;31-50;Male;Junior high school;Employee;5-10yr;Other;Organization;Unknown;;  Recreational areas;Two-way (divided with broken lines road marking);Tangent road with flat terrain;Y Shape;Asphalt roads;Dry;Daylight;Normal;Vehicle with vehicle collision;2;1;Reversing;na;na;na;na;Self-employed;Normal;Not a Pedestrian;Driving carelessly;Slight Injury
14:05:00;Tuesday;18-30;Male;Junior high school;Employee;2-5yr;Taxi;Owner;1-2yr;No defect;Residential areas;Two-way (divided with broken lines road marking);Tangent road with flat terrain;Y Shape;Asphalt roads;Dry;Daylight;Normal;Vehicle with vehicle collision;2;1;Other;Driver or rider;Male;18-30;3;Driver;Normal;Not a Pedestrian;Overtaking;Slight Injury
11:50:00;Tuesday;18-30;Male;Junior high school;Employee;Above 10yr;Automobile;Owner;Above 10yr;;Residential areas;Undivided Two way;Tangent road with flat terrain;Y Shape;Asphalt roads;Dry;Daylight;Normal;Vehicle with vehicle collision;2;1;;Passenger;Female;Under 18;3;;;Not a Pedestrian;No distancing;Slight Injury
11:50:00;Tuesday;18-30;Male;Junior high school;Employee;5-10yr;Long lorry;Owner;5-10yrs;; Church areas;Undivided Two way;Steep grade downward with mountainous terrain;Y Shape;Asphalt roads;Dry;Daylight;Normal;Collision with pedestrians;2;1;Going straight;Passenger;Female;18-30;3;Unknown;Normal;Not a Pedestrian;Overturning;Slight Injury
18:59:00;Tuesday;18-30;Male;Junior high school;Employee;Above 10yr;Long lorry;Owner;5-10yrs;;Residential areas;Undivided Two way;Tangent road with flat terrain;No junction;Asphalt roads;Dry;Daylight;Normal;Vehicle with vehicle collision;1;1;Going straight;Pedestrian;Female;31-50;3;Driver;Normal;Crossing from nearside - masked by parked or statioNot a Pedestrianry vehicle;Driving carelessly;Slight Injury
18:57:00;Wednesday;18-30;Male;Junior high school;Employee;2-5yr;Lorry (41?100Q);Owner;Unknown;No defect;;other;Tangent road with flat terrain;Crossing;Asphalt roads;Dry;Daylight;Normal;Collision with roadside objects;2;1;Going straight;Driver or rider;Male;31-50;2;;;Not a Pedestrian;No priority to pedestrian;Slight Injury
18:57:00;Wednesday;18-30;Male;Junior high school;Employee;Below 1yr;Lorry (41?100Q);Owner;5-10yrs;No defect;Other;Undivided Two way;Tangent road with flat terrain;Crossing;Asphalt roads;Dry;Daylight;Normal;Vehicle with vehicle collision;2;1;Going straight;na;na;na;na;Driver;Normal;Not a Pedestrian;No distancing;Slight Injury
02:45:00;Thursday;18-30;Male;Junior high school;Employee;Below 1yr;Lorry (11?40Q);Owner;Unknown;;Other;Two-way (divided with solid lines road marking);Tangent road with flat terrain;No junction;Asphalt roads;Dry;Darkness - lights lit;Normal;Vehicle with vehicle collision;2;2;Going straight;Driver or rider;Male;Under 18;3;Other;Normal;Not a Pedestrian;No priority to vehicle;Slight Injury
02:45:00;Thursday;18-30;Male;Junior high school;Owner;5-10yr;Automobile;Owner;Unknown;No defect; Church areas;Two-way (divided with solid lines road marking);Tangent road with flat terrain;No junction;Asphalt roads;Dry;Darkness - lights lit;Normal;Vehicle with vehicle collision;2;2;Going straight;na;na;na;na;Other;Normal;Not a Pedestrian;Getting off the vehicle improperly;Slight Injury
02:45:00;Thursday;Unknown;Female;Junior high school;Employee;2-5yr;Taxi;Governmental;;No defect;Other;Two-way (divided with solid lines road marking);Tangent road with flat terrain;No junction;Asphalt roads;Dry;Darkness - lights lit;Normal;Vehicle with vehicle collision;2;2;Going straight;Pedestrian;Male;Under 18;3;Self-employed;Normal;Crossing from nearside - masked by parked or statioNot a Pedestrianry vehicle;No priority to pedestrian;Slight Injury
06:00:00;Sunday;18-30;Male;Elementary school;Employee;Below 1yr;Other;Owner;Unknown;No defect; Church areas;Two-way (divided with solid lines road marking);Tangent road with flat terrain;Crossing;Asphalt roads;Dry;Daylight;Normal;Vehicle with vehicle collision;2;1;Going straight;na;na;na;na;Driver;Normal;Not a Pedestrian;Changing lane to the right;Slight Injury
06:00:00;Sunday;31-50;Male;Junior high school;Employee;2-5yr;Automobile;Owner;Unknown;No defect; Church areas;Two-way (divided with broken lines road marking);Tangent road with flat terrain;Crossing;;Dry;Daylight;Normal;Vehicle with vehicle collision;2;1;Going straight;Pedestrian;Male;Under 18;3;Driver;Normal;Crossing from nearside - masked by parked or statioNot a Pedestrianry vehicle;Moving Backward;Slight Injury
17:25:00;Thursday;18-30;Male;Junior high school;Employee;5-10yr;Automobile;Owner;Above 10yr;No defect;Other;Undivided Two way;Tangent road with flat terrain;Crossing;Asphalt roads;Dry;Daylight;Normal;Vehicle with vehicle collision;1;1;Going straight;Pedestrian;Male;Under 18;3;Driver;Normal;Not a Pedestrian;Changing lane to the left;Serious Injury
11:45:00;Saturday;18-30;Male;High school;Employee;Above 10yr;Automobile;Governmental;5-10yrs;No defect;Other;Undivided Two way;Tangent road with flat terrain;Y Shape;Asphalt roads;Dry;Daylight;Normal;Vehicle with vehicle collision;2;1;Going straight;Pedestrian;Female;Under 18;3;;;Crossing from driver's nearside;No distancing;Slight Injury
11:45:00;Saturday;Over 51;Male;High school;Employee;Above 10yr;Automobile;Owner;5-10yrs;No defect;School areas;other;Tangent road with flat terrain;Y Shape;Asphalt roads;Dry;Daylight;Normal;Vehicle with vehicle collision;2;1;Going straight;Driver or rider;Female;31-50;3;;;Not a Pedestrian;Driving carelessly;Slight Injury
12:43:00;Sunday;31-50;Male;Junior high school;Employee;5-10yr;Public (> 45 seats);Owner;Above 10yr;No defect;Residential areas;Undivided Two way;Tangent road with flat terrain;No junction;Asphalt roads;Dry;Daylight;Normal;Collision with roadside objects;2;2;Going straight;Driver or rider;Female;18-30;3;Driver;Normal;Not a Pedestrian;Driving under the influence of drugs;Slight Injury
12:43:00;Sunday;31-50;Male;Elementary school;Employee;1-2yr;Lorry (11?40Q);;1-2yr;No defect;Other;Two-way (divided with broken lines road marking);Tangent road with flat terrain;No junction;Asphalt roads;Dry;Daylight;Normal;Vehicle with vehicle collision;2;2;Going straight;na;na;na;na;Other;Normal;Not a Pedestrian;Driving carelessly;Slight Injury
12:43:00;Sunday;Unknown;Female;Elementary school;Employee;5-10yr;Lorry (41?100Q);Owner;Above 10yr;No defect;Office areas;Undivided Two way;Tangent road with flat terrain;No junction;Asphalt roads;Dry;Daylight;Normal;Collision with roadside objects;2;2;Going straight;Driver or rider;Male;Over 51;3;Driver;Normal;Not a Pedestrian;Driving carelessly;Slight Injury
17:38:00;Thursday;31-50;Male;Junior high school;Employee;5-10yr;Lorry (41?100Q);Owner;Above 10yr;No defect;Residential areas;Undivided Two way;Tangent road with flat terrain;Y Shape;Asphalt roads;Dry;Daylight;Normal;Vehicle with vehicle collision;2;1;Moving Backward;Passenger;Male;Over 51;3;;;Not a Pedestrian;Changing lane to the right;Slight Injury
17:38:00;Thursday;31-50;Male;Junior high school;Employee;1-2yr;Stationwagen;Owner;Above 10yr;No defect;Other;One way;Steep grade downward with mountainous terrain;Y Shape;Asphalt roads;Dry;Daylight;Normal;Vehicle with vehicle collision;2;1;Going straight;na;na;na;na;Driver;Normal;Not a Pedestrian;No distancing;Slight Injury
20:30:00;Sunday;Unknown;Male;Junior high school;Owner;5-10yr;Other;Owner;Above 10yr;No defect;Residential areas;Two-way (divided with broken lines road marking);Tangent road with flat terrain;No junction;Asphalt roads;Dry;Daylight;Normal;;1;1;Going straight;Driver or rider;Female;18-30;3;Driver;Normal;Not a Pedestrian;Driving carelessly;Slight Injury
08:05:00;Tuesday;18-30;Male;High school;Owner;Above 10yr;Automobile;Owner;5-10yrs;No defect;Residential areas;Undivided Two way;Tangent road with flat terrain;Crossing;Asphalt roads;Dry;Daylight;Normal;Collision with pedestrians;2;1;Going straight;Pedestrian;Male;Under 18;3;Employee;Normal;Not a Pedestrian;No priority to pedestrian;Slight Injury
08:05:00;Tuesday;Unknown;Male;;Owner;Below 1yr;Pick up upto 10Q;Owner;;No defect;Residential areas;Two-way (divided with broken lines road marking);Tangent road with flat terrain;Crossing;Asphalt roads;Dry;Daylight;Normal;Vehicle with vehicle collision;2;1;;Driver or rider;Male;Under 18;3;;;Not a Pedestrian;No distancing;Slight Injury
17:30:00;Wednesday;Unknown;Male;Writing & reading;Owner;5-10yr;Motorcycle;Owner;1-2yr;No defect;Other;other;Tangent road with flat terrain;No junction;Asphalt roads;Dry;Daylight;Normal;Vehicle with vehicle collision;1;1;Turnover;Driver or rider;Male;31-50;2;Student;Normal;Not a Pedestrian;Moving Backward;Slight Injury
00:44:00;Saturday;18-30;Male;Above high school;Employee;Above 10yr;Automobile;Owner;5-10yrs;No defect;Other;Undivided Two way;Tangent road with flat terrain;Crossing;Asphalt roads;Dry;Darkness - lights lit;Normal;Vehicle with vehicle collision;1;1;Going straight;Passenger;Female;Under 18;2;Driver;Normal;Not a Pedestrian;Moving Backward;Slight Injury
16:20:00;Sunday;18-30;Male;High school;Employee;Below 1yr;Pick up upto 10Q;Owner;5-10yrs;No defect;Other;One way;Tangent road with flat terrain;Y Shape;Asphalt roads;Dry;Daylight;Normal;Collision with pedestrians;2;1;Going straight;na;na;na;na;Self-employed;Normal;Not a Pedestrian;No priority to vehicle;Slight Injury
16:20:00;Sunday;18-30;Male;Junior high school;Employee;1-2yr;Motorcycle;Owner;1-2yr;No defect; Hospital areas;Undivided Two way;Tangent road with flat terrain;Y Shape;Asphalt roads;Dry;Daylight;Normal;Collision with roadside objects;2;1;Going straight;Passenger;Male;Under 18;3;Self-employed;Normal;Not a Pedestrian;No distancing;Slight Injury
15:00:00;Thursday;31-50;Male;Junior high school;Employee;Above 10yr;Stationwagen;Owner;2-5yrs;No defect;Residential areas;Undivided Two way;Tangent road with flat terrain;No junction;Asphalt roads;Dry;Daylight;Normal;;1;1;Going straight;Driver or rider;Male;Under 18;2;Driver;Normal;Not a Pedestrian;Moving Backward;Slight Injury
00:50:00;Saturday;31-50;Male;Junior high school;Owner;Above 10yr;Lorry (41?100Q);Owner;5-10yrs;No defect;Residential areas;One way;Tangent road with flat terrain;O Shape;Asphalt roads;Dry;Darkness - lights lit;Normal;Vehicle with vehicle collision;2;1;Going straight;na;na;na;na;;;Not a Pedestrian;Changing lane to the right;Slight Injury
00:50:00;Saturday;31-50;Male;Junior high school;Employee;Above 10yr;Taxi;Owner;5-10yrs;No defect;Residential areas;Undivided Two way;Tangent road with flat terrain;O Shape;Asphalt roads;Dry;Darkness - lights lit;Normal;;2;1;Going straight;na;na;na;na;Driver;Normal;Not a Pedestrian;Moving Backward;Slight Injury
10:15:00;Saturday;Unknown;Male;Junior high school;Employee;No Licence;Automobile;Owner;1-2yr;No defect;Other;Two-way (divided with broken lines road marking);Tangent road with flat terrain;No junction;Asphalt roads;Dry;Daylight;Normal;;1;1;Going straight;Driver or rider;Female;18-30;3;Driver;Normal;Not a Pedestrian;Changing lane to the right;Slight Injury
14:26:00;Sunday;31-50;Male;Junior high school;Employee;1-2yr;Long lorry;Owner;1-2yr;No defect;Office areas;Two-way (divided with broken lines road marking);Tangent road with flat terrain;No junction;Asphalt roads;Dry;Daylight;Normal;;3;2;Going straight;Driver or rider;Male;18-30;3;Self-employed;Normal;Not a Pedestrian;Driving carelessly;Slight Injury
14:26:00;Sunday;18-30;Male;Illiterate;Owner;1-2yr;Automobile;Owner;2-5yrs;No defect;Other;other;Tangent road with flat terrain;No junction;Asphalt roads;Dry;Daylight;Normal;Vehicle with vehicle collision;3;2;Going straight;na;na;na;na;Driver;Normal;Not a Pedestrian;Changing lane to the right;Slight Injury
14:26:00;Sunday;Under 18;Male;Junior high school;Owner;Below 1yr;Public (12 seats);Owner;Unknown;No defect;Office areas;Double carriageway (median);Tangent road with flat terrain;No junction;Asphalt roads;Dry;Daylight;Normal;Vehicle with vehicle collision;3;2;Turnover;Pedestrian;Female;18-30;3;;Normal;In carriageway, statioNot a Pedestrianry - not crossing  (standing or playing);No distancing;Slight Injury
13:35:00;Monday;31-50;Male;Junior high school;Owner;1-2yr;Lorry (11?40Q);Owner;Unknown;No defect;Residential areas;Two-way (divided with broken lines road marking);Tangent road with flat terrain;Y Shape;Asphalt roads;Dry;Daylight;Normal;Collision with roadside objects;2;1;;Pedestrian;Female;31-50;3;Driver;Normal;Not a Pedestrian;Moving Backward;Slight Injury
13:35:00;Monday;18-30;Male;Junior high school;Owner;2-5yr;Pick up upto 10Q;Owner;Unknown;No defect;Office areas;Double carriageway (median);Gentle horizontal curve;Y Shape;Asphalt roads;Dry;Daylight;Normal;Collision with roadside objects;2;1;Reversing;Driver or rider;Male;18-30;3;;;Not a Pedestrian;Driving carelessly;Slight Injury
20:30:00;Monday;Unknown;Male;Unknown;Owner;5-10yr;Lorry (41?100Q);Owner;;No defect;Office areas;Double carriageway (median);Tangent road with flat terrain;Crossing;Asphalt roads;Dry;Daylight;Normal;Vehicle with vehicle collision;2;1;Other;na;na;na;na;Driver;Normal;Not a Pedestrian;No distancing;Slight Injury
20:30:00;Monday;18-30;Male;Unknown;Owner;Above 10yr;Other;Organization;Unknown;No defect;Other;Double carriageway (median);Tangent road with flat terrain;Crossing;Asphalt roads;Dry;Daylight;Normal;Vehicle with vehicle collision;2;1;Going straight;Driver or rider;Female;31-50;3;;;Not a Pedestrian;No priority to vehicle;Slight Injury
11:28:00;Sunday;18-30;Male;Junior high school;Owner;2-5yr;Automobile;Owner;Unknown;No defect;Office areas;Two-way (divided with broken lines road marking);Tangent road with flat terrain;Y Shape;Asphalt roads;Dry;Daylight;Normal;Vehicle with vehicle collision;2;1;Going straight;Driver or rider;Male;31-50;3;Self-employed;NormalNormal;Not a Pedestrian;Changing lane to the right;Slight Injury
11:28:00;Sunday;18-30;Male;Elementary school;Owner;Above 10yr;Long lorry;Owner;Unknown;No defect;Office areas;;Tangent road with flat terrain;Y Shape;Asphalt roads;Dry;Daylight;Normal;Vehicle with vehicle collision;2;1;Turnover;na;na;na;na;Driver;Normal;Not a Pedestrian;Moving Backward;Slight Injury
13:00:00;Wednesday;Under 18;Male;Writing & reading;Owner;5-10yr;Lorry (11?40Q);Governmental;Unknown;;Office areas;One way;Tangent road with flat terrain;Y Shape;Gravel roads;Dry;Daylight;Normal;Vehicle with vehicle collision;2;1;Other;na;na;na;na;Driver;Normal;Not a Pedestrian;Driving under the influence of drugs;Serious Injury
13:00:00;Wednesday;18-30;Male;;Owner;;Long lorry;Owner;Unknown;;Other;Undivided Two way;Tangent road with flat terrain;Y Shape;Asphalt roads;Dry;Daylight;Normal;Rollover;2;1;Going straight;Driver or rider;Female;18-30;3;Other;Normal;Not a Pedestrian;Changing lane to the right;Serious Injury
08:15:00;Tuesday;18-30;Male;Junior high school;Owner;5-10yr;Automobile;Owner;Unknown;;Residential areas;;Tangent road with flat terrain;Crossing;Asphalt roads;Dry;Daylight;Normal;Vehicle with vehicle collision;1;2;Going straight;na;na;na;na;;;Not a Pedestrian;No priority to vehicle;Serious Injury
08:15:00;Tuesday;18-30;Male;Junior high school;Owner;Below 1yr;Taxi;Owner;2-5yrs;No defect;Residential areas;Two-way (divided with broken lines road marking);Gentle horizontal curve;Crossing;Asphalt roads;Dry;Daylight;Normal;Collision with roadside objects;1;2;Other;na;na;na;na;;;Not a Pedestrian;Changing lane to the left;Serious Injury
07:45:00;Tuesday;18-30;Male;Junior high school;Owner;2-5yr;Taxi;Owner;5-10yrs;; Church areas;Two-way (divided with broken lines road marking);Tangent road with flat terrain;No junction;Asphalt roads;Dry;Daylight;Normal;Collision with pedestrians;2;1;Going straight;na;na;na;na;Other;Normal;Not a Pedestrian;Driving carelessly;Slight Injury
07:45:00;Tuesday;31-50;Male;Elementary school;Employee;2-5yr;Long lorry;Owner;5-10yrs;;Other;Two-way (divided with broken lines road marking);Tangent road with flat terrain;No junction;Asphalt roads;Dry;Daylight;Normal;Vehicle with vehicle collision;2;1;Turnover;Driver or rider;Female;Over 51;3;Driver;Normal;Not a Pedestrian;No priority to pedestrian;Slight Injury
14:34:00;Wednesday;Unknown;Male;Junior high school;Employee;2-5yr;Lorry (11?40Q);Owner;Unknown;;Residential areas;Two-way (divided with broken lines road marking);Tangent road with flat terrain;Y Shape;Asphalt roads;Dry;Daylight;Normal;Vehicle with vehicle collision;2;1;Going straight;Driver or rider;Female;31-50;3;Driver;Normal;Not a Pedestrian;No priority to pedestrian;Slight Injury
14:34:00;Wednesday;18-30;Male;Junior high school;Employee;2-5yr;Lorry (11?40Q);Owner;2-5yrs;;Other;Undivided Two way;Tangent road with flat terrain;Y Shape;Asphalt roads;Dry;Daylight;Normal;Vehicle with vehicle collision;2;1;Turnover;Driver or rider;Male;18-30;3;;;Not a Pedestrian;Changing lane to the right;Slight Injury
02:34:00;Thursday;31-50;Male;Junior high school;Employee;5-10yr;Long lorry;Owner;2-5yrs;;Residential areas;Undivided Two way;Tangent road with flat terrain;Y Shape;Asphalt roads;Dry;Darkness - lights lit;Normal;Vehicle with vehicle collision;2;1;Going straight;Driver or rider;Male;31-50;3;Driver;Normal;Not a Pedestrian;Drunk driving;Slight Injury
02:34:00;Thursday;18-30;Male;Junior high school;Employee;5-10yr;Turbo;Owner;2-5yrs;;Residential areas;Two-way (divided with broken lines road marking);Tangent road with flat terrain;Y Shape;Asphalt roads;Dry;Darkness - lights lit;Normal;Vehicle with vehicle collision;2;1;Moving Backward;na;na;na;na;;;Not a Pedestrian;Changing lane to the left;Slight Injury
16:59:00;Thursday;Over 51;Unknown;Junior high school;Employee;Above 10yr;Long lorry;Owner;5-10yrs;No defect;Other;Two-way (divided with broken lines road marking);Tangent road with flat terrain;Crossing;Asphalt roads with some distress;Dry;Daylight;Normal;Vehicle with vehicle collision;2;4;;na;na;na;na;Driver;Normal;Not a Pedestrian;Changing lane to the left;Slight Injury
16:59:00;Thursday;Over 51;Male;Elementary school;Employee;5-10yr;Long lorry;;;;Other;Two-way (divided with broken lines road marking);Tangent road with flat terrain;Crossing;Asphalt roads;Dry;Daylight;Normal;Vehicle with vehicle collision;2;4;Going straight;Driver or rider;Female;31-50;3;Driver;Normal;Not a Pedestrian;Driving to the left;Slight Injury
16:59:00;Thursday;Over 51;Male;Junior high school;Employee;5-10yr;Public (13?45 seats);Owner;Unknown;No defect;Other;Undivided Two way;Tangent road with flat terrain;Crossing;Asphalt roads;Dry;Daylight;Normal;Collision with roadside objects;2;4;Going straight;Passenger;Male;Under 18;3;;;Not a Pedestrian;Changing lane to the left;Slight Injury
16:59:00;Thursday;18-30;Male;Junior high school;Employee;Above 10yr;Automobile;Owner;Unknown;No defect;Other;Double carriageway (median);Tangent road with flat terrain;Crossing;Asphalt roads;Dry;Daylight;Normal;Rollover;2;4;Reversing;na;na;na;na;;;Not a Pedestrian;Driving under the influence of drugs;Slight Injury
14:14:00;Sunday;Over 51;Male;Elementary school;Owner;;Automobile;Owner;Unknown;;Residential areas;Two-way (divided with broken lines road marking);Tangent road with flat terrain;Y Shape;Asphalt roads;Dry;Daylight;Normal;Vehicle with vehicle collision;1;1;Reversing;na;na;na;na;;;Not a Pedestrian;No priority to pedestrian;Slight Injury
18:05:00;Thursday;18-30;Unknown;Junior high school;Owner;5-10yr;Pick up upto 10Q;Owner;2-5yrs;;  Recreational areas;Undivided Two way;Tangent road with flat terrain;No junction;Asphalt roads;Dry;Daylight;Normal;Collision with pedestrians;3;1;Reversing;Driver or rider;Male;18-30;3;;;Not a Pedestrian;Changing lane to the left;Slight Injury
18:05:00;Thursday;31-50;Male;Junior high school;Employee;5-10yr;;Owner;;;Other;other;Tangent road with flat terrain;No junction;Asphalt roads;Dry;Daylight;Normal;Vehicle with vehicle collision;3;1;Going straight;Passenger;Female;Over 51;3;Other;Normal;Not a Pedestrian;Moving Backward;Slight Injury
18:05:00;Thursday;31-50;Male;Junior high school;Employee;Below 1yr;Stationwagen;Owner;;;Office areas;Undivided Two way;Tangent road with flat terrain;No junction;Asphalt roads;Dry;Daylight;Normal;Vehicle with vehicle collision;3;1;Going straight;na;na;na;na;Self-employed;Normal;Not a Pedestrian;No distancing;Slight Injury
17:55:00;Thursday;18-30;Male;;;;;;;;Other;Undivided Two way;Tangent road with flat terrain;Y Shape;Asphalt roads;Dry;Daylight;Normal;Collision with pedestrians;2;1;Going straight;Driver or rider;Male;31-50;3;;;Not a Pedestrian;Changing lane to the right;Slight Injury
17:55:00;Thursday;Over 51;Male;Junior high school;Employee;5-10yr;Automobile;Owner;Unknown;;Office areas;Undivided Two way;Tangent road with flat terrain;Y Shape;Asphalt roads;Dry;Daylight;Normal;Collision with pedestrians;2;1;Going straight;Driver or rider;Male;18-30;3;Student;Normal;Not a Pedestrian;No priority to vehicle;Slight Injury
18:40:00;Thursday;31-50;Male;Junior high school;Employee;5-10yr;Automobile;Owner;Unknown;;Office areas;One way;Tangent road with flat terrain;No junction;Asphalt roads;Dry;Daylight;Normal;Vehicle with vehicle collision;2;1;Moving Backward;Driver or rider;Male;31-50;3;Other;Normal;Not a Pedestrian;Moving Backward;Slight Injury
18:40:00;Thursday;Unknown;Male;Junior high school;Employee;Above 10yr;Long lorry;Owner;Unknown;;Office areas;Undivided Two way;Tangent road with flat terrain;No junction;Asphalt roads;Dry;Daylight;Normal;Vehicle with vehicle collision;2;1;Going straight;Driver or rider;Male;Over 51;3;Driver;Normal;Not a Pedestrian;Overtaking;Slight Injury
01:11:00;Tuesday;18-30;Male;High school;Employee;Above 10yr;Public (13?45 seats);Owner;Unknown;No defect;Other;Undivided Two way;Tangent road with flat terrain;Y Shape;Asphalt roads;Dry;Darkness - lights lit;Normal;Vehicle with vehicle collision;2;1;Moving Backward;Passenger;Female;Over 51;3;Other;Normal;Not a Pedestrian;Changing lane to the left;Slight Injury
01:11:00;Tuesday;31-50;Male;Junior high school;Employee;Above 10yr;Public (13?45 seats);Governmental;Unknown;;Other;Double carriageway (median);Tangent road with flat terrain;Y Shape;Asphalt roads;Dry;Darkness - lights lit;Normal;Vehicle with vehicle collision;2;1;Moving Backward;Passenger;Female;31-50;3;Driver;Normal;Not a Pedestrian;Changing lane to the right;Slight Injury
09:20:00;Friday;31-50;Male;Junior high school;Employee;Above 10yr;Lorry (11?40Q);Owner;Unknown;No defect;Office areas;Two-way (divided with solid lines road marking);Tangent road with flat terrain;Y Shape;Asphalt roads;Dry;Daylight;Normal;Vehicle with vehicle collision;2;1;Going straight;Passenger;Male;Under 18;3;Other;Normal;Not a Pedestrian;Overtaking;Slight Injury
09:20:00;Friday;31-50;Male;Junior high school;Employee;Above 10yr;Lorry (11?40Q);Owner;Unknown;;Residential areas;other;Tangent road with flat terrain;Y Shape;Asphalt roads;Dry;Daylight;Normal;Collision with roadside objects;2;1;Other;Passenger;Female;18-30;3;;Normal;Not a Pedestrian;Overloading;Slight Injury