Time;Day_of_week;Age_band_of_driver;Sex_of_driver;Educational_level;Vehicle_driver_relation;Driving_experience;Type_of_vehicle;Owner_of_vehicle;Service_year_of_vehicle;Defect_of_vehicle;Area_accident_occured;Lanes_or_Medians;Road_allignment;Types_of_Junction;Road_surface_type;Road_surface_conditions;Light_conditions;Weather_conditions;Type_of_collision;Number_of_vehicles_involved;Number_of_casualties;Vehicle_movement;Casualty_class;Sex_of_casualty;Age_band_of_casualty;Casualty_severity;Work_of_casuality;Fitness_of_casuality;Pedestrian_movement;Cause_of_accident;Accident_severity
12:24:00;Saturday;Over 51;Male;Junior high school;Employee;Above 10yr;Automobile;Owner;;;Other;Two-way (divided with broken lines road marking);Tangent road with flat terrain;Crossing;Earth roads;Dry;Daylight;Normal;Vehicle with vehicle collision;1;1;Moving Backward;na;na;na;na;Driver;Normal;Not a Pedestrian;Driving at high speed;Slight Injury
12:45:00;Saturday;31-50;Male;Elementary school;Employee;5-10yr;Automobile;Owner;;;Office areas;Two-way (divided with broken lines road marking);Tangent road with flat terrain;Y Shape;Asphalt roads;Dry;Daylight;Normal;Vehicle with vehicle collision;2;1;Moving Backward;Driver or rider;Male;18-30;3;Self-employed;Normal;Not a Pedestrian;Moving Backward;Slight Injury
12:45:00;Saturday;31-50;Male;;Employee;;Taxi;Owner;;;Other;Two-way (divided with broken lines road marking);Tangent road with flat terrain;Y Shape;Asphalt roads;Dry;Daylight;Normal;Vehicle with vehicle collision;2;1;Going straight;Driver or rider;Female;31-50;3;Driver;Normal;Not a Pedestrian;No distancing;Slight Injury
01:32:00;Monday;31-50;Male;;Employee;2-5yr;;Owner;;;Other;Two-way (divided with broken lines road marking);Tangent road with flat terrain;Crossing;Asphalt roads;Dry;Darkness - lights lit;Normal;Collision with roadside objects;1;1;Going straight;Driver or rider;Male;Over 51;3;Driver;Normal;Not a Pedestrian;Other;Slight Injury
21:55:00;Sunday;18-30;Male;Elementary school;Employee;5-10yr;;Owner;;;;;Tangent road with flat terrain;Crossing;Asphalt roads;Dry;Darkness - lights lit;Normal;Vehicle with vehicle collision;2;1;Going straight;Passenger;Male;31-50;3;Driver;Normal;Not a Pedestrian;No priority to vehicle;Slight Injury
21:55:00;Sunday;Under 18;Male;Junior high school;Employee;5-10yr;Automobile;Governmental;2-5yrs;;Residential areas;Two-way (divided with broken lines road marking);;Crossing;Earth roads;Dry;Darkness - lights lit;Normal;Vehicle with vehicle collision;2;1;Going straight;Driver or rider;Male;31-50;2;;;Not a Pedestrian;Changing lane to the right;Slight Injury
11:50:00;Monday;18-30;Male;Junior high school;Employee;Above 10yr;Pick up upto 10Q;Owner;Below 1yr;; Church areas;Undivided Two way;Tangent road with flat terrain;Y Shape;Asphalt roads;Dry;Daylight;Normal;Vehicle with vehicle collision;2;1;Going straight;na;na;na;na;Driver;Normal;Not a Pedestrian;Other;Slight Injury
11:50:00;Monday;18-30;Male;Junior high school;Employee;5-10yr;;;;;Other;Undivided Two way;Tangent road with flat terrain;Y Shape;Asphalt roads;Dry;Daylight;Normal;Vehicle with vehicle collision;2;1;Going straight;Driver or rider;Male;Under 18;3;Driver;Normal;Not a Pedestrian;No distancing;Slight Injury
18:09:00;Monday;31-50;Male;Junior high school;Employee;Above 10yr;Automobile;Owner;Unknown;;Other;One way;Tangent road with flat terrain;No junction;Asphalt roads;Dry;Daylight;Normal;Vehicle with vehicle collision;2;1;;na;na;na;na;Self-employed;Normal;Not a Pedestrian;Driving carelessly;Slight Injury
18:09:00;Monday;31-50;Male;Elementary school;Employee;Below 1yr;Public (12 seats);Owner;Unknown;No defect;Residential areas;Two-way (divided with broken lines road marking);Tangent road with flat terrain;No junction;Asphalt roads;Dry;Daylight;Normal;Vehicle with vehicle collision;2;1;Other;Driver or rider;Male;Over 51;3;;Normal;Not a Pedestrian;No distancing;Slight Injury
07:50:00;Thursday;18-30;Male;Elementary school;Employee;5-10yr;Public (13?45 seats);Owner;Unknown;;Office areas;One way;Tangent road with flat terrain;Crossing;Asphalt roads;Dry;Daylight;Normal;Vehicle with vehicle collision;2;1;Going straight;Driver or rider;Male;31-50;3;;;Not a Pedestrian;Moving Backward;Slight Injury
07:50:00;Thursday;18-30;Male;Elementary school;Employee;1-2yr;Lorry (11?40Q);Owner;Unknown;No defect; Industrial areas;Two-way (divided with broken lines road marking);Tangent road with flat terrain;Crossing;Asphalt roads;Dry;Daylight;Normal;Vehicle with vehicle collision;2;1;;Driver or rider;Female;Over 51;3;Driver;Normal;Not a Pedestrian;No distancing;Slight Injury
12:17:00;Tuesday;31-50;Unknown;Elementary school;Employee;5-10yr;Stationwagen;Governmental;;No defect;Residential areas;Double carriageway (median);Tangent road with flat terrain;No junction;Asphalt roads;Dry;Daylight;Normal;Vehicle with vehicle collision;2;1;Overtaking;na;na;na;na;Driver;Normal;Not a Pedestrian;Moving Backward;Slight Injury
12:17:00;Tuesday;Unknown;Female;Elementary school;Employee;5-10yr;Ridden horse;Owner;;No defect;Office areas;Unknown;Tangent road with flat terrain;No junction;Asphalt roads;Dry;Daylight;Normal;Vehicle with vehicle collision;2;1;Reversing;Driver or rider;Male;18-30;3;Driver;Normal;Not a Pedestrian;No priority to pedestrian;Slight Injury
17:00:00;Tuesday;18-30;Male;Elementary school;Employee;2-5yr;Stationwagen;Owner;2-5yrs;;Other;;Tangent road with flat terrain;Y Shape;Asphalt roads;Wet or damp;Daylight;Normal;Vehicle with vehicle collision;1;1;Going straight;Passenger;Male;Under 18;3;;;Not a Pedestrian;Changing lane to the left;Slight Injury
17:19:00;Tuesday;Unknown;Male;Elementary school;Employee;5-10yr;Automobile;Owner;Unknown;; Church areas;other;Tangent road with flat terrain;No junction;Asphalt roads;Dry;Daylight;Normal;Vehicle with vehicle collision;1;1;Other;Passenger;Male;18-30;3;Driver;Normal;Not a Pedestrian;No distancing;Slight Injury
02:30:00;Sunday;Unknown;Female;;;5-10yr;Automobile;Owner;Above 10yr;; Industrial areas;;Tangent road with flat terrain;Y Shape;Earth roads;Dry;Darkness - lights lit;Normal;Vehicle with vehicle collision;1;1;Moving Backward;na;na;na;na;Self-employed;Normal;Not a Pedestrian;Other;Slight Injury
17:00:00;Saturday;Unknown;Male;Junior high school;Employee;Above 10yr;Other;Owner;Unknown;No defect;  Recreational areas;One way;Tangent road with flat terrain;Y Shape;Asphalt roads;Dry;Daylight;Normal;Vehicle with vehicle collision;2;1;Going straight;Driver or rider;Male;18-30;3;Self-employed;Normal;Not a Pedestrian;No distancing;Slight Injury
17:00:00;Saturday;18-30;Male;Junior high school;Employee;Above 10yr;Taxi;Owner;Unknown;No defect;  Market areas;Undivided Two way;Tangent road with flat terrain;Y Shape;Asphalt roads;Dry;Daylight;Normal;Vehicle with vehicle collision;2;1;Other;na;na;na;na;;;Not a Pedestrian;No priority to pedestrian;Slight Injury
17:10:00;Saturday;31-50;Male;Elementary school;Employee;Below 1yr;Automobile;Owner;Unknown;No defect;Other;Two-way (divided with broken lines road marking);Tangent road with flat terrain;Y Shape;Asphalt roads;Dry;Daylight;Normal;Collision with roadside objects;2;1;Moving Backward;Driver or rider;Female;18-30;3;;Normal;Not a Pedestrian;Moving Backward;Serious Injury
17:10:00;Saturday;18-30;Male;Elementary school;Employee;5-10yr;Stationwagen;Owner;Unknown;;Other;Two-way (divided with broken lines road marking);Tangent road with flat terrain;Y Shape;Asphalt roads;Dry;Daylight;Normal;Vehicle with vehicle collision;2;1;Going straight;na;na;na;na;Driver;Normal;Not a Pedestrian;No priority to pedestrian;Serious Injury
06:30:00;Saturday;18-30;Male;Elementary school;Owner;5-10yr;Automobile;Owner;Unknown;No defect; Industrial areas;Two-way (divided with broken lines road marking);;Crossing;Earth roads;Dry;Daylight;Normal;Vehicle with vehicle collision;2;1;Going straight;na;na;na;na;Driver;Normal;Not a Pedestrian;No distancing;Slight Injury
06:30:00;Saturday;18-30;Male;Elementary school;Employee;2-5yr;Public (12 seats);Governmental;2-5yrs;;Other;Two-way (divided with broken lines road marking);Tangent road with flat terrain;Crossing;Asphalt roads;Dry;Daylight;Normal;Vehicle with vehicle collision;2;1;Moving Backward;na;na;na;na;;;Not a Pedestrian;No priority to pedestrian;Slight Injury
09:47:00;Friday;18-30;Male;Elementary school;Employee;Above 10yr;;Governmental;;;Office areas;other;Tangent road with flat terrain;Y Shape;Asphalt roads;Dry;Daylight;Normal;Vehicle with vehicle collision;2;1;Going straight;Driver or rider;Male;31-50;2;Driver;Normal;Not a Pedestrian;Driving carelessly;Slight Injury
09:47:00;Friday;31-50;Male;Elementary school;Employee;2-5yr;Automobile;Owner;Unknown;;;other;Tangent road with flat terrain;Y Shape;Asphalt roads;Dry;Daylight;Normal;Collision with pedestrians;2;1;Getting off;Driver or rider;Male;31-50;3;Self-employed;Normal;Not a Pedestrian;Getting off the vehicle improperly;Slight Injury
22:42:00;Thursday;18-30;Male;Junior high school;Employee;Above 10yr;Lorry (41?100Q);Owner;;;Office areas;Two-way (divided with broken lines road marking);Tangent road with flat terrain;Y Shape;Asphalt roads;Dry;Darkness - lights lit;Normal;Vehicle with vehicle collision;1;1;Going straight;na;na;na;na;Self-employed;Normal;Not a Pedestrian;Driving carelessly;Slight Injury
12:43:00;Thursday;18-30;Male;Junior high school;Employee;Below 1yr;Automobile;Owner;;;Office areas;Undivided Two way;Tangent road with flat terrain;Crossing;Asphalt roads;Dry;Daylight;Normal;Vehicle with vehicle collision;2;1;Going straight;Driver or rider;Female;18-30;3;Self-employed;Normal;Not a Pedestrian;Changing lane to the left;Slight Injury
12:43:00;Thursday;31-50;Male;Junior high school;Employee;2-5yr;Public (> 45 seats);Organization;Unknown;;Other;other;Tangent road with flat terrain;Crossing;Asphalt roads;Dry;Daylight;Normal;Vehicle with vehicle collision;2;1;Moving Backward;Driver or rider;Female;31-50;3;;;Not a Pedestrian;No priority to vehicle;Slight Injury
04:15:00;Sunday;Under 18;Male;Elementary school;Employee;5-10yr;Lorry (41?100Q);Governmental;2-5yrs;;Other;other;Tangent road with flat terrain;Y Shape;Asphalt roads;Dry;Darkness - lights lit;Normal;Vehicle with vehicle collision;2;2;Going straight;na;na;na;na;Self-employed;Normal;Not a Pedestrian;Changing lane to the right;Slight Injury
04:15:00;Sunday;Under 18;Male;Elementary school;Employee;5-10yr;Public (> 45 seats);Owner;Unknown;No defect;Other;Undivided Two way;Tangent road with flat terrain;Y Shape;Asphalt roads;Dry;Darkness - lights lit;Normal;Vehicle with vehicle collision;2;2;Going straight;na;na;na;na;Self-employed;Normal;Not a Pedestrian;Changing lane to the right;Slight Injury
04:15:00;Sunday;Unknown;Male;Elementary school;Employee;1-2yr;;Owner;Above 10yr;;Other;other;Tangent road with flat terrain;Y Shape;Other;Dry;Darkness - lights lit;Normal;Vehicle with vehicle collision;2;2;Going straight;Driver or rider;Female;31-50;3;Driver;Deaf;Not a Pedestrian;No distancing;Slight Injury
04:30:00;Friday;Unknown;Male;Elementary school;Employee;;;;;;Residential areas;Undivided Two way;Tangent road with flat terrain;Y Shape;Asphalt roads;Dry;Daylight;Normal;Vehicle with vehicle collision;1;1;Going straight;na;na;na;na;Driver;Normal;Not a Pedestrian;No distancing;Serious Injury
14:30:00;Tuesday;Unknown;Male;Junior high school;Employee;1-2yr;Automobile;Owner;2-5yrs;No defect; Church areas;Undivided Two way;Tangent road with flat terrain;Crossing;Asphalt roads;Dry;Daylight;Normal;Vehicle with vehicle collision;1;1;Going straight;Driver or rider;Male;18-30;3;Self-employed;Normal;Not a Pedestrian;Changing lane to the left;Slight Injury
21:45:00;Wednesday;18-30;Male;;Employee;5-10yr;Automobile;Owner;2-5yrs;;Office areas;Double carriageway (median);Tangent road with flat terrain;Y Shape;Asphalt roads;Dry;Darkness - lights lit;Normal;Collision with pedestrians;3;1;Moving Backward;Passenger;Female;18-30;3;Self-employed;Normal;Not a Pedestrian;Changing lane to the right;Slight Injury
21:45:00;Wednesday;31-50;Male;Elementary school;Owner;1-2yr;Lorry (41?100Q);Owner;2-5yrs;; Church areas;other;Tangent road with flat terrain;Y Shape;Asphalt roads;Dry;Darkness - lights lit;Normal;Vehicle with vehicle collision;3;1;Going straight;na;na;na;na;Driver;Normal;Not a Pedestrian;No priority to vehicle;Slight Injury
21:45:00;Wednesday;Unknown;Male;Junior high school;Employee;5-10yr;Automobile;Owner;2-5yrs;;Other;Two-way (divided with broken lines road marking);Tangent road with flat terrain;Y Shape;Asphalt roads;Dry;Darkness - lights lit;Normal;Vehicle with vehicle collision;3;1;Going straight;na;na;na;na;Driver;Normal;Not a Pedestrian;Changing lane to the left;Slight Injury
08:30:00;Wednesday;Unknown;Male;Junior high school;Employee;2-5yr;Public (13?45 seats);Owner;;;;other;Tangent road with flat terrain;Y Shape;Asphalt roads;Wet or damp;Daylight;Raining;Vehicle with vehicle collision;1;1;Moving Backward;Driver or rider;Male;31-50;3;;;Not a Pedestrian;No priority to vehicle;Slight Injury
13:09:00;Thursday;31-50;Male;Junior high school;Employee;2-5yr;Automobile;Owner;1-2yr;;School areas;other;Steep grade downward with mountainous terrain;Y Shape;Asphalt roads;Dry;Daylight;Normal;Vehicle with vehicle collision;2;1;Moving Backward;Passenger;Male;18-30;3;Driver;Normal;Not a Pedestrian;Moving Backward;Serious Injury
13:09:00;Thursday;18-30;Male;Junior high school;Employee;5-10yr;Public (> 45 seats);Owner;5-10yrs;;Office areas;Two-way (divided with broken lines road marking);Tangent road with mild grade and flat terrain;Y Shape;Earth roads;Dry;Daylight;Normal;Collision with roadside objects;2;1;Going straight;na;na;na;na;Driver;Normal;Not a Pedestrian;Turnover;Serious Injury
18:07:00;Monday;18-30;Male;Junior high school;Owner;Below 1yr;Lorry (41?100Q);Owner;Below 1yr;;Other;other;Steep grade downward with mountainous terrain;Y Shape;Asphalt roads;Wet or damp;Daylight;Raining;Vehicle with vehicle collision;1;1;Going straight;Driver or rider;Male;18-30;1;Student;Normal;Not a Pedestrian;No distancing;Slight Injury
08:25:00;Sunday;Over 51;Male;High school;Employee;Below 1yr;Automobile;Owner;Unknown;;Office areas;Undivided Two way;Tangent road with flat terrain;Y Shape;Asphalt roads;Dry;Daylight;Normal;Vehicle with vehicle collision;1;1;Going straight;na;na;na;na;Employee;Normal;Not a Pedestrian;No distancing;Slight Injury
11:15:00;Saturday;31-50;Male;Junior high school;Employee;;Lorry (11?40Q);Owner;;;Other;Undivided Two way;Tangent road with flat terrain;Crossing;Asphalt roads;Dry;Daylight;Normal;Vehicle with vehicle collision;2;1;Going straight;Driver or rider;Female;18-30;3;Driver;Normal;Not a Pedestrian;No distancing;Slight Injury
11:15:00;Saturday;31-50;Male;Junior high school;Employee;Below 1yr;Public (13?45 seats);Owner;2-5yrs;;Other;Two-way (divided with broken lines road marking);Tangent road with flat terrain;Crossing;Asphalt roads;Dry;Daylight;Normal;Vehicle with vehicle collision;2;1;Going straight;Driver or rider;Male;31-50;2;Other;Normal;Not a Pedestrian;Changing lane to the left;Slight Injury
17:50:00;Friday;18-30;Male;Junior high school;Employee;2-5yr;Public (13?45 seats);Owner;;;Office areas;Undivided Two way;Tangent road with flat terrain;Crossing;Asphalt roads;Dry;Daylight;Normal;Vehicle with vehicle collision;1;1;Going straight;na;na;na;na;;Normal;Not a Pedestrian;No priority to vehicle;Slight Injury
13:37:00;Friday;Unknown;Male;Junior high school;Employee;2-5yr;;Owner;;No defect;Other;Double carriageway (median);Tangent road with flat terrain;Crossing;Asphalt roads;Dry;Daylight;Normal;Vehicle with vehicle collision;1;1;Going straight;Driver or rider;Male;Under 18;3;;;Not a Pedestrian;Driving at high speed;Slight Injury
15:05:00;Tuesday;31-50;Male;Junior high school;Employee;5-10yr;Long lorry;Owner;;; Church areas;other;Tangent road with flat terrain;Y Shape;Asphalt roads;Dry;Daylight;Normal;Vehicle with vehicle collision;2;1;Going straight;Passenger;Male;Under 18;3;;;Not a Pedestrian;Overtaking;Slight Injury
15:05:00;Tuesday;Unknown;Male;Elementary school;Employee;5-10yr;Lorry (41?100Q);Owner;;No defect;Office areas;Two-way (divided with broken lines road marking);Tangent road with flat terrain;Y Shape;Asphalt roads;Dry;Daylight;Normal;Collision with roadside objects;2;1;Going straight;Driver or rider;Male;Under 18;3;Employee;;Not a Pedestrian;Other;Slight Injury
09:57:00;Wednesday;31-50;Male;;Owner;5-10yr;Lorry (11?40Q);Owner;Above 10yr;No defect;Office areas;Two-way (divided with broken lines road marking);Tangent road with flat terrain;No junction;Asphalt roads;Dry;Daylight;Normal;Vehicle with vehicle collision;2;1;Going straight;Pedestrian;Male;18-30;2;Driver;;Unknown or other;Changing lane to the left;Slight Injury
09:57:00;Wednesday;18-30;Male;Junior high school;Employee;5-10yr;Lorry (41?100Q);Owner;2-5yrs;;Other;Undivided Two way;Tangent road with mountainous terrain and;No junction;Asphalt roads;Dry;Daylight;Normal;Vehicle with vehicle collision;2;1;Other;na;na;na;na;Driver;;Not a Pedestrian;No priority to pedestrian;Slight Injury
16:30:00;Wednesday;Over 51;Male;Junior high school;Owner;5-10yr;Public (12 seats);Owner;2-5yrs;;Residential areas;Undivided Two way;Tangent road with flat terrain;No junction;Asphalt roads;Dry;Daylight;Normal;Vehicle with vehicle collision;3;1;Going straight;Driver or rider;Male;31-50;2;Driver;;Not a Pedestrian;Changing lane to the left;Slight Injury
16:30:00;Wednesday;18-30;Male;Illiterate;Employee;2-5yr;;Owner;Unknown;No defect;Residential areas;Undivided Two way;Tangent road with flat terrain;No junction;Asphalt roads;Dry;Daylight;Normal;Vehicle with vehicle collision;3;1;Reversing;Pedestrian;Male;Under 18;2;Self-employed;Normal;Unknown or other;No distancing;Slight Injury
16:30:00;Wednesday;Unknown;Female;Junior high school;Employee;5-10yr;Taxi;Owner;5-10yrs;7;;Two-way (divided with broken lines road marking);Tangent road with flat terrain;No junction;Asphalt roads;Dry;Daylight;Normal;Rollover;3;1;Going straight;Driver or rider;Male;31-50;3;Driver;Normal;Not a Pedestrian;Moving Backward;Slight Injury
00:15:00;Monday;31-50;Male;Junior high school;Employee;Below 1yr;;Owner;Unknown;7;Other;other;Tangent road with flat terrain;Crossing;Asphalt roads;Dry;Darkness - lights lit;Normal;Vehicle with vehicle collision;2;2;Reversing;Driver or rider;Male;18-30;3;Other;Normal;Not a Pedestrian;Changing lane to the left;Slight Injury
00:15:00;Monday;31-50;Male;Junior high school;Employee;1-2yr;Automobile;Owner;Unknown;No defect;Office areas;;Steep grade downward with mountainous terrain;Crossing;Asphalt roads;Dry;Darkness - lights lit;Normal;Vehicle with vehicle collision;2;2;Going straight;Driver or rider;Male;Under 18;2;;;Not a Pedestrian;Other;Slight Injury
00:15:00;Monday;18-30;Male;Elementary school;Employee;2-5yr;;Governmental;Unknown;No defect;School areas;Double carriageway (median);Tangent road with flat terrain;Crossing;Earth roads;Dry;Darkness - lights lit;Normal;Collision with roadside objects;2;2;Reversing;Passenger;Male;Under 18;2;Driver;Normal;Not a Pedestrian;No distancing;Slight Injury
01:46:00;Sunday;31-50;Male;Elementary school;Employee;2-5yr;Lorry (41?100Q);Owner;Unknown;No defect;Other;Two-way (divided with broken lines road marking);Steep grade downward with mountainous terrain;Y Shape;Asphalt roads;Dry;Darkness - lights lit;Normal;Vehicle with vehicle collision;1;1;;Driver or rider;Male;Under 18;2;Self-employed;Normal;Not a Pedestrian;Moving Backward;Slight Injury
18:45:00;Friday;31-50;Male;Elementary school;Employee;5-10yr;Automobile;Owner;5-10yrs;No defect;Other;Two-way (divided with broken lines road marking);Tangent road with rolling terrain;Y Shape;;Dry;Daylight;Normal;Vehicle with vehicle collision;2;1;Going straight;Passenger;Female;31-50;3;Self-employed;Normal;Not a Pedestrian;No distancing;Slight Injury
18:45:00;Friday;Unknown;Male;Junior high school;Employee;5-10yr;Automobile;Governmental;Unknown;No defect; Church areas;Two-way (divided with broken lines road marking);Tangent road with flat terrain;Y Shape;Asphalt roads;Dry;Daylight;Normal;Vehicle with vehicle collision;2;1;Reversing;na;na;na;na;Self-employed;Normal;Not a Pedestrian;Changing lane to the left;Slight Injury
21:35:00;Monday;31-50;Male;;;;Lorry (41?100Q);;;;Office areas;;Tangent road with mild grade and flat terrain;O Shape;Asphalt roads;Dry;Darkness - lights lit;Normal;Collision with roadside objects;2;1;Other;Driver or rider;Male;31-50;3;;Other;Not a Pedestrian;Changing lane to the left;Slight Injury
21:35:00;Monday;18-30;Male;Junior high school;Employee;Above 10yr;Automobile;Owner;;;Other;Two-way (divided with broken lines road marking);Tangent road with mild grade and flat terrain;O Shape;Asphalt roads;Dry;Darkness - lights lit;Normal;Collision with roadside objects;2;1;Going straight;Driver or rider;Male;31-50;1;Driver;Blind;Not a Pedestrian;No priority to pedestrian;Slight Injury
21:51:00;Wednesday;18-30;Male;Junior high school;Employee;Above 10yr;Automobile;Governmental;;No defect;Residential areas;Double carriageway (median);Tangent road with flat terrain;Y Shape;Asphalt roads;Dry;Darkness - lights lit;Normal;Vehicle with vehicle collision;2;1;Going straight;na;na;na;na;Driver;Normal;Not a Pedestrian;Changing lane to the left;Slight Injury
21:51:00;Wednesday;31-50;Male;Junior high school;Owner;Above 10yr;Automobile;Owner;;;Office areas;Two-way (divided with broken lines road marking);Tangent road with flat terrain;Y Shape;Asphalt roads;Dry;Darkness - lights lit;Normal;Vehicle with vehicle collision;2;1;Going straight;Driver or rider;Male;Under 18;3;Self-employed;Normal;Not a Pedestrian;Driving carelessly;Slight Injury
10:00:00;Friday;18-30;Male;Junior high school;Employee;unknown;Taxi;Owner;;;Office areas;Undivided Two way;Tangent road with flat terrain;No junction;Asphalt roads;Dry;Daylight;Normal;Collision with roadside objects;2;1;Moving Backward;Driver or rider;Male;Over 51;3;Driver;Normal;Not a Pedestrian;Driving carelessly;Slight Injury
10:00:00;Friday;Unknown;Male;Junior high school;Employee;5-10yr;;Owner;Below 1yr;;Office areas;Two-way (divided with broken lines road marking);Tangent road with flat terrain;No junction;Asphalt roads;Dry;Daylight;Normal;Collision with roadside objects;2;1;Going straight;Driver or rider;Female;18-30;3;Driver;Normal;Not a Pedestrian;No priority to pedestrian;Slight Injury
15:50:00;Thursday;18-30;Male;Junior high school;Employee;2-5yr;;Organization;1-2yr;; Church areas;;Tangent road with flat terrain;Y Shape;Asphalt roads;Dry;Daylight;Normal;Vehicle with vehicle collision;2;1;Going straight;Driver or rider;Male;31-50;2;Driver;Normal;Not a Pedestrian;Getting off the vehicle improperly;Slight Injury
15:50:00;Thursday;31-50;Male;Elementary school;Employee;5-10yr;Automobile;Owner;;;Office areas;Two-way (divided with broken lines road marking);Tangent road with flat terrain;Y Shape;Asphalt roads;Dry;Daylight;Normal;Vehicle with vehicle collision;2;1;Going straight;na;na;na;na;Driver;Normal;Not a Pedestrian;No distancing;Slight Injury
19:00:00;Monday;Over 51;Male;Junior high school;Employee;2-5yr;Pick up upto 10Q;Owner;1-2yr;;Office areas;Two-way (divided with broken lines road marking);Tangent road with mild grade and flat terrain;Crossing;Gravel roads;Dry;Daylight;Normal;Vehicle with vehicle collision;2;1;Going straight;na;na;na;na;Driver;Normal;Not a Pedestrian;Changing lane to the left;Slight Injury
19:00:00;Monday;31-50;Male;High school;Owner;5-10yr;;Owner;;;Office areas;Two-way (divided with broken lines road marking);Tangent road with mild grade and flat terrain;Crossing;Asphalt roads;Dry;Daylight;Normal;Collision with roadside objects;2;1;Other;Driver or rider;Male;Under 18;3;Driver;Normal;Not a Pedestrian;No priority to vehicle;Slight Injury
17:30:00;Tuesday;31-50;Male;Junior high school;Employee;Above 10yr;Automobile;Owner;5-10yrs;No defect;Office areas;Two-way (divided with broken lines road marking);Tangent road with flat terrain;Y Shape;Asphalt roads;Dry;Daylight;Normal;Vehicle with vehicle collision;3;1;;Pedestrian;Female;Under 18;3;;Normal;Crossing from driver's nearside;No distancing;Serious Injury
17:30:00;Tuesday;18-30;Male;Junior high school;Employee;2-5yr;Public (12 seats);Owner;;No defect;Other;Two-way (divided with broken lines road marking);Tangent road with flat terrain;Y Shape;Asphalt roads;Dry;Daylight;Normal;Vehicle with vehicle collision;3;1;Going straight;Pedestrian;Female;18-30;2;Employee;Normal;Not a Pedestrian;No priority to pedestrian;Serious Injury
17:30:00;Tuesday;Unknown;Male;Elementary school;Employee;2-5yr;Public (13?45 seats);Owner;;No defect;Residential areas;Double carriageway (median);Tangent road with flat terrain;Y Shape;Asphalt roads;Dry;Daylight;Normal;Vehicle with vehicle collision;3;1;Turnover;Driver or rider;Male;31-50;3;;;Not a Pedestrian;No priority to pedestrian;Serious Injury
14:03:00;Tuesday;31-50;Male;High school;Owner;Above 10yr;Lorry (11?40Q);Owner;;No defect; Church areas;Undivided Two way;Tangent road with flat terrain;O Shape;Asphalt roads;Dry;Daylight;Normal;Rollover;1;1;Going straight;Passenger;Female;18-30;3;Driver;Normal;Not a Pedestrian;No priority to vehicle;Slight Injury
19:15:00;Wednesday;31-50;Male;Elementary school;Employee;1-2yr;Stationwagen;Owner;;No defect;Other;Two-way (divided with broken lines road marking);Tangent road with flat terrain;Y Shape;Asphalt roads;Dry;Daylight;Normal;Vehicle with vehicle collision;2;1;Moving Backward;Passenger;Female;18-30;3;Self-employed;Normal;Not a Pedestrian;Driving carelessly;Slight Injury
19:15:00;Wednesday;31-50;Male;Junior high school;Employee;Above 10yr;Ridden horse;Owner;;No defect;  Recreational areas;Two-way (divided with broken lines road marking);Tangent road with flat terrain;Y Shape;Asphalt roads;Dry;Daylight;Normal;Vehicle with vehicle collision;2;1;Moving Backward;na;na;na;na;Self-employed;Normal;Not a Pedestrian;Changing lane to the right;Slight Injury
16:10:00;Friday;18-30;Male;;;;Stationwagen;;;;;;Tangent road with flat terrain;Y Shape;Asphalt roads;Dry;Daylight;Normal;Collision with pedestrians;2;1;Going straight;na;na;na;na;;;Not a Pedestrian;Changing lane to the left;Slight Injury
16:10:00;Friday;31-50;Male;Junior high school;Owner;5-10yr;Automobile;Owner;Unknown;No defect; Industrial areas;Undivided Two way;Tangent road with mild grade and flat terrain;Y Shape;Asphalt roads;Dry;Daylight;Normal;Vehicle with vehicle collision;2;1;Other;Driver or rider;Male;18-30;3;Self-employed;Normal;Not a Pedestrian;Moving Backward;Slight Injury
20:10:00;Friday;31-50;Male;Above high school;Employee;5-10yr;Automobile;Owner;;No defect;Other;Two-way (divided with broken lines road marking);Tangent road with flat terrain;No junction;Asphalt roads;Dry;Darkness - lights lit;Normal;Vehicle with vehicle collision;3;1;Going straight;Driver or rider;Male;Under 18;3;;;Not a Pedestrian;Driving carelessly;Slight Injury
20:10:00;Friday;18-30;Male;Junior high school;Employee;5-10yr;Other;Owner;Unknown;;Other;other;Tangent road with flat terrain;No junction;Asphalt roads;Dry;Darkness - lights lit;Normal;Vehicle with vehicle collision;3;1;Going straight;na;na;na;na;Self-employed;Normal;Not a Pedestrian;Driving to the left;Slight Injury
20:10:00;Friday;18-30;Male;Junior high school;Employee;Above 10yr;Taxi;Owner;5-10yrs;No defect; Church areas;other;Tangent road with flat terrain;No junction;Asphalt roads;Dry;Darkness - lights lit;Normal;Vehicle with vehicle collision;3;1;Going straight;Passenger;Female;Over 51;2;Driver;Normal;Not a Pedestrian;Driving to the left;Slight Injury
19:40:00;Saturday;31-50;Male;Junior high school;Employee;1-2yr;Automobile;Owner;5-10yrs;No defect; Church areas;Undivided Two way;Tangent road with flat terrain;No junction;Asphalt roads;Dry;Darkness - lights lit;Normal;Collision with roadside objects;1;1;Going straight;Driver or rider;Female;18-30;2;Self-employed;Normal;Not a Pedestrian;No priority to pedestrian;Slight Injury
01:00:00;Sunday;Under 18;Male;Junior high school;Employee;2-5yr;Stationwagen;Owner;;No defect;Other;Two-way (divided with broken lines road marking);Tangent road with flat terrain;Y Shape;Asphalt roads;Dry;Darkness - lights lit;Normal;Vehicle with vehicle collision;2;1;Going straight;Passenger;Male;Under 18;3;Self-employed;Normal;Not a Pedestrian;Changing lane to the left;Slight Injury