Time;Day_of_week;Age_band_of_driver;Sex_of_driver;Educational_level;Vehicle_driver_relation;Driving_experience;Type_of_vehicle;Owner_of_vehicle;Service_year_of_vehicle;Defect_of_vehicle;Area_accident_occured;Lanes_or_Medians;Road_allignment;Types_of_Junction;Road_surface_type;Road_surface_conditions;Light_conditions;Weather_conditions;Type_of_collision;Number_of_vehicles_involved;Number_of_casualties;Vehicle_movement;Casualty_class;Sex_of_casualty;Age_band_of_casualty;Casualty_severity;Work_of_casuality;Fitness_of_casuality;Pedestrian_movement;Cause_of_accident;Accident_severity
21:41:00;Friday;18-30;Male;Junior high school;Employee;1-2yr;;Owner;;No defect;Other;Double carriageway (median);Tangent road with flat terrain;Y Shape;Asphalt roads;Dry;Darkness - lights lit;Normal;Collision with roadside objects;2;2;Turnover;na;na;na;na;Driver;Normal;Not a Pedestrian;No priority to vehicle;Slight Injury
21:41:00;Friday;18-30;Male;Junior high school;Employee;5-10yr;Automobile;Owner;Above 10yr;No defect; Industrial areas;Two-way (divided with broken lines road marking);Tangent road with flat terrain;Y Shape;Asphalt roads;Dry;Darkness - lights lit;Normal;Vehicle with vehicle collision;2;2;Entering a junction;Driver or rider;Female;18-30;3;Self-employed;Normal;Not a Pedestrian;No priority to vehicle;Slight Injury
21:41:00;Friday;18-30;Male;Junior high school;Employee;5-10yr;;Owner;;No defect;Residential areas;other;Tangent road with flat terrain;Y Shape;Asphalt roads;Dry;Darkness - lights lit;Normal;Vehicle with vehicle collision;2;2;Entering a junction;Pedestrian;Female;Over 51;3;Self-employed;Normal;Not a Pedestrian;Changing lane to the left;Slight Injury
11:36:00;Friday;31-50;Male;Above high school;Employee;5-10yr;Lorry (41?100Q);Owner;;No defect;Other;Two-way (divided with broken lines road marking);Tangent road with flat terrain;Crossing;Asphalt roads;Dry;Daylight;Normal;Vehicle with vehicle collision;2;1;Entering a junction;na;na;na;na;Self-employed;Normal;Not a Pedestrian;Moving Backward;Slight Injury
11:36:00;Friday;18-30;Male;Junior high school;Employee;Above 10yr;Automobile;Owner;5-10yrs;;Other;One way;Tangent road with flat terrain;Crossing;Earth roads;Dry;Daylight;Normal;Vehicle with vehicle collision;2;1;Entering a junction;Driver or rider;Male;Over 51;3;Driver;Normal;Not a Pedestrian;Driving carelessly;Slight Injury
14:15:00;Friday;18-30;Male;Elementary school;Employee;2-5yr;Automobile;Owner;1-2yr;No defect;Other;One way;Tangent road with flat terrain;Y Shape;Asphalt roads;Dry;Daylight;Normal;Vehicle with vehicle collision;1;1;Entering a junction;Passenger;Male;31-50;3;Other;Normal;Not a Pedestrian;Driving under the influence of drugs;Slight Injury
16:30:00;Wednesday;Unknown;Male;Junior high school;Employee;5-10yr;Lorry (41?100Q);Owner;;;Other;Undivided Two way;Tangent road with flat terrain;Y Shape;;Dry;Daylight;Normal;Rollover;1;1;Other;Driver or rider;Female;Over 51;3;;;Not a Pedestrian;Changing lane to the right;Serious Injury
21:23:00;Saturday;18-30;Male;;;;Automobile;;;;Other;Two-way (divided with broken lines road marking);Tangent road with flat terrain;Crossing;Asphalt roads;Wet or damp;Darkness - lights lit;Normal;Collision with roadside objects;2;1;Going straight;Passenger;Male;Over 51;3;Self-employed;Normal;Not a Pedestrian;No priority to vehicle;Slight Injury
21:23:00;Saturday;Unknown;Male;Junior high school;Employee;5-10yr;Automobile;Governmental;Below 1yr;No defect;Residential areas;other;Steep grade downward with mountainous terrain;Crossing;Asphalt roads;Wet or damp;Darkness - lights lit;Normal;Vehicle with vehicle collision;2;1;Going straight;Driver or rider;Male;31-50;3;Other;Normal;Not a Pedestrian;Changing lane to the right;Slight Injury
14:58:00;Monday;31-50;Male;Junior high school;Employee;;Automobile;Owner;;No defect;Office areas;Two-way (divided with broken lines road marking);Tangent road with flat terrain;No junction;Asphalt roads;Dry;Daylight;Normal;Vehicle with vehicle collision;2;1;Other;Passenger;Female;Over 51;3;;;Not a Pedestrian;Driving to the left;Slight Injury
14:58:00;Monday;31-50;Male;Junior high school;Employee;;Taxi;Owner;;;Office areas;Two-way (divided with broken lines road marking);Tangent road with flat terrain;No junction;Asphalt roads;Dry;Daylight;Normal;Collision with roadside objects;2;1;Going straight;Passenger;Male;Over 51;3;;;Not a Pedestrian;Moving Backward;Slight Injury
09:30:00;Monday;31-50;Male;Junior high school;Employee;1-2yr;;Owner;Unknown;No defect;Other;Two-way (divided with broken lines road marking);Tangent road with flat terrain;Y Shape;Asphalt roads;Dry;Daylight;Normal;Vehicle with vehicle collision;1;1;Going straight;na;na;na;na;Driver;Normal;Not a Pedestrian;No priority to vehicle;Slight Injury
17:45:00;Wednesday;31-50;Male;Above high school;Owner;5-10yr;;Owner;Above 10yr;No defect;Other;One way;Tangent road with flat terrain;Crossing;Asphalt roads;Dry;Darkness - lights lit;Normal;Vehicle with vehicle collision;2;1;Going straight;Driver or rider;Male;31-50;3;;;Not a Pedestrian;No distancing;Slight Injury
17:45:00;Wednesday;18-30;Male;Junior high school;Employee;2-5yr;Automobile;Owner;;No defect;Office areas;Two-way (divided with broken lines road marking);Tangent road with flat terrain;Crossing;Asphalt roads;Dry;Darkness - lights lit;Normal;Vehicle with vehicle collision;2;1;Going straight;Driver or rider;Male;Under 18;3;Driver;Normal;Not a Pedestrian;Driving carelessly;Slight Injury
19:15:00;Thursday;Unknown;Male;Junior high school;Owner;5-10yr;Pick up upto 10Q;Owner;2-5yrs;;Office areas;Undivided Two way;Tangent road with flat terrain;Y Shape;Asphalt roads;Wet or damp;Darkness - lights lit;Raining;Vehicle with vehicle collision;1;1;Going straight;na;na;na;na;Driver;Normal;Not a Pedestrian;Changing lane to the left;Slight Injury
10:41:00;Friday;31-50;Male;High school;Employee;2-5yr;;Owner;;No defect;Other;Two-way (divided with broken lines road marking);Tangent road with flat terrain;Crossing;Asphalt roads;Dry;Daylight;Normal;Vehicle with vehicle collision;1;1;Reversing;na;na;na;na;Driver;Normal;Not a Pedestrian;No priority to vehicle;Slight Injury
21:15:00;Friday;31-50;Male;Junior high school;Employee;Above 10yr;Automobile;Owner;;No defect;Other;Two-way (divided with broken lines road marking);Tangent road with flat terrain;Y Shape;Gravel roads;Dry;Darkness - lights lit;Normal;Vehicle with vehicle collision;2;1;Moving Backward;Driver or rider;Male;31-50;2;Driver;Normal;Not a Pedestrian;No priority to vehicle;Slight Injury
21:15:00;Friday;18-30;Male;Junior high school;Employee;Below 1yr;Public (12 seats);Governmental;Unknown;;Residential areas;Two-way (divided with broken lines road marking);Tangent road with flat terrain;Y Shape;Asphalt roads;Dry;Darkness - lights lit;Normal;Collision with pedestrians;2;1;Overtaking;Pedestrian;Female;31-50;2;Self-employed;Normal;Not a Pedestrian;No distancing;Slight Injury
21:05:00;Sunday;31-50;Male;Junior high school;Employee;Below 1yr;Public (13?45 seats);Owner;1-2yr;No defect;Other;Undivided Two way;Tangent road with flat terrain;Crossing;Asphalt roads;Dry;Darkness - lights lit;Raining and Windy;Vehicle with vehicle collision;2;1;Going straight;Driver or rider;Male;31-50;3;Self-employed;Normal;Not a Pedestrian;Driving to the left;Slight Injury
21:05:00;Sunday;Unknown;Female;;Owner;;Lorry (11?40Q);Owner;;No defect;Office areas;Undivided Two way;Tangent road with flat terrain;Crossing;Asphalt roads;Dry;Darkness - lights lit;Raining and Windy;Collision with roadside objects;2;1;Going straight;Driver or rider;Male;Over 51;3;Driver;Normal;Not a Pedestrian;Driving carelessly;Slight Injury
21:30:00;Saturday;Under 18;Male;Junior high school;Employee;2-5yr;Stationwagen;Owner;2-5yrs;No defect;Office areas;Undivided Two way;Tangent road with flat terrain;Crossing;Asphalt roads;Dry;Darkness - lights lit;Normal;Vehicle with vehicle collision;2;2;Going straight;Passenger;Female;Over 51;3;Driver;Normal;Not a Pedestrian;Driving carelessly;Slight Injury
21:30:00;Saturday;18-30;Male;;;;Ridden horse;;;;Other;Undivided Two way;Tangent road with flat terrain;Crossing;Asphalt roads;Dry;Darkness - lights lit;Normal;Vehicle with vehicle collision;2;2;Going straight;na;na;na;na;;;Not a Pedestrian;Changing lane to the right;Slight Injury
16:55:00;Wednesday;Unknown;Male;Elementary school;Employee;No Licence;Stationwagen;Owner;Unknown;;Other;;Tangent road with flat terrain;No junction;Asphalt roads;Dry;Daylight;Normal;Vehicle with vehicle collision;1;1;Going straight;Driver or rider;Female;18-30;3;Driver;Normal;Not a Pedestrian;Driving carelessly;Slight Injury
12:15:00;Monday;18-30;Male;Junior high school;Employee;Above 10yr;Automobile;Owner;Above 10yr;;Other;Undivided Two way;Tangent road with flat terrain;Y Shape;Asphalt roads;Dry;Daylight;Normal;Vehicle with vehicle collision;2;1;Going straight;Pedestrian;Female;31-50;3;Driver;Normal;Unknown or other;Changing lane to the left;Slight Injury
12:15:00;Monday;31-50;Male;Junior high school;Owner;Above 10yr;Automobile;Owner;;No defect;Office areas;;Tangent road with flat terrain;Y Shape;Asphalt roads;Dry;Daylight;Normal;Vehicle with vehicle collision;2;1;Going straight;Driver or rider;Male;18-30;2;Driver;Normal;Not a Pedestrian;Driving carelessly;Slight Injury
17:35:00;Wednesday;Over 51;Male;Junior high school;Employee;Above 10yr;Other;Owner;Above 10yr;No defect;Office areas;Two-way (divided with broken lines road marking);Tangent road with flat terrain;Crossing;Asphalt roads;Dry;Darkness - lights lit;Normal;Vehicle with vehicle collision;2;1;Going straight;na;na;na;na;;Normal;Not a Pedestrian;Driving carelessly;Slight Injury
17:35:00;Wednesday;31-50;Male;Junior high school;Employee;Above 10yr;Taxi;Owner;;No defect;Other;Two-way (divided with broken lines road marking);Steep grade downward with mountainous terrain;Crossing;Asphalt roads;Dry;Darkness - lights lit;Normal;Vehicle with vehicle collision;2;1;Going straight;na;na;na;na;;;Not a Pedestrian;Driving under the influence of drugs;Slight Injury
09:51:00;Tuesday;31-50;Male;Junior high school;Owner;5-10yr;Automobile;Owner;Above 10yr;No defect; Church areas;other;Tangent road with flat terrain;Crossing;Asphalt roads;Dry;Daylight;Normal;Vehicle with vehicle collision;2;1;Going straight;Driver or rider;Male;31-50;3;Driver;Normal;Not a Pedestrian;Driving carelessly;Slight Injury
09:51:00;Tuesday;31-50;Male;Junior high school;Employee;Below 1yr;Stationwagen;Governmental;;No defect; Industrial areas;Undivided Two way;Tangent road with flat terrain;Crossing;Asphalt roads;Dry;Daylight;Normal;Vehicle with vehicle collision;2;1;Going straight;Pedestrian;Male;Under 18;1;Driver;Normal;Crossing from nearside - masked by parked or statioNot a Pedestrianry vehicle;No distancing;Slight Injury
16:20:00;Wednesday;31-50;Male;Junior high school;Employee;2-5yr;Automobile;Organization;2-5yrs;;Other;Undivided Two way;Tangent road with flat terrain;Y Shape;Asphalt roads;Dry;Daylight;Normal;Collision with roadside objects;2;1;Other;Driver or rider;Male;Under 18;3;Self-employed;Normal;Not a Pedestrian;Driving carelessly;Slight Injury
16:20:00;Wednesday;18-30;Male;Junior high school;Employee;;Public (12 seats);Owner;5-10yrs;No defect;Other;Two-way (divided with broken lines road marking);Tangent road with flat terrain;Y Shape;Asphalt roads;Dry;Daylight;Normal;Vehicle with vehicle collision;2;1;Going straight;na;na;na;na;Driver;Normal;Not a Pedestrian;Driving to the left;Slight Injury
02:19:00;Thursday;Unknown;Female;Above high school;Employee;1-2yr;;Owner;1-2yr;;Office areas;Undivided Two way;Tangent road with mountainous terrain and;Y Shape;Asphalt roads;Dry;Darkness - lights lit;Normal;Collision with roadside objects;1;1;Moving Backward;na;na;na;na;Driver;Normal;Not a Pedestrian;Overtaking;Slight Injury
18:00:00;Wednesday;18-30;Male;Junior high school;Employee;1-2yr;Automobile;Owner;Unknown;No defect;Other;One way;Tangent road with flat terrain;Y Shape;Asphalt roads;Wet or damp;Darkness - lights lit;Raining;Vehicle with vehicle collision;2;1;Other;Driver or rider;Male;18-30;3;Driver;Normal;Not a Pedestrian;No distancing;Slight Injury
18:00:00;Wednesday;Unknown;Unknown;Junior high school;Employee;1-2yr;Lorry (41?100Q);Owner;Unknown;No defect;  Recreational areas;Undivided Two way;Steep grade downward with mountainous terrain;Y Shape;Asphalt roads;Wet or damp;Darkness - lights lit;Raining;Vehicle with vehicle collision;2;1;Going straight;Passenger;Female;18-30;3;;;Not a Pedestrian;Driving carelessly;Slight Injury
12:00:00;Sunday;18-30;Male;Unknown;Employee;5-10yr;;Governmental;Unknown;No defect;Other;Two-way (divided with broken lines road marking);Steep grade downward with mountainous terrain;No junction;Other;Dry;Daylight;Normal;;1;1;Going straight;Driver or rider;Male;18-30;3;Driver;Normal;Not a Pedestrian;No priority to vehicle;Slight Injury
19:31:00;Thursday;18-30;Male;Junior high school;Employee;Above 10yr;Public (> 45 seats);Governmental;5-10yrs;No defect; Church areas;Two-way (divided with broken lines road marking);Tangent road with flat terrain;No junction;Asphalt roads;Wet or damp;Darkness - lights lit;Raining;Collision with pedestrians;2;1;Going straight;na;na;na;na;Driver;Normal;Not a Pedestrian;No priority to vehicle;Slight Injury
19:31:00;Thursday;Unknown;Male;Junior high school;Employee;Above 10yr;;Owner;;;Residential areas;Undivided Two way;Tangent road with flat terrain;No junction;Asphalt roads;Wet or damp;Darkness - lights lit;Raining;Vehicle with vehicle collision;2;1;Going straight;Driver or rider;Male;31-50;3;Self-employed;Normal;Not a Pedestrian;No priority to vehicle;Slight Injury
15:33:00;Thursday;Unknown;Male;Junior high school;Employee;5-10yr;Public (12 seats);Owner;5-10yrs;No defect;Office areas;Two-way (divided with broken lines road marking);;Crossing;Asphalt roads;Dry;Daylight;Normal;Vehicle with vehicle collision;2;1;Going straight;na;na;na;na;;Normal;Not a Pedestrian;No priority to vehicle;Slight Injury
15:33:00;Thursday;Unknown;Male;Junior high school;Employee;2-5yr;Public (12 seats);Owner;2-5yrs;No defect;Other;Two-way (divided with broken lines road marking);Tangent road with flat terrain;Crossing;Asphalt roads;Dry;Daylight;Normal;Vehicle with vehicle collision;2;1;Going straight;Pedestrian;Male;Over 51;3;;;Not a Pedestrian;No distancing;Slight Injury
14:50:00;Friday;Over 51;Male;Junior high school;Employee;Below 1yr;Automobile;Governmental;2-5yrs;;Office areas;Undivided Two way;Tangent road with flat terrain;Y Shape;Asphalt roads;Dry;Daylight;Normal;Collision with pedestrians;1;1;Going straight;Pedestrian;Male;Under 18;3;Driver;Normal;Crossing from nearside - masked by parked or statioNot a Pedestrianry vehicle;Moving Backward;Slight Injury
10:50:00;Saturday;31-50;Male;Junior high school;Employee;1-2yr;;Owner;;;Office areas;other;Tangent road with flat terrain;Y Shape;Asphalt roads;Wet or damp;Daylight;Windy;Collision with roadside objects;1;1;Going straight;Pedestrian;Female;Under 18;3;Driver;Normal;Unknown or other;No distancing;Slight Injury
18:52:00;Saturday;31-50;Male;Junior high school;Employee;5-10yr;Automobile;Owner;;No defect;Other;One way;Escarpments;No junction;Asphalt roads;Wet or damp;Darkness - lights lit;Normal;;1;1;Going straight;na;na;na;na;Driver;Normal;Not a Pedestrian;Changing lane to the left;Slight Injury
16:50:00;Saturday;18-30;Male;Junior high school;Employee;Below 1yr;Lorry (41?100Q);Owner;;No defect;Residential areas;Undivided Two way;Tangent road with flat terrain;Y Shape;Other;Dry;Darkness - lights lit;Normal;Vehicle with vehicle collision;2;1;Other;Driver or rider;Male;18-30;2;;;Not a Pedestrian;Changing lane to the left;Slight Injury
16:50:00;Saturday;31-50;Male;Elementary school;Employee;5-10yr;Public (12 seats);Owner;;No defect;  Recreational areas;One way;Tangent road with flat terrain;Y Shape;Asphalt roads;Dry;Darkness - lights lit;Normal;;2;1;Reversing;Pedestrian;Male;Under 18;3;Driver;Normal;Crossing from nearside - masked by parked or statioNot a Pedestrianry vehicle;No priority to pedestrian;Slight Injury
09:55:00;Saturday;31-50;Male;Junior high school;Employee;2-5yr;Lorry (11?40Q);Owner;;No defect; Church areas;Undivided Two way;Tangent road with flat terrain;Y Shape;Asphalt roads;Dry;Daylight;Normal;;1;1;Other;Driver or rider;Female;Under 18;3;Self-employed;Normal;Not a Pedestrian;Moving Backward;Slight Injury
09:10:00;Friday;31-50;Male;Junior high school;Employee;5-10yr;Automobile;Owner;;No defect;Other;One way;Tangent road with flat terrain;No junction;Asphalt roads;Wet or damp;Daylight;Raining;;2;1;Other;Driver or rider;Female;18-30;3;Self-employed;Normal;Not a Pedestrian;Changing lane to the left;Slight Injury
09:10:00;Friday;31-50;Male;Elementary school;Employee;5-10yr;Automobile;Owner;;No defect;Other;Undivided Two way;Tangent road with flat terrain;No junction;Asphalt roads;Wet or damp;Daylight;Raining;Vehicle with vehicle collision;2;1;Reversing;Pedestrian;Male;Over 51;3;;;Crossing from offside - masked by  parked or statioNot a Pedestrianry vehicle;No distancing;Slight Injury
18:09:00;Monday;Over 51;Male;Junior high school;Employee;Above 10yr;Automobile;Owner;Unknown;No defect;Other;Two-way (divided with broken lines road marking);Tangent road with flat terrain;Crossing;Asphalt roads;Dry;Darkness - lights lit;Normal;Vehicle with vehicle collision;2;2;Going straight;Pedestrian;Female;31-50;3;;Normal;Crossing from offside - masked by  parked or statioNot a Pedestrianry vehicle;No priority to vehicle;Slight Injury
18:09:00;Monday;18-30;Male;Junior high school;Employee;1-2yr;Bajaj;Governmental;;No defect;Residential areas;other;Tangent road with flat terrain;Crossing;Asphalt roads;Dry;Darkness - lights lit;Normal;Collision with roadside objects;2;2;Going straight;na;na;na;na;Driver;Normal;Not a Pedestrian;Changing lane to the right;Slight Injury
18:09:00;Monday;18-30;Male;High school;Employee;Below 1yr;Public (12 seats);Owner;Above 10yr;No defect;School areas;other;Tangent road with flat terrain;Crossing;Asphalt roads;Dry;Darkness - lights lit;Normal;Collision with roadside objects;2;2;Going straight;Driver or rider;Male;18-30;3;Driver;Normal;Not a Pedestrian;No distancing;Slight Injury
12:55:00;Monday;31-50;Male;Elementary school;Employee;Above 10yr;Lorry (11?40Q);Owner;Above 10yr;No defect; Church areas;Two-way (divided with broken lines road marking);Tangent road with flat terrain;Y Shape;Asphalt roads;Dry;Daylight;Normal;Vehicle with vehicle collision;1;1;Going straight;Pedestrian;Male;Over 51;2;;;Crossing from nearside - masked by parked or statioNot a Pedestrianry vehicle;No distancing;Slight Injury
18:00:00;Tuesday;18-30;Male;High school;Owner;1-2yr;;Owner;Above 10yr;No defect;Other;other;Tangent road with flat terrain;Y Shape;;Dry;Darkness - lights lit;Normal;Vehicle with vehicle collision;2;1;Turnover;Passenger;Female;31-50;3;Driver;Normal;Not a Pedestrian;Getting off the vehicle improperly;Slight Injury
18:00:00;Tuesday;18-30;Male;Junior high school;Employee;2-5yr;;Owner;Below 1yr;;Other;Two-way (divided with broken lines road marking);Tangent road with flat terrain;Y Shape;Other;Dry;Darkness - lights lit;Normal;Vehicle with vehicle collision;2;1;Going straight;Passenger;Female;31-50;3;Self-employed;Normal;Not a Pedestrian;No priority to pedestrian;Slight Injury
11:30:00;Tuesday;31-50;Male;;Employee;5-10yr;Automobile;Owner;2-5yrs;;Office areas;Undivided Two way;Tangent road with flat terrain;Y Shape;Asphalt roads;Dry;Daylight;Normal;Vehicle with vehicle collision;1;1;Going straight;na;na;na;na;Self-employed;Normal;Not a Pedestrian;Changing lane to the left;Slight Injury
10:30:00;Wednesday;31-50;Male;High school;Owner;2-5yr;Lorry (11?40Q);Owner;2-5yrs;;Office areas;Two-way (divided with broken lines road marking);Tangent road with flat terrain;Y Shape;Asphalt roads;Dry;Daylight;Normal;Vehicle with vehicle collision;1;1;Going straight;Pedestrian;Male;Over 51;3;Self-employed;Normal;Not a Pedestrian;No distancing;Slight Injury
18:36:00;Thursday;31-50;Male;High school;Employee;Above 10yr;Lorry (41?100Q);Owner;2-5yrs;No defect;Other;Undivided Two way;Tangent road with flat terrain;Other;Asphalt roads;Dry;Darkness - lights lit;Normal;Rollover;2;1;Going straight;Driver or rider;Male;31-50;3;;;Not a Pedestrian;Driving carelessly;Slight Injury
18:36:00;Thursday;31-50;Male;Junior high school;Employee;1-2yr;Pick up upto 10Q;Owner;Below 1yr;No defect; Hospital areas;Undivided Two way;Tangent road with flat terrain;Other;Asphalt roads;Dry;Darkness - lights lit;Normal;Vehicle with vehicle collision;2;1;Going straight;na;na;na;na;Self-employed;Normal;Not a Pedestrian;No distancing;Slight Injury
18:35:00;Sunday;18-30;Male;Elementary school;Employee;1-2yr;Lorry (11?40Q);Owner;2-5yrs;;Other;Undivided Two way;Tangent road with flat terrain;Y Shape;Asphalt roads with some distress;Dry;Darkness - lights lit;Normal;Collision with roadside objects;1;1;Moving Backward;na;na;na;na;Self-employed;Normal;Not a Pedestrian;Changing lane to the right;Slight Injury
09:13:00;Friday;Over 51;Male;High school;Employee;1-2yr;Stationwagen;Owner;;;Other;Two-way (divided with broken lines road marking);Tangent road with flat terrain;Y Shape;;Dry;Daylight;Normal;Collision with pedestrians;2;1;Going straight;Driver or rider;Female;Over 51;3;Driver;Deaf;Not a Pedestrian;Overtaking;Slight Injury
09:13:00;Friday;31-50;Male;Above high school;Employee;5-10yr;Other;Owner;;;Other;Undivided Two way;Tangent road with flat terrain;Y Shape;Asphalt roads;Dry;Daylight;Normal;Vehicle with vehicle collision;2;1;Going straight;na;na;na;na;Driver;Normal;Not a Pedestrian;Driving carelessly;Slight Injury
13:15:00;Friday;18-30;Male;;;;Other;;;;Other;Double carriageway (median);Tangent road with flat terrain;Crossing;Asphalt roads;Wet or damp;Daylight;Windy;Vehicle with vehicle collision;1;1;Turnover;na;na;na;na;Self-employed;Normal;Not a Pedestrian;Moving Backward;Slight Injury
00:19:00;Sunday;Unknown;Male;Junior high school;Employee;5-10yr;Lorry (11?40Q);Governmental;;No defect;Other;Two-way (divided with broken lines road marking);Tangent road with mild grade and flat terrain;No junction;Asphalt roads;Dry;Darkness - lights lit;Normal;Vehicle with vehicle collision;1;1;Going straight;Driver or rider;Male;18-30;2;Self-employed;Normal;Not a Pedestrian;No distancing;Slight Injury
13:30:00;Monday;Unknown;Male;Elementary school;Owner;5-10yr;;Owner;Above 10yr;No defect; Hospital areas;Two-way (divided with broken lines road marking);Tangent road with flat terrain;Crossing;Asphalt roads;Dry;Daylight;Normal;Vehicle with vehicle collision;2;3;Going straight;na;na;na;na;Driver;Normal;Not a Pedestrian;Overtaking;Slight Injury
13:30:00;Monday;Unknown;Male;Elementary school;Employee;5-10yr;Automobile;;Above 10yr;No defect;Other;Two-way (divided with broken lines road marking);Tangent road with flat terrain;Crossing;Earth roads;Dry;Daylight;Normal;Vehicle with vehicle collision;2;3;Going straight;Driver or rider;Male;18-30;3;Driver;Normal;Not a Pedestrian;Driving carelessly;Slight Injury
13:30:00;Monday;Under 18;Male;High school;Owner;5-10yr;Lorry (41?100Q);Owner;;No defect;Other;One way;Tangent road with flat terrain;Crossing;Asphalt roads;Dry;Daylight;Normal;Vehicle with vehicle collision;2;3;Going straight;Passenger;Female;18-30;3;;;Not a Pedestrian;Driving carelessly;Slight Injury
15:53:00;Monday;31-50;Male;Junior high school;Employee;5-10yr;Other;Owner;2-5yrs;No defect;Other;Two-way (divided with broken lines road marking);Tangent road with mild grade and flat terrain;Y Shape;Asphalt roads;Dry;Darkness - lights lit;Normal;Vehicle with vehicle collision;2;1;Going straight;Pedestrian;Female;Under 18;3;Driver;Normal;Not a Pedestrian;Moving Backward;Slight Injury
15:53:00;Monday;18-30;Male;Junior high school;Owner;1-2yr;Lorry (41?100Q);Owner;;;Office areas;Two-way (divided with broken lines road marking);Tangent road with flat terrain;Y Shape;Asphalt roads;Dry;Darkness - lights lit;Normal;Collision with roadside objects;2;1;Going straight;Driver or rider;Male;18-30;3;Driver;Normal;Not a Pedestrian;Driving carelessly;Slight Injury
17:12:00;Thursday;Unknown;Female;Junior high school;Employee;2-5yr;Automobile;Owner;Unknown;;Residential areas;Two-way (divided with broken lines road marking);Tangent road with flat terrain;No junction;Asphalt roads;Dry;Darkness - lights lit;Normal;Rollover;2;1;Moving Backward;Driver or rider;Male;Over 51;3;Student;Normal;Not a Pedestrian;Driving to the left;Slight Injury
17:12:00;Thursday;31-50;Male;Junior high school;Owner;5-10yr;Pick up upto 10Q;Owner;2-5yrs;No defect;Other;Two-way (divided with broken lines road marking);Tangent road with flat terrain;No junction;Asphalt roads;Dry;Darkness - lights lit;Normal;Vehicle with vehicle collision;2;1;Going straight;na;na;na;na;Employee;Normal;Not a Pedestrian;Changing lane to the left;Slight Injury
17:40:00;Monday;31-50;Male;Junior high school;Owner;Above 10yr;Lorry (41?100Q);Owner;Unknown;;Residential areas;Two-way (divided with broken lines road marking);Tangent road with flat terrain;Y Shape;Asphalt roads;Dry;Darkness - lights lit;Normal;Collision with pedestrians;2;1;Going straight;Driver or rider;Female;31-50;3;Driver;Normal;Not a Pedestrian;No distancing;Slight Injury
17:40:00;Monday;Unknown;Male;High school;Employee;5-10yr;Public (13?45 seats);Owner;Unknown;;Other;Undivided Two way;Tangent road with flat terrain;Y Shape;Asphalt roads;Dry;Darkness - lights lit;Normal;Vehicle with vehicle collision;2;1;Going straight;Pedestrian;Male;Over 51;2;Other;Normal;Not a Pedestrian;No distancing;Slight Injury
05:17:00;Wednesday;18-30;Male;High school;Owner;2-5yr;Long lorry;Owner;2-5yrs;;Residential areas;Double carriageway (median);Tangent road with flat terrain;Y Shape;Asphalt roads;Wet or damp;Darkness - lights lit;Other;Vehicle with vehicle collision;2;2;Going straight;Driver or rider;Male;18-30;3;;Normal;Not a Pedestrian;Changing lane to the right;Slight Injury
05:17:00;Wednesday;18-30;Male;Junior high school;Employee;5-10yr;Automobile;Owner;;;Office areas;Two-way (divided with broken lines road marking);Tangent road with flat terrain;Y Shape;Asphalt roads;Wet or damp;Darkness - lights lit;Other;Collision with pedestrians;2;2;Moving Backward;Driver or rider;Female;18-30;3;;;Not a Pedestrian;Driving under the influence of drugs;Slight Injury
17:55:00;Wednesday;31-50;Male;Elementary school;Employee;2-5yr;Automobile;Owner;5-10yrs;;Office areas;Two-way (divided with broken lines road marking);Tangent road with mild grade and flat terrain;Y Shape;Asphalt roads;Wet or damp;Darkness - lights lit;Normal;Collision with pedestrians;1;1;Going straight;Pedestrian;Female;Over 51;2;;;Crossing from nearside - masked by parked or statioNot a Pedestrianry vehicle;Changing lane to the right;Slight Injury
07:30:00;Friday;18-30;Male;Elementary school;Employee;5-10yr;Other;Owner;Unknown;;Office areas;Double carriageway (median);Tangent road with flat terrain;No junction;Asphalt roads;Dry;Daylight;Normal;Vehicle with vehicle collision;2;1;Other;Pedestrian;Female;Over 51;3;Employee;;Unknown or other;Changing lane to the left;Slight Injury
07:30:00;Friday;Unknown;Male;Junior high school;Employee;1-2yr;;Owner;;;  Recreational areas;Two-way (divided with broken lines road marking);Tangent road with flat terrain;No junction;Gravel roads;Dry;Daylight;Normal;Vehicle with vehicle collision;2;1;Other;Driver or rider;Male;18-30;3;Driver;;Not a Pedestrian;Moving Backward;Slight Injury
18:50:00;Tuesday;18-30;Male;Junior high school;Employee;5-10yr;Long lorry;Owner;;;Other;Two-way (divided with broken lines road marking);Tangent road with flat terrain;Crossing;Asphalt roads;Dry;Darkness - lights lit;Normal;Vehicle with vehicle collision;2;1;Going straight;Driver or rider;Male;31-50;3;Driver;;Not a Pedestrian;No distancing;Slight Injury
18:50:00;Tuesday;Unknown;Male;;;;Public (12 seats);Owner;;;Other;other;Tangent road with flat terrain;Crossing;Asphalt roads;Dry;Darkness - lights lit;Normal;Vehicle with vehicle collision;2;1;Going straight;Pedestrian;Female;Over 51;2;Driver;;Not a Pedestrian;Changing lane to the right;Slight Injury
15:50:00;Thursday;31-50;Male;Elementary school;Employee;Above 10yr;Public (12 seats);Owner;5-10yrs;;Other;Two-way (divided with broken lines road marking);Tangent road with flat terrain;Y Shape;Asphalt roads;Dry;Daylight;Normal;Vehicle with vehicle collision;1;2;Going straight;Pedestrian;Male;Over 51;3;Self-employed;Normal;Not a Pedestrian;Moving Backward;Slight Injury