Time;Day_of_week;Age_band_of_driver;Sex_of_driver;Educational_level;Vehicle_driver_relation;Driving_experience;Type_of_vehicle;Owner_of_vehicle;Service_year_of_vehicle;Defect_of_vehicle;Area_accident_occured;Lanes_or_Medians;Road_allignment;Types_of_Junction;Road_surface_type;Road_surface_conditions;Light_conditions;Weather_conditions;Type_of_collision;Number_of_vehicles_involved;Number_of_casualties;Vehicle_movement;Casualty_class;Sex_of_casualty;Age_band_of_casualty;Casualty_severity;Work_of_casuality;Fitness_of_casuality;Pedestrian_movement;Cause_of_accident;Accident_severity
15:50:00;Thursday;31-50;Male;Elementary school;Employee;Below 1yr;Other;Owner;;;Other;Double carriageway (median);Tangent road with flat terrain;Y Shape;Asphalt roads;Dry;Daylight;Normal;Collision with roadside objects;1;2;Going straight;Passenger;Female;Over 51;3;Driver;Normal;Not a Pedestrian;No distancing;Slight Injury
06:30:00;Tuesday;31-50;Male;Junior high school;Employee;2-5yr;Other;Owner;2-5yrs;No defect;Other;Undivided Two way;Tangent road with mountainous terrain and;Crossing;Asphalt roads;Wet or damp;Darkness - lights lit;Raining;Vehicle with vehicle collision;2;1;Other;na;na;na;na;Other;Normal;Not a Pedestrian;Driving to the left;Slight Injury
06:30:00;Tuesday;31-50;Male;Elementary school;Owner;1-2yr;Other;Owner;2-5yrs;No defect;Office areas;Two-way (divided with broken lines road marking);Tangent road with flat terrain;Crossing;Asphalt roads;Wet or damp;Darkness - lights lit;Raining;Vehicle with vehicle collision;2;1;Going straight;Pedestrian;Male;18-30;3;;;Crossing from nearside - masked by parked or statioNot a Pedestrianry vehicle;Driving to the left;Slight Injury
20:10:00;Monday;Unknown;Male;Junior high school;Owner;5-10yr;Public (12 seats);Owner;Above 10yr;No defect;Office areas;Two-way (divided with broken lines road marking);Tangent road with flat terrain;Y Shape;Asphalt roads;Wet or damp;Darkness - lights lit;Normal;Vehicle with vehicle collision;1;1;Getting off;na;na;na;na;Driver;Normal;Not a Pedestrian;Moving Backward;Slight Injury
23:07:00;Thursday;Unknown;Female;Junior high school;Employee;2-5yr;Lorry (41?100Q);Owner;Unknown;No defect;Office areas;One way;Tangent road with flat terrain;Crossing;Asphalt roads;Dry;Darkness - lights lit;Normal;Vehicle with vehicle collision;2;1;Going straight;Driver or rider;Male;Over 51;3;Self-employed;Normal;Not a Pedestrian;Moving Backward;Slight Injury
23:07:00;Thursday;18-30;Male;Junior high school;Employee;2-5yr;Other;Owner;Above 10yr;No defect;Residential areas;Double carriageway (median);Tangent road with flat terrain;Crossing;Asphalt roads;Dry;Darkness - lights lit;Normal;Vehicle with vehicle collision;2;1;Going straight;Pedestrian;Male;31-50;2;Self-employed;Normal;Not a Pedestrian;Overtaking;Slight Injury
16:10:00;Sunday;Unknown;Female;High school;Employee;2-5yr;Public (12 seats);Governmental;Below 1yr;No defect;  Recreational areas;Two-way (divided with broken lines road marking);Tangent road with flat terrain;Y Shape;Asphalt roads;Dry;Daylight;Normal;Vehicle with vehicle collision;1;1;Going straight;na;na;na;na;Self-employed;Normal;Not a Pedestrian;Driving carelessly;Slight Injury
15:45:00;Saturday;31-50;Male;Junior high school;Employee;Above 10yr;Other;Owner;Unknown;No defect; Church areas;Double carriageway (median);Tangent road with flat terrain;Y Shape;Asphalt roads;Dry;Darkness - lights lit;Normal;Vehicle with vehicle collision;2;1;Going straight;Driver or rider;Male;31-50;3;;Other;Not a Pedestrian;Changing lane to the left;Slight Injury
15:45:00;Saturday;31-50;Male;Junior high school;Employee;2-5yr;Lorry (11?40Q);Owner;Unknown;No defect;Office areas;Undivided Two way;Tangent road with flat terrain;Y Shape;Asphalt roads;Dry;Darkness - lights lit;Normal;Vehicle with vehicle collision;2;1;Going straight;na;na;na;na;Driver;Blind;Not a Pedestrian;Driving under the influence of drugs;Slight Injury
09:48:00;Saturday;Unknown;Male;Junior high school;Employee;1-2yr;Other;Owner;Unknown;No defect;Other;Two-way (divided with broken lines road marking);Tangent road with flat terrain;No junction;Asphalt roads;Dry;Daylight;Normal;Vehicle with vehicle collision;1;1;Going straight;Driver or rider;Male;31-50;3;Driver;Normal;Not a Pedestrian;No distancing;Slight Injury
22:00:00;Saturday;31-50;Male;Junior high school;Employee;2-5yr;Other;Owner;;;Residential areas;other;Steep grade downward with mountainous terrain;Y Shape;Asphalt roads;Dry;Darkness - no lighting;Normal;Vehicle with vehicle collision;2;1;Moving Backward;na;na;na;na;Self-employed;Normal;Not a Pedestrian;Moving Backward;Slight Injury
22:00:00;Saturday;31-50;Male;Junior high school;Employee;5-10yr;Other;Owner;;No defect;School areas;other;Tangent road with flat terrain;Y Shape;Asphalt roads;Dry;Darkness - no lighting;Normal;Vehicle with vehicle collision;2;1;Going straight;Driver or rider;Female;18-30;3;Driver;Normal;Not a Pedestrian;Changing lane to the left;Slight Injury
11:05:00;Friday;Over 51;Male;Junior high school;Employee;1-2yr;Pick up upto 10Q;Owner;1-2yr;No defect;Office areas;Two-way (divided with broken lines road marking);Tangent road with flat terrain;Y Shape;Asphalt roads;Dry;Daylight;Normal;Vehicle with vehicle collision;2;1;Other;Driver or rider;Female;31-50;3;Driver;Normal;Not a Pedestrian;Changing lane to the right;Slight Injury
11:05:00;Friday;18-30;Male;Elementary school;Employee;1-2yr;Automobile;Owner;Above 10yr;No defect;Other;other;Tangent road with flat terrain;Y Shape;Asphalt roads;Dry;Daylight;Normal;Vehicle with vehicle collision;2;1;Going straight;Passenger;Male;Under 18;3;Driver;Normal;Not a Pedestrian;No distancing;Slight Injury
15:00:00;Thursday;Unknown;Male;Junior high school;Employee;2-5yr;Other;Owner;Unknown;No defect;Other;Two-way (divided with broken lines road marking);Tangent road with flat terrain;Y Shape;Asphalt roads;Dry;Daylight;Normal;Vehicle with vehicle collision;2;1;Going straight;na;na;na;na;Driver;Normal;Not a Pedestrian;Driving at high speed;Slight Injury
15:00:00;Thursday;18-30;Male;Junior high school;Employee;Above 10yr;Lorry (41?100Q);Organization;2-5yrs;;Office areas;Two-way (divided with broken lines road marking);Tangent road with mountainous terrain and;Y Shape;Asphalt roads;Dry;Daylight;Normal;Vehicle with vehicle collision;2;1;Going straight;Driver or rider;Male;18-30;2;Driver;Normal;Not a Pedestrian;Changing lane to the right;Slight Injury
18:55:00;Monday;Unknown;Male;Junior high school;Employee;Below 1yr;Public (13?45 seats);Owner;;;Office areas;Two-way (divided with broken lines road marking);Tangent road with flat terrain;No junction;Asphalt roads;Dry;Darkness - lights lit;Normal;Collision with roadside objects;2;1;Going straight;na;na;na;na;Driver;Normal;Not a Pedestrian;No priority to vehicle;Slight Injury
18:55:00;Monday;18-30;Male;Junior high school;Employee;Above 10yr;Automobile;Owner;5-10yrs;;Other;Undivided Two way;Tangent road with flat terrain;No junction;Asphalt roads;Dry;Darkness - lights lit;Normal;Vehicle with vehicle collision;2;1;;na;na;na;na;;Normal;Not a Pedestrian;No distancing;Slight Injury
22:40:00;Tuesday;31-50;Male;Elementary school;Owner;5-10yr;Pick up upto 10Q;Owner;5-10yrs;No defect;Office areas;Two-way (divided with broken lines road marking);Tangent road with flat terrain;Crossing;Asphalt roads;Dry;Darkness - lights lit;Normal;Vehicle with vehicle collision;2;1;Moving Backward;Driver or rider;Male;Over 51;3;Employee;Normal;Not a Pedestrian;Turnover;Slight Injury
22:40:00;Tuesday;18-30;Male;Elementary school;Employee;Above 10yr;Lorry (41?100Q);Owner;2-5yrs;No defect; Industrial areas;Two-way (divided with broken lines road marking);Tangent road with flat terrain;Crossing;Asphalt roads;Dry;Darkness - lights lit;Normal;Vehicle with vehicle collision;2;1;;na;na;na;na;;;Not a Pedestrian;No distancing;Slight Injury
22:10:00;Friday;Under 18;Male;Junior high school;Employee;1-2yr;Public (12 seats);Owner;Unknown;No defect;Office areas;Undivided Two way;Tangent road with flat terrain;Crossing;Asphalt roads;Dry;Darkness - lights lit;Normal;Vehicle with vehicle collision;2;1;Going straight;na;na;na;na;Driver;Normal;Not a Pedestrian;Changing lane to the right;Slight Injury
22:10:00;Friday;Unknown;Male;;;;Other;Owner;;;Other;Undivided Two way;Tangent road with flat terrain;Crossing;Earth roads;Dry;Darkness - lights lit;Normal;Collision with pedestrians;2;1;Going straight;Driver or rider;Female;31-50;3;Self-employed;Normal;Not a Pedestrian;No distancing;Slight Injury
19:44:00;Thursday;31-50;Male;High school;Owner;5-10yr;Lorry (41?100Q);Owner;Above 10yr;;Other;Two-way (divided with broken lines road marking);Tangent road with flat terrain;Crossing;Asphalt roads;Dry;Darkness - no lighting;Normal;Vehicle with vehicle collision;2;1;;Driver or rider;Female;Under 18;3;Self-employed;Normal;Not a Pedestrian;Changing lane to the left;Slight Injury
19:44:00;Thursday;31-50;Male;Elementary school;Employee;2-5yr;Pick up upto 10Q;Owner;Unknown;;Office areas;Two-way (divided with broken lines road marking);Tangent road with flat terrain;Crossing;;Dry;Darkness - no lighting;Normal;Vehicle with vehicle collision;2;1;Going straight;Driver or rider;Male;18-30;3;;;Not a Pedestrian;Driving carelessly;Slight Injury
17:51:00;Sunday;Over 51;Male;;;;Other;Owner;Above 10yr;No defect;Residential areas;;Tangent road with flat terrain;Crossing;;Wet or damp;Darkness - lights lit;Raining;Vehicle with vehicle collision;2;1;Going straight;Driver or rider;Female;31-50;3;Self-employed;Normal;Not a Pedestrian;Changing lane to the right;Slight Injury
17:51:00;Sunday;18-30;Male;;;;Lorry (41?100Q);Owner;5-10yrs;No defect;Office areas;Undivided Two way;Tangent road with flat terrain;Crossing;Asphalt roads;Wet or damp;Darkness - lights lit;Raining;Vehicle with vehicle collision;2;1;Going straight;Passenger;Male;31-50;3;Student;Normal;Not a Pedestrian;No priority to vehicle;Slight Injury
03:10:00;Friday;31-50;Male;High school;Owner;1-2yr;Ridden horse;Owner;;No defect;  Recreational areas;other;;No junction;Earth roads;Dry;Darkness - lights lit;Normal;Vehicle with vehicle collision;2;1;Going straight;Pedestrian;Male;Over 51;2;;;Unknown or other;No distancing;Serious Injury
03:10:00;Friday;31-50;Male;Junior high school;Employee;1-2yr;Automobile;Governmental;;No defect;Office areas;other;Tangent road with mild grade and flat terrain;No junction;Asphalt roads;Dry;Darkness - lights lit;Normal;Vehicle with vehicle collision;2;1;Going straight;Passenger;Female;Under 18;3;;;Not a Pedestrian;No priority to pedestrian;Serious Injury
02:08:00;Saturday;31-50;Male;Junior high school;Employee;1-2yr;Automobile;Owner;5-10yrs;No defect; Industrial areas;other;Tangent road with flat terrain;Y Shape;Asphalt roads;Wet or damp;Darkness - lights lit;Other;Vehicle with vehicle collision;1;1;Going straight;na;na;na;na;;Normal;Not a Pedestrian;No priority to pedestrian;Slight Injury
08:30:00;Sunday;31-50;Male;Junior high school;Employee;Above 10yr;Stationwagen;;;;;;;Crossing;Earth roads;Wet or damp;Daylight;Normal;Vehicle with vehicle collision;1;1;Going straight;Driver or rider;Female;Over 51;3;Driver;Normal;Not a Pedestrian;No priority to vehicle;Slight Injury
07:30:00;Tuesday;18-30;Male;Junior high school;Employee;1-2yr;Other;Owner;;No defect;Residential areas;Undivided Two way;Tangent road with flat terrain;Crossing;Asphalt roads;Dry;Daylight;Normal;Collision with pedestrians;2;1;Other;Driver or rider;Male;31-50;3;Driver;Normal;Not a Pedestrian;Changing lane to the left;Slight Injury
07:30:00;Tuesday;Unknown;Male;High school;Owner;Above 10yr;Lorry (41?100Q);Governmental;Above 10yr;No defect;Residential areas;other;Tangent road with flat terrain;Crossing;Asphalt roads;Dry;Daylight;Normal;Vehicle with vehicle collision;2;1;Going straight;na;na;na;na;;;Not a Pedestrian;Changing lane to the left;Slight Injury
16:10:00;Monday;18-30;Male;Junior high school;Employee;Above 10yr;Lorry (41?100Q);Owner;1-2yr;No defect; Industrial areas;other;Tangent road with flat terrain;Y Shape;Asphalt roads;Wet or damp;Darkness - lights lit;Raining;Vehicle with vehicle collision;2;1;Going straight;Driver or rider;Female;31-50;3;;;Not a Pedestrian;No distancing;Slight Injury
16:10:00;Monday;31-50;Male;Junior high school;Employee;1-2yr;Long lorry;Owner;2-5yrs;No defect;Residential areas;Undivided Two way;Tangent road with flat terrain;Y Shape;Asphalt roads;Wet or damp;Darkness - lights lit;Raining;Vehicle with vehicle collision;2;1;Going straight;Driver or rider;Male;Over 51;2;;;Not a Pedestrian;No priority to vehicle;Slight Injury
09:00:00;Tuesday;31-50;Male;Junior high school;Employee;1-2yr;Stationwagen;Owner;Unknown;No defect;Residential areas;other;Tangent road with flat terrain;Crossing;Asphalt roads;Dry;Daylight;Normal;Vehicle with vehicle collision;1;1;Going straight;Driver or rider;Female;18-30;3;;;Not a Pedestrian;No distancing;Slight Injury
15:42:00;Tuesday;Over 51;Male;High school;Employee;2-5yr;Public (12 seats);Owner;;No defect;Office areas;Undivided Two way;Tangent road with flat terrain;Crossing;Asphalt roads;Dry;Daylight;Normal;Collision with roadside objects;1;1;Going straight;Driver or rider;Male;31-50;3;Driver;Normal;Not a Pedestrian;No distancing;Slight Injury
05:30:00;Thursday;31-50;Male;Junior high school;Employee;2-5yr;Automobile;Owner;2-5yrs;No defect;Office areas;Double carriageway (median);Escarpments;Other;Asphalt roads;Dry;Darkness - lights lit;Normal;Vehicle with vehicle collision;2;2;Going straight;Pedestrian;Female;Under 18;2;Driver;Normal;Not a Pedestrian;Changing lane to the right;Slight Injury
05:30:00;Thursday;18-30;Male;Junior high school;Employee;1-2yr;Public (12 seats);Owner;Above 10yr;No defect;Office areas;other;Tangent road with flat terrain;Other;Asphalt roads;Dry;Darkness - lights lit;Normal;Vehicle with vehicle collision;2;2;Moving Backward;Pedestrian;Male;Over 51;3;Driver;Normal;Not a Pedestrian;Changing lane to the left;Slight Injury
20:45:00;Thursday;Under 18;Male;Elementary school;Employee;5-10yr;Lorry (41?100Q);Owner;1-2yr;No defect;Office areas;Undivided Two way;Escarpments;Crossing;Asphalt roads;Wet or damp;Darkness - lights lit;Raining;Vehicle with vehicle collision;2;1;Going straight;na;na;na;na;Other;Normal;Not a Pedestrian;No distancing;Slight Injury
20:45:00;Thursday;31-50;Male;Junior high school;Employee;5-10yr;Automobile;Owner;;No defect;Office areas;One way;Tangent road with flat terrain;Crossing;Asphalt roads;Wet or damp;Darkness - lights lit;Raining;Vehicle with vehicle collision;2;1;Going straight;Driver or rider;Male;Over 51;3;Driver;Normal;Not a Pedestrian;Overturning;Slight Injury
20:30:00;Thursday;31-50;Male;Junior high school;Employee;1-2yr;Lorry (41?100Q);Owner;;No defect;Office areas;Undivided Two way;Tangent road with flat terrain;Y Shape;Asphalt roads;Wet or damp;Darkness - lights lit;Raining;Vehicle with vehicle collision;1;1;Going straight;Driver or rider;Male;31-50;2;;;Not a Pedestrian;No priority to vehicle;Slight Injury
00:55:00;Friday;31-50;Male;Elementary school;Other;5-10yr;Lorry (41?100Q);Owner;;No defect;Office areas;other;Tangent road with flat terrain;Y Shape;Asphalt roads;Dry;Darkness - lights lit;Normal;Vehicle with vehicle collision;2;1;Going straight;na;na;na;na;Driver;Normal;Not a Pedestrian;Moving Backward;Slight Injury
00:55:00;Friday;31-50;Male;Junior high school;Employee;2-5yr;Pick up upto 10Q;Owner;Above 10yr;No defect;Residential areas;other;Tangent road with flat terrain;Y Shape;Asphalt roads with some distress;Dry;Darkness - lights lit;Normal;Vehicle with vehicle collision;2;1;Going straight;na;na;na;na;Driver;Normal;Not a Pedestrian;Driving under the influence of drugs;Slight Injury
02:31:00;Sunday;Unknown;Male;Elementary school;Employee;5-10yr;Other;Owner;5-10yrs;No defect;Residential areas;One way;Tangent road with flat terrain;Crossing;Asphalt roads;Dry;Darkness - lights lit;Normal;Collision with roadside objects;3;5;Going straight;Driver or rider;Female;31-50;3;Unemployed;Normal;Not a Pedestrian;Moving Backward;Slight Injury
02:31:00;Sunday;Over 51;Male;Junior high school;Employee;Above 10yr;Automobile;Owner;;No defect;Other;One way;Tangent road with flat terrain;Crossing;Asphalt roads;Dry;Darkness - lights lit;Normal;Vehicle with vehicle collision;3;5;Going straight;Passenger;Female;Over 51;3;Driver;Normal;Not a Pedestrian;Changing lane to the right;Slight Injury
02:31:00;Sunday;Over 51;Male;Junior high school;Employee;Above 10yr;Automobile;Owner;5-10yrs;No defect; Church areas;Undivided Two way;Tangent road with flat terrain;Crossing;Asphalt roads;Dry;Darkness - lights lit;Normal;Vehicle with vehicle collision;3;5;Going straight;Passenger;Female;Under 18;3;Driver;Normal;Not a Pedestrian;Overspeed;Slight Injury
02:31:00;Sunday;Over 51;Male;Elementary school;Owner;2-5yr;Lorry (11?40Q);Owner;;No defect;  Recreational areas;other;Tangent road with flat terrain;Crossing;Asphalt roads;Dry;Darkness - lights lit;Normal;Vehicle with vehicle collision;3;5;Going straight;Driver or rider;Male;31-50;2;Driver;Normal;Not a Pedestrian;Driving under the influence of drugs;Slight Injury
02:31:00;Sunday;Over 51;Male;Elementary school;Employee;5-10yr;Bajaj;Owner;;; Industrial areas;Undivided Two way;Tangent road with flat terrain;Crossing;Asphalt roads;Dry;Darkness - lights lit;Normal;Vehicle with vehicle collision;3;5;Going straight;Driver or rider;Female;18-30;3;Driver;Normal;Not a Pedestrian;Driving carelessly;Slight Injury
02:31:00;Sunday;Unknown;Female;Junior high school;Owner;1-2yr;Automobile;;;;Residential areas;other;;Crossing;Asphalt roads;Dry;Darkness - lights lit;Normal;Rollover;3;5;Going straight;Pedestrian;Male;Under 18;3;Employee;Normal;Not a Pedestrian;No distancing;Slight Injury
14:50:00;Saturday;31-50;Male;Elementary school;Employee;Above 10yr;Lorry (41?100Q);Owner;Above 10yr;No defect;Residential areas;other;Tangent road with rolling terrain;Y Shape;Asphalt roads;Dry;Daylight;Normal;Vehicle with vehicle collision;2;1;Going straight;Pedestrian;Male;31-50;2;Driver;Normal;Unknown or other;No priority to vehicle;Slight Injury
14:50:00;Saturday;18-30;Male;Junior high school;Employee;5-10yr;Lorry (11?40Q);Owner;2-5yrs;No defect;Office areas;Double carriageway (median);Tangent road with flat terrain;Y Shape;Asphalt roads;Dry;Daylight;Normal;Vehicle with vehicle collision;2;1;Other;Driver or rider;Male;31-50;3;Self-employed;Normal;Not a Pedestrian;Overspeed;Slight Injury
16:20:00;Saturday;18-30;Male;Junior high school;Employee;2-5yr;Lorry (11?40Q);Owner;2-5yrs;No defect;  Market areas;Undivided Two way;Tangent road with flat terrain;No junction;Asphalt roads;Dry;Darkness - lights lit;Normal;Collision with roadside objects;2;1;Going straight;Driver or rider;Female;31-50;3;Driver;Normal;Not a Pedestrian;Driving under the influence of drugs;Slight Injury
16:20:00;Saturday;Unknown;Male;Elementary school;Employee;Above 10yr;Automobile;;;;Unknown;other;Tangent road with flat terrain;No junction;Asphalt roads;Dry;Darkness - lights lit;Normal;Vehicle with vehicle collision;2;1;Going straight;na;na;na;na;Driver;Normal;Not a Pedestrian;Changing lane to the right;Slight Injury
11:09:00;Sunday;18-30;Male;Junior high school;Employee;2-5yr;;Owner;;No defect; Industrial areas;other;Tangent road with flat terrain;No junction;Asphalt roads;Dry;Daylight;Normal;Vehicle with vehicle collision;2;1;Going straight;Driver or rider;Male;Over 51;3;;;Not a Pedestrian;Changing lane to the right;Slight Injury
11:09:00;Sunday;31-50;Male;Elementary school;Employee;Above 10yr;Automobile;Owner;;No defect;Residential areas;Two-way (divided with solid lines road marking);Tangent road with flat terrain;No junction;Asphalt roads;Dry;Daylight;Normal;Vehicle with vehicle collision;2;1;Going straight;Passenger;Female;Under 18;3;Driver;Normal;Not a Pedestrian;Changing lane to the right;Slight Injury
19:20:00;Sunday;Over 51;Male;Junior high school;Employee;Above 10yr;Public (13?45 seats);Governmental;Below 1yr;No defect;Residential areas;Undivided Two way;Tangent road with flat terrain;Crossing;Asphalt roads;Wet or damp;Darkness - lights unlit;Raining;Collision with roadside objects;2;1;Going straight;Driver or rider;Female;31-50;3;;;Not a Pedestrian;Changing lane to the right;Slight Injury
19:20:00;Sunday;Under 18;Male;Junior high school;Employee;2-5yr;Public (12 seats);Owner;5-10yrs;No defect;Other;Undivided Two way;Tangent road with flat terrain;Crossing;Asphalt roads;Wet or damp;Darkness - lights unlit;Raining;Collision with roadside objects;2;1;Going straight;na;na;na;na;;;Not a Pedestrian;Moving Backward;Slight Injury
17:10:00;Monday;18-30;Male;Junior high school;Employee;Above 10yr;Other;Governmental;;No defect;Residential areas;other;Tangent road with flat terrain;Y Shape;Asphalt roads;Wet or damp;Darkness - lights lit;Windy;Vehicle with vehicle collision;2;1;Going straight;Driver or rider;Female;31-50;3;;Normal;Not a Pedestrian;No distancing;Slight Injury
17:10:00;Monday;Unknown;Male;Junior high school;Employee;Above 10yr;Automobile;Owner;1-2yr;No defect;Rural village areas;Undivided Two way;Gentle horizontal curve;Y Shape;Asphalt roads;Wet or damp;Darkness - lights lit;Windy;Vehicle with vehicle collision;2;1;Other;Pedestrian;Female;Over 51;1;Driver;Normal;Not a Pedestrian;Overspeed;Slight Injury
03:08:00;Saturday;18-30;Male;Junior high school;Employee;Below 1yr;Automobile;Owner;2-5yrs;No defect;Rural village areas;Undivided Two way;Gentle horizontal curve;No junction;Asphalt roads;Dry;Darkness - lights lit;Normal;Collision with roadside objects;2;1;Going straight;na;na;na;na;Driver;Normal;Not a Pedestrian;No distancing;Slight Injury
03:08:00;Saturday;Unknown;Male;Junior high school;Owner;Above 10yr;Public (13?45 seats);Owner;;No defect;Office areas;Double carriageway (median);Tangent road with flat terrain;No junction;Asphalt roads;Dry;Darkness - lights lit;Normal;Collision with roadside objects;2;1;Going straight;Driver or rider;Male;Under 18;2;Driver;Normal;Not a Pedestrian;Driving carelessly;Slight Injury
16:40:00;Tuesday;Over 51;Male;High school;Other;Above 10yr;Public (13?45 seats);Owner;2-5yrs;No defect;Residential areas;Undivided Two way;Gentle horizontal curve;Y Shape;Asphalt roads;Wet or damp;Darkness - lights lit;Normal;Vehicle with vehicle collision;1;1;Going straight;na;na;na;na;Driver;Normal;Not a Pedestrian;No distancing;Slight Injury
08:25:00;Tuesday;31-50;Male;Junior high school;Employee;5-10yr;Automobile;Owner;;;Residential areas;other;Tangent road with flat terrain;Y Shape;Gravel roads;Dry;Daylight;Normal;Vehicle with vehicle collision;2;1;Going straight;Driver or rider;Male;18-30;3;Driver;Normal;Not a Pedestrian;No distancing;Slight Injury
08:25:00;Tuesday;Unknown;Male;Elementary school;;;Other;Owner;;7; Outside rural areas;other;Tangent road with flat terrain;Y Shape;Asphalt roads;Dry;Daylight;Normal;Vehicle with vehicle collision;2;1;Going straight;Pedestrian;Male;31-50;3;Driver;Normal;Crossing from nearside - masked by parked or statioNot a Pedestrianry vehicle;No distancing;Slight Injury
17:30:00;Wednesday;31-50;Male;Junior high school;Employee;5-10yr;Pick up upto 10Q;Owner;Above 10yr;;Residential areas;other;Tangent road with flat terrain;Y Shape;Asphalt roads;Dry;Darkness - lights lit;Normal;Collision with roadside objects;1;1;Going straight;Pedestrian;Female;31-50;2;Employee;Normal;Not a Pedestrian;Changing lane to the right;Slight Injury
21:30:00;Thursday;Unknown;Female;Junior high school;Employee;5-10yr;Lorry (41?100Q);Owner;5-10yrs;5; Church areas;other;Tangent road with flat terrain;Y Shape;Asphalt roads;Dry;Darkness - lights lit;Normal;Vehicle with vehicle collision;1;1;Going straight;na;na;na;na;;Normal;Not a Pedestrian;No distancing;Slight Injury
01:02:00;Friday;Under 18;Male;Junior high school;Owner;Below 1yr;Automobile;Owner;;No defect;Office areas;Undivided Two way;Tangent road with flat terrain;Crossing;Asphalt roads;Dry;Darkness - lights lit;Normal;Collision with roadside-parked vehicles;2;1;Going straight;Driver or rider;Female;Over 51;3;Driver;Normal;Not a Pedestrian;No priority to vehicle;Slight Injury
01:02:00;Friday;Unknown;Male;Junior high school;Employee;5-10yr;Automobile;Owner;Unknown;No defect;Office areas;Two-way (divided with broken lines road marking);Tangent road with mountainous terrain and;Crossing;Asphalt roads;Dry;Darkness - lights lit;Normal;Vehicle with vehicle collision;2;1;Going straight;Passenger;Female;18-30;3;;;Not a Pedestrian;Changing lane to the left;Slight Injury
12:27:00;Sunday;Under 18;Male;Elementary school;Employee;2-5yr;Lorry (41?100Q);Governmental;;No defect;Office areas;Two-way (divided with broken lines road marking);Escarpments;Crossing;Asphalt roads;Dry;Daylight;Normal;Collision with roadside objects;1;2;Moving Backward;Passenger;Female;31-50;3;Self-employed;Normal;Not a Pedestrian;Moving Backward;Slight Injury
12:27:00;Sunday;Under 18;Male;Junior high school;Owner;2-5yr;;Owner;2-5yrs;;Other;Undivided Two way;Tangent road with mountainous terrain and;Crossing;Asphalt roads;Dry;Daylight;Normal;Vehicle with vehicle collision;1;2;Going straight;na;na;na;na;;;Not a Pedestrian;Driving carelessly;Slight Injury
20:50:00;Sunday;Under 18;Male;Elementary school;Employee;2-5yr;Other;Owner;2-5yrs;;Other;Undivided Two way;Tangent road with flat terrain;Y Shape;Asphalt roads;Dry;Darkness - lights lit;Normal;Vehicle with vehicle collision;2;1;Going straight;Driver or rider;Female;31-50;3;Self-employed;Normal;Not a Pedestrian;Changing lane to the left;Slight Injury
20:50:00;Sunday;Unknown;Female;Junior high school;Owner;2-5yr;Automobile;Owner;Unknown;No defect;Residential areas;Two-way (divided with broken lines road marking);Tangent road with flat terrain;Y Shape;Asphalt roads;Dry;Darkness - lights lit;Normal;Vehicle with vehicle collision;2;1;Going straight;Passenger;Female;Under 18;3;;;Not a Pedestrian;No priority to pedestrian;Slight Injury
18:00:00;Tuesday;Over 51;Male;Junior high school;Employee;Above 10yr;Automobile;Owner;;;Other;Two-way (divided with broken lines road marking);Tangent road with flat terrain;Y Shape;Asphalt roads;Dry;Darkness - lights lit;Normal;Vehicle with vehicle collision;2;1;Going straight;Passenger;Female;Under 18;3;Self-employed;Normal;Not a Pedestrian;No distancing;Slight Injury
18:00:00;Tuesday;Unknown;Male;Junior high school;Employee;2-5yr;Automobile;Owner;Below 1yr;;Other;Undivided Two way;Tangent road with mild grade and flat terrain;Y Shape;Asphalt roads;Dry;Darkness - lights lit;Normal;Vehicle with vehicle collision;2;1;Moving Backward;na;na;na;na;;;Not a Pedestrian;No distancing;Slight Injury
01:55:00;Saturday;Unknown;Male;Junior high school;Employee;1-2yr;Automobile;Owner;5-10yrs;;Other;Two-way (divided with broken lines road marking);Tangent road with flat terrain;Crossing;Asphalt roads;Dry;Darkness - lights lit;Normal;Collision with roadside-parked vehicles;4;1;Going straight;Driver or rider;Male;Over 51;3;;;Not a Pedestrian;Overturning;Slight Injury
01:55:00;Saturday;18-30;Male;Junior high school;Employee;2-5yr;Lorry (41?100Q);Governmental;5-10yrs;No defect;Other;Undivided Two way;Tangent road with flat terrain;Crossing;Asphalt roads;Dry;Darkness - lights lit;Normal;Collision with roadside-parked vehicles;4;1;Other;Passenger;Female;Over 51;3;Self-employed;Normal;Not a Pedestrian;No distancing;Slight Injury
01:55:00;Saturday;18-30;Male;Junior high school;Employee;1-2yr;Other;Owner;2-5yrs;No defect;Other;Double carriageway (median);Tangent road with mild grade and flat terrain;Crossing;Asphalt roads;Dry;Darkness - lights lit;Normal;Collision with animals;4;1;Other;na;na;na;na;Employee;Normal;Not a Pedestrian;Drunk driving;Slight Injury
01:55:00;Saturday;Unknown;Male;Junior high school;Employee;5-10yr;Pick up upto 10Q;Owner;;No defect;Other;Two-way (divided with broken lines road marking);Tangent road with flat terrain;Crossing;Gravel roads;Dry;Darkness - lights lit;Normal;Collision with animals;4;1;Going straight;Pedestrian;Male;Under 18;3;Other;Normal;Unknown or other;Moving Backward;Slight Injury
10:05:00;Monday;Over 51;Male;Junior high school;Employee;5-10yr;Stationwagen;Owner;2-5yrs;; Church areas;Two-way (divided with broken lines road marking);Tangent road with flat terrain;No junction;Asphalt roads;Dry;Daylight;Normal;Collision with animals;1;1;Going straight;Pedestrian;Male;Over 51;3;Employee;Normal;Not a Pedestrian;No priority to pedestrian;Slight Injury