Time;Day_of_week;Age_band_of_driver;Sex_of_driver;Educational_level;Vehicle_driver_relation;Driving_experience;Type_of_vehicle;Owner_of_vehicle;Service_year_of_vehicle;Defect_of_vehicle;Area_accident_occured;Lanes_or_Medians;Road_allignment;Types_of_Junction;Road_surface_type;Road_surface_conditions;Light_conditions;Weather_conditions;Type_of_collision;Number_of_vehicles_involved;Number_of_casualties;Vehicle_movement;Casualty_class;Sex_of_casualty;Age_band_of_casualty;Casualty_severity;Work_of_casuality;Fitness_of_casuality;Pedestrian_movement;Cause_of_accident;Accident_severity
21:27:00;Monday;31-50;Male;Elementary school;Owner;2-5yr;Other;Owner;5-10yrs;;Other;Undivided Two way;Tangent road with flat terrain;Y Shape;Asphalt roads;Dry;Darkness - lights lit;Normal;Collision with animals;1;1;Going straight;na;na;na;na;;;Not a Pedestrian;Changing lane to the left;Slight Injury
17:52:00;Wednesday;31-50;Male;Elementary school;Employee;Below 1yr;Pick up upto 10Q;Organization;2-5yrs;; Industrial areas;Two-way (divided with broken lines road marking);Tangent road with flat terrain;No junction;Asphalt roads;Dry;Darkness - lights lit;Normal;Collision with animals;1;2;Going straight;na;na;na;na;Employee;Normal;Not a Pedestrian;Changing lane to the left;Slight Injury
17:52:00;Wednesday;31-50;Male;;;;Stationwagen;Owner;;No defect;Residential areas;Double carriageway (median);Tangent road with flat terrain;No junction;Asphalt roads;Dry;Darkness - lights lit;Normal;Collision with animals;1;2;Other;Driver or rider;Female;18-30;3;;;Not a Pedestrian;Getting off the vehicle improperly;Slight Injury
07:30:00;Thursday;18-30;Male;Junior high school;Employee;Above 10yr;Lorry (41?100Q);Governmental;Above 10yr;No defect;Other;Two-way (divided with broken lines road marking);Tangent road with flat terrain;No junction;Earth roads;Dry;Daylight;Normal;Collision with animals;1;1;Going straight;Driver or rider;Male;Under 18;3;Employee;Normal;Not a Pedestrian;No distancing;Slight Injury
17:30:00;Saturday;31-50;Male;High school;Employee;1-2yr;Automobile;Owner;;No defect;Office areas;Two-way (divided with broken lines road marking);Tangent road with flat terrain;Y Shape;Asphalt roads;Dry;Darkness - lights lit;Normal;Collision with animals;4;1;Getting off;Passenger;Male;Under 18;2;Employee;Normal;Not a Pedestrian;Changing lane to the right;Slight Injury
17:30:00;Saturday;31-50;Male;Junior high school;Owner;5-10yr;;Owner;;No defect; Industrial areas;Unknown;Tangent road with flat terrain;Y Shape;Asphalt roads;Dry;Darkness - lights lit;Normal;Collision with animals;4;1;Going straight;na;na;na;na;Employee;Normal;Not a Pedestrian;Changing lane to the right;Slight Injury
17:30:00;Saturday;18-30;Male;Junior high school;Employee;1-2yr;Automobile;Owner;1-2yr;No defect; Industrial areas;Double carriageway (median);Tangent road with flat terrain;Y Shape;;Dry;Darkness - lights lit;Normal;Collision with animals;4;1;Going straight;na;na;na;na;Driver;Normal;Not a Pedestrian;Moving Backward;Slight Injury
17:30:00;Saturday;Unknown;Male;Junior high school;Employee;Above 10yr;Automobile;Owner;;No defect;Other;Two-way (divided with broken lines road marking);Tangent road with flat terrain;Y Shape;Gravel roads;Dry;Darkness - lights lit;Normal;Collision with animals;4;1;Going straight;Driver or rider;Male;31-50;3;Driver;Normal;Not a Pedestrian;Driving at high speed;Slight Injury
16:01:00;Sunday;Over 51;Male;Junior high school;Employee;Below 1yr;Turbo;Organization;Above 10yr;; Hospital areas;Two-way (divided with broken lines road marking);Tangent road with flat terrain;Y Shape;Asphalt roads;Wet or damp;Darkness - lights lit;Raining;Collision with animals;3;3;Going straight;Passenger;Female;31-50;3;Student;Normal;Not a Pedestrian;Changing lane to the left;Slight Injury
16:01:00;Sunday;Over 51;Male;Elementary school;Employee;2-5yr;;Owner;Unknown;;Office areas;One way;Tangent road with flat terrain;Y Shape;;Wet or damp;Darkness - lights lit;Raining;Other;3;3;Going straight;na;na;na;na;Driver;Normal;Not a Pedestrian;Changing lane to the right;Slight Injury
16:01:00;Sunday;18-30;Male;Junior high school;Employee;5-10yr;Stationwagen;Owner;2-5yrs;No defect; Church areas;Undivided Two way;Tangent road with flat terrain;Y Shape;Asphalt roads;Wet or damp;Darkness - lights lit;Raining;Rollover;3;3;Going straight;Pedestrian;Female;31-50;3;Self-employed;Normal;Not a Pedestrian;No distancing;Slight Injury
16:01:00;Sunday;18-30;Male;Elementary school;Employee;5-10yr;Automobile;Organization;5-10yrs;No defect; Hospital areas;Undivided Two way;Tangent road with mountainous terrain and;Y Shape;Earth roads;Wet or damp;Darkness - lights lit;Raining;Collision with animals;3;3;Moving Backward;Pedestrian;Male;18-30;3;;;Not a Pedestrian;Changing lane to the right;Slight Injury
14:30:00;Saturday;18-30;Male;Junior high school;Owner;1-2yr;Automobile;Owner;Above 10yr;No defect;Office areas;other;Tangent road with flat terrain;Y Shape;Asphalt roads;Dry;Daylight;Normal;Rollover;2;1;Going straight;na;na;na;na;;;Not a Pedestrian;Changing lane to the right;Slight Injury
14:30:00;Saturday;Under 18;Male;Junior high school;Employee;5-10yr;Automobile;Owner;2-5yrs;No defect;Other;Two-way (divided with broken lines road marking);Escarpments;Y Shape;Asphalt roads;Dry;Daylight;Normal;Collision with animals;2;1;Other;Driver or rider;Male;31-50;3;Driver;Normal;Not a Pedestrian;No distancing;Slight Injury
09:18:00;Friday;31-50;Male;Unknown;Other;;Pick up upto 10Q;Owner;1-2yr;;Office areas;Undivided Two way;Tangent road with flat terrain;O Shape;Asphalt roads;Dry;Daylight;Normal;Collision with animals;1;1;Going straight;na;na;na;na;Driver;Normal;Not a Pedestrian;Changing lane to the right;Serious Injury
08:05:00;Friday;31-50;Male;High school;Employee;2-5yr;Lorry (41?100Q);Owner;2-5yrs;;Office areas;Two-way (divided with broken lines road marking);Tangent road with mountainous terrain and;Y Shape;Asphalt roads;Dry;Daylight;Normal;Vehicle with vehicle collision;1;1;Going straight;Driver or rider;Male;31-50;3;Driver;Normal;Not a Pedestrian;Driving carelessly;Slight Injury
02:09:00;Friday;31-50;Male;Junior high school;Employee;1-2yr;Lorry (41?100Q);Owner;;No defect;Other;Double carriageway (median);Steep grade downward with mountainous terrain;Crossing;Asphalt roads;Dry;Darkness - lights lit;Normal;Fall from vehicles;2;1;Going straight;na;na;na;na;Driver;Normal;Not a Pedestrian;Driving carelessly;Slight Injury
02:09:00;Friday;31-50;Male;Junior high school;Employee;5-10yr;Automobile;Owner;1-2yr;No defect;Office areas;Undivided Two way;Tangent road with mild grade and flat terrain;Crossing;Earth roads;Dry;Darkness - lights lit;Normal;Collision with roadside-parked vehicles;2;1;Going straight;Driver or rider;Male;31-50;2;;;Not a Pedestrian;Changing lane to the right;Slight Injury
00:03:00;Friday;31-50;Male;Junior high school;Employee;2-5yr;Lorry (41?100Q);Owner;;No defect;Residential areas;Undivided Two way;Tangent road with flat terrain;Y Shape;Asphalt roads;Dry;Darkness - lights lit;Normal;Collision with roadside-parked vehicles;2;1;;na;na;na;na;Driver;Normal;Not a Pedestrian;Overturning;Slight Injury
00:03:00;Friday;Over 51;Male;Junior high school;Employee;No Licence;Lorry (41?100Q);Owner;Unknown;;Other;Two-way (divided with broken lines road marking);Tangent road with flat terrain;Y Shape;Asphalt roads;Dry;Darkness - lights lit;Normal;Rollover;2;1;Moving Backward;Driver or rider;Male;Under 18;3;Self-employed;Normal;Not a Pedestrian;Changing lane to the right;Slight Injury
15:20:00;Sunday;18-30;Male;Junior high school;Employee;Above 10yr;Lorry (41?100Q);Owner;2-5yrs;;Office areas;Double carriageway (median);Tangent road with flat terrain;Y Shape;Asphalt roads;Dry;Daylight;Normal;Collision with animals;2;1;;na;na;na;na;Self-employed;Normal;Not a Pedestrian;Moving Backward;Slight Injury
15:20:00;Sunday;Unknown;Male;Junior high school;Employee;Above 10yr;Lorry (41?100Q);Owner;5-10yrs;;Office areas;Undivided Two way;Tangent road with mountainous terrain and;Y Shape;Asphalt roads;Dry;Daylight;Normal;Collision with animals;2;1;Going straight;Passenger;Male;18-30;3;Self-employed;Normal;Not a Pedestrian;No distancing;Slight Injury
11:50:00;Thursday;18-30;Male;Junior high school;Employee;5-10yr;Automobile;;;;Office areas;other;Tangent road with flat terrain;Y Shape;Asphalt roads;Dry;Daylight;Normal;Fall from vehicles;2;1;Going straight;Pedestrian;Male;18-30;3;Driver;Normal;Not a Pedestrian;Overturning;Slight Injury
11:50:00;Thursday;Unknown;Male;High school;Employee;2-5yr;Automobile;Owner;5-10yrs;No defect;Other;Two-way (divided with broken lines road marking);Tangent road with mild grade and flat terrain;Y Shape;Asphalt roads;Dry;Daylight;Normal;Collision with roadside-parked vehicles;2;1;;Pedestrian;Male;Under 18;2;Other;Normal;Not a Pedestrian;Driving carelessly;Slight Injury
23:01:00;Saturday;18-30;Male;High school;Owner;2-5yr;Automobile;Owner;;No defect; Church areas;Undivided Two way;Tangent road with flat terrain;No junction;Asphalt roads;Dry;Darkness - lights lit;Normal;Collision with animals;1;1;Going straight;na;na;na;na;;;Not a Pedestrian;Changing lane to the right;Slight Injury
19:50:00;Monday;18-30;Male;Junior high school;Employee;Below 1yr;Public (13?45 seats);Owner;Unknown;No defect; Industrial areas;Undivided Two way;Tangent road with flat terrain;No junction;Asphalt roads;Dry;Darkness - lights lit;Normal;Collision with animals;1;1;Going straight;Driver or rider;Male;31-50;2;Self-employed;Normal;Not a Pedestrian;Driving at high speed;Slight Injury
18:10:00;Tuesday;31-50;Male;Junior high school;Owner;Above 10yr;Automobile;Owner;1-2yr;No defect;Office areas;Double carriageway (median);Tangent road with flat terrain;O Shape;Asphalt roads;Dry;Darkness - lights lit;Normal;Collision with pedestrians;2;1;Going straight;na;na;na;na;Other;Normal;Not a Pedestrian;Changing lane to the left;Slight Injury
18:10:00;Tuesday;Unknown;Male;Junior high school;Employee;Above 10yr;Public (13?45 seats);Owner;Unknown;No defect; Church areas;Undivided Two way;Tangent road with flat terrain;O Shape;Asphalt roads;Dry;Darkness - lights lit;Normal;Vehicle with vehicle collision;2;1;Going straight;Passenger;Male;31-50;2;;;Not a Pedestrian;Driving carelessly;Slight Injury
18:50:00;Thursday;Over 51;Male;Elementary school;Employee;2-5yr;Public (13?45 seats);Owner;;;Office areas;Undivided Two way;Tangent road with flat terrain;Crossing;Asphalt roads;Dry;Darkness - lights lit;Normal;Vehicle with vehicle collision;2;1;Going straight;na;na;na;na;;;Not a Pedestrian;No distancing;Slight Injury
18:50:00;Thursday;Unknown;Male;Junior high school;Employee;2-5yr;Automobile;Owner;;No defect;Office areas;other;Tangent road with flat terrain;Crossing;Earth roads;Dry;Darkness - lights lit;Normal;Collision with pedestrians;2;1;Going straight;Driver or rider;Male;31-50;2;Driver;Normal;Not a Pedestrian;Moving Backward;Slight Injury
17:00:00;Wednesday;Over 51;Male;Unknown;Employee;Above 10yr;Lorry (11?40Q);Owner;;;Residential areas;Two-way (divided with broken lines road marking);Tangent road with flat terrain;No junction;Asphalt roads;Dry;Darkness - lights lit;Normal;Vehicle with vehicle collision;2;1;Going straight;na;na;na;na;;;Not a Pedestrian;No priority to pedestrian;Slight Injury
17:00:00;Wednesday;18-30;Male;Elementary school;Employee;5-10yr;Automobile;Owner;5-10yrs;;Office areas;Two-way (divided with broken lines road marking);Tangent road with flat terrain;No junction;Asphalt roads;Dry;Darkness - lights lit;Normal;Collision with roadside objects;2;1;Other;Driver or rider;Male;31-50;2;Driver;Normal;Not a Pedestrian;Moving Backward;Slight Injury
11:50:00;Wednesday;18-30;Male;Junior high school;Employee;Below 1yr;Lorry (41?100Q);Owner;5-10yrs;;Residential areas;Undivided Two way;Tangent road with flat terrain;Y Shape;Asphalt roads;Dry;Daylight;Normal;Vehicle with vehicle collision;2;1;Going straight;Pedestrian;Male;Under 18;3;Driver;Normal;Crossing from nearside - masked by parked or statioNot a Pedestrianry vehicle;Changing lane to the right;Slight Injury
11:50:00;Wednesday;18-30;Male;Elementary school;Employee;Below 1yr;Other;Owner;2-5yrs;;Office areas;Double carriageway (median);Tangent road with flat terrain;Y Shape;Asphalt roads;Dry;Daylight;Normal;Vehicle with vehicle collision;2;1;Going straight;Driver or rider;Male;31-50;2;Driver;Normal;Not a Pedestrian;No distancing;Slight Injury
14:39:00;Thursday;31-50;Male;Junior high school;Employee;Below 1yr;Pick up upto 10Q;Owner;2-5yrs;No defect;Office areas;Double carriageway (median);Tangent road with flat terrain;Y Shape;Other;Dry;Daylight;Normal;Vehicle with vehicle collision;1;1;Going straight;na;na;na;na;Driver;Normal;Not a Pedestrian;Drunk driving;Slight Injury
21:00:00;Friday;Under 18;Male;Junior high school;Employee;5-10yr;Lorry (11?40Q);;;No defect;Other;Two-way (divided with broken lines road marking);Tangent road with flat terrain;No junction;Gravel roads;Dry;Darkness - lights lit;Normal;Rollover;2;1;Going straight;na;na;na;na;Self-employed;Normal;Not a Pedestrian;Changing lane to the right;Slight Injury
21:00:00;Friday;31-50;Male;Junior high school;Owner;5-10yr;Motorcycle;Owner;Unknown;No defect;Other;Two-way (divided with broken lines road marking);Tangent road with flat terrain;No junction;Gravel roads;Dry;Darkness - lights lit;Normal;Vehicle with vehicle collision;2;1;Going straight;Driver or rider;Male;18-30;2;Self-employed;Normal;Not a Pedestrian;Driving carelessly;Slight Injury
17:30:00;Sunday;Over 51;Male;High school;Owner;5-10yr;Pick up upto 10Q;Owner;Above 10yr;No defect;Residential areas;Two-way (divided with broken lines road marking);Tangent road with flat terrain;Y Shape;Asphalt roads;Dry;Darkness - lights lit;Normal;Vehicle with vehicle collision;2;1;Going straight;Driver or rider;Female;Over 51;3;Driver;Normal;Not a Pedestrian;Driving to the left;Slight Injury
17:30:00;Sunday;Unknown;Male;Junior high school;Employee;5-10yr;Lorry (11?40Q);Owner;Unknown;; Church areas;Two-way (divided with broken lines road marking);Tangent road with flat terrain;Y Shape;Asphalt roads;Dry;Darkness - lights lit;Normal;Vehicle with vehicle collision;2;1;Moving Backward;Driver or rider;Male;31-50;3;Driver;Normal;Not a Pedestrian;Changing lane to the right;Slight Injury
00:56:00;Monday;18-30;Male;Junior high school;Employee;2-5yr;Lorry (11?40Q);Governmental;Unknown;No defect; Church areas;Double carriageway (median);Tangent road with flat terrain;Crossing;Earth roads;Dry;Darkness - lights lit;Normal;Collision with pedestrians;2;1;Going straight;Driver or rider;Female;31-50;3;;;Not a Pedestrian;Changing lane to the right;Serious Injury
00:56:00;Monday;31-50;Male;Elementary school;Employee;5-10yr;Automobile;Owner;2-5yrs;No defect;Residential areas;Double carriageway (median);Tangent road with flat terrain;Crossing;Asphalt roads;Dry;Darkness - lights lit;Normal;Vehicle with vehicle collision;2;1;Going straight;Driver or rider;Female;31-50;3;Driver;Normal;Not a Pedestrian;Driving carelessly;Serious Injury
17:00:00;Monday;18-30;Male;Junior high school;Employee;2-5yr;Automobile;Owner;;No defect;Office areas;Two-way (divided with broken lines road marking);Tangent road with mild grade and flat terrain;Y Shape;Asphalt roads;Wet or damp;Darkness - lights lit;Other;Collision with roadside objects;2;1;Going straight;Passenger;Male;Under 18;3;Driver;Normal;Not a Pedestrian;Changing lane to the left;Slight Injury
17:00:00;Monday;Unknown;Male;Junior high school;Employee;Below 1yr;Other;Owner;5-10yrs;No defect;Office areas;Two-way (divided with broken lines road marking);Tangent road with mild grade and flat terrain;Y Shape;Asphalt roads;Wet or damp;Darkness - lights lit;Other;Vehicle with vehicle collision;2;1;Going straight;Passenger;Female;Under 18;1;Driver;Normal;Not a Pedestrian;No priority to vehicle;Slight Injury
14:20:00;Tuesday;18-30;Male;Elementary school;Employee;2-5yr;Other;Owner;2-5yrs;;Residential areas;Two-way (divided with broken lines road marking);Tangent road with flat terrain;Y Shape;Asphalt roads;Dry;Daylight;Normal;Rollover;2;1;Going straight;Passenger;Female;Under 18;3;Student;Normal;Not a Pedestrian;Driving carelessly;Slight Injury
14:20:00;Tuesday;Under 18;Male;Junior high school;Employee;2-5yr;Automobile;Owner;5-10yrs;; Church areas;other;Tangent road with flat terrain;Y Shape;Earth roads;Dry;Daylight;Normal;Vehicle with vehicle collision;2;1;Going straight;Driver or rider;Male;Under 18;3;;;Not a Pedestrian;Changing lane to the right;Slight Injury
01:30:00;Wednesday;18-30;Male;Junior high school;Employee;2-5yr;Taxi;Owner;;;Other;Two-way (divided with broken lines road marking);Tangent road with flat terrain;Crossing;Asphalt roads;Wet or damp;Darkness - lights lit;Other;Vehicle with vehicle collision;2;1;Going straight;na;na;na;na;;;Not a Pedestrian;Driving carelessly;Slight Injury
01:30:00;Wednesday;18-30;Male;Junior high school;Employee;5-10yr;Other;Owner;;;Office areas;Two-way (divided with broken lines road marking);Tangent road with flat terrain;Crossing;Asphalt roads;Wet or damp;Darkness - lights lit;Other;Vehicle with vehicle collision;2;1;Getting off;na;na;na;na;;Normal;Not a Pedestrian;Driving under the influence of drugs;Slight Injury
13:45:00;Sunday;18-30;Male;Junior high school;Employee;5-10yr;Taxi;Owner;;;Other;Two-way (divided with broken lines road marking);Tangent road with flat terrain;Crossing;Asphalt roads;Dry;Daylight;Normal;Vehicle with vehicle collision;3;1;Going straight;Driver or rider;Female;18-30;3;Driver;Normal;Not a Pedestrian;No distancing;Slight Injury
13:45:00;Sunday;31-50;Male;Junior high school;Employee;;Lorry (11?40Q);Owner;;;Other;Two-way (divided with broken lines road marking);Tangent road with flat terrain;Crossing;Asphalt roads;Dry;Daylight;Normal;Vehicle with vehicle collision;3;1;Going straight;na;na;na;na;Driver;Normal;Not a Pedestrian;Changing lane to the left;Slight Injury
13:45:00;Sunday;31-50;Male;Junior high school;Owner;5-10yr;Automobile;Owner;;;;;Tangent road with flat terrain;Crossing;Asphalt roads;Dry;Daylight;Normal;Collision with roadside objects;3;1;Turnover;Driver or rider;Male;31-50;3;;;Not a Pedestrian;No priority to vehicle;Slight Injury
16:20:00;Sunday;31-50;Male;Junior high school;Employee;2-5yr;Other;Governmental;2-5yrs;;Residential areas;Two-way (divided with broken lines road marking);;No junction;Asphalt roads;Dry;Daylight;Normal;Vehicle with vehicle collision;1;1;Moving Backward;na;na;na;na;;;Not a Pedestrian;Moving Backward;Slight Injury
11:30:00;Wednesday;Over 51;Male;Junior high school;Employee;Below 1yr;Automobile;Owner;Below 1yr;; Church areas;Undivided Two way;Tangent road with flat terrain;Crossing;Asphalt roads;Dry;Daylight;Normal;Vehicle with vehicle collision;2;1;Going straight;na;na;na;na;;;Not a Pedestrian;Moving Backward;Slight Injury
11:30:00;Wednesday;Unknown;Male;Junior high school;Employee;1-2yr;Automobile;;;;Other;Undivided Two way;Tangent road with flat terrain;Crossing;Asphalt roads;Dry;Daylight;Normal;Collision with roadside objects;2;1;Moving Backward;Driver or rider;Male;Over 51;2;;;Not a Pedestrian;No distancing;Slight Injury
16:00:00;Thursday;Under 18;Male;Junior high school;Employee;Below 1yr;Automobile;Owner;Unknown;;Other;One way;Tangent road with flat terrain;Crossing;Asphalt roads;Dry;Daylight;Normal;Collision with roadside objects;2;1;Going straight;Passenger;Female;Over 51;3;Driver;Normal;Not a Pedestrian;Changing lane to the right;Slight Injury
16:00:00;Thursday;31-50;Male;Junior high school;Employee;Above 10yr;Automobile;Owner;Unknown;No defect;Residential areas;Two-way (divided with broken lines road marking);Tangent road with flat terrain;Crossing;Asphalt roads;Dry;Daylight;Normal;Vehicle with vehicle collision;2;1;;na;na;na;na;Driver;Normal;Not a Pedestrian;Changing lane to the right;Slight Injury
12:48:00;Tuesday;31-50;Male;Junior high school;Employee;Below 1yr;Lorry (41?100Q);Owner;Unknown;;Office areas;One way;Tangent road with flat terrain;Crossing;Earth roads;Dry;Daylight;Normal;Vehicle with vehicle collision;2;1;Going straight;Driver or rider;Male;18-30;3;Driver;Normal;Not a Pedestrian;Moving Backward;Slight Injury
12:48:00;Tuesday;Unknown;Male;Junior high school;Employee;2-5yr;Other;Owner;Unknown;No defect; Industrial areas;Two-way (divided with broken lines road marking);Tangent road with flat terrain;Crossing;Asphalt roads;Dry;Daylight;Normal;Vehicle with vehicle collision;2;1;;Passenger;Female;18-30;3;Other;Normal;Not a Pedestrian;Driving carelessly;Slight Injury
05:10:00;Monday;31-50;Male;Junior high school;Employee;1-2yr;Pick up upto 10Q;Governmental;;No defect;Residential areas;Double carriageway (median);Tangent road with flat terrain;Crossing;Asphalt roads;Dry;Darkness - lights lit;Normal;Vehicle with vehicle collision;1;1;Going straight;na;na;na;na;Driver;Normal;Not a Pedestrian;Driving under the influence of drugs;Slight Injury
10:35:00;Wednesday;Unknown;Female;Elementary school;Employee;5-10yr;Pick up upto 10Q;Owner;;No defect;Office areas;Unknown;Tangent road with flat terrain;Y Shape;Asphalt roads;Dry;Daylight;Normal;Collision with roadside objects;1;1;;Driver or rider;Female;18-30;3;;;Not a Pedestrian;No distancing;Slight Injury
10:35:00;Tuesday;Unknown;Male;Junior high school;Owner;Below 1yr;Automobile;Owner;2-5yrs;;Other;;Tangent road with flat terrain;Crossing;Asphalt roads;Dry;Daylight;Normal;Vehicle with vehicle collision;2;2;Going straight;Driver or rider;Male;Over 51;3;Driver;Normal;Not a Pedestrian;No distancing;Slight Injury
10:35:00;Tuesday;18-30;Male;Junior high school;Employee;Below 1yr;Long lorry;Owner;Unknown;; Church areas;other;Tangent road with flat terrain;Crossing;Earth roads;Dry;Daylight;Normal;Vehicle with vehicle collision;2;2;Going straight;Pedestrian;Male;Under 18;2;Driver;Normal;Crossing from nearside - masked by parked or statioNot a Pedestrianry vehicle;No priority to vehicle;Slight Injury
08:45:00;Friday;Over 51;Male;Writing & reading;Employee;Below 1yr;Automobile;Owner;Above 10yr;; Industrial areas;;Tangent road with flat terrain;Y Shape;Asphalt roads;Dry;Daylight;Normal;Vehicle with vehicle collision;2;1;Going straight;na;na;na;na;Unemployed;Normal;Not a Pedestrian;Driving to the left;Slight Injury
08:45:00;Friday;31-50;Male;Junior high school;Employee;1-2yr;Public (13?45 seats);Owner;Unknown;No defect;  Recreational areas;One way;Tangent road with flat terrain;Y Shape;Asphalt roads;Dry;Daylight;Normal;Vehicle with vehicle collision;2;1;Going straight;Driver or rider;Male;31-50;3;Driver;Normal;Not a Pedestrian;No priority to vehicle;Slight Injury
20:14:00;Monday;18-30;Male;Elementary school;Owner;5-10yr;Lorry (41?100Q);Owner;Unknown;No defect;  Market areas;Undivided Two way;Tangent road with flat terrain;Crossing;Asphalt roads;Dry;Darkness - lights lit;Normal;Vehicle with vehicle collision;2;2;Going straight;Passenger;Female;31-50;3;Driver;Normal;Not a Pedestrian;No priority to vehicle;Slight Injury
20:14:00;Monday;18-30;Male;Junior high school;Employee;2-5yr;Public (13?45 seats);Owner;Unknown;No defect;Other;Two-way (divided with broken lines road marking);Tangent road with flat terrain;Crossing;Asphalt roads;Dry;Darkness - lights lit;Normal;Vehicle with vehicle collision;2;2;Other;na;na;na;na;Driver;Normal;Not a Pedestrian;No priority to vehicle;Slight Injury
20:14:00;Monday;Unknown;Male;Junior high school;Owner;Below 1yr;Other;Owner;Unknown;;Other;Two-way (divided with broken lines road marking);Tangent road with flat terrain;Crossing;Asphalt roads;Dry;Darkness - lights lit;Normal;Collision with roadside objects;2;2;Other;Driver or rider;Male;18-30;3;Driver;Normal;Not a Pedestrian;No distancing;Slight Injury
12:38:00;Friday;18-30;Male;Writing & reading;Employee;5-10yr;Lorry (41?100Q);Owner;Unknown;No defect; Industrial areas;Two-way (divided with broken lines road marking);;No junction;Asphalt roads;Dry;Daylight;Normal;Vehicle with vehicle collision;1;1;Going straight;na;na;na;na;Employee;Normal;Not a Pedestrian;Moving Backward;Slight Injury
10:05:00;Thursday;31-50;Male;Writing & reading;Employee;5-10yr;Lorry (41?100Q);Governmental;2-5yrs;;Other;Two-way (divided with broken lines road marking);Tangent road with flat terrain;Y Shape;Asphalt roads;Dry;Daylight;Normal;Collision with pedestrians;2;1;Going straight;Driver or rider;Male;18-30;3;Driver;Normal;Not a Pedestrian;Changing lane to the right;Slight Injury
10:05:00;Thursday;31-50;Male;Junior high school;Employee;5-10yr;Long lorry;Governmental;;;Office areas;other;Tangent road with flat terrain;Y Shape;Asphalt roads;Dry;Daylight;Normal;Collision with roadside objects;2;1;Getting off;Pedestrian;Female;18-30;3;Self-employed;Normal;Not a Pedestrian;Driving carelessly;Slight Injury
00:02:00;Monday;31-50;Male;Junior high school;Employee;2-5yr;Pick up upto 10Q;Owner;Unknown;;;other;Tangent road with flat terrain;Y Shape;Other;Dry;Darkness - lights lit;Normal;Collision with roadside objects;2;1;Going straight;na;na;na;na;Driver;Normal;Not a Pedestrian;Changing lane to the left;Slight Injury
00:02:00;Monday;Unknown;Male;Junior high school;Employee;Above 10yr;Pick up upto 10Q;Owner;;;Office areas;Two-way (divided with broken lines road marking);Tangent road with flat terrain;Y Shape;Asphalt roads;Dry;Darkness - lights lit;Normal;Vehicle with vehicle collision;2;1;Going straight;Passenger;Male;31-50;3;Driver;Normal;Not a Pedestrian;No distancing;Slight Injury
17:25:00;Monday;Under 18;Male;Junior high school;Employee;5-10yr;Lorry (41?100Q);Owner;;;Office areas;Undivided Two way;Tangent road with flat terrain;Y Shape;Asphalt roads;Dry;Darkness - lights lit;Normal;Rollover;2;1;Going straight;Passenger;Female;Over 51;3;;;Not a Pedestrian;Changing lane to the right;Slight Injury
17:25:00;Monday;18-30;Male;Junior high school;Employee;Above 10yr;Lorry (41?100Q);Organization;Unknown;;Other;other;Tangent road with flat terrain;Y Shape;Asphalt roads;Dry;Darkness - lights lit;Normal;Vehicle with vehicle collision;2;1;Going straight;Driver or rider;Male;18-30;3;Driver;Normal;Not a Pedestrian;Driving under the influence of drugs;Slight Injury
23:20:00;Saturday;31-50;Male;Junior high school;Employee;2-5yr;Automobile;Governmental;2-5yrs;;Other;other;Tangent road with flat terrain;Y Shape;Asphalt roads;Dry;Darkness - lights lit;Normal;Vehicle with vehicle collision;1;1;Going straight;Driver or rider;Female;18-30;3;;;Not a Pedestrian;No distancing;Serious Injury
16:00:00;Friday;Over 51;Male;Junior high school;Employee;Below 1yr;Other;Owner;Unknown;No defect;Other;Undivided Two way;Tangent road with flat terrain;Y Shape;Asphalt roads;Dry;Daylight;Normal;Vehicle with vehicle collision;1;1;Getting off;Passenger;Male;Under 18;3;;;Not a Pedestrian;Overturning;Slight Injury
07:30:00;Sunday;Unknown;Female;Junior high school;Employee;Below 1yr;;Owner;Above 10yr;;Other;other;Tangent road with flat terrain;Y Shape;Asphalt roads;Dry;Daylight;Normal;Vehicle with vehicle collision;1;1;Going straight;Pedestrian;Female;18-30;3;;Normal;Not a Pedestrian;No distancing;Slight Injury
06:45:00;Friday;18-30;Male;Junior high school;Owner;5-10yr;Other;;;;Residential areas;Undivided Two way;Tangent road with flat terrain;Y Shape;Asphalt roads;Dry;Darkness - lights lit;Normal;Vehicle with vehicle collision;2;1;Going straight;na;na;na;na;Driver;Normal;Not a Pedestrian;Changing lane to the right;Slight Injury
06:45:00;Friday;31-50;Male;Junior high school;Employee;2-5yr;Automobile;Owner;2-5yrs;No defect; Church areas;Undivided Two way;Tangent road with flat terrain;Y Shape;Earth roads;Dry;Darkness - lights lit;Normal;Vehicle with vehicle collision;2;1;Other;Driver or rider;Male;31-50;2;Driver;Normal;Not a Pedestrian;No priority to vehicle;Slight Injury
17:18:00;Tuesday;18-30;Male;Elementary school;Employee;Below 1yr;Pick up upto 10Q;Owner;2-5yrs;;Office areas;Double carriageway (median);Tangent road with flat terrain;No junction;Asphalt roads;Dry;Darkness - lights lit;Normal;Vehicle with vehicle collision;2;1;Going straight;Pedestrian;Male;Over 51;3;Driver;Normal;Unknown or other;Changing lane to the right;Slight Injury