Time;Day_of_week;Age_band_of_driver;Sex_of_driver;Educational_level;Vehicle_driver_relation;Driving_experience;Type_of_vehicle;Owner_of_vehicle;Service_year_of_vehicle;Defect_of_vehicle;Area_accident_occured;Lanes_or_Medians;Road_allignment;Types_of_Junction;Road_surface_type;Road_surface_conditions;Light_conditions;Weather_conditions;Type_of_collision;Number_of_vehicles_involved;Number_of_casualties;Vehicle_movement;Casualty_class;Sex_of_casualty;Age_band_of_casualty;Casualty_severity;Work_of_casuality;Fitness_of_casuality;Pedestrian_movement;Cause_of_accident;Accident_severity
17:18:00;Tuesday;18-30;Male;Junior high school;Employee;2-5yr;Automobile;Owner;2-5yrs;; Church areas;other;Tangent road with flat terrain;No junction;Asphalt roads;Dry;Darkness - lights lit;Normal;Vehicle with vehicle collision;2;1;Going straight;Driver or rider;Female;18-30;3;Driver;Normal;Not a Pedestrian;Changing lane to the left;Slight Injury
11:20:00;Sunday;31-50;Male;Junior high school;Employee;5-10yr;Public (12 seats);Owner;2-5yrs;;Other;Two-way (divided with broken lines road marking);Tangent road with flat terrain;Y Shape;Asphalt roads;Dry;Daylight;Normal;Collision with roadside objects;1;1;Going straight;na;na;na;na;Driver;Normal;Not a Pedestrian;No distancing;Slight Injury
16:51:00;Thursday;18-30;Male;High school;Employee;Above 10yr;Automobile;Owner;;;;other;Tangent road with flat terrain;Y Shape;Asphalt roads;Dry;Daylight;Normal;Vehicle with vehicle collision;2;1;Going straight;Driver or rider;Female;18-30;3;Driver;Normal;Not a Pedestrian;No priority to pedestrian;Slight Injury
16:51:00;Thursday;31-50;Male;High school;Employee;Above 10yr;Other;Owner;1-2yr;;School areas;other;Steep grade downward with mountainous terrain;Y Shape;Asphalt roads;Dry;Daylight;Normal;Vehicle with vehicle collision;2;1;Going straight;Driver or rider;Female;18-30;3;Employee;Normal;Not a Pedestrian;Driving carelessly;Slight Injury
14:47:00;Tuesday;18-30;Male;Junior high school;Employee;5-10yr;Public (12 seats);Owner;5-10yrs;;Office areas;Two-way (divided with broken lines road marking);Tangent road with mild grade and flat terrain;Y Shape;Asphalt roads;Dry;Daylight;Normal;Vehicle with vehicle collision;2;1;Reversing;Driver or rider;Male;31-50;3;;Normal;Not a Pedestrian;No distancing;Slight Injury
14:47:00;Tuesday;Unknown;Female;Elementary school;Employee;1-2yr;Stationwagen;Owner;Below 1yr;;Other;other;Steep grade downward with mountainous terrain;Y Shape;Asphalt roads;Dry;Daylight;Normal;Vehicle with vehicle collision;2;1;Other;Driver or rider;Female;31-50;3;Driver;Normal;Not a Pedestrian;Driving carelessly;Slight Injury
14:45:00;Thursday;Unknown;Male;Elementary school;Employee;5-10yr;Lorry (41?100Q);Owner;Unknown;;Office areas;Undivided Two way;Tangent road with flat terrain;Y Shape;Asphalt roads;Dry;Daylight;Normal;Collision with pedestrians;2;1;Going straight;na;na;na;na;;;Not a Pedestrian;Driving carelessly;Slight Injury
14:45:00;Thursday;Unknown;Male;Junior high school;Employee;5-10yr;Lorry (41?100Q);Owner;;;Other;Undivided Two way;Tangent road with flat terrain;Y Shape;Asphalt roads;Dry;Daylight;Normal;Vehicle with vehicle collision;2;1;Going straight;Driver or rider;Male;31-50;3;Self-employed;Normal;Not a Pedestrian;Moving Backward;Slight Injury
23:01:00;Wednesday;Unknown;Female;Junior high school;Employee;1-2yr;Lorry (41?100Q);Owner;2-5yrs;;Other;Two-way (divided with broken lines road marking);Tangent road with flat terrain;Crossing;Asphalt roads;Dry;Darkness - lights lit;Normal;Vehicle with vehicle collision;2;1;Going straight;na;na;na;na;;;Not a Pedestrian;Overtaking;Slight Injury
23:01:00;Wednesday;18-30;Male;Junior high school;Owner;5-10yr;Automobile;Owner;;;Office areas;Undivided Two way;Tangent road with flat terrain;Crossing;Asphalt roads;Dry;Darkness - lights lit;Normal;Vehicle with vehicle collision;2;1;Going straight;Driver or rider;Male;31-50;3;Self-employed;Normal;Not a Pedestrian;No priority to vehicle;Slight Injury
18:16:00;Wednesday;18-30;Male;High school;Owner;Above 10yr;Lorry (41?100Q);Owner;;No defect;Other;Double carriageway (median);Tangent road with flat terrain;Crossing;Asphalt roads;Dry;Darkness - lights lit;Normal;Vehicle with vehicle collision;2;1;Going straight;Passenger;Female;18-30;3;;;Not a Pedestrian;No priority to vehicle;Serious Injury
18:16:00;Wednesday;31-50;Male;;Owner;Below 1yr;;Owner;;; Church areas;other;Tangent road with flat terrain;Crossing;Asphalt roads;Dry;Darkness - lights lit;Normal;Vehicle with vehicle collision;2;1;Going straight;Driver or rider;Male;18-30;3;Self-employed;Normal;Not a Pedestrian;Changing lane to the left;Serious Injury
07:25:00;Monday;31-50;Male;Writing & reading;Owner;5-10yr;Public (12 seats);Owner;;No defect;Office areas;Two-way (divided with broken lines road marking);Tangent road with flat terrain;No junction;Asphalt roads;Dry;Daylight;Normal;Vehicle with vehicle collision;2;1;Going straight;Pedestrian;Male;Under 18;3;;;Unknown or other;No priority to vehicle;Slight Injury
07:25:00;Monday;31-50;Male;Above high school;Employee;Above 10yr;Automobile;Owner;Above 10yr;No defect;Office areas;Two-way (divided with broken lines road marking);Tangent road with flat terrain;No junction;Asphalt roads;Dry;Daylight;Normal;Collision with roadside objects;2;1;Going straight;Passenger;Female;18-30;3;;;Not a Pedestrian;No distancing;Slight Injury
16:55:00;Monday;31-50;Male;High school;Employee;Below 1yr;Stationwagen;Owner;2-5yrs;;Other;Undivided Two way;Tangent road with mountainous terrain and;Y Shape;Earth roads;Wet or damp;Darkness - lights lit;Raining;Vehicle with vehicle collision;1;2;Going straight;na;na;na;na;Self-employed;Normal;Not a Pedestrian;Moving Backward;Serious Injury
16:55:00;Monday;31-50;Male;Junior high school;Employee;1-2yr;Automobile;Owner;2-5yrs;;Residential areas;Undivided Two way;Tangent road with flat terrain;Y Shape;Asphalt roads;Wet or damp;Darkness - lights lit;Raining;Vehicle with vehicle collision;1;2;Moving Backward;na;na;na;na;Employee;Normal;Not a Pedestrian;Changing lane to the right;Serious Injury
19:39:00;Friday;31-50;Male;Junior high school;Employee;Above 10yr;Lorry (41?100Q);Owner;Unknown;No defect;Residential areas;Undivided Two way;Tangent road with flat terrain;Y Shape;;Dry;Darkness - lights lit;Normal;Vehicle with vehicle collision;2;1;Moving Backward;Driver or rider;Male;Under 18;2;Other;Normal;Not a Pedestrian;No distancing;Slight Injury
19:39:00;Friday;18-30;Male;Junior high school;Owner;Above 10yr;Other;Owner;5-10yrs;7;;Two-way (divided with broken lines road marking);Tangent road with flat terrain;Y Shape;Asphalt roads;Dry;Darkness - lights lit;Normal;Vehicle with vehicle collision;2;1;Turnover;na;na;na;na;Employee;Normal;Not a Pedestrian;Overtaking;Slight Injury
02:05:00;Sunday;Unknown;Female;Junior high school;Employee;Above 10yr;Pick up upto 10Q;Owner;Unknown;7;Other;other;Tangent road with flat terrain;Y Shape;Asphalt roads;Dry;Darkness - lights lit;Normal;Vehicle with vehicle collision;1;1;Other;Driver or rider;Male;31-50;3;;;Not a Pedestrian;No distancing;Slight Injury
11:45:00;Friday;18-30;Male;Junior high school;Employee;No Licence;;Owner;Unknown;No defect;Office areas;;Steep grade downward with mountainous terrain;Crossing;Asphalt roads;Dry;Daylight;Normal;Vehicle with vehicle collision;1;1;Other;Driver or rider;Female;18-30;3;Employee;Normal;Not a Pedestrian;Changing lane to the left;Slight Injury
17:53:00;Wednesday;Unknown;Female;Junior high school;Employee;1-2yr;Lorry (41?100Q);Governmental;Unknown;No defect;School areas;Double carriageway (median);Tangent road with flat terrain;Y Shape;Asphalt roads;Dry;Darkness - lights lit;Normal;Vehicle with vehicle collision;1;1;Going straight;na;na;na;na;;;Not a Pedestrian;Driving under the influence of drugs;Slight Injury
16:40:00;Monday;18-30;Male;Illiterate;Owner;1-2yr;Automobile;Owner;Unknown;No defect;Other;Two-way (divided with broken lines road marking);Steep grade downward with mountainous terrain;No junction;Asphalt roads;Dry;Darkness - lights lit;Normal;Vehicle with vehicle collision;2;1;Going straight;Pedestrian;Male;18-30;3;Employee;Normal;Unknown or other;No distancing;Slight Injury
16:40:00;Monday;31-50;Male;Junior high school;Owner;Below 1yr;Public (13?45 seats);Owner;5-10yrs;No defect;Other;Two-way (divided with broken lines road marking);Tangent road with rolling terrain;No junction;Asphalt roads;Dry;Darkness - lights lit;Normal;Rollover;2;1;Other;Pedestrian;Male;Over 51;3;Employee;Normal;Unknown or other;No distancing;Slight Injury
12:10:00;Friday;18-30;Male;Junior high school;Owner;1-2yr;Automobile;Governmental;Unknown;No defect; Church areas;Two-way (divided with broken lines road marking);Tangent road with flat terrain;Y Shape;Asphalt roads;Dry;Daylight;Normal;Vehicle with vehicle collision;2;1;Other;Pedestrian;Female;Over 51;2;Employee;Normal;Unknown or other;Changing lane to the right;Slight Injury
12:10:00;Friday;Unknown;Female;Junior high school;Owner;2-5yr;Lorry (41?100Q);;;;Office areas;;Tangent road with mild grade and flat terrain;Y Shape;Asphalt roads;Dry;Daylight;Normal;Vehicle with vehicle collision;2;1;Going straight;Pedestrian;Female;Under 18;2;Driver;Normal;Not a Pedestrian;Changing lane to the left;Slight Injury
12:03:00;Thursday;Over 51;Male;Unknown;Owner;5-10yr;Public (12 seats);Owner;;;Other;Two-way (divided with broken lines road marking);Tangent road with mild grade and flat terrain;Crossing;Asphalt roads;Wet or damp;Daylight;Normal;Vehicle with vehicle collision;1;1;Reversing;Driver or rider;Male;18-30;3;Driver;Normal;Not a Pedestrian;Moving Backward;Serious Injury
23:25:00;Thursday;31-50;Male;Unknown;Owner;Above 10yr;Motorcycle;Governmental;;No defect;Residential areas;Double carriageway (median);Tangent road with flat terrain;Unknown;Gravel roads;Dry;Darkness - lights lit;Normal;Collision with roadside objects;1;1;Other;Passenger;Male;18-30;3;Student;Normal;Not a Pedestrian;No distancing;Slight Injury
08:38:00;Thursday;18-30;Male;Junior high school;Owner;2-5yr;Public (12 seats);Owner;;;Office areas;Two-way (divided with broken lines road marking);Tangent road with flat terrain;Y Shape;Asphalt roads;Dry;Daylight;Normal;Vehicle with vehicle collision;2;1;Turnover;Passenger;Female;Under 18;3;Driver;Normal;Not a Pedestrian;No distancing;Slight Injury
08:38:00;Thursday;31-50;Male;Elementary school;Owner;Above 10yr;Lorry (41?100Q);Owner;;;Office areas;Undivided Two way;Tangent road with flat terrain;Y Shape;Asphalt roads;Dry;Daylight;Normal;Vehicle with vehicle collision;2;1;Going straight;Driver or rider;Female;31-50;3;Self-employed;Normal;Not a Pedestrian;Driving carelessly;Slight Injury
08:57:00;Tuesday;18-30;Male;Writing & reading;Owner;5-10yr;Automobile;Owner;Below 1yr;;Office areas;Two-way (divided with broken lines road marking);Tangent road with flat terrain;No junction;Asphalt roads;Dry;Daylight;Normal;Vehicle with vehicle collision;2;1;Going straight;na;na;na;na;;;Not a Pedestrian;Moving Backward;Slight Injury
08:57:00;Tuesday;18-30;Male;;Owner;;Lorry (41?100Q);Organization;1-2yr;; Church areas;;Tangent road with flat terrain;No junction;Asphalt roads;Dry;Daylight;Normal;Collision with roadside objects;2;1;Going straight;Driver or rider;Male;31-50;2;;;Not a Pedestrian;No distancing;Slight Injury
13:18:00;Thursday;18-30;Male;Junior high school;Owner;5-10yr;Stationwagen;Owner;;;Office areas;Two-way (divided with broken lines road marking);Tangent road with flat terrain;Y Shape;Asphalt roads;Dry;Daylight;Normal;Vehicle with vehicle collision;2;1;Going straight;Driver or rider;Male;18-30;3;Driver;Normal;Not a Pedestrian;Changing lane to the right;Slight Injury
13:18:00;Thursday;18-30;Male;Junior high school;Owner;Below 1yr;Pick up upto 10Q;Owner;1-2yr;;Office areas;Two-way (divided with broken lines road marking);Tangent road with mild grade and flat terrain;Y Shape;Asphalt roads;Dry;Daylight;Normal;Vehicle with vehicle collision;2;1;Going straight;na;na;na;na;Driver;Normal;Not a Pedestrian;Driving carelessly;Slight Injury
08:30:00;Thursday;18-30;Male;Junior high school;Owner;2-5yr;Automobile;Owner;;;Office areas;Two-way (divided with broken lines road marking);Tangent road with mild grade and flat terrain;Y Shape;Asphalt roads;Dry;Daylight;Normal;Vehicle with vehicle collision;2;1;Going straight;Pedestrian;Male;Under 18;2;Driver;Normal;Unknown or other;Driving to the left;Slight Injury
08:30:00;Thursday;31-50;Male;Elementary school;Employee;2-5yr;Automobile;Owner;5-10yrs;No defect;Office areas;Two-way (divided with broken lines road marking);Tangent road with flat terrain;Y Shape;Asphalt roads;Dry;Daylight;Normal;Vehicle with vehicle collision;2;1;Going straight;na;na;na;na;Driver;Normal;Not a Pedestrian;Changing lane to the right;Slight Injury
18:46:00;Friday;31-50;Male;Junior high school;Employee;2-5yr;;Owner;;No defect;Other;Two-way (divided with broken lines road marking);Tangent road with flat terrain;Y Shape;Asphalt roads;Dry;Darkness - lights lit;Normal;Collision with roadside objects;2;1;Going straight;Driver or rider;Male;31-50;3;;;Not a Pedestrian;Driving carelessly;Slight Injury
18:46:00;Friday;31-50;Male;Junior high school;Employee;2-5yr;Other;Owner;;No defect;Residential areas;Double carriageway (median);Tangent road with flat terrain;Y Shape;Asphalt roads;Dry;Darkness - lights lit;Normal;Vehicle with vehicle collision;2;1;Going straight;Driver or rider;Female;Over 51;3;Driver;Normal;Not a Pedestrian;Changing lane to the right;Slight Injury
22:31:00;Wednesday;Unknown;Female;Junior high school;Employee;5-10yr;Automobile;Owner;;No defect; Church areas;Undivided Two way;Tangent road with flat terrain;Crossing;Asphalt roads;Dry;Darkness - lights lit;Normal;Vehicle with vehicle collision;2;1;Other;Driver or rider;Female;Over 51;3;Self-employed;Normal;Not a Pedestrian;No priority to vehicle;Slight Injury
22:31:00;Wednesday;31-50;Male;Junior high school;Employee;5-10yr;Public (13?45 seats);Owner;;No defect;Other;Two-way (divided with broken lines road marking);Tangent road with flat terrain;Crossing;Asphalt roads;Dry;Darkness - lights lit;Normal;Vehicle with vehicle collision;2;1;Going straight;Pedestrian;Female;Under 18;3;Self-employed;Normal;Not a Pedestrian;Changing lane to the right;Slight Injury
10:25:00;Wednesday;31-50;Male;Junior high school;Employee;Above 10yr;Public (13?45 seats);Owner;;No defect;  Recreational areas;Two-way (divided with broken lines road marking);Tangent road with flat terrain;Crossing;Asphalt roads;Dry;Daylight;Unknown;Vehicle with vehicle collision;2;1;Going straight;na;na;na;na;Self-employed;Normal;Not a Pedestrian;Turnover;Slight Injury
10:25:00;Wednesday;18-30;Male;Elementary school;Employee;5-10yr;Automobile;;;;;;Tangent road with flat terrain;Crossing;Asphalt roads;Dry;Daylight;Unknown;Vehicle with vehicle collision;2;1;Moving Backward;Driver or rider;Male;31-50;3;Driver;Normal;Not a Pedestrian;No priority to vehicle;Slight Injury
08:50:00;Tuesday;31-50;Male;Junior high school;Employee;5-10yr;Public (12 seats);Owner;Unknown;No defect; Industrial areas;Undivided Two way;Tangent road with mild grade and flat terrain;Y Shape;Asphalt roads;Dry;Daylight;Normal;Collision with pedestrians;2;1;Going straight;Driver or rider;Female;31-50;3;Other;Normal;Not a Pedestrian;Driving at high speed;Serious Injury
08:50:00;Tuesday;31-50;Male;Junior high school;Employee;Above 10yr;Public (12 seats);Owner;;No defect;Other;Two-way (divided with broken lines road marking);Tangent road with flat terrain;Y Shape;Asphalt roads;Dry;Daylight;Normal;Vehicle with vehicle collision;2;1;Moving Backward;Passenger;Female;18-30;3;;;Not a Pedestrian;No distancing;Serious Injury
01:00:00;Friday;31-50;Male;Elementary school;Owner;;Lorry (41?100Q);Owner;Unknown;;Other;other;Tangent road with flat terrain;Y Shape;Asphalt roads;Wet or damp;Darkness - lights lit;Normal;Vehicle with vehicle collision;2;1;Other;Passenger;Female;31-50;2;Self-employed;Normal;Not a Pedestrian;No distancing;Slight Injury
01:00:00;Friday;18-30;Male;Junior high school;Owner;5-10yr;Automobile;Owner;5-10yrs;No defect; Church areas;other;Tangent road with flat terrain;Y Shape;Other;Wet or damp;Darkness - lights lit;Normal;Collision with roadside objects;2;1;Going straight;na;na;na;na;Other;Normal;Not a Pedestrian;Driving carelessly;Slight Injury
17:25:00;Wednesday;18-30;Male;Junior high school;Employee;5-10yr;Pick up upto 10Q;Owner;5-10yrs;No defect; Church areas;Undivided Two way;Tangent road with flat terrain;Y Shape;Asphalt roads;Dry;Darkness - lights lit;Normal;Vehicle with vehicle collision;2;1;Reversing;Passenger;Female;31-50;3;;;Not a Pedestrian;Driving carelessly;Slight Injury
17:25:00;Wednesday;18-30;Male;Junior high school;Employee;Below 1yr;Pick up upto 10Q;Owner;;No defect;Other;Two-way (divided with broken lines road marking);Tangent road with flat terrain;Y Shape;Asphalt roads;Dry;Darkness - lights lit;Normal;Vehicle with vehicle collision;2;1;Going straight;Driver or rider;Female;31-50;3;;;Not a Pedestrian;Moving Backward;Slight Injury
20:15:00;Saturday;Unknown;Female;;;;Lorry (41?100Q);Owner;;No defect;Other;One way;Tangent road with flat terrain;Y Shape;Asphalt roads;Dry;Darkness - lights lit;Normal;Collision with pedestrians;2;1;Other;Driver or rider;Male;18-30;3;Driver;Normal;Not a Pedestrian;No distancing;Slight Injury
20:15:00;Saturday;18-30;Male;Junior high school;Employee;5-10yr;Automobile;Governmental;2-5yrs;;  Recreational areas;Two-way (divided with broken lines road marking);Tangent road with flat terrain;Y Shape;Asphalt roads;Dry;Darkness - lights lit;Normal;Vehicle with vehicle collision;2;1;Other;na;na;na;na;;;Not a Pedestrian;Changing lane to the right;Slight Injury
07:58:00;Wednesday;18-30;Male;Junior high school;Employee;5-10yr;Stationwagen;Owner;2-5yrs;;Other;Undivided Two way;Tangent road with flat terrain;Y Shape;Asphalt roads;Dry;Daylight;Normal;Vehicle with vehicle collision;2;1;Other;na;na;na;na;Driver;Normal;Not a Pedestrian;Overtaking;Slight Injury
07:58:00;Wednesday;Over 51;Male;Junior high school;Employee;Above 10yr;Motorcycle;Owner;5-10yrs;;Office areas;Undivided Two way;Tangent road with flat terrain;Y Shape;Asphalt roads;Dry;Daylight;Normal;Collision with pedestrians;2;1;Stopping;Driver or rider;Male;31-50;3;Driver;Normal;Not a Pedestrian;No distancing;Slight Injury
07:47:00;Wednesday;18-30;Male;High school;Employee;Above 10yr;;Owner;5-10yrs;No defect; Church areas;Two-way (divided with broken lines road marking);Tangent road with flat terrain;Crossing;Asphalt roads;Dry;Daylight;Unknown;Collision with pedestrians;2;1;Other;Passenger;Male;Over 51;3;Driver;Normal;Not a Pedestrian;Overtaking;Serious Injury
07:47:00;Wednesday;31-50;Male;Junior high school;Employee;Above 10yr;Other;Owner;2-5yrs;;Office areas;Two-way (divided with broken lines road marking);Tangent road with flat terrain;Crossing;Other;Dry;Daylight;Unknown;Collision with pedestrians;2;1;Other;na;na;na;na;Driver;Normal;Not a Pedestrian;Moving Backward;Serious Injury
07:25:00;Tuesday;31-50;Male;Junior high school;Employee;Above 10yr;Automobile;;;No defect;Office areas;Undivided Two way;Tangent road with mountainous terrain and;No junction;Asphalt roads;Dry;Daylight;Normal;Collision with roadside objects;3;1;Other;na;na;na;na;Self-employed;Normal;Not a Pedestrian;No distancing;Serious Injury
07:25:00;Tuesday;Over 51;Male;Junior high school;Employee;Above 10yr;Automobile;Owner;2-5yrs;No defect;Other;Undivided Two way;Tangent road with flat terrain;No junction;Asphalt roads;Dry;Daylight;Normal;Vehicle with vehicle collision;3;1;Going straight;Driver or rider;Female;18-30;3;Self-employed;Normal;Not a Pedestrian;No distancing;Serious Injury
07:25:00;Tuesday;18-30;Male;Junior high school;Employee;Above 10yr;;Governmental;;;Residential areas;Two-way (divided with broken lines road marking);Tangent road with flat terrain;No junction;Asphalt roads;Dry;Daylight;Normal;Vehicle with vehicle collision;3;1;Going straight;na;na;na;na;Driver;Normal;Not a Pedestrian;No priority to vehicle;Serious Injury
17:55:00;Tuesday;18-30;Male;Junior high school;Employee;5-10yr;Public (> 45 seats);Owner;2-5yrs;No defect;Office areas;Two-way (divided with broken lines road marking);Tangent road with mild grade and flat terrain;Crossing;Asphalt roads;Dry;Darkness - lights lit;Normal;Vehicle with vehicle collision;2;1;Going straight;Driver or rider;Male;31-50;3;Driver;Normal;Not a Pedestrian;No priority to vehicle;Slight Injury
17:55:00;Tuesday;Unknown;Female;Junior high school;Employee;2-5yr;Automobile;Owner;2-5yrs;;Residential areas;other;Tangent road with flat terrain;Crossing;Asphalt roads;Dry;Darkness - lights lit;Normal;Vehicle with vehicle collision;2;1;Going straight;na;na;na;na;;;Not a Pedestrian;Changing lane to the left;Slight Injury
01:00:00;Friday;Unknown;Female;Junior high school;Employee;Below 1yr;Other;Owner;Unknown;No defect;Residential areas;Two-way (divided with broken lines road marking);Tangent road with flat terrain;Unknown;Asphalt roads;Dry;Darkness - lights lit;Normal;Vehicle with vehicle collision;1;1;Going straight;Driver or rider;Male;18-30;2;Driver;Normal;Not a Pedestrian;No distancing;Slight Injury
14:15:00;Thursday;31-50;Male;Junior high school;Employee;Below 1yr;Automobile;Owner;;No defect;Other;Double carriageway (median);Tangent road with flat terrain;Crossing;Asphalt roads;Dry;Daylight;Normal;Vehicle with vehicle collision;1;1;Going straight;Driver or rider;Male;18-30;2;Driver;Normal;Not a Pedestrian;Driving under the influence of drugs;Slight Injury
06:14:00;Friday;31-50;Male;Junior high school;Employee;2-5yr;Other;Owner;;No defect; Hospital areas;One way;Tangent road with flat terrain;Y Shape;Asphalt roads;Dry;Darkness - lights lit;Normal;Collision with pedestrians;2;1;Going straight;na;na;na;na;Driver;Normal;Not a Pedestrian;Changing lane to the left;Slight Injury
06:14:00;Friday;Unknown;Female;Elementary school;Employee;Below 1yr;Lorry (41?100Q);Governmental;;No defect;Other;Undivided Two way;Tangent road with flat terrain;Y Shape;;Dry;Darkness - lights lit;Normal;Collision with roadside objects;2;1;Going straight;Driver or rider;Male;18-30;3;;Normal;Not a Pedestrian;Changing lane to the right;Slight Injury
13:25:00;Thursday;Over 51;Male;Junior high school;Employee;Below 1yr;Pick up upto 10Q;Owner;;No defect;Other;Undivided Two way;Tangent road with flat terrain;Y Shape;Other;Dry;Daylight;Normal;Vehicle with vehicle collision;2;1;Going straight;na;na;na;na;;;Not a Pedestrian;Driving to the left;Slight Injury
13:25:00;Thursday;18-30;Male;Junior high school;Employee;;Public (13?45 seats);Owner;;No defect;  Recreational areas;One way;Tangent road with mild grade and flat terrain;Y Shape;Asphalt roads;Dry;Daylight;Normal;Vehicle with vehicle collision;2;1;Going straight;Driver or rider;Male;31-50;3;Driver;Normal;Not a Pedestrian;Driving at high speed;Slight Injury
15:10:00;Thursday;18-30;Male;;Employee;5-10yr;Automobile;Owner;;No defect;Other;Undivided Two way;Tangent road with flat terrain;Crossing;Asphalt roads;Dry;Daylight;Normal;Vehicle with vehicle collision;1;1;Going straight;na;na;na;na;Driver;Normal;Not a Pedestrian;Overtaking;Slight Injury
10:36:00;Tuesday;18-30;Male;Writing & reading;Employee;Below 1yr;Pick up upto 10Q;Owner;;No defect;Other;Undivided Two way;Tangent road with flat terrain;No junction;Asphalt roads;Dry;Daylight;Normal;Vehicle with vehicle collision;1;2;Reversing;Pedestrian;Female;18-30;3;Self-employed;Normal;Not a Pedestrian;Changing lane to the right;Serious Injury
10:36:00;Tuesday;18-30;Male;Junior high school;Employee;Below 1yr;Automobile;Owner;;No defect;Other;Undivided Two way;Tangent road with flat terrain;No junction;Asphalt roads;Dry;Daylight;Normal;With Train;1;2;Going straight;Pedestrian;Male;31-50;3;Driver;Normal;Not a Pedestrian;Changing lane to the right;Serious Injury
13:53:00;Saturday;18-30;Male;Junior high school;Employee;1-2yr;Lorry (41?100Q);Owner;Below 1yr;No defect;Office areas;Two-way (divided with broken lines road marking);Tangent road with flat terrain;Y Shape;Asphalt roads with some distress;Dry;Daylight;Normal;Vehicle with vehicle collision;1;1;Other;na;na;na;na;Driver;Normal;Not a Pedestrian;Moving Backward;Slight Injury
13:23:00;Monday;18-30;Male;Elementary school;Employee;Above 10yr;Automobile;Owner;2-5yrs;No defect;Other;Two-way (divided with broken lines road marking);Tangent road with mild grade and flat terrain;Y Shape;;Dry;Daylight;Normal;Vehicle with vehicle collision;2;1;;Driver or rider;Male;31-50;2;Driver;Normal;Not a Pedestrian;Moving Backward;Slight Injury
13:23:00;Monday;18-30;Male;Elementary school;Employee;Above 10yr;Lorry (41?100Q);Owner;;No defect;Residential areas;Two-way (divided with broken lines road marking);Tangent road with flat terrain;Y Shape;Asphalt roads;Dry;Daylight;Normal;Vehicle with vehicle collision;2;1;Getting off;Driver or rider;Male;Under 18;3;;;Not a Pedestrian;Changing lane to the left;Slight Injury
12:45:00;Saturday;18-30;Male;Elementary school;Employee;Below 1yr;Lorry (41?100Q);Owner;5-10yrs;No defect;Other;Undivided Two way;Tangent road with flat terrain;Crossing;Asphalt roads;Dry;Daylight;Normal;Vehicle with vehicle collision;1;2;Going straight;Driver or rider;Male;Under 18;3;Driver;Normal;Not a Pedestrian;Moving Backward;Slight Injury
12:45:00;Saturday;18-30;Male;High school;Employee;2-5yr;Lorry (41?100Q);Owner;Unknown;No defect;Other;Undivided Two way;Tangent road with flat terrain;Crossing;Asphalt roads;Dry;Daylight;Normal;Vehicle with vehicle collision;1;2;Going straight;na;na;na;na;Driver;Normal;Not a Pedestrian;No distancing;Slight Injury
09:30:00;Friday;31-50;Male;Junior high school;Employee;2-5yr;Public (13?45 seats);Owner;;; Church areas;Undivided Two way;Tangent road with flat terrain;Unknown;Asphalt roads;Dry;Daylight;Normal;Vehicle with vehicle collision;2;1;Going straight;Driver or rider;Female;Under 18;3;Self-employed;Normal;Not a Pedestrian;Moving Backward;Slight Injury
09:30:00;Friday;18-30;Male;Above high school;Employee;Above 10yr;Automobile;Owner;1-2yr;5;Office areas;Undivided Two way;Tangent road with flat terrain;Unknown;Earth roads;Dry;Daylight;Normal;Vehicle with vehicle collision;2;1;Going straight;Passenger;Female;Over 51;3;;Normal;Not a Pedestrian;Changing lane to the right;Slight Injury
17:57:00;Tuesday;Unknown;Female;Junior high school;Employee;2-5yr;Other;Owner;Above 10yr;No defect;School areas;other;Tangent road with flat terrain;Y Shape;Asphalt roads;Wet or damp;Darkness - lights lit;Normal;Vehicle with vehicle collision;1;1;Turnover;Driver or rider;Male;18-30;3;;;Not a Pedestrian;Changing lane to the left;Slight Injury
08:40:00;Tuesday;Unknown;Female;Junior high school;Employee;2-5yr;Other;Owner;2-5yrs;No defect;Other;Undivided Two way;Tangent road with flat terrain;Y Shape;Asphalt roads;Dry;Daylight;Normal;Vehicle with vehicle collision;1;1;Entering a junction;na;na;na;na;Driver;Normal;Not a Pedestrian;No priority to vehicle;Slight Injury
15:50:00;Tuesday;Unknown;Female;High school;Employee;1-2yr;Other;Owner;1-2yr;No defect;Office areas;Undivided Two way;Tangent road with flat terrain;Y Shape;Asphalt roads;Dry;Daylight;Normal;Collision with pedestrians;1;1;Entering a junction;Driver or rider;Male;31-50;3;Driver;Normal;Not a Pedestrian;No distancing;Slight Injury
23:05:00;Thursday;Over 51;Male;Junior high school;Employee;5-10yr;Automobile;Owner;1-2yr;No defect;Residential areas;other;Steep grade downward with mountainous terrain;Y Shape;Asphalt roads;Dry;Darkness - lights lit;Normal;Collision with roadside objects;1;1;Entering a junction;na;na;na;na;Driver;Normal;Not a Pedestrian;No priority to vehicle;Slight Injury
22:22:00;Saturday;31-50;Male;Junior high school;Employee;Below 1yr;Other;Owner;1-2yr;No defect; Industrial areas;One way;Tangent road with flat terrain;Crossing;Asphalt roads;Dry;Darkness - lights lit;Normal;Collision with roadside objects;1;1;Entering a junction;Driver or rider;Male;Over 51;3;;;Not a Pedestrian;Driving under the influence of drugs;Slight Injury
19:50:00;Wednesday;31-50;Male;Junior high school;Employee;Below 1yr;Lorry (41?100Q);Owner;2-5yrs;No defect;Other;Undivided Two way;Tangent road with flat terrain;Unknown;Asphalt roads;Dry;Darkness - lights lit;Normal;Vehicle with vehicle collision;2;1;Other;na;na;na;na;Driver;Normal;Not a Pedestrian;Changing lane to the right;Slight Injury