Time;Day_of_week;Age_band_of_driver;Sex_of_driver;Educational_level;Vehicle_driver_relation;Driving_experience;Type_of_vehicle;Owner_of_vehicle;Service_year_of_vehicle;Defect_of_vehicle;Area_accident_occured;Lanes_or_Medians;Road_allignment;Types_of_Junction;Road_surface_type;Road_surface_conditions;Light_conditions;Weather_conditions;Type_of_collision;Number_of_vehicles_involved;Number_of_casualties;Vehicle_movement;Casualty_class;Sex_of_casualty;Age_band_of_casualty;Casualty_severity;Work_of_casuality;Fitness_of_casuality;Pedestrian_movement;Cause_of_accident;Accident_severity
19:50:00;Wednesday;18-30;Male;Elementary school;Employee;;Public (12 seats);Owner;1-2yr;No defect;Residential areas;Undivided Two way;Tangent road with flat terrain;Unknown;Asphalt roads;Dry;Darkness - lights lit;Normal;Vehicle with vehicle collision;2;1;Entering a junction;Driver or rider;Male;31-50;3;Self-employed;Normal;Not a Pedestrian;No distancing;Slight Injury
21:35:00;Saturday;18-30;Male;Junior high school;Employee;Below 1yr;Lorry (41?100Q);Owner;1-2yr;No defect;  Recreational areas;Two-way (divided with broken lines road marking);Tangent road with flat terrain;Y Shape;Asphalt roads;Wet or damp;Darkness - lights lit;Raining;Vehicle with vehicle collision;1;1;Turnover;Driver or rider;Female;31-50;3;Self-employed;Normal;Not a Pedestrian;No distancing;Slight Injury
17:25:00;Thursday;Unknown;Female;Junior high school;Employee;1-2yr;Public (12 seats);Owner;Unknown;7;Office areas;other;Tangent road with flat terrain;Crossing;Asphalt roads;Dry;Daylight;Normal;Vehicle with vehicle collision;1;1;Entering a junction;Passenger;Male;18-30;3;;;Not a Pedestrian;Changing lane to the left;Serious Injury
11:45:00;Saturday;31-50;Male;Elementary school;Employee;2-5yr;Lorry (41?100Q);Owner;;No defect; Outside rural areas;Two-way (divided with broken lines road marking);Tangent road with flat terrain;Y Shape;Asphalt roads;Dry;Daylight;Unknown;Vehicle with vehicle collision;2;1;Entering a junction;Driver or rider;Male;Under 18;3;;Normal;Not a Pedestrian;Changing lane to the right;Slight Injury
11:45:00;Saturday;18-30;Male;High school;Employee;1-2yr;Other;Owner;1-2yr;No defect; Outside rural areas;Two-way (divided with broken lines road marking);Tangent road with flat terrain;Y Shape;Asphalt roads;Dry;Daylight;Unknown;Collision with roadside objects;2;1;Entering a junction;Passenger;Female;Under 18;3;Driver;Normal;Not a Pedestrian;Changing lane to the right;Slight Injury
08:40:00;Tuesday;18-30;Male;Junior high school;Employee;5-10yr;Lorry (41?100Q);Owner;1-2yr;No defect; Outside rural areas;Undivided Two way;Tangent road with flat terrain;Y Shape;Gravel roads;Dry;Daylight;Normal;Vehicle with vehicle collision;2;1;Entering a junction;Pedestrian;Male;Under 18;3;Driver;Normal;Unknown or other;Driving under the influence of drugs;Slight Injury
08:40:00;Tuesday;18-30;Male;Junior high school;Employee;Below 1yr;;Governmental;Below 1yr;No defect; Outside rural areas;Undivided Two way;Tangent road with flat terrain;Y Shape;Asphalt roads;Dry;Daylight;Normal;Vehicle with vehicle collision;2;1;Entering a junction;Pedestrian;Male;Under 18;3;;;Crossing from driver's nearside;Moving Backward;Slight Injury
10:00:00;Tuesday;18-30;Male;High school;Employee;Above 10yr;Public (> 45 seats);Owner;;No defect; Outside rural areas;other;Steep grade downward with mountainous terrain;No junction;Asphalt roads;Dry;Daylight;Normal;Vehicle with vehicle collision;2;1;Other;Pedestrian;Female;18-30;3;Driver;Normal;Not a Pedestrian;Changing lane to the left;Slight Injury
10:00:00;Tuesday;18-30;Male;Elementary school;Owner;5-10yr;Lorry (41?100Q);Owner;;No defect;School areas;other;Steep grade downward with mountainous terrain;No junction;Asphalt roads;Dry;Daylight;Normal;Vehicle with vehicle collision;2;1;Going straight;na;na;na;na;Self-employed;Normal;Not a Pedestrian;No priority to pedestrian;Slight Injury
19:07:00;Thursday;18-30;Male;Elementary school;Employee;Below 1yr;Other;Owner;Above 10yr;No defect; Outside rural areas;Two-way (divided with broken lines road marking);Tangent road with flat terrain;Crossing;Asphalt roads;Dry;Darkness - lights lit;Normal;Vehicle with vehicle collision;2;1;Going straight;Driver or rider;Male;31-50;3;Self-employed;Normal;Not a Pedestrian;No distancing;Slight Injury
19:07:00;Thursday;Unknown;Male;Junior high school;Employee;5-10yr;Other;Owner;;No defect; Outside rural areas;Undivided Two way;Tangent road with flat terrain;Crossing;Asphalt roads;Dry;Darkness - lights lit;Normal;Vehicle with vehicle collision;2;1;Other;Passenger;Female;31-50;3;Self-employed;Normal;Not a Pedestrian;No distancing;Slight Injury
11:20:00;Friday;31-50;Male;Elementary school;Owner;5-10yr;Automobile;Owner;;No defect; Outside rural areas;Two-way (divided with broken lines road marking);Escarpments;Y Shape;Asphalt roads;Dry;Daylight;Normal;Collision with pedestrians;2;1;Going straight;na;na;na;na;;;Not a Pedestrian;Changing lane to the left;Slight Injury
11:20:00;Friday;Unknown;Unknown;Junior high school;Employee;2-5yr;Lorry (41?100Q);Owner;2-5yrs;No defect; Outside rural areas;Two-way (divided with broken lines road marking);Tangent road with mountainous terrain and;Y Shape;Asphalt roads;Dry;Daylight;Normal;Collision with pedestrians;2;1;Going straight;Driver or rider;Female;31-50;2;Self-employed;Normal;Not a Pedestrian;Changing lane to the right;Slight Injury
11:00:00;Wednesday;31-50;Male;Junior high school;Employee;Above 10yr;Pick up upto 10Q;Owner;2-5yrs;No defect;Office areas;Undivided Two way;Tangent road with mountainous terrain and;Y Shape;Asphalt roads;Dry;Daylight;Normal;Collision with roadside objects;1;1;Going straight;Pedestrian;Female;Under 18;2;Self-employed;Normal;Crossing from nearside - masked by parked or statioNot a Pedestrianry vehicle;Driving carelessly;Slight Injury
05:35:00;Monday;31-50;Male;Junior high school;Employee;5-10yr;Automobile;Owner;2-5yrs;No defect; Outside rural areas;Undivided Two way;Tangent road with mountainous terrain and;No junction;Asphalt roads;Wet or damp;Daylight;Raining;Collision with pedestrians;1;1;Going straight;na;na;na;na;Driver;Deaf;Not a Pedestrian;No distancing;Slight Injury
17:46:00;Tuesday;Over 51;Male;High school;Employee;1-2yr;;Owner;;No defect; Outside rural areas;Undivided Two way;Tangent road with mountainous terrain and;Y Shape;Asphalt roads;Dry;Daylight;Normal;Vehicle with vehicle collision;2;1;Going straight;Driver or rider;Female;31-50;3;Driver;Normal;Not a Pedestrian;Changing lane to the left;Slight Injury
17:46:00;Tuesday;18-30;Male;Elementary school;Employee;5-10yr;Other;Owner;2-5yrs;No defect; Outside rural areas;Undivided Two way;Tangent road with flat terrain;Y Shape;Asphalt roads;Dry;Daylight;Normal;Vehicle with vehicle collision;2;1;Reversing;na;na;na;na;Self-employed;Normal;Not a Pedestrian;Moving Backward;Slight Injury
07:00:00;Saturday;31-50;Male;Elementary school;Employee;2-5yr;Automobile;Owner;;No defect;Office areas;Undivided Two way;Tangent road with flat terrain;Y Shape;Asphalt roads;Dry;Daylight;Normal;Vehicle with vehicle collision;2;1;Moving Backward;Driver or rider;Male;Under 18;3;Self-employed;Normal;Not a Pedestrian;No distancing;Slight Injury
07:00:00;Saturday;Unknown;Female;Junior high school;Employee;Below 1yr;Stationwagen;Owner;;No defect;  Recreational areas;Undivided Two way;Tangent road with flat terrain;Y Shape;Asphalt roads;Dry;Daylight;Normal;Collision with roadside objects;2;1;Overtaking;Pedestrian;Female;18-30;1;Driver;Normal;Unknown or other;No priority to pedestrian;Slight Injury
15:00:00;Thursday;18-30;Male;Junior high school;Employee;Below 1yr;Other;Owner;Above 10yr;No defect;Office areas;Undivided Two way;Tangent road with flat terrain;Y Shape;Asphalt roads;Dry;Daylight;Normal;Collision with roadside objects;2;1;Going straight;na;na;na;na;Driver;Normal;Not a Pedestrian;Changing lane to the left;Slight Injury
15:00:00;Thursday;Unknown;Female;Junior high school;Employee;5-10yr;;Owner;2-5yrs;No defect;Other;Two-way (divided with broken lines road marking);Tangent road with mild grade and flat terrain;Y Shape;Asphalt roads;Dry;Daylight;Normal;Vehicle with vehicle collision;2;1;Going straight;na;na;na;na;;;Not a Pedestrian;No distancing;Slight Injury
08:30:00;Monday;31-50;Unknown;Junior high school;Owner;5-10yr;Ridden horse;Owner;Above 10yr;No defect;Residential areas;Two-way (divided with broken lines road marking);Tangent road with flat terrain;Y Shape;Asphalt roads;Dry;Daylight;Normal;Vehicle with vehicle collision;1;1;Going straight;Driver or rider;Male;31-50;2;Driver;Normal;Not a Pedestrian;Driving carelessly;Slight Injury
08:22:00;Thursday;18-30;Unknown;Elementary school;Employee;1-2yr;;Owner;Above 10yr;No defect;Residential areas;other;Tangent road with flat terrain;No junction;Asphalt roads;Dry;Daylight;Normal;Vehicle with vehicle collision;1;2;Going straight;na;na;na;na;Driver;Normal;Not a Pedestrian;No priority to vehicle;Slight Injury
08:22:00;Thursday;18-30;Male;Junior high school;Employee;;Other;Owner;;No defect;Residential areas;Undivided Two way;Tangent road with flat terrain;No junction;Asphalt roads;Dry;Daylight;Normal;Vehicle with vehicle collision;1;2;Going straight;Driver or rider;Male;31-50;3;Student;Normal;Not a Pedestrian;Changing lane to the right;Slight Injury
17:30:00;Tuesday;18-30;Male;Elementary school;Employee;Above 10yr;Lorry (41?100Q);Owner;Above 10yr;No defect;Other;Undivided Two way;Tangent road with flat terrain;Y Shape;Asphalt roads;Dry;Daylight;Normal;Vehicle with vehicle collision;2;1;Going straight;na;na;na;na;Employee;Normal;Not a Pedestrian;Moving Backward;Slight Injury
17:30:00;Tuesday;31-50;Male;Junior high school;Owner;1-2yr;Lorry (41?100Q);Owner;;No defect;Office areas;Two-way (divided with broken lines road marking);Tangent road with flat terrain;Y Shape;Asphalt roads;Dry;Daylight;Normal;Vehicle with vehicle collision;2;1;Going straight;Driver or rider;Female;18-30;3;Driver;Normal;Not a Pedestrian;No priority to vehicle;Slight Injury
13:23:00;Tuesday;31-50;Male;;;;Lorry (41?100Q);Owner;;;Other;Two-way (divided with broken lines road marking);Tangent road with flat terrain;Y Shape;Asphalt roads;Dry;Daylight;Normal;Vehicle with vehicle collision;1;1;Reversing;na;na;na;na;Other;Normal;Not a Pedestrian;No priority to pedestrian;Slight Injury
02:20:00;Friday;Over 51;Male;Junior high school;Employee;Above 10yr;Stationwagen;Owner;Above 10yr;;Other;other;Tangent road with flat terrain;No junction;Other;Dry;Darkness - lights lit;Normal;Vehicle with vehicle collision;1;1;Going straight;Driver or rider;Female;31-50;2;;Normal;Not a Pedestrian;Changing lane to the left;Serious Injury
06:11:00;Sunday;Over 51;Male;Elementary school;Owner;2-5yr;Lorry (41?100Q);Owner;5-10yrs;;Office areas;Two-way (divided with broken lines road marking);Tangent road with flat terrain;Y Shape;;Dry;Daylight;Normal;Vehicle with vehicle collision;2;2;Going straight;Passenger;Male;Under 18;3;;;Not a Pedestrian;Changing lane to the left;Slight Injury
06:11:00;Sunday;18-30;Male;Junior high school;Employee;5-10yr;Automobile;Owner;Below 1yr;; Church areas;other;Tangent road with flat terrain;Y Shape;Asphalt roads;Dry;Daylight;Normal;Collision with roadside objects;2;2;Other;Driver or rider;Male;31-50;3;;;Not a Pedestrian;Driving under the influence of drugs;Slight Injury
11:45:00;Sunday;31-50;Male;Junior high school;Employee;Below 1yr;Automobile;Owner;Unknown;No defect;Other;Two-way (divided with broken lines road marking);Tangent road with flat terrain;No junction;Asphalt roads;Wet or damp;Daylight;Windy;Collision with roadside objects;1;1;Entering a junction;Driver or rider;Female;18-30;3;Employee;;Not a Pedestrian;Moving Backward;Slight Injury
09:00:00;Thursday;31-50;Male;Junior high school;Employee;5-10yr;Pick up upto 10Q;Owner;;;Other;One way;Tangent road with flat terrain;Y Shape;Asphalt roads;Dry;Daylight;Normal;Collision with pedestrians;2;1;Turnover;Driver or rider;Male;31-50;3;Driver;;Not a Pedestrian;Changing lane to the right;Slight Injury
09:00:00;Thursday;Unknown;Female;High school;Employee;Above 10yr;Taxi;Owner;;;Office areas;Double carriageway (median);Tangent road with flat terrain;Y Shape;Asphalt roads;Dry;Daylight;Normal;Vehicle with vehicle collision;2;1;Going straight;Passenger;Male;31-50;3;Driver;;Not a Pedestrian;Changing lane to the right;Slight Injury
23:00:00;Thursday;31-50;Male;Junior high school;Employee;5-10yr;;Owner;;;Office areas;One way;Tangent road with mild grade and flat terrain;Y Shape;Asphalt roads;Dry;Darkness - lights lit;Normal;Vehicle with vehicle collision;2;1;Going straight;Passenger;Female;31-50;3;Driver;;Not a Pedestrian;No distancing;Slight Injury
23:00:00;Thursday;31-50;Male;Elementary school;Employee;1-2yr;Automobile;Owner;;;Office areas;Undivided Two way;Tangent road with flat terrain;Y Shape;Asphalt roads;Dry;Darkness - lights lit;Normal;Vehicle with vehicle collision;2;1;Going straight;Driver or rider;Male;18-30;3;Self-employed;Normal;Not a Pedestrian;Moving Backward;Slight Injury
09:48:00;Thursday;Over 51;Male;Junior high school;Employee;;;Owner;;No defect;Office areas;Double carriageway (median);Tangent road with flat terrain;Y Shape;Asphalt roads;Wet or damp;Daylight;Normal;Vehicle with vehicle collision;2;1;Going straight;Driver or rider;Male;Under 18;3;Driver;Normal;Not a Pedestrian;No distancing;Slight Injury
09:48:00;Thursday;Over 51;Male;Elementary school;Employee;1-2yr;Long lorry;Owner;Unknown;;;Two-way (divided with broken lines road marking);Tangent road with flat terrain;Y Shape;Asphalt roads;Wet or damp;Daylight;Normal;Vehicle with vehicle collision;2;1;Going straight;Driver or rider;Female;18-30;3;Other;Normal;Not a Pedestrian;Driving carelessly;Slight Injury
09:07:00;Thursday;31-50;Male;Junior high school;Owner;1-2yr;Public (12 seats);Owner;Below 1yr;;Office areas;Undivided Two way;Tangent road with flat terrain;Y Shape;Asphalt roads;Wet or damp;Daylight;Raining;Vehicle with vehicle collision;1;1;Going straight;na;na;na;na;;;Not a Pedestrian;No priority to pedestrian;Slight Injury
09:10:00;Tuesday;31-50;Male;Above high school;Owner;1-2yr;Pick up upto 10Q;Owner;Unknown;;Other;;Tangent road with flat terrain;Crossing;Asphalt roads;Dry;Daylight;Normal;Vehicle with vehicle collision;2;1;Going straight;Driver or rider;Female;31-50;3;Driver;Normal;Not a Pedestrian;No priority to vehicle;Slight Injury
09:10:00;Tuesday;Unknown;Female;Junior high school;Owner;5-10yr;;Owner;;;Other;Double carriageway (median);Tangent road with flat terrain;Crossing;Asphalt roads;Dry;Daylight;Normal;Vehicle with vehicle collision;2;1;Going straight;na;na;na;na;Self-employed;Normal;Not a Pedestrian;Moving Backward;Slight Injury
06:00:00;Saturday;18-30;Male;Junior high school;Employee;5-10yr;Other;Governmental;Unknown;;Other;Two-way (divided with broken lines road marking);Tangent road with flat terrain;Crossing;Asphalt roads;Dry;Daylight;Normal;Vehicle with vehicle collision;2;1;Getting off;Driver or rider;Male;Over 51;3;Self-employed;Normal;Not a Pedestrian;Changing lane to the right;Slight Injury
06:00:00;Saturday;Unknown;Female;Elementary school;Employee;5-10yr;Lorry (41?100Q);Owner;;;Office areas;;Tangent road with flat terrain;Crossing;Other;Dry;Daylight;Normal;Collision with pedestrians;2;1;Getting off;Passenger;Female;Over 51;3;Self-employed;Normal;Not a Pedestrian;No distancing;Slight Injury
13:58:00;Friday;31-50;Male;High school;Owner;Below 1yr;Automobile;Owner;;;Office areas;;Tangent road with flat terrain;Y Shape;Asphalt roads;Dry;Daylight;Normal;Collision with pedestrians;2;1;Getting off;Driver or rider;Female;Under 18;3;;Other;Not a Pedestrian;Driving carelessly;Slight Injury
13:58:00;Friday;18-30;Male;Junior high school;Employee;Above 10yr;Pick up upto 10Q;Owner;;;Office areas;Two-way (divided with broken lines road marking);Tangent road with flat terrain;Y Shape;Asphalt roads;Dry;Daylight;Normal;Vehicle with vehicle collision;2;1;Moving Backward;Passenger;Female;Under 18;3;Driver;Blind;Not a Pedestrian;Changing lane to the left;Slight Injury
10:04:00;Thursday;18-30;Male;Junior high school;Employee;5-10yr;Lorry (41?100Q);Governmental;;No defect;Office areas;Two-way (divided with broken lines road marking);Tangent road with flat terrain;Y Shape;Asphalt roads;Dry;Daylight;Normal;Vehicle with vehicle collision;2;1;Going straight;Pedestrian;Male;Under 18;2;Driver;Normal;Unknown or other;Moving Backward;Serious Injury
10:04:00;Thursday;31-50;Male;Junior high school;Employee;Below 1yr;Lorry (41?100Q);Owner;2-5yrs;; Church areas;Undivided Two way;Tangent road with flat terrain;Y Shape;Asphalt roads;Dry;Daylight;Normal;Vehicle with vehicle collision;2;1;Going straight;Driver or rider;Male;18-30;3;Self-employed;Normal;Not a Pedestrian;No distancing;Serious Injury
15:30:00;Thursday;Unknown;Female;Junior high school;Employee;Above 10yr;Long lorry;Governmental;;;Office areas;Two-way (divided with broken lines road marking);Tangent road with flat terrain;Y Shape;Asphalt roads;Dry;Daylight;Normal;Vehicle with vehicle collision;1;1;Waiting to go;Driver or rider;Male;18-30;3;Driver;Normal;Not a Pedestrian;Moving Backward;Slight Injury
09:40:00;Tuesday;31-50;Male;Junior high school;Employee;5-10yr;Public (> 45 seats);Governmental;Unknown;;Residential areas;Two-way (divided with broken lines road marking);Tangent road with flat terrain;Y Shape;Asphalt roads;Dry;Daylight;Normal;Vehicle with vehicle collision;2;1;Going straight;Driver or rider;Female;31-50;3;Driver;Normal;Not a Pedestrian;Overtaking;Slight Injury
09:40:00;Tuesday;31-50;Male;Junior high school;Owner;Above 10yr;Public (> 45 seats);Owner;;;School areas;Two-way (divided with broken lines road marking);Tangent road with flat terrain;Y Shape;Asphalt roads;Dry;Daylight;Normal;Vehicle with vehicle collision;2;1;Other;Driver or rider;Female;18-30;3;Driver;Normal;Not a Pedestrian;Changing lane to the left;Slight Injury
17:56:00;Wednesday;Over 51;Male;Junior high school;Employee;5-10yr;Automobile;Owner;Unknown;;Office areas;Undivided Two way;Tangent road with flat terrain;Y Shape;Asphalt roads;Dry;Daylight;Normal;Vehicle with vehicle collision;2;1;Going straight;na;na;na;na;Driver;Normal;Not a Pedestrian;Changing lane to the right;Slight Injury
17:56:00;Wednesday;Under 18;Male;Junior high school;Employee;1-2yr;Automobile;Owner;5-10yrs;;Other;Undivided Two way;Tangent road with flat terrain;Y Shape;Asphalt roads;Dry;Daylight;Normal;Vehicle with vehicle collision;2;1;Going straight;Driver or rider;Female;31-50;3;Driver;Normal;Not a Pedestrian;Overtaking;Slight Injury
18:42:00;Thursday;Over 51;Male;Junior high school;Employee;1-2yr;Automobile;Owner;;;Other;Double carriageway (median);Tangent road with flat terrain;Y Shape;Other;Dry;Daylight;Normal;Vehicle with vehicle collision;2;1;Going straight;Passenger;Female;18-30;3;Driver;Normal;Not a Pedestrian;Overloading;Serious Injury
18:42:00;Thursday;18-30;Male;Junior high school;Employee;1-2yr;Other;Governmental;;No defect;Other;Double carriageway (median);Tangent road with flat terrain;Y Shape;Asphalt roads;Dry;Daylight;Normal;Vehicle with vehicle collision;2;1;Going straight;na;na;na;na;;Normal;Not a Pedestrian;Other;Serious Injury
09:00:00;Wednesday;31-50;Male;High school;Employee;2-5yr;Public (12 seats);Owner;5-10yrs;No defect;Other;Two-way (divided with broken lines road marking);Tangent road with flat terrain;Y Shape;Asphalt roads;Dry;Daylight;Normal;Vehicle with vehicle collision;2;1;Overtaking;Driver or rider;Female;18-30;3;Employee;Normal;Not a Pedestrian;No priority to vehicle;Slight Injury
09:00:00;Wednesday;18-30;Male;High school;Owner;Above 10yr;Automobile;Owner;Unknown;No defect;Office areas;Double carriageway (median);Tangent road with mild grade and flat terrain;Y Shape;;Dry;Daylight;Normal;Vehicle with vehicle collision;2;1;Going straight;Pedestrian;Female;18-30;3;;;Unknown or other;Changing lane to the right;Slight Injury
08:55:00;Wednesday;31-50;Male;Elementary school;Employee;2-5yr;Stationwagen;Owner;;;Office areas;Two-way (divided with broken lines road marking);Tangent road with flat terrain;Y Shape;Asphalt roads;Dry;Daylight;Normal;Vehicle with vehicle collision;2;1;Going straight;na;na;na;na;Driver;Normal;Not a Pedestrian;Moving Backward;Slight Injury
08:55:00;Wednesday;31-50;Male;Junior high school;Employee;Above 10yr;Automobile;Owner;;;Office areas;;Tangent road with mild grade and flat terrain;Y Shape;Asphalt roads;Dry;Daylight;Normal;Vehicle with vehicle collision;2;1;Going straight;Driver or rider;Male;31-50;2;Self-employed;Normal;Not a Pedestrian;Changing lane to the left;Slight Injury
18:35:00;Wednesday;18-30;Male;High school;Employee;2-5yr;Automobile;Owner;;;Office areas;;Tangent road with mild grade and flat terrain;Y Shape;Asphalt roads;Dry;Daylight;Normal;Vehicle with vehicle collision;2;1;Turnover;na;na;na;na;Self-employed;Normal;Not a Pedestrian;No priority to pedestrian;Slight Injury
18:35:00;Wednesday;18-30;Male;Junior high school;Other;No Licence;Automobile;Owner;;;Office areas;One way;Tangent road with flat terrain;Y Shape;Earth roads;Dry;Daylight;Normal;Vehicle with vehicle collision;2;1;Going straight;na;na;na;na;;;Not a Pedestrian;No distancing;Slight Injury
21:15:00;Monday;Over 51;Male;Junior high school;Employee;1-2yr;;;;;Office areas;Two-way (divided with broken lines road marking);Tangent road with flat terrain;Y Shape;Asphalt roads;Dry;Darkness - lights lit;Normal;Vehicle with vehicle collision;1;1;Going straight;Driver or rider;Male;18-30;3;Self-employed;Normal;Not a Pedestrian;No priority to vehicle;Slight Injury
22:15:00;Thursday;31-50;Male;Junior high school;Owner;5-10yr;;Owner;;;Office areas;;Tangent road with flat terrain;Y Shape;Asphalt roads;Dry;Darkness - lights lit;Normal;Vehicle with vehicle collision;1;1;Getting off;Driver or rider;Male;18-30;3;;;Not a Pedestrian;No distancing;Slight Injury
18:07:00;Tuesday;18-30;Male;Junior high school;Employee;1-2yr;Pick up upto 10Q;Owner;5-10yrs;;Other;Undivided Two way;Tangent road with flat terrain;No junction;Asphalt roads;Dry;Daylight;Normal;Vehicle with vehicle collision;2;1;Moving Backward;Driver or rider;Female;31-50;3;Self-employed;Normal;Not a Pedestrian;No distancing;Slight Injury
18:07:00;Tuesday;Unknown;Male;Junior high school;Employee;Above 10yr;Turbo;Owner;;No defect;Other;Two-way (divided with broken lines road marking);Tangent road with flat terrain;No junction;Asphalt roads;Dry;Daylight;Normal;Vehicle with vehicle collision;2;1;Getting off;Passenger;Female;31-50;3;Driver;Normal;Not a Pedestrian;Moving Backward;Slight Injury
13:45:00;Wednesday;31-50;Male;Junior high school;Employee;1-2yr;Pick up upto 10Q;;2-5yrs;No defect;Residential areas;Two-way (divided with broken lines road marking);Tangent road with flat terrain;Y Shape;Asphalt roads;Dry;Daylight;Unknown;Vehicle with vehicle collision;2;1;Overtaking;Driver or rider;Male;31-50;2;Self-employed;Normal;Not a Pedestrian;Changing lane to the right;Slight Injury
13:45:00;Wednesday;31-50;Male;Junior high school;Employee;1-2yr;Other;Owner;;No defect;Other;Two-way (divided with broken lines road marking);Tangent road with flat terrain;Y Shape;Asphalt roads;Dry;Daylight;Unknown;Collision with roadside objects;2;1;Going straight;na;na;na;na;Self-employed;Normal;Not a Pedestrian;No priority to pedestrian;Slight Injury
16:24:00;Wednesday;31-50;Male;Junior high school;Employee;2-5yr;Stationwagen;Owner;5-10yrs;No defect;Other;Two-way (divided with broken lines road marking);Tangent road with flat terrain;Y Shape;Asphalt roads;Dry;Daylight;Normal;Collision with roadside objects;1;1;Going straight;na;na;na;na;Self-employed;Normal;Not a Pedestrian;Moving Backward;Slight Injury
22:20:00;Friday;31-50;Male;High school;Employee;1-2yr;Pick up upto 10Q;Governmental;;No defect;Other;Two-way (divided with broken lines road marking);Tangent road with flat terrain;No junction;Asphalt roads;Dry;Darkness - lights lit;Normal;Vehicle with vehicle collision;1;1;Going straight;Passenger;Male;31-50;3;Driver;Normal;Not a Pedestrian;Getting off the vehicle improperly;Slight Injury
10:38:00;Wednesday;31-50;Male;Junior high school;Employee;1-2yr;Lorry (41?100Q);Owner;5-10yrs;;Other;Undivided Two way;Tangent road with flat terrain;No junction;Asphalt roads;Dry;Daylight;Normal;Vehicle with vehicle collision;3;3;Reversing;Passenger;Female;Under 18;3;Employee;Normal;Not a Pedestrian;Overtaking;Slight Injury
10:38:00;Wednesday;31-50;Male;Elementary school;Employee;Above 10yr;Lorry (41?100Q);Owner;;; Industrial areas;Undivided Two way;Tangent road with flat terrain;No junction;Asphalt roads;Dry;Daylight;Normal;Vehicle with vehicle collision;3;3;Getting off;na;na;na;na;;Normal;Not a Pedestrian;Overloading;Slight Injury
10:38:00;Wednesday;31-50;Male;Junior high school;Employee;Above 10yr;Automobile;Owner;5-10yrs;; Industrial areas;Undivided Two way;Tangent road with flat terrain;No junction;Asphalt roads;Dry;Daylight;Normal;Vehicle with vehicle collision;3;3;Going straight;Driver or rider;Male;31-50;3;;;Not a Pedestrian;Changing lane to the right;Slight Injury
10:38:00;Wednesday;18-30;Male;Elementary school;Employee;Above 10yr;Automobile;Owner;;No defect; Church areas;Double carriageway (median);Tangent road with flat terrain;No junction;Asphalt roads;Dry;Daylight;Normal;Collision with roadside objects;3;3;Going straight;na;na;na;na;;;Not a Pedestrian;Improper parking;Slight Injury
10:38:00;Wednesday;31-50;Male;Junior high school;Employee;Above 10yr;Pick up upto 10Q;Owner;;No defect;Other;Undivided Two way;Tangent road with flat terrain;No junction;Asphalt roads;Dry;Daylight;Normal;Vehicle with vehicle collision;3;3;Going straight;Driver or rider;Female;Over 51;3;;;Not a Pedestrian;Other;Slight Injury
10:38:00;Wednesday;31-50;Male;Junior high school;Employee;1-2yr;Pick up upto 10Q;Owner;Above 10yr;;Other;Undivided Two way;Tangent road with flat terrain;No junction;Asphalt roads;Dry;Daylight;Normal;Collision with roadside objects;3;3;Reversing;Pedestrian;Female;Over 51;3;Self-employed;Normal;Crossing from nearside - masked by parked or statioNot a Pedestrianry vehicle;Changing lane to the left;Slight Injury
12:10:00;Wednesday;31-50;Male;Junior high school;Employee;5-10yr;Lorry (41?100Q);Owner;Unknown;No defect;Office areas;Undivided Two way;Tangent road with flat terrain;No junction;Asphalt roads;Dry;Daylight;Normal;Collision with roadside objects;1;1;Going straight;na;na;na;na;Driver;Normal;Not a Pedestrian;Changing lane to the right;Slight Injury
10:05:00;Wednesday;31-50;Male;High school;Owner;2-5yr;Public (12 seats);Owner;Unknown;No defect;Office areas;Undivided Two way;Tangent road with flat terrain;Y Shape;Asphalt roads;Dry;Daylight;Normal;Collision with pedestrians;1;1;Stopping;Driver or rider;Male;31-50;3;;;Not a Pedestrian;No priority to pedestrian;Slight Injury
08:00:00;Tuesday;18-30;Male;Junior high school;Employee;2-5yr;Other;Governmental;Below 1yr;;Residential areas;Two-way (divided with broken lines road marking);Tangent road with flat terrain;Y Shape;Asphalt roads;Dry;Daylight;Normal;Vehicle with vehicle collision;2;1;Overtaking;na;na;na;na;;;Not a Pedestrian;Overspeed;Slight Injury
08:00:00;Tuesday;Over 51;Male;Junior high school;Employee;5-10yr;Stationwagen;Owner;Unknown;No defect; Industrial areas;Undivided Two way;Tangent road with flat terrain;Y Shape;Earth roads;Dry;Daylight;Normal;Collision with roadside objects;2;1;Going straight;Driver or rider;Female;Over 51;3;Driver;Normal;Not a Pedestrian;Changing lane to the left;Slight Injury
18:16:00;Tuesday;18-30;Male;Junior high school;Employee;5-10yr;Automobile;Owner;;No defect;Office areas;Undivided Two way;Tangent road with flat terrain;No junction;Asphalt roads;Dry;Daylight;Normal;Vehicle with vehicle collision;2;1;Reversing;Pedestrian;Female;Over 51;2;Driver;Normal;Not a Pedestrian;No priority to vehicle;Slight Injury
18:16:00;Tuesday;Over 51;Male;Junior high school;Employee;2-5yr;Automobile;Owner;;No defect;Other;Undivided Two way;Tangent road with flat terrain;No junction;Asphalt roads;Dry;Daylight;Normal;Vehicle with vehicle collision;2;1;Going straight;na;na;na;na;Self-employed;Normal;Not a Pedestrian;Changing lane to the right;Slight Injury