Time;Day_of_week;Age_band_of_driver;Sex_of_driver;Educational_level;Vehicle_driver_relation;Driving_experience;Type_of_vehicle;Owner_of_vehicle;Service_year_of_vehicle;Defect_of_vehicle;Area_accident_occured;Lanes_or_Medians;Road_allignment;Types_of_Junction;Road_surface_type;Road_surface_conditions;Light_conditions;Weather_conditions;Type_of_collision;Number_of_vehicles_involved;Number_of_casualties;Vehicle_movement;Casualty_class;Sex_of_casualty;Age_band_of_casualty;Casualty_severity;Work_of_casuality;Fitness_of_casuality;Pedestrian_movement;Cause_of_accident;Accident_severity
13:16:00;Friday;Unknown;Male;Elementary school;Employee;1-2yr;Lorry (41?100Q);Owner;Unknown;;Other;One way;Tangent road with flat terrain;Y Shape;Asphalt roads;Dry;Daylight;Normal;Rollover;2;1;Going straight;na;na;na;na;Employee;Normal;Not a Pedestrian;No distancing;Slight Injury
13:16:00;Friday;31-50;Male;Elementary school;Employee;5-10yr;Stationwagen;Owner;Unknown;No defect;Residential areas;Two-way (divided with broken lines road marking);Tangent road with flat terrain;Y Shape;Asphalt roads;Dry;Daylight;Normal;Collision with roadside objects;2;1;Going straight;Driver or rider;Male;31-50;3;;;Not a Pedestrian;No distancing;Slight Injury
07:20:00;Thursday;31-50;Male;Junior high school;Employee;5-10yr;Other;Owner;Unknown;;Office areas;One way;Tangent road with flat terrain;Y Shape;Asphalt roads;Dry;Daylight;Normal;Vehicle with vehicle collision;2;1;Going straight;na;na;na;na;Employee;Normal;Not a Pedestrian;Changing lane to the left;Slight Injury
07:20:00;Thursday;18-30;Male;Junior high school;Employee;1-2yr;Automobile;Owner;Unknown;No defect; Industrial areas;Two-way (divided with broken lines road marking);Tangent road with flat terrain;Y Shape;Asphalt roads;Dry;Daylight;Normal;Vehicle with vehicle collision;2;1;Going straight;Driver or rider;Male;31-50;3;;;Not a Pedestrian;Changing lane to the right;Slight Injury
22:20:00;Tuesday;31-50;Male;Junior high school;Owner;5-10yr;Pick up upto 10Q;Governmental;;No defect;Residential areas;Double carriageway (median);Tangent road with flat terrain;Crossing;Asphalt roads;Dry;Darkness - lights lit;Normal;Vehicle with vehicle collision;2;1;Going straight;na;na;na;na;Employee;Normal;Not a Pedestrian;No priority to vehicle;Slight Injury
22:20:00;Tuesday;31-50;Male;High school;Owner;Above 10yr;Motorcycle;Owner;;No defect;Office areas;Unknown;Tangent road with flat terrain;Crossing;Asphalt roads;Dry;Darkness - lights lit;Normal;Vehicle with vehicle collision;2;1;Going straight;Driver or rider;Male;31-50;3;Employee;Normal;Not a Pedestrian;Changing lane to the left;Slight Injury
09:45:00;Friday;Unknown;Male;;Owner;Below 1yr;Automobile;Owner;2-5yrs;;Other;;Tangent road with flat terrain;Y Shape;Asphalt roads;Dry;Daylight;Normal;Vehicle with vehicle collision;1;1;Moving Backward;na;na;na;na;Employee;Normal;Not a Pedestrian;No priority to vehicle;Serious Injury
16:30:00;Friday;18-30;Male;Writing & reading;Owner;5-10yr;Pick up upto 10Q;Owner;Unknown;; Church areas;other;Tangent road with flat terrain;Y Shape;Asphalt roads;Dry;Daylight;Normal;Vehicle with vehicle collision;1;1;Going straight;Driver or rider;Male;31-50;3;Driver;Normal;Not a Pedestrian;Moving Backward;Slight Injury
08:32:00;Sunday;18-30;Male;Above high school;Employee;Above 10yr;Motorcycle;Owner;Above 10yr;; Industrial areas;;Tangent road with flat terrain;Crossing;Asphalt roads;Dry;Daylight;Normal;Collision with pedestrians;1;3;Going straight;Pedestrian;Female;Over 51;2;Driver;Normal;Crossing from nearside - masked by parked or statioNot a Pedestrianry vehicle;Turnover;Slight Injury
08:32:00;Sunday;18-30;Male;High school;Employee;Below 1yr;Stationwagen;Owner;Unknown;No defect;  Recreational areas;One way;Tangent road with flat terrain;Crossing;Gravel roads;Dry;Daylight;Normal;Vehicle with vehicle collision;1;3;Going straight;Driver or rider;Male;18-30;3;Student;Normal;Not a Pedestrian;No distancing;Slight Injury
08:32:00;Sunday;18-30;Male;Junior high school;Employee;1-2yr;Lorry (41?100Q);Owner;Unknown;No defect;  Market areas;Undivided Two way;Tangent road with flat terrain;Crossing;Asphalt roads;Dry;Daylight;Normal;Vehicle with vehicle collision;1;3;;na;na;na;na;Driver;Normal;Not a Pedestrian;No distancing;Slight Injury
18:05:00;Monday;18-30;Male;Junior high school;Employee;Above 10yr;Taxi;Owner;Unknown;No defect;Other;Two-way (divided with broken lines road marking);Tangent road with flat terrain;Y Shape;Gravel roads;Dry;Daylight;Normal;Collision with roadside objects;1;1;Turnover;na;na;na;na;Self-employed;Normal;Not a Pedestrian;No distancing;Slight Injury
19:25:00;Thursday;31-50;Male;Junior high school;Owner;Above 10yr;Automobile;Owner;Unknown;;Other;Two-way (divided with broken lines road marking);Tangent road with flat terrain;Y Shape;Asphalt roads;Dry;Daylight;Normal;Vehicle with vehicle collision;2;1;Going straight;Driver or rider;Male;31-50;3;;;Not a Pedestrian;Changing lane to the left;Serious Injury
19:25:00;Thursday;31-50;Male;Junior high school;Employee;Above 10yr;Long lorry;Owner;Unknown;No defect; Industrial areas;Two-way (divided with broken lines road marking);;Y Shape;Asphalt roads;Dry;Daylight;Normal;Vehicle with vehicle collision;2;1;Going straight;na;na;na;na;;;Not a Pedestrian;No priority to vehicle;Serious Injury
08:12:00;Monday;18-30;Male;Junior high school;Employee;No Licence;Automobile;Governmental;2-5yrs;;Other;Two-way (divided with broken lines road marking);Tangent road with flat terrain;Y Shape;Asphalt roads;Dry;Daylight;Normal;Vehicle with vehicle collision;2;1;Going straight;na;na;na;na;Driver;Normal;Not a Pedestrian;Moving Backward;Slight Injury
08:12:00;Monday;Unknown;Female;Junior high school;Employee;1-2yr;Public (12 seats);Governmental;;;Office areas;other;Tangent road with flat terrain;Y Shape;Asphalt roads;Dry;Daylight;Normal;Collision with roadside objects;2;1;Going straight;Driver or rider;Female;31-50;3;Driver;Normal;Not a Pedestrian;Overtaking;Slight Injury
11:28:00;Friday;18-30;Male;Illiterate;Owner;1-2yr;Lorry (11?40Q);Owner;Unknown;;;other;Tangent road with flat terrain;Y Shape;Asphalt roads;Dry;Daylight;Normal;Vehicle with vehicle collision;2;1;Going straight;na;na;na;na;Driver;Normal;Not a Pedestrian;Changing lane to the left;Slight Injury
11:28:00;Friday;Unknown;Female;Junior high school;Owner;Below 1yr;Pick up upto 10Q;Owner;;;Office areas;Two-way (divided with broken lines road marking);Tangent road with flat terrain;Y Shape;Asphalt roads;Dry;Daylight;Normal;Vehicle with vehicle collision;2;1;Going straight;Driver or rider;Female;31-50;3;Driver;Normal;Not a Pedestrian;Changing lane to the right;Slight Injury
11:42:00;Thursday;31-50;Male;Junior high school;Owner;1-2yr;Lorry (41?100Q);Owner;;;Office areas;Undivided Two way;Tangent road with flat terrain;Y Shape;Asphalt roads;Dry;Daylight;Normal;Vehicle with vehicle collision;2;1;Going straight;Pedestrian;Female;Under 18;3;;;Not a Pedestrian;Overtaking;Slight Injury
11:42:00;Thursday;31-50;Male;Junior high school;Owner;2-5yr;Other;Organization;Unknown;;Other;other;Tangent road with flat terrain;Y Shape;Asphalt roads;Dry;Daylight;Normal;Vehicle with vehicle collision;2;1;Going straight;Pedestrian;Male;Under 18;3;Driver;Normal;Not a Pedestrian;Overloading;Slight Injury
15:00:00;Thursday;31-50;Male;Unknown;Owner;5-10yr;Automobile;Governmental;2-5yrs;;Other;other;Tangent road with flat terrain;Y Shape;Asphalt roads;Dry;Daylight;Normal;Vehicle with vehicle collision;2;1;Going straight;na;na;na;na;Self-employed;Normal;Not a Pedestrian;Other;Slight Injury
15:00:00;Thursday;31-50;Male;Unknown;Owner;Above 10yr;Long lorry;Owner;Unknown;No defect;Other;Undivided Two way;Tangent road with flat terrain;Y Shape;Asphalt roads;Dry;Daylight;Normal;Vehicle with vehicle collision;2;1;Turnover;Driver or rider;Male;31-50;3;Self-employed;Normal;Not a Pedestrian;No priority to vehicle;Slight Injury
16:30:00;Tuesday;18-30;Male;Junior high school;Owner;2-5yr;Lorry (11?40Q);Owner;Above 10yr;;Other;other;Tangent road with flat terrain;Y Shape;Asphalt roads;Dry;Daylight;Normal;Vehicle with vehicle collision;1;1;;Driver or rider;Female;Over 51;3;Self-employed;Normal;Not a Pedestrian;Changing lane to the right;Slight Injury
19:08:00;Monday;18-30;Male;Elementary school;Owner;Above 10yr;Long lorry;;;;Residential areas;Undivided Two way;Tangent road with flat terrain;Crossing;Asphalt roads;Dry;Daylight;Normal;Collision with roadside objects;2;1;Reversing;Driver or rider;Female;31-50;3;Driver;Normal;Not a Pedestrian;Moving Backward;Slight Injury
19:08:00;Monday;18-30;Male;Writing & reading;Owner;5-10yr;Automobile;Owner;2-5yrs;No defect; Church areas;Undivided Two way;Tangent road with flat terrain;Crossing;Asphalt roads;Dry;Daylight;Normal;Vehicle with vehicle collision;2;1;Other;na;na;na;na;Other;Normal;Not a Pedestrian;Changing lane to the left;Slight Injury
11:33:00;Monday;18-30;Male;;Owner;;Taxi;Owner;2-5yrs;;Office areas;Double carriageway (median);Tangent road with flat terrain;No junction;Asphalt roads;Dry;Daylight;Normal;Vehicle with vehicle collision;2;1;Going straight;Driver or rider;Male;Over 51;3;;;Not a Pedestrian;No priority to pedestrian;Slight Injury
11:33:00;Monday;18-30;Male;Junior high school;Owner;5-10yr;Taxi;Owner;2-5yrs;; Church areas;other;Tangent road with flat terrain;No junction;Asphalt roads;Dry;Daylight;Normal;Vehicle with vehicle collision;2;1;Going straight;Pedestrian;Male;Under 18;3;Self-employed;Normal;In carriageway, statioNot a Pedestrianry - not crossing  (standing or playing);No distancing;Slight Injury
21:37:00;Tuesday;18-30;Male;Junior high school;Owner;Below 1yr;Long lorry;Owner;2-5yrs;;Other;Two-way (divided with broken lines road marking);Tangent road with flat terrain;Y Shape;Asphalt roads;Dry;Darkness - lights lit;Normal;Vehicle with vehicle collision;2;1;Turnover;Driver or rider;Male;Over 51;3;Other;Normal;Not a Pedestrian;No priority to vehicle;Serious Injury
21:37:00;Tuesday;31-50;Male;Junior high school;Owner;2-5yr;Lorry (11?40Q);Owner;;;;other;Tangent road with flat terrain;Y Shape;Asphalt roads;Dry;Darkness - lights lit;Normal;Vehicle with vehicle collision;2;1;Other;Pedestrian;Male;18-30;2;;;Crossing from driver's nearside;No distancing;Serious Injury
08:37:00;Thursday;31-50;Male;Elementary school;Employee;2-5yr;Lorry (11?40Q);Owner;1-2yr;;School areas;other;Steep grade downward with mountainous terrain;Y Shape;Asphalt roads;Dry;Daylight;Normal;Vehicle with vehicle collision;1;1;Going straight;na;na;na;na;;;Not a Pedestrian;No distancing;Slight Injury
14:19:00;Wednesday;31-50;Male;Junior high school;Employee;2-5yr;Long lorry;Owner;5-10yrs;;Office areas;Two-way (divided with broken lines road marking);Tangent road with mild grade and flat terrain;Y Shape;Asphalt roads;Dry;Daylight;Normal;Vehicle with vehicle collision;1;1;Going straight;na;na;na;na;Driver;Normal;Not a Pedestrian;Moving Backward;Slight Injury
01:40:00;Saturday;18-30;Male;Junior high school;Employee;2-5yr;Turbo;Owner;Below 1yr;;Other;other;Steep grade downward with mountainous terrain;Y Shape;Asphalt roads;Dry;Darkness - lights lit;Normal;Collision with roadside objects;3;2;Other;Driver or rider;Male;31-50;3;;;Not a Pedestrian;Changing lane to the right;Slight Injury
01:40:00;Saturday;Unknown;Female;Junior high school;Employee;5-10yr;Long lorry;Owner;Unknown;;Office areas;Undivided Two way;Tangent road with flat terrain;Y Shape;Asphalt roads;Dry;Darkness - lights lit;Normal;Rollover;3;2;Going straight;na;na;na;na;Driver;Normal;Not a Pedestrian;No priority to pedestrian;Slight Injury
01:40:00;Saturday;31-50;Male;Junior high school;Employee;5-10yr;Long lorry;Owner;;;Other;Undivided Two way;Tangent road with flat terrain;Y Shape;Asphalt roads;Dry;Darkness - lights lit;Normal;Vehicle with vehicle collision;3;2;Turnover;na;na;na;na;Driver;Normal;Not a Pedestrian;Moving Backward;Slight Injury
19:55:00;Sunday;31-50;Male;Junior high school;Employee;Above 10yr;Public (13?45 seats);Owner;2-5yrs;;Other;Two-way (divided with broken lines road marking);Tangent road with flat terrain;No junction;Asphalt roads;Dry;Daylight;Normal;Vehicle with vehicle collision;2;2;Going straight;Driver or rider;Male;18-30;3;Driver;Normal;Not a Pedestrian;Getting off the vehicle improperly;Slight Injury
19:55:00;Sunday;31-50;Male;Elementary school;Employee;5-10yr;Automobile;Owner;;;Office areas;Undivided Two way;Tangent road with flat terrain;No junction;Asphalt roads;Dry;Daylight;Normal;Vehicle with vehicle collision;2;2;Turnover;Driver or rider;Male;Over 51;3;Driver;Normal;Not a Pedestrian;Overtaking;Slight Injury
07:08:00;Thursday;31-50;Male;Junior high school;Employee;5-10yr;Automobile;Owner;;No defect;Other;Double carriageway (median);Tangent road with flat terrain;Crossing;Asphalt roads;Dry;Daylight;Normal;Vehicle with vehicle collision;2;1;Going straight;na;na;na;na;Self-employed;Normal;Not a Pedestrian;Overloading;Slight Injury
07:08:00;Thursday;31-50;Male;Junior high school;Employee;Above 10yr;Pick up upto 10Q;Owner;;; Church areas;other;Tangent road with flat terrain;Crossing;Asphalt roads;Dry;Daylight;Normal;Vehicle with vehicle collision;2;1;Moving Backward;na;na;na;na;Self-employed;Normal;Not a Pedestrian;Changing lane to the right;Slight Injury
09:50:00;Friday;31-50;Male;Elementary school;Owner;;;Owner;;No defect;Office areas;Two-way (divided with broken lines road marking);Tangent road with flat terrain;Y Shape;Asphalt roads;Dry;Daylight;Normal;Vehicle with vehicle collision;2;1;;Driver or rider;Male;18-30;3;Driver;Normal;Not a Pedestrian;Improper parking;Slight Injury
09:50:00;Friday;18-30;Male;Junior high school;Owner;5-10yr;Stationwagen;Owner;Above 10yr;No defect;Office areas;Two-way (divided with broken lines road marking);Tangent road with flat terrain;Y Shape;Asphalt roads;Dry;Daylight;Normal;Vehicle with vehicle collision;2;1;Going straight;Driver or rider;Male;18-30;2;Driver;Normal;Not a Pedestrian;Other;Slight Injury
16:45:00;Friday;Over 51;Male;Junior high school;Employee;5-10yr;;Owner;2-5yrs;;Other;Undivided Two way;Tangent road with mountainous terrain and;Y Shape;Asphalt roads;Dry;Daylight;Normal;Vehicle with vehicle collision;1;1;Going straight;Pedestrian;Male;Under 18;3;;;Unknown or other;Changing lane to the left;Slight Injury
01:00:00;Friday;31-50;Male;Junior high school;Employee;Below 1yr;Automobile;Owner;2-5yrs;;Residential areas;Undivided Two way;Tangent road with flat terrain;Y Shape;Asphalt roads;Dry;Darkness - lights lit;Normal;Collision with roadside objects;1;1;Reversing;na;na;na;na;Driver;Normal;Not a Pedestrian;Changing lane to the right;Slight Injury
19:00:00;Friday;31-50;Male;;;;Automobile;Owner;Unknown;No defect;Residential areas;Undivided Two way;Tangent road with flat terrain;Unknown;Asphalt roads;Dry;Daylight;Normal;Vehicle with vehicle collision;2;1;Reversing;Driver or rider;Male;18-30;3;Driver;Normal;Not a Pedestrian;No priority to pedestrian;Slight Injury
19:00:00;Friday;31-50;Male;Junior high school;Employee;5-10yr;Long lorry;Owner;5-10yrs;7;;Two-way (divided with broken lines road marking);Tangent road with flat terrain;Unknown;Asphalt roads;Dry;Daylight;Normal;Vehicle with vehicle collision;2;1;Reversing;na;na;na;na;Driver;Normal;Not a Pedestrian;Overspeed;Slight Injury
09:40:00;Thursday;18-30;Male;Junior high school;Employee;5-10yr;Public (13?45 seats);Owner;Unknown;7;Other;other;Tangent road with flat terrain;No junction;Asphalt roads;Dry;Daylight;Unknown;Vehicle with vehicle collision;2;1;Going straight;Driver or rider;Male;18-30;3;;Normal;Not a Pedestrian;Changing lane to the left;Serious Injury
09:40:00;Thursday;Unknown;Female;Junior high school;Employee;Above 10yr;Public (13?45 seats);Owner;Unknown;No defect;Office areas;;Steep grade downward with mountainous terrain;No junction;Asphalt roads;Dry;Daylight;Unknown;Vehicle with vehicle collision;2;1;Going straight;Driver or rider;Male;18-30;2;;;Not a Pedestrian;No priority to vehicle;Serious Injury
16:05:00;Saturday;31-50;Male;High school;Employee;Above 10yr;Lorry (11?40Q);Governmental;Unknown;No defect;School areas;Double carriageway (median);Tangent road with flat terrain;No junction;Asphalt roads;Dry;Daylight;Normal;Collision with pedestrians;2;1;Going straight;na;na;na;na;Driver;Normal;Not a Pedestrian;Changing lane to the right;Slight Injury
16:05:00;Saturday;18-30;Male;Junior high school;Employee;Above 10yr;Lorry (11?40Q);Owner;Unknown;No defect;Other;Two-way (divided with broken lines road marking);Steep grade downward with mountainous terrain;No junction;Asphalt roads;Dry;Daylight;Normal;Collision with pedestrians;2;1;Going straight;na;na;na;na;Driver;Normal;Not a Pedestrian;No distancing;Slight Injury
09:55:00;Wednesday;18-30;Male;Junior high school;Employee;Above 10yr;Pick up upto 10Q;Owner;5-10yrs;No defect;Other;Two-way (divided with broken lines road marking);Tangent road with rolling terrain;No junction;Asphalt roads;Dry;Daylight;Normal;Vehicle with vehicle collision;2;1;Moving Backward;Passenger;Female;18-30;3;Self-employed;Normal;Not a Pedestrian;No priority to pedestrian;Serious Injury
09:55:00;Wednesday;18-30;Male;Junior high school;Employee;Above 10yr;Automobile;Governmental;Unknown;No defect; Church areas;Two-way (divided with broken lines road marking);Tangent road with flat terrain;No junction;Asphalt roads;Dry;Daylight;Normal;Vehicle with vehicle collision;2;1;Going straight;Passenger;Female;Under 18;3;Driver;Normal;Not a Pedestrian;No distancing;Serious Injury
13:52:00;Saturday;31-50;Male;Junior high school;Employee;Above 10yr;Automobile;;;;Office areas;;Tangent road with mild grade and flat terrain;Y Shape;Asphalt roads;Dry;Daylight;Normal;Vehicle with vehicle collision;1;1;Moving Backward;na;na;na;na;Driver;Normal;Not a Pedestrian;No priority to vehicle;Serious Injury
20:20:00;Saturday;Unknown;Female;Junior high school;Employee;5-10yr;Automobile;Owner;;;Other;Two-way (divided with broken lines road marking);Tangent road with mild grade and flat terrain;Y Shape;Asphalt roads;Dry;Darkness - lights lit;Normal;Rollover;1;1;Moving Backward;Pedestrian;Female;Under 18;3;Driver;Normal;Not a Pedestrian;Other;Slight Injury
12:15:00;Wednesday;18-30;Male;Junior high school;Employee;2-5yr;Long lorry;Governmental;;No defect;Residential areas;Double carriageway (median);Tangent road with flat terrain;Y Shape;Asphalt roads;Dry;Daylight;Normal;Vehicle with vehicle collision;1;2;Going straight;Pedestrian;Female;Under 18;3;;;Crossing from driver's nearside;Driving carelessly;Slight Injury
12:15:00;Wednesday;18-30;Male;Junior high school;Employee;Below 1yr;Long lorry;Owner;;;Office areas;Two-way (divided with broken lines road marking);Tangent road with flat terrain;Y Shape;Asphalt roads;Dry;Daylight;Normal;Vehicle with vehicle collision;1;2;Other;na;na;na;na;Driver;Normal;Not a Pedestrian;Changing lane to the left;Slight Injury
16:50:00;Friday;31-50;Male;Junior high school;Employee;Below 1yr;Automobile;Owner;;;Office areas;Undivided Two way;Tangent road with flat terrain;Y Shape;Asphalt roads;Dry;Daylight;Normal;Collision with pedestrians;1;1;Going straight;Driver or rider;Male;Under 18;3;Driver;Normal;Not a Pedestrian;Driving carelessly;Slight Injury
19:28:00;Wednesday;31-50;Male;Junior high school;Employee;2-5yr;Stationwagen;Owner;Below 1yr;;Office areas;Two-way (divided with broken lines road marking);Tangent road with flat terrain;Y Shape;Asphalt roads;Dry;Daylight;Normal;Vehicle with vehicle collision;2;1;Other;na;na;na;na;Self-employed;Normal;Not a Pedestrian;Changing lane to the left;Slight Injury
19:28:00;Wednesday;18-30;Male;Elementary school;Employee;Below 1yr;;Organization;1-2yr;; Church areas;;Tangent road with flat terrain;Y Shape;Asphalt roads;Dry;Daylight;Normal;Vehicle with vehicle collision;2;1;Going straight;Passenger;Female;Over 51;3;;Normal;Not a Pedestrian;No priority to vehicle;Slight Injury
06:08:00;Tuesday;18-30;Male;Junior high school;Employee;Below 1yr;Other;Owner;;;Office areas;Two-way (divided with broken lines road marking);Tangent road with flat terrain;Y Shape;Asphalt roads;Dry;Daylight;Normal;Vehicle with vehicle collision;2;1;Reversing;Passenger;Female;31-50;3;;;Not a Pedestrian;No distancing;Slight Injury
06:08:00;Tuesday;31-50;Male;Junior high school;Employee;;Special vehicle;Owner;1-2yr;;Office areas;Two-way (divided with broken lines road marking);Tangent road with mild grade and flat terrain;Y Shape;Asphalt roads;Dry;Daylight;Normal;Collision with pedestrians;2;1;;Passenger;Female;Over 51;3;Driver;Normal;Not a Pedestrian;Changing lane to the right;Slight Injury
17:10:00;Sunday;31-50;Male;;Employee;5-10yr;Lorry (41?100Q);Owner;;;Office areas;Two-way (divided with broken lines road marking);Tangent road with mild grade and flat terrain;No junction;Asphalt roads;Dry;Daylight;Normal;Vehicle with vehicle collision;1;1;Going straight;na;na;na;na;Driver;Normal;Not a Pedestrian;Changing lane to the right;Slight Injury
17:10:00;Thursday;Over 51;Male;Writing & reading;Employee;Below 1yr;Pick up upto 10Q;Owner;5-10yrs;No defect;Office areas;Two-way (divided with broken lines road marking);Tangent road with flat terrain;Crossing;Asphalt roads;Dry;Daylight;Normal;Collision with pedestrians;2;1;Going straight;na;na;na;na;Driver;Normal;Not a Pedestrian;Driving at high speed;Slight Injury
17:10:00;Thursday;Over 51;Male;Junior high school;Employee;Below 1yr;Lorry (11?40Q);Owner;;No defect;Other;Two-way (divided with broken lines road marking);Tangent road with flat terrain;Crossing;Asphalt roads;Dry;Daylight;Normal;Vehicle with vehicle collision;2;1;Going straight;Driver or rider;Female;Over 51;3;;;Not a Pedestrian;No distancing;Slight Injury
17:16:00;Monday;31-50;Male;Junior high school;Employee;1-2yr;Lorry (41?100Q);Owner;;No defect;Residential areas;Double carriageway (median);Tangent road with flat terrain;Y Shape;Asphalt roads;Dry;Daylight;Normal;Vehicle with vehicle collision;1;2;Going straight;na;na;na;na;Driver;Normal;Not a Pedestrian;Changing lane to the right;Slight Injury
17:16:00;Monday;31-50;Male;Elementary school;Employee;Above 10yr;Motorcycle;Owner;;No defect; Church areas;Undivided Two way;Tangent road with flat terrain;Y Shape;Asphalt roads;Dry;Daylight;Normal;Vehicle with vehicle collision;1;2;Going straight;na;na;na;na;Self-employed;Normal;Not a Pedestrian;Changing lane to the left;Slight Injury
12:00:00;Thursday;31-50;Male;Elementary school;Employee;Above 10yr;Automobile;Owner;;No defect;Other;Two-way (divided with broken lines road marking);Tangent road with flat terrain;No junction;Asphalt roads;Dry;Daylight;Normal;Vehicle with vehicle collision;1;1;Going straight;Pedestrian;Male;Over 51;3;Self-employed;Normal;Not a Pedestrian;Getting off the vehicle improperly;Slight Injury
17:25:00;Tuesday;18-30;Male;Elementary school;Employee;Below 1yr;Automobile;Owner;;No defect;  Recreational areas;Two-way (divided with broken lines road marking);Tangent road with flat terrain;Crossing;Asphalt roads;Dry;Daylight;Normal;Vehicle with vehicle collision;2;1;Other;Pedestrian;Male;Over 51;2;;;Not a Pedestrian;Other;Slight Injury
17:25:00;Tuesday;31-50;Male;High school;Employee;2-5yr;Automobile;;;;;;Tangent road with flat terrain;Crossing;Asphalt roads;Dry;Daylight;Normal;Collision with roadside objects;2;1;Going straight;Pedestrian;Male;18-30;3;;Normal;Not a Pedestrian;Other;Slight Injury
19:37:00;Thursday;18-30;Male;Junior high school;Employee;2-5yr;Stationwagen;Owner;Unknown;No defect; Industrial areas;Undivided Two way;Tangent road with mild grade and flat terrain;Y Shape;Asphalt roads;Dry;Daylight;Normal;Vehicle with vehicle collision;1;2;Going straight;Passenger;Female;Under 18;3;Driver;Normal;Not a Pedestrian;No distancing;Slight Injury
19:37:00;Thursday;18-30;Male;Above high school;Employee;Above 10yr;;Owner;;No defect;Other;Two-way (divided with broken lines road marking);Tangent road with flat terrain;Y Shape;Asphalt roads;Dry;Daylight;Normal;Vehicle with vehicle collision;1;2;Going straight;na;na;na;na;Driver;Normal;Not a Pedestrian;No priority to vehicle;Slight Injury
08:28:00;Wednesday;18-30;Male;Junior high school;Employee;2-5yr;Public (> 45 seats);Owner;Unknown;;Other;other;Tangent road with flat terrain;No junction;Asphalt roads;Dry;Daylight;Normal;Collision with roadside objects;1;1;Going straight;na;na;na;na;;;Not a Pedestrian;Overtaking;Serious Injury
23:52:00;Tuesday;31-50;Male;Junior high school;Employee;2-5yr;Public (> 45 seats);Owner;5-10yrs;No defect; Church areas;other;Tangent road with flat terrain;Y Shape;Asphalt roads;Dry;Darkness - lights lit;Normal;Vehicle with vehicle collision;1;1;Reversing;na;na;na;na;Driver;Normal;Not a Pedestrian;No priority to pedestrian;Slight Injury
20:20:00;Friday;Over 51;Male;High school;Employee;1-2yr;Stationwagen;Owner;5-10yrs;No defect; Church areas;Undivided Two way;Tangent road with flat terrain;Y Shape;Asphalt roads;Dry;Daylight;Normal;Vehicle with vehicle collision;2;1;Going straight;Driver or rider;Male;18-30;3;Self-employed;Normal;Not a Pedestrian;No distancing;Slight Injury
20:20:00;Friday;31-50;Male;Junior high school;Employee;5-10yr;Automobile;Owner;;No defect;Other;Two-way (divided with broken lines road marking);Tangent road with flat terrain;Y Shape;Asphalt roads;Dry;Daylight;Normal;Vehicle with vehicle collision;2;1;Going straight;Driver or rider;Female;18-30;3;Self-employed;Normal;Not a Pedestrian;Changing lane to the right;Slight Injury
22:10:00;Monday;Over 51;Male;Junior high school;Employee;Below 1yr;Bicycle;Owner;;No defect;Other;One way;Tangent road with flat terrain;Y Shape;Asphalt roads;Dry;Darkness - lights lit;Normal;Vehicle with vehicle collision;2;1;Other;na;na;na;na;Self-employed;Normal;Not a Pedestrian;Driving carelessly;Slight Injury
22:10:00;Monday;31-50;Male;Junior high school;Employee;Below 1yr;Automobile;Governmental;2-5yrs;;  Recreational areas;Two-way (divided with broken lines road marking);Tangent road with flat terrain;Y Shape;Asphalt roads;Dry;Darkness - lights lit;Normal;Collision with pedestrians;2;1;Going straight;Pedestrian;Female;31-50;2;;;Not a Pedestrian;Changing lane to the right;Slight Injury
03:00:00;Saturday;Over 51;Male;Elementary school;Employee;;Lorry (41?100Q);Owner;2-5yrs;;Other;Undivided Two way;Tangent road with flat terrain;Crossing;Asphalt roads;Wet or damp;Darkness - lights lit;Raining;Collision with pedestrians;2;3;Going straight;na;na;na;na;Self-employed;Normal;Not a Pedestrian;Overtaking;Slight Injury
03:00:00;Saturday;Over 51;Male;Junior high school;Employee;Below 1yr;Automobile;Owner;5-10yrs;;Office areas;Undivided Two way;Tangent road with flat terrain;Crossing;Asphalt roads;Wet or damp;Darkness - lights lit;Raining;Vehicle with vehicle collision;2;3;Going straight;Driver or rider;Male;18-30;3;Self-employed;Normal;Not a Pedestrian;Other;Slight Injury
03:00:00;Saturday;Over 51;Male;Junior high school;Employee;1-2yr;Public (13?45 seats);Owner;5-10yrs;No defect; Church areas;Two-way (divided with broken lines road marking);Tangent road with flat terrain;Crossing;Asphalt roads;Wet or damp;Darkness - lights lit;Raining;Vehicle with vehicle collision;2;3;Turnover;na;na;na;na;Driver;Deaf;Not a Pedestrian;Driving to the left;Slight Injury
03:00:00;Saturday;Under 18;Male;Elementary school;Employee;2-5yr;Special vehicle;Owner;2-5yrs;;Office areas;Two-way (divided with broken lines road marking);Tangent road with flat terrain;Crossing;Asphalt roads;Wet or damp;Darkness - lights lit;Raining;Collision with roadside objects;2;3;Going straight;Driver or rider;Male;31-50;3;Driver;Normal;Not a Pedestrian;Driving at high speed;Slight Injury
08:02:00;Sunday;31-50;Male;High school;Employee;1-2yr;Automobile;;;No defect;Office areas;Undivided Two way;Tangent road with mountainous terrain and;Y Shape;Asphalt roads;Dry;Daylight;Normal;Vehicle with vehicle collision;2;1;Going straight;Pedestrian;Female;18-30;3;Self-employed;Normal;Crossing from nearside - masked by parked or statioNot a Pedestrianry vehicle;Unknown;Slight Injury
08:02:00;Sunday;31-50;Male;Junior high school;Employee;5-10yr;Public (13?45 seats);Owner;2-5yrs;No defect;Other;Undivided Two way;Tangent road with flat terrain;Y Shape;Asphalt roads;Dry;Daylight;Normal;Vehicle with vehicle collision;2;1;Reversing;na;na;na;na;Self-employed;Normal;Not a Pedestrian;Changing lane to the right;Slight Injury