Time;Day_of_week;Age_band_of_driver;Sex_of_driver;Educational_level;Vehicle_driver_relation;Driving_experience;Type_of_vehicle;Owner_of_vehicle;Service_year_of_vehicle;Defect_of_vehicle;Area_accident_occured;Lanes_or_Medians;Road_allignment;Types_of_Junction;Road_surface_type;Road_surface_conditions;Light_conditions;Weather_conditions;Type_of_collision;Number_of_vehicles_involved;Number_of_casualties;Vehicle_movement;Casualty_class;Sex_of_casualty;Age_band_of_casualty;Casualty_severity;Work_of_casuality;Fitness_of_casuality;Pedestrian_movement;Cause_of_accident;Accident_severity
21:28:00;Tuesday;18-30;Male;Junior high school;Employee;2-5yr;Automobile;Owner;Unknown;No defect;Office areas;Double carriageway (median);Tangent road with mild grade and flat terrain;Crossing;Asphalt roads;Dry;Darkness - lights lit;Normal;Vehicle with vehicle collision;1;1;Turnover;Driver or rider;Male;31-50;3;Employee;Normal;Not a Pedestrian;Overtaking;Slight Injury
07:07:00;Wednesday;31-50;Male;Junior high school;Employee;1-2yr;Public (> 45 seats);Owner;;;Office areas;Two-way (divided with broken lines road marking);Tangent road with flat terrain;Y Shape;Asphalt roads;Dry;Darkness - lights lit;Normal;Vehicle with vehicle collision;2;1;Moving Backward;Driver or rider;Female;Over 51;3;Driver;Normal;Not a Pedestrian;Changing lane to the right;Slight Injury
07:07:00;Wednesday;31-50;Male;;;;Lorry (11?40Q);Owner;;;Office areas;;Tangent road with mild grade and flat terrain;Y Shape;Asphalt roads;Dry;Darkness - lights lit;Normal;Vehicle with vehicle collision;2;1;Going straight;na;na;na;na;Employee;Normal;Not a Pedestrian;No distancing;Slight Injury
12:10:00;Wednesday;Unknown;Unknown;Elementary school;Employee;5-10yr;Pick up upto 10Q;Owner;;;Office areas;;Tangent road with mild grade and flat terrain;Y Shape;Asphalt roads;Dry;Daylight;Normal;Vehicle with vehicle collision;1;1;Going straight;na;na;na;na;Self-employed;Normal;Not a Pedestrian;Other;Slight Injury
11:30:00;Wednesday;31-50;Male;Junior high school;Employee;5-10yr;Lorry (11?40Q);Owner;;;Office areas;One way;Tangent road with flat terrain;Crossing;Asphalt roads;Dry;Daylight;Normal;Vehicle with vehicle collision;1;1;Moving Backward;Driver or rider;Male;Over 51;3;Driver;Normal;Not a Pedestrian;Changing lane to the right;Slight Injury
07:25:00;Wednesday;18-30;Male;Junior high school;Employee;Above 10yr;Pick up upto 10Q;;;;Office areas;Two-way (divided with broken lines road marking);Tangent road with flat terrain;Y Shape;Asphalt roads;Dry;Daylight;Normal;Vehicle with vehicle collision;3;2;Going straight;Driver or rider;Male;31-50;3;Driver;Normal;Not a Pedestrian;Changing lane to the right;Serious Injury
07:25:00;Wednesday;18-30;Male;Junior high school;Employee;2-5yr;Special vehicle;Owner;;;Office areas;;Tangent road with flat terrain;Y Shape;Asphalt roads;Dry;Daylight;Normal;Vehicle with vehicle collision;3;2;Moving Backward;Driver or rider;Male;31-50;3;Self-employed;Normal;Not a Pedestrian;Overtaking;Serious Injury
07:25:00;Wednesday;18-30;Male;Junior high school;Owner;Above 10yr;Lorry (11?40Q);Owner;5-10yrs;;Other;Undivided Two way;Tangent road with flat terrain;Y Shape;Asphalt roads;Dry;Daylight;Normal;Vehicle with vehicle collision;3;2;Going straight;Driver or rider;Male;18-30;3;Self-employed;Normal;Not a Pedestrian;Other;Serious Injury
17:30:00;Wednesday;31-50;Male;Junior high school;Employee;2-5yr;;Owner;;No defect;Other;Two-way (divided with broken lines road marking);Tangent road with flat terrain;Crossing;Asphalt roads;Dry;Darkness - lights lit;Normal;Collision with roadside objects;2;1;Going straight;na;na;na;na;Driver;Normal;Not a Pedestrian;Driving to the left;Slight Injury
17:30:00;Wednesday;31-50;Male;Elementary school;Other;5-10yr;;;2-5yrs;No defect;Residential areas;Two-way (divided with broken lines road marking);Tangent road with flat terrain;Crossing;Asphalt roads;Dry;Darkness - lights lit;Normal;Vehicle with vehicle collision;2;1;Going straight;Driver or rider;Male;31-50;3;Driver;Normal;Not a Pedestrian;Overtaking;Slight Injury
14:35:00;Tuesday;18-30;Male;Elementary school;Employee;5-10yr;Lorry (41?100Q);Owner;;No defect;Other;Two-way (divided with broken lines road marking);Tangent road with flat terrain;Y Shape;Asphalt roads;Wet or damp;Daylight;Raining;Collision with roadside objects;2;1;Other;Pedestrian;Male;18-30;3;Self-employed;Normal;Not a Pedestrian;No priority to vehicle;Slight Injury
14:35:00;Tuesday;Over 51;Male;Junior high school;;5-10yr;Other;Owner;5-10yrs;No defect;Other;Two-way (divided with broken lines road marking);Tangent road with flat terrain;Y Shape;Asphalt roads;Wet or damp;Daylight;Raining;Vehicle with vehicle collision;2;1;Other;na;na;na;na;Self-employed;Normal;Not a Pedestrian;Moving Backward;Slight Injury
13:58:00;Thursday;18-30;Male;Junior high school;Employee;5-10yr;Other;Governmental;;No defect;Other;Two-way (divided with broken lines road marking);Tangent road with flat terrain;Crossing;Asphalt roads;Dry;Daylight;Normal;Vehicle with vehicle collision;1;1;Going straight;Driver or rider;Male;18-30;3;Driver;Normal;Not a Pedestrian;Other;Slight Injury
11:00:00;Thursday;31-50;Male;Elementary school;Employee;Above 10yr;Automobile;Owner;5-10yrs;;Other;Undivided Two way;Tangent road with flat terrain;No junction;Asphalt roads;Wet or damp;Daylight;Normal;;2;1;Reversing;Pedestrian;Male;18-30;3;Driver;Normal;Not a Pedestrian;No priority to vehicle;Slight Injury
11:00:00;Thursday;31-50;Male;Junior high school;;Below 1yr;Other;Owner;;; Industrial areas;Undivided Two way;Tangent road with flat terrain;No junction;Asphalt roads;Wet or damp;Daylight;Normal;Collision with pedestrians;2;1;Going straight;Pedestrian;Female;Over 51;3;Driver;Normal;Unknown or other;No priority to pedestrian;Slight Injury
15:09:00;Thursday;18-30;Male;Junior high school;Employee;5-10yr;Automobile;Owner;5-10yrs;; Industrial areas;Undivided Two way;Tangent road with flat terrain;No junction;Asphalt roads;Dry;Daylight;Normal;Vehicle with vehicle collision;1;1;Going straight;Passenger;Male;Over 51;3;Driver;Normal;Not a Pedestrian;Changing lane to the right;Serious Injury
21:00:00;Sunday;31-50;Male;Elementary school;Employee;1-2yr;Public (13?45 seats);Owner;;No defect; Church areas;Double carriageway (median);Tangent road with flat terrain;Y Shape;Asphalt roads;Dry;Darkness - lights lit;Normal;Vehicle with vehicle collision;2;1;Going straight;na;na;na;na;;;Not a Pedestrian;Changing lane to the right;Slight Injury
21:00:00;Sunday;31-50;Male;;;;Lorry (41?100Q);Owner;;No defect;Other;Undivided Two way;Tangent road with flat terrain;Y Shape;Asphalt roads;Dry;Darkness - lights lit;Normal;Vehicle with vehicle collision;2;1;Going straight;Driver or rider;Male;31-50;3;;Normal;Not a Pedestrian;Changing lane to the right;Slight Injury
19:00:00;Sunday;18-30;Male;Junior high school;Employee;Above 10yr;Automobile;Owner;Above 10yr;;Other;Undivided Two way;Tangent road with flat terrain;Other;Asphalt roads;Dry;Daylight;Normal;Collision with pedestrians;2;1;Moving Backward;Driver or rider;Male;18-30;3;Driver;Normal;Not a Pedestrian;Driving to the left;Slight Injury
19:00:00;Sunday;18-30;Male;High school;Owner;2-5yr;Public (> 45 seats);Owner;Unknown;No defect;Office areas;Undivided Two way;Tangent road with flat terrain;Other;Asphalt roads;Dry;Daylight;Normal;Collision with roadside objects;2;1;Going straight;na;na;na;na;;;Not a Pedestrian;Changing lane to the left;Slight Injury
19:40:00;Sunday;18-30;Male;Junior high school;Employee;1-2yr;Lorry (41?100Q);Owner;Unknown;No defect;Office areas;Undivided Two way;Tangent road with flat terrain;Y Shape;Asphalt roads;Wet or damp;Darkness - lights lit;Normal;;2;2;Going straight;Pedestrian;Male;31-50;3;;;In carriageway, statioNot a Pedestrianry - not crossing  (standing or playing);Moving Backward;Slight Injury
19:40:00;Sunday;18-30;Male;Junior high school;Employee;1-2yr;Public (> 45 seats);Governmental;Below 1yr;;Residential areas;Two-way (divided with broken lines road marking);Tangent road with flat terrain;Y Shape;Asphalt roads;Wet or damp;Darkness - lights lit;Normal;Vehicle with vehicle collision;2;2;Going straight;Driver or rider;Male;31-50;3;;;Not a Pedestrian;Driving at high speed;Slight Injury
02:48:00;Saturday;18-30;Male;Above high school;Owner;2-5yr;;Owner;Unknown;No defect; Industrial areas;Undivided Two way;Tangent road with flat terrain;Y Shape;Asphalt roads;Dry;Darkness - lights lit;Normal;;1;1;Going straight;na;na;na;na;Driver;Normal;Not a Pedestrian;Moving Backward;Slight Injury
16:30:00;Sunday;18-30;Male;;;;;Owner;;No defect;Office areas;Undivided Two way;Tangent road with flat terrain;Y Shape;Asphalt roads;Dry;Darkness - lights lit;Normal;;1;1;Going straight;Pedestrian;Male;Over 51;2;;;Not a Pedestrian;No distancing;Slight Injury
22:40:00;Saturday;18-30;Male;Elementary school;Owner;2-5yr;Automobile;Owner;;No defect;Other;Undivided Two way;Tangent road with flat terrain;Y Shape;Asphalt roads;Wet or damp;Darkness - lights lit;Raining;;2;1;Moving Backward;Pedestrian;Female;31-50;3;;;Not a Pedestrian;Other;Slight Injury
22:40:00;Saturday;18-30;Male;Junior high school;Employee;1-2yr;Automobile;Owner;;;Other;Two-way (divided with broken lines road marking);Tangent road with flat terrain;Y Shape;Asphalt roads;Wet or damp;Darkness - lights lit;Raining;Vehicle with vehicle collision;2;1;Going straight;Driver or rider;Male;31-50;3;Driver;Normal;Not a Pedestrian;No priority to vehicle;Slight Injury
08:20:00;Thursday;Unknown;Male;;Owner;5-10yr;Lorry (41?100Q);Owner;;No defect;Residential areas;Undivided Two way;Tangent road with flat terrain;Y Shape;Asphalt roads;Wet or damp;Daylight;Raining;Vehicle with vehicle collision;1;1;Going straight;na;na;na;na;Driver;Normal;Not a Pedestrian;Changing lane to the right;Slight Injury
06:47:00;Friday;18-30;Male;Junior high school;Employee;Below 1yr;Automobile;Owner;;;Office areas;Two-way (divided with broken lines road marking);Tangent road with flat terrain;Y Shape;Asphalt roads;Wet or damp;Darkness - lights lit;Normal;Collision with roadside objects;2;1;Moving Backward;Driver or rider;Male;Over 51;3;Driver;Normal;Not a Pedestrian;Other;Slight Injury
06:47:00;Friday;31-50;Male;Junior high school;Employee;2-5yr;Public (13?45 seats);Organization;;;Residential areas;other;Tangent road with flat terrain;Y Shape;Asphalt roads;Wet or damp;Darkness - lights lit;Normal;Collision with roadside objects;2;1;Moving Backward;Driver or rider;Female;18-30;3;Driver;Normal;Not a Pedestrian;No distancing;Slight Injury
08:07:00;Friday;31-50;Male;Junior high school;Employee;5-10yr;Automobile;Owner;;;Office areas;Two-way (divided with broken lines road marking);Tangent road with flat terrain;Crossing;Asphalt roads;Dry;Daylight;Normal;Vehicle with vehicle collision;2;1;Going straight;Driver or rider;Male;18-30;3;;;Not a Pedestrian;Driving carelessly;Slight Injury
08:07:00;Friday;31-50;Male;Junior high school;Employee;Above 10yr;Public (> 45 seats);;;; Church areas;Two-way (divided with broken lines road marking);Tangent road with flat terrain;Crossing;Asphalt roads;Dry;Daylight;Normal;Vehicle with vehicle collision;2;1;Turnover;Driver or rider;Male;31-50;3;Driver;Normal;Not a Pedestrian;No distancing;Slight Injury
07:45:00;Monday;31-50;Male;Elementary school;Employee;2-5yr;Lorry (41?100Q);Organization;5-10yrs;;Residential areas;Two-way (divided with broken lines road marking);Tangent road with flat terrain;Y Shape;Asphalt roads;Dry;Daylight;Normal;Vehicle with vehicle collision;2;1;Turnover;Pedestrian;Female;31-50;3;;;Not a Pedestrian;Moving Backward;Slight Injury
07:45:00;Monday;31-50;Male;Elementary school;Owner;Above 10yr;Automobile;Owner;Above 10yr;;School areas;other;Tangent road with flat terrain;Y Shape;Asphalt roads;Dry;Daylight;Normal;Vehicle with vehicle collision;2;1;Going straight;Pedestrian;Female;18-30;3;;;Not a Pedestrian;No distancing;Slight Injury
08:40:00;Monday;Unknown;Male;Junior high school;Employee;1-2yr;Lorry (11?40Q);Owner;5-10yrs;; Hospital areas;other;Steep grade downward with mountainous terrain;No junction;Asphalt roads;Wet or damp;Daylight;Normal;Vehicle with vehicle collision;1;1;Going straight;Passenger;Male;Under 18;3;;;Not a Pedestrian;Moving Backward;Slight Injury
19:34:00;Monday;31-50;Male;Junior high school;Employee;5-10yr;Public (13?45 seats);Owner;2-5yrs;;Other;Undivided Two way;Tangent road with flat terrain;No junction;Asphalt roads;Wet or damp;Darkness - lights lit;Normal;Rollover;1;1;Going straight;na;na;na;na;;;Not a Pedestrian;No priority to pedestrian;Slight Injury
11:14:00;Tuesday;Over 51;Male;Junior high school;Employee;2-5yr;Public (13?45 seats);Owner;;;School areas;Double carriageway (median);Tangent road with flat terrain;Y Shape;Asphalt roads;Dry;Daylight;Normal;Vehicle with vehicle collision;2;1;Going straight;Passenger;Female;31-50;3;;;Not a Pedestrian;Changing lane to the left;Slight Injury
11:14:00;Tuesday;31-50;Male;Junior high school;Employee;2-5yr;;Owner;Above 10yr;No defect;Other;other;Tangent road with flat terrain;Y Shape;Asphalt roads;Dry;Daylight;Normal;Collision with roadside objects;2;1;Going straight;Pedestrian;Female;Under 18;3;Driver;Normal;Not a Pedestrian;No distancing;Slight Injury
18:53:00;Tuesday;31-50;Male;Junior high school;Employee;2-5yr;Long lorry;Owner;5-10yrs;; Industrial areas;Undivided Two way;Tangent road with flat terrain;Y Shape;Asphalt roads;Dry;Darkness - lights lit;Normal;Collision with pedestrians;1;1;Going straight;Driver or rider;Male;18-30;3;Driver;Normal;Not a Pedestrian;Other;Slight Injury
22:30:00;Tuesday;18-30;Male;Junior high school;Employee;2-5yr;Lorry (41?100Q);Owner;Unknown;No defect; Church areas;Two-way (divided with broken lines road marking);Tangent road with flat terrain;Y Shape;Asphalt roads;Wet or damp;Darkness - lights lit;Normal;Vehicle with vehicle collision;2;1;Getting off;na;na;na;na;Driver;Normal;Not a Pedestrian;No distancing;Slight Injury
22:30:00;Tuesday;18-30;Male;Junior high school;Employee;Above 10yr;Lorry (11?40Q);Owner;;No defect;Office areas;Two-way (divided with broken lines road marking);Tangent road with flat terrain;Y Shape;Asphalt roads;Wet or damp;Darkness - lights lit;Normal;Vehicle with vehicle collision;2;1;Moving Backward;Pedestrian;Female;Over 51;3;Driver;Normal;Not a Pedestrian;No priority to pedestrian;Slight Injury
10:30:00;Friday;Unknown;Male;Junior high school;Employee;Above 10yr;Lorry (41?100Q);Owner;;No defect;Other;Two-way (divided with broken lines road marking);Tangent road with flat terrain;No junction;Asphalt roads;Dry;Daylight;Normal;Vehicle with vehicle collision;1;1;Other;Passenger;Male;31-50;3;Driver;Normal;Not a Pedestrian;Moving Backward;Slight Injury
13:29:00;Wednesday;31-50;Male;Elementary school;Employee;5-10yr;Public (12 seats);Owner;;No defect;Office areas;Double carriageway (median);Tangent road with flat terrain;Y Shape;Asphalt roads;Dry;Daylight;Normal;Vehicle with vehicle collision;1;1;Going straight;Driver or rider;Female;18-30;2;Driver;Normal;Not a Pedestrian;No priority to pedestrian;Slight Injury
19:23:00;Wednesday;Over 51;Male;;Employee;;;Owner;;No defect;Office areas;Double carriageway (median);Tangent road with flat terrain;No junction;Asphalt roads;Dry;Darkness - lights lit;Normal;Vehicle with vehicle collision;2;1;Going straight;na;na;na;na;;;Not a Pedestrian;No distancing;Slight Injury
19:23:00;Wednesday;Over 51;Male;;Employee;2-5yr;Taxi;Governmental;;No defect;Office areas;Double carriageway (median);Tangent road with flat terrain;No junction;Asphalt roads;Dry;Darkness - lights lit;Normal;Vehicle with vehicle collision;2;1;Going straight;Driver or rider;Male;31-50;3;Driver;Normal;Not a Pedestrian;No priority to pedestrian;Slight Injury
22:49:00;Wednesday;Unknown;Male;Elementary school;Employee;5-10yr;;Owner;;No defect;Residential areas;Double carriageway (median);Tangent road with flat terrain;Y Shape;Asphalt roads;Wet or damp;Darkness - lights lit;Normal;Vehicle with vehicle collision;2;1;Going straight;Driver or rider;Male;31-50;3;;;Not a Pedestrian;Driving carelessly;Slight Injury
22:49:00;Wednesday;Unknown;Female;Junior high school;Employee;5-10yr;Automobile;Owner;;No defect;Office areas;Double carriageway (median);Tangent road with flat terrain;Y Shape;Asphalt roads;Wet or damp;Darkness - lights lit;Normal;Collision with roadside objects;2;1;Going straight;na;na;na;na;Driver;Normal;Not a Pedestrian;Getting off the vehicle improperly;Slight Injury
22:06:00;Thursday;31-50;Male;Junior high school;Employee;Above 10yr;;Owner;2-5yrs;;Other;Undivided Two way;Tangent road with flat terrain;Y Shape;Asphalt roads;Dry;Darkness - lights lit;Normal;Rollover;1;2;Going straight;Driver or rider;Male;18-30;3;Driver;Normal;Not a Pedestrian;Driving carelessly;Slight Injury
22:06:00;Thursday;31-50;Male;Junior high school;Employee;5-10yr;Lorry (41?100Q);Owner;2-5yrs;; Industrial areas;One way;;Y Shape;Asphalt roads;Dry;Darkness - lights lit;Normal;Vehicle with vehicle collision;1;2;Going straight;Driver or rider;Male;18-30;3;Driver;Normal;Not a Pedestrian;Changing lane to the left;Slight Injury
13:30:00;Friday;18-30;Male;Junior high school;Employee;Above 10yr;Automobile;Owner;;No defect;Other;One way;Tangent road with flat terrain;Y Shape;Asphalt roads;Dry;Daylight;Normal;Collision with pedestrians;2;1;Going straight;Passenger;Male;18-30;3;;;Not a Pedestrian;No priority to vehicle;Slight Injury
13:30:00;Friday;Unknown;Male;Elementary school;Employee;Below 1yr;Automobile;Owner;;No defect;Office areas;Double carriageway (median);Tangent road with flat terrain;Y Shape;Asphalt roads;Dry;Daylight;Normal;Vehicle with vehicle collision;2;1;Going straight;na;na;na;na;;;Not a Pedestrian;Changing lane to the right;Slight Injury
22:00:00;Friday;18-30;Male;Elementary school;Employee;5-10yr;Lorry (41?100Q);Governmental;Unknown;;Office areas;Two-way (divided with broken lines road marking);Tangent road with flat terrain;Crossing;Asphalt roads;Dry;Darkness - lights lit;Normal;Vehicle with vehicle collision;2;1;Going straight;Pedestrian;Male;18-30;3;Driver;Normal;Unknown or other;Changing lane to the right;Slight Injury
22:00:00;Friday;18-30;Male;Elementary school;Employee;1-2yr;Automobile;Governmental;;No defect;;Double carriageway (median);Tangent road with flat terrain;Crossing;Asphalt roads;Dry;Darkness - lights lit;Normal;Collision with pedestrians;2;1;Going straight;na;na;na;na;Driver;Normal;Not a Pedestrian;No distancing;Slight Injury
17:53:00;Friday;31-50;Male;Elementary school;Employee;5-10yr;Automobile;Owner;;;Other;;Tangent road with flat terrain;No junction;Asphalt roads;Dry;Daylight;Normal;Collision with pedestrians;1;1;Going straight;Driver or rider;Male;31-50;3;Driver;Normal;Not a Pedestrian;No distancing;Serious Injury
00:21:00;Saturday;Over 51;Male;Elementary school;Employee;5-10yr;Automobile;Owner;Unknown;;Office areas;Double carriageway (median);Tangent road with flat terrain;Crossing;Asphalt roads;Wet or damp;Darkness - lights lit;Raining;Vehicle with vehicle collision;1;1;Moving Backward;na;na;na;na;Driver;Normal;Not a Pedestrian;Changing lane to the left;Slight Injury
22:25:00;Friday;31-50;Male;Elementary school;Employee;2-5yr;Taxi;Owner;;No defect;Office areas;Two-way (divided with broken lines road marking);Tangent road with flat terrain;Y Shape;Asphalt roads;Wet or damp;Darkness - lights lit;Raining;Vehicle with vehicle collision;2;4;Going straight;Pedestrian;Female;18-30;2;Self-employed;Normal;Not a Pedestrian;Changing lane to the right;Slight Injury
22:25:00;Friday;31-50;Male;Elementary school;Employee;5-10yr;;Owner;5-10yrs;;Office areas;Undivided Two way;Tangent road with flat terrain;Y Shape;Asphalt roads;Wet or damp;Darkness - lights lit;Raining;Vehicle with vehicle collision;2;4;Moving Backward;na;na;na;na;Self-employed;Normal;Not a Pedestrian;No priority to vehicle;Slight Injury
22:25:00;Friday;18-30;Male;;;5-10yr;;Owner;;;Other;Undivided Two way;Tangent road with flat terrain;Y Shape;Asphalt roads;Wet or damp;Darkness - lights lit;Raining;Vehicle with vehicle collision;2;4;Moving Backward;Driver or rider;Male;31-50;3;Driver;Normal;Not a Pedestrian;Changing lane to the left;Slight Injury
22:25:00;Friday;18-30;Male;Junior high school;Employee;Above 10yr;Automobile;Owner;;No defect;Other;Undivided Two way;Tangent road with flat terrain;Y Shape;Asphalt roads;Wet or damp;Darkness - lights lit;Raining;Vehicle with vehicle collision;2;4;Going straight;Driver or rider;Male;18-30;3;;;Not a Pedestrian;No priority to vehicle;Slight Injury
12:20:00;Saturday;Unknown;Male;Junior high school;Employee;Above 10yr;Pick up upto 10Q;Owner;;No defect;  Recreational areas;Undivided Two way;Tangent road with flat terrain;Y Shape;Asphalt roads;Dry;Daylight;Normal;Collision with roadside objects;2;1;Going straight;na;na;na;na;;;Not a Pedestrian;Moving Backward;Slight Injury
12:20:00;Saturday;18-30;Male;Elementary school;Employee;Below 1yr;;Owner;;No defect; Church areas;Undivided Two way;Tangent road with flat terrain;Y Shape;Asphalt roads;Dry;Daylight;Normal;Vehicle with vehicle collision;2;1;Going straight;Driver or rider;Male;18-30;3;;;Not a Pedestrian;Turnover;Slight Injury
17:44:00;Saturday;31-50;Male;Elementary school;Employee;5-10yr;Automobile;Other;1-2yr;No defect;  Recreational areas;other;Tangent road with flat terrain;No junction;Asphalt roads with some distress;Dry;Darkness - lights lit;Normal;Vehicle with vehicle collision;1;1;Going straight;na;na;na;na;Driver;Normal;Not a Pedestrian;No distancing;Slight Injury
18:20:00;Saturday;31-50;Male;Elementary school;Owner;5-10yr;Public (12 seats);Owner;5-10yrs;No defect;School areas;other;Tangent road with flat terrain;No junction;Asphalt roads;Dry;Darkness - lights lit;Normal;Vehicle with vehicle collision;2;1;Going straight;na;na;na;na;;Normal;Not a Pedestrian;No distancing;Slight Injury
18:20:00;Saturday;Unknown;Male;Elementary school;Employee;2-5yr;Public (13?45 seats);Owner;;No defect; Church areas;Double carriageway (median);Tangent road with flat terrain;No junction;Asphalt roads;Dry;Darkness - lights lit;Normal;Vehicle with vehicle collision;2;1;Going straight;Driver or rider;Male;Under 18;3;Driver;Normal;Not a Pedestrian;No distancing;Slight Injury
22:25:00;Saturday;31-50;Male;Elementary school;Employee;Above 10yr;Lorry (11?40Q);Owner;5-10yrs;;Office areas;;Tangent road with flat terrain;No junction;Asphalt roads;Dry;Darkness - lights lit;Normal;Vehicle with vehicle collision;1;1;;Passenger;Female;Under 18;3;Driver;Normal;Not a Pedestrian;Changing lane to the left;Slight Injury
00:40:00;Sunday;31-50;Male;Elementary school;Employee;2-5yr;Stationwagen;Owner;2-5yrs;;Residential areas;One way;Steep grade downward with mountainous terrain;Crossing;Asphalt roads;Dry;Darkness - lights lit;Normal;Vehicle with vehicle collision;2;2;Other;na;na;na;na;;;Not a Pedestrian;No priority to vehicle;Slight Injury
00:40:00;Sunday;18-30;Male;Junior high school;Employee;Above 10yr;Ridden horse;Owner;;No defect;Other;One way;Tangent road with flat terrain;Crossing;Gravel roads;Dry;Darkness - lights lit;Normal;Vehicle with vehicle collision;2;2;Going straight;na;na;na;na;Self-employed;Normal;Not a Pedestrian;Driving at high speed;Slight Injury
23:56:00;Sunday;18-30;Male;Junior high school;Employee;Below 1yr;Stationwagen;Owner;;No defect;Other;Undivided Two way;Tangent road with flat terrain;Y Shape;Asphalt roads;Dry;Darkness - lights lit;Normal;Vehicle with vehicle collision;3;4;;Driver or rider;Male;31-50;3;Driver;Normal;Not a Pedestrian;Overtaking;Slight Injury
23:56:00;Sunday;18-30;Male;Junior high school;Employee;2-5yr;Automobile;Governmental;1-2yr;No defect; Industrial areas;One way;Tangent road with flat terrain;Y Shape;Asphalt roads;Dry;Darkness - lights lit;Normal;Vehicle with vehicle collision;3;4;Overtaking;na;na;na;na;Driver;Normal;Not a Pedestrian;Other;Slight Injury
23:56:00;Sunday;18-30;Male;Elementary school;Employee;5-10yr;Automobile;Governmental;1-2yr;No defect; Church areas;other;Steep grade downward with mountainous terrain;Y Shape;Asphalt roads;Dry;Darkness - lights lit;Normal;Vehicle with vehicle collision;3;4;Reversing;Driver or rider;Male;18-30;3;Driver;Normal;Not a Pedestrian;Changing lane to the left;Slight Injury
23:56:00;Sunday;18-30;Male;Elementary school;Employee;5-10yr;Other;Organization;1-2yr;No defect;Office areas;other;Tangent road with flat terrain;Y Shape;Asphalt roads;Dry;Darkness - lights lit;Normal;Vehicle with vehicle collision;3;4;Going straight;Passenger;Female;18-30;3;Driver;Normal;Not a Pedestrian;No priority to pedestrian;Slight Injury
07:45:00;Thursday;Over 51;Male;Elementary school;Employee;1-2yr;Taxi;Owner;Unknown;No defect;Office areas;Undivided Two way;Tangent road with flat terrain;No junction;Asphalt roads;Dry;Daylight;Normal;Vehicle with vehicle collision;2;1;Other;na;na;na;na;Driver;Normal;Not a Pedestrian;Changing lane to the left;Slight Injury
07:45:00;Thursday;Unknown;Male;Elementary school;Employee;;Automobile;Owner;;;Office areas;Double carriageway (median);Tangent road with flat terrain;No junction;Asphalt roads;Dry;Daylight;Normal;Vehicle with vehicle collision;2;1;Moving Backward;Driver or rider;Male;18-30;3;Driver;Normal;Not a Pedestrian;No distancing;Slight Injury
00:35:00;Friday;31-50;Male;Junior high school;Employee;1-2yr;Stationwagen;Owner;2-5yrs;;Other;Two-way (divided with broken lines road marking);Tangent road with flat terrain;No junction;Asphalt roads;Dry;Darkness - lights lit;Normal;Vehicle with vehicle collision;2;1;Going straight;Driver or rider;Male;Over 51;3;Driver;Normal;Not a Pedestrian;Moving Backward;Slight Injury
00:35:00;Friday;31-50;Unknown;;Employee;5-10yr;Automobile;Owner;;;Office areas;Undivided Two way;Tangent road with flat terrain;No junction;Asphalt roads;Dry;Darkness - lights lit;Normal;Vehicle with vehicle collision;2;1;Other;na;na;na;na;Driver;Normal;Not a Pedestrian;Changing lane to the left;Slight Injury
19:30:00;Monday;18-30;Male;Elementary school;Owner;1-2yr;Public (12 seats);Owner;;No defect;Other;Double carriageway (median);Tangent road with flat terrain;Other;Asphalt roads;Dry;Darkness - lights lit;Normal;Collision with roadside objects;2;1;Moving Backward;Pedestrian;Male;31-50;2;Driver;Normal;Not a Pedestrian;Other;Slight Injury
19:30:00;Monday;31-50;Male;Junior high school;Employee;5-10yr;;Owner;Above 10yr;No defect; Industrial areas;Two-way (divided with broken lines road marking);Tangent road with flat terrain;Other;Asphalt roads;Dry;Darkness - lights lit;Normal;Vehicle with vehicle collision;2;1;Going straight;na;na;na;na;Driver;Normal;Not a Pedestrian;No distancing;Slight Injury
14:24:00;Monday;Over 51;Male;Junior high school;Employee;2-5yr;Automobile;Owner;;No defect;Residential areas;other;Tangent road with flat terrain;Crossing;Asphalt roads;Dry;Daylight;Normal;Vehicle with vehicle collision;1;1;Going straight;Driver or rider;Male;31-50;3;;;Not a Pedestrian;Moving Backward;Slight Injury
18:10:00;Monday;31-50;Male;Junior high school;Employee;2-5yr;Lorry (41?100Q);Owner;;No defect;Other;Two-way (divided with broken lines road marking);Tangent road with flat terrain;Crossing;Asphalt roads;Dry;Darkness - lights lit;Normal;Vehicle with vehicle collision;2;1;Moving Backward;Driver or rider;Male;18-30;3;Self-employed;Normal;Not a Pedestrian;No distancing;Slight Injury
18:10:00;Monday;31-50;Male;Junior high school;Employee;5-10yr;;Owner;5-10yrs;;Other;One way;Tangent road with flat terrain;Crossing;Asphalt roads;Dry;Darkness - lights lit;Normal;Vehicle with vehicle collision;2;1;Going straight;Driver or rider;Male;31-50;3;Self-employed;Normal;Not a Pedestrian;Changing lane to the left;Slight Injury
10:04:00;Friday;18-30;Male;Junior high school;Owner;Below 1yr;Public (> 45 seats);Owner;1-2yr;No defect;Other;One way;Tangent road with flat terrain;Crossing;Asphalt roads;Dry;Daylight;Normal;Collision with pedestrians;2;3;Getting off;na;na;na;na;Driver;Normal;Not a Pedestrian;Changing lane to the left;Slight Injury
10:04:00;Friday;18-30;Male;High school;Employee;Below 1yr;;Owner;;;Other;Undivided Two way;Tangent road with flat terrain;Crossing;Asphalt roads;Dry;Daylight;Normal;Vehicle with vehicle collision;2;3;Going straight;Driver or rider;Male;18-30;3;Driver;Normal;Not a Pedestrian;No priority to pedestrian;Slight Injury