Time;Day_of_week;Age_band_of_driver;Sex_of_driver;Educational_level;Vehicle_driver_relation;Driving_experience;Type_of_vehicle;Owner_of_vehicle;Service_year_of_vehicle;Defect_of_vehicle;Area_accident_occured;Lanes_or_Medians;Road_allignment;Types_of_Junction;Road_surface_type;Road_surface_conditions;Light_conditions;Weather_conditions;Type_of_collision;Number_of_vehicles_involved;Number_of_casualties;Vehicle_movement;Casualty_class;Sex_of_casualty;Age_band_of_casualty;Casualty_severity;Work_of_casuality;Fitness_of_casuality;Pedestrian_movement;Cause_of_accident;Accident_severity
08:00:00;Sunday;18-30;Male;High school;Employee;1-2yr;Public (12 seats);Owner;Unknown;No defect; Church areas;Double carriageway (median);Tangent road with flat terrain;Crossing;Asphalt roads;Dry;Daylight;Normal;Vehicle with vehicle collision;2;1;U-Turn;na;na;na;na;Driver;Normal;Not a Pedestrian;Changing lane to the right;Slight Injury
08:45:00;Tuesday;Unknown;Male;High school;Employee;5-10yr;Lorry (41?100Q);Owner;Unknown;No defect;Office areas;Undivided Two way;Tangent road with flat terrain;Y Shape;Asphalt roads;Dry;Daylight;Normal;Vehicle with vehicle collision;1;1;Going straight;Driver or rider;Female;18-30;3;Self-employed;Normal;Not a Pedestrian;Changing lane to the right;Slight Injury
07:11:00;Monday;18-30;Male;High school;Employee;2-5yr;Automobile;Owner;Unknown;No defect;Other;Two-way (divided with broken lines road marking);Tangent road with flat terrain;No junction;Asphalt roads;Wet or damp;Daylight;Normal;Collision with pedestrians;2;1;Going straight;Driver or rider;Male;31-50;2;Employee;Normal;Not a Pedestrian;Driving at high speed;Slight Injury
07:11:00;Monday;31-50;Male;Junior high school;Employee;1-2yr;Lorry (41?100Q);Owner;;;Residential areas;other;Steep grade downward with mountainous terrain;No junction;Asphalt roads;Wet or damp;Daylight;Normal;Vehicle with vehicle collision;2;1;Going straight;na;na;na;na;Driver;Normal;Not a Pedestrian;No distancing;Slight Injury
17:30:00;Monday;18-30;Male;Above high school;Employee;Above 10yr;Lorry (41?100Q);Owner;;No defect;School areas;other;Tangent road with flat terrain;Crossing;Asphalt roads;Dry;Darkness - lights lit;Normal;Vehicle with vehicle collision;2;1;Going straight;na;na;na;na;Driver;Normal;Not a Pedestrian;Changing lane to the right;Slight Injury
17:30:00;Monday;Unknown;Male;Above high school;Employee;2-5yr;Pick up upto 10Q;Owner;1-2yr;No defect;Office areas;Two-way (divided with broken lines road marking);Tangent road with flat terrain;Crossing;Asphalt roads;Dry;Darkness - lights lit;Normal;Vehicle with vehicle collision;2;1;Going straight;Driver or rider;Male;18-30;3;Driver;Normal;Not a Pedestrian;Changing lane to the left;Slight Injury
07:45:00;Monday;18-30;Male;Elementary school;Employee;5-10yr;Other;Owner;Above 10yr;No defect;Other;other;Tangent road with flat terrain;Crossing;Asphalt roads;Dry;Daylight;Normal;Rollover;2;1;Going straight;Driver or rider;Male;18-30;3;Driver;Normal;Not a Pedestrian;Getting off the vehicle improperly;Serious Injury
07:45:00;Monday;18-30;Male;Elementary school;Employee;1-2yr;Automobile;Owner;Unknown;No defect;Other;Two-way (divided with broken lines road marking);Tangent road with flat terrain;Crossing;Asphalt roads;Dry;Daylight;Normal;Collision with roadside objects;2;1;Stopping;na;na;na;na;Driver;Normal;Not a Pedestrian;Other;Serious Injury
08:05:00;Thursday;31-50;Male;Junior high school;Employee;;Automobile;Organization;2-5yrs;;Office areas;Two-way (divided with broken lines road marking);Tangent road with mountainous terrain and;Y Shape;Asphalt roads;Dry;Daylight;Normal;Vehicle with vehicle collision;2;1;Turnover;Driver or rider;Female;31-50;2;Driver;Normal;Not a Pedestrian;Other;Slight Injury
08:05:00;Thursday;Unknown;Male;;;;Lorry (11?40Q);Owner;;;Office areas;Two-way (divided with broken lines road marking);Tangent road with flat terrain;Y Shape;Asphalt roads;Dry;Daylight;Normal;Vehicle with vehicle collision;2;1;Getting off;na;na;na;na;Self-employed;Normal;Not a Pedestrian;No distancing;Slight Injury
17:39:00;Wednesday;31-50;Male;Elementary school;Employee;5-10yr;Bajaj;Owner;5-10yrs;;Other;Undivided Two way;Tangent road with flat terrain;Y Shape;Asphalt roads;Dry;Darkness - lights lit;Normal;Collision with roadside objects;2;1;Moving Backward;Driver or rider;Male;31-50;3;Self-employed;Normal;Not a Pedestrian;No priority to vehicle;Slight Injury
17:39:00;Wednesday;Unknown;Female;Junior high school;Employee;2-5yr;Automobile;Owner;5-10yrs;No defect;Office areas;Two-way (divided with broken lines road marking);Tangent road with flat terrain;Y Shape;Asphalt roads;Dry;Darkness - lights lit;Normal;Vehicle with vehicle collision;2;1;Moving Backward;na;na;na;na;Self-employed;Normal;Not a Pedestrian;Overtaking;Slight Injury
07:37:00;Tuesday;31-50;Male;Junior high school;Employee;5-10yr;Lorry (41?100Q);Owner;2-5yrs;No defect; Industrial areas;Two-way (divided with broken lines road marking);Tangent road with flat terrain;No junction;Asphalt roads;Dry;Daylight;Normal;Vehicle with vehicle collision;2;2;Going straight;Driver or rider;Male;31-50;2;Driver;Normal;Not a Pedestrian;No priority to pedestrian;Slight Injury
07:37:00;Tuesday;18-30;Male;High school;Employee;2-5yr;Lorry (11?40Q);Owner;Unknown;No defect;Office areas;Undivided Two way;Tangent road with flat terrain;No junction;Asphalt roads;Dry;Daylight;Normal;Vehicle with vehicle collision;2;2;Turnover;Passenger;Male;31-50;3;;Normal;Not a Pedestrian;No distancing;Slight Injury
07:37:00;Tuesday;18-30;Male;Junior high school;Employee;1-2yr;Lorry (11?40Q);Owner;;;Other;Undivided Two way;Tangent road with flat terrain;No junction;Asphalt roads;Dry;Daylight;Normal;Rollover;2;2;Going straight;na;na;na;na;;Normal;Not a Pedestrian;Changing lane to the right;Slight Injury
00:26:00;Thursday;18-30;Male;Junior high school;Employee;1-2yr;Automobile;Owner;Above 10yr;;Other;Two-way (divided with broken lines road marking);Tangent road with flat terrain;No junction;Asphalt roads;Dry;Darkness - lights lit;Normal;Rollover;3;1;Going straight;Driver or rider;Female;Under 18;3;Self-employed;Normal;Not a Pedestrian;Driving carelessly;Slight Injury
00:26:00;Thursday;Unknown;Female;Junior high school;Employee;5-10yr;;Owner;Unknown;;Office areas;Two-way (divided with broken lines road marking);Tangent road with flat terrain;No junction;Asphalt roads;Dry;Darkness - lights lit;Normal;Collision with pedestrians;3;1;U-Turn;Pedestrian;Male;18-30;3;Driver;Normal;Not a Pedestrian;Changing lane to the right;Slight Injury
00:26:00;Thursday;Unknown;Female;Illiterate;Employee;unknown;Automobile;;;; Church areas;;Tangent road with flat terrain;No junction;Asphalt roads;Dry;Darkness - lights lit;Normal;Vehicle with vehicle collision;3;1;Going straight;na;na;na;na;Employee;Normal;Not a Pedestrian;Overtaking;Slight Injury
11:20:00;Wednesday;31-50;Male;Junior high school;Employee;5-10yr;Public (13?45 seats);Owner;;;Office areas;other;Tangent road with flat terrain;Crossing;Asphalt roads;Dry;Daylight;Normal;Vehicle with vehicle collision;2;1;Going straight;na;na;na;na;Other;Normal;Not a Pedestrian;Other;Slight Injury
11:20:00;Wednesday;18-30;Male;Junior high school;Employee;1-2yr;Public (12 seats);Owner;;;Residential areas;other;Tangent road with flat terrain;Crossing;Asphalt roads;Dry;Daylight;Normal;Vehicle with vehicle collision;2;1;U-Turn;Driver or rider;Male;Over 51;3;Driver;Normal;Not a Pedestrian;Driving to the left;Slight Injury
20:37:00;Tuesday;Unknown;Male;Junior high school;Employee;2-5yr;Other;Owner;Unknown;No defect;  Recreational areas;Two-way (divided with broken lines road marking);Tangent road with flat terrain;No junction;Asphalt roads;Dry;Darkness - lights lit;Normal;Collision with pedestrians;2;1;Stopping;na;na;na;na;Driver;Normal;Not a Pedestrian;Driving at high speed;Slight Injury
20:37:00;Tuesday;Unknown;Male;Junior high school;Employee;Above 10yr;Automobile;Governmental;5-10yrs;;Other;other;Tangent road with flat terrain;No junction;Asphalt roads;Dry;Darkness - lights lit;Normal;Collision with pedestrians;2;1;Going straight;Driver or rider;Male;31-50;3;Driver;Normal;Not a Pedestrian;Unknown;Slight Injury
17:00:00;Tuesday;31-50;Male;Junior high school;Owner;5-10yr;Automobile;Owner;Unknown;No defect; Church areas;Undivided Two way;Tangent road with flat terrain;Y Shape;Asphalt roads;Dry;Daylight;Normal;Vehicle with vehicle collision;2;1;Moving Backward;na;na;na;na;;Normal;Not a Pedestrian;Changing lane to the right;Slight Injury
17:00:00;Tuesday;Unknown;Male;High school;Employee;1-2yr;Public (13?45 seats);Owner;Unknown;No defect;Other;One way;Tangent road with flat terrain;Y Shape;Asphalt roads;Dry;Daylight;Normal;Vehicle with vehicle collision;2;1;Getting off;Driver or rider;Male;Under 18;3;Employee;Normal;Not a Pedestrian;No distancing;Slight Injury
22:45:00;Sunday;Unknown;Male;Junior high school;Employee;Above 10yr;Public (13?45 seats);Owner;Above 10yr;No defect;Other;Two-way (divided with broken lines road marking);Tangent road with flat terrain;No junction;Asphalt roads;Dry;Darkness - lights lit;Normal;Vehicle with vehicle collision;1;1;Going straight;na;na;na;na;;Normal;Not a Pedestrian;Other;Slight Injury
18:15:00;Wednesday;Unknown;Male;Junior high school;Employee;1-2yr;Automobile;Owner;5-10yrs;; Church areas;Undivided Two way;Tangent road with flat terrain;Crossing;Asphalt roads;Dry;Darkness - lights lit;Normal;Collision with roadside objects;1;1;Going straight;Driver or rider;Male;Over 51;3;;Normal;Not a Pedestrian;No priority to vehicle;Slight Injury
12:33:00;Tuesday;31-50;Male;Junior high school;Employee;2-5yr;Other;Owner;Unknown;;Office areas;Two-way (divided with broken lines road marking);Tangent road with mild grade and flat terrain;Y Shape;Asphalt roads;Dry;Daylight;Normal;Vehicle with vehicle collision;1;1;Turnover;na;na;na;na;;Normal;Not a Pedestrian;Changing lane to the left;Slight Injury
08:30:00;Thursday;Under 18;Male;Junior high school;Employee;Above 10yr;Pick up upto 10Q;Owner;Unknown;;Office areas;Double carriageway (median);Tangent road with flat terrain;No junction;Asphalt roads;Dry;Daylight;Normal;Collision with roadside objects;1;2;Moving Backward;Driver or rider;Male;18-30;3;;;Not a Pedestrian;No priority to pedestrian;Slight Injury
08:30:00;Thursday;Under 18;Male;Junior high school;Employee;2-5yr;Lorry (41?100Q);Organization;5-10yrs;No defect; Church areas;Two-way (divided with broken lines road marking);Tangent road with flat terrain;No junction;Asphalt roads;Dry;Daylight;Normal;Vehicle with vehicle collision;1;2;Going straight;na;na;na;na;Driver;Normal;Not a Pedestrian;Overtaking;Slight Injury
10:37:00;Thursday;31-50;Male;Elementary school;Employee;5-10yr;Automobile;Organization;2-5yrs;No defect;Other;Undivided Two way;Tangent road with mountainous terrain and;Crossing;Earth roads;Dry;Daylight;Normal;Vehicle with vehicle collision;1;1;Moving Backward;Driver or rider;Male;18-30;3;Self-employed;Normal;Not a Pedestrian;Driving carelessly;Slight Injury
14:20:00;Thursday;18-30;Male;;;;Automobile;Owner;Unknown;No defect;Other;Undivided Two way;Tangent road with flat terrain;Y Shape;Asphalt roads;Dry;Daylight;Normal;Collision with roadside objects;1;1;Going straight;na;na;na;na;;;Not a Pedestrian;No priority to vehicle;Slight Injury
16:55:00;Thursday;31-50;Male;Elementary school;Employee;1-2yr;Lorry (41?100Q);Owner;Unknown;No defect; Church areas;Undivided Two way;Tangent road with flat terrain;Y Shape;Asphalt roads;Dry;Daylight;Normal;Vehicle with vehicle collision;1;1;;Driver or rider;Male;18-30;3;Driver;Normal;Not a Pedestrian;No priority to pedestrian;Slight Injury
17:45:00;Thursday;31-50;Male;Elementary school;Employee;5-10yr;;Owner;5-10yrs;No defect; Industrial areas;Two-way (divided with broken lines road marking);Tangent road with mild grade and flat terrain;Y Shape;Asphalt roads;Dry;Darkness - lights lit;Normal;Vehicle with vehicle collision;1;1;Going straight;Pedestrian;Male;Over 51;2;Driver;Normal;Not a Pedestrian;Changing lane to the right;Slight Injury
23:29:00;Saturday;18-30;Male;Elementary school;Employee;5-10yr;Other;Owner;Unknown;No defect;Office areas;Undivided Two way;Tangent road with flat terrain;No junction;Asphalt roads;Dry;Darkness - lights lit;Normal;Collision with roadside objects;2;1;;Pedestrian;Male;Over 51;2;Driver;Normal;Crossing from nearside - masked by parked or statioNot a Pedestrianry vehicle;Driving carelessly;Slight Injury
23:29:00;Saturday;18-30;Male;Junior high school;Employee;1-2yr;Automobile;Owner;Unknown;No defect;School areas;Undivided Two way;Tangent road with flat terrain;No junction;Asphalt roads;Dry;Darkness - lights lit;Normal;Collision with roadside objects;2;1;Going straight;Driver or rider;Female;18-30;3;Driver;Normal;Not a Pedestrian;Changing lane to the right;Slight Injury
22:00:00;Saturday;Under 18;Male;Junior high school;Employee;5-10yr;Automobile;Owner;Unknown;No defect;Other;Undivided Two way;Tangent road with flat terrain;Y Shape;Asphalt roads;Dry;Darkness - lights lit;Normal;Vehicle with vehicle collision;2;1;;Passenger;Male;18-30;3;Self-employed;Normal;Not a Pedestrian;Changing lane to the right;Slight Injury
22:00:00;Saturday;Unknown;Male;Junior high school;Employee;5-10yr;Automobile;Owner;Unknown;No defect; Church areas;One way;Tangent road with flat terrain;Y Shape;Asphalt roads;Dry;Darkness - lights lit;Normal;Vehicle with vehicle collision;2;1;Going straight;na;na;na;na;;;Not a Pedestrian;Changing lane to the left;Slight Injury
10:30:00;Friday;18-30;Male;Junior high school;Employee;2-5yr;Automobile;Owner;Unknown;No defect;Office areas;Undivided Two way;Tangent road with flat terrain;No junction;Asphalt roads;Wet or damp;Daylight;Normal;Vehicle with vehicle collision;1;1;Going straight;Driver or rider;Male;18-30;3;;;Not a Pedestrian;Overturning;Slight Injury
19:57:00;Saturday;18-30;Male;Junior high school;Employee;1-2yr;Lorry (41?100Q);Owner;Unknown;No defect;Other;other;Steep grade downward with mountainous terrain;Crossing;Asphalt roads;Wet or damp;Darkness - lights lit;Normal;Vehicle with vehicle collision;2;1;Going straight;Driver or rider;Male;31-50;3;Driver;Normal;Not a Pedestrian;Driving carelessly;Slight Injury
19:57:00;Saturday;18-30;Male;Junior high school;Employee;5-10yr;Other;Owner;2-5yrs;No defect;Other;other;Tangent road with flat terrain;Crossing;Asphalt roads;Wet or damp;Darkness - lights lit;Normal;Vehicle with vehicle collision;2;1;Going straight;Driver or rider;Female;31-50;3;Driver;Normal;Not a Pedestrian;No distancing;Slight Injury
15:00:00;Sunday;18-30;Male;Junior high school;Employee;Below 1yr;Pick up upto 10Q;Owner;Unknown;;Other;Two-way (divided with broken lines road marking);Tangent road with flat terrain;Y Shape;Asphalt roads;Dry;Daylight;Normal;Vehicle with vehicle collision;2;1;Going straight;na;na;na;na;;;Not a Pedestrian;Driving carelessly;Slight Injury
15:00:00;Sunday;18-30;Male;Junior high school;Employee;5-10yr;Stationwagen;Owner;2-5yrs;;Other;One way;Tangent road with flat terrain;Y Shape;Asphalt roads;Dry;Daylight;Normal;Vehicle with vehicle collision;2;1;Other;Pedestrian;Male;31-50;2;Self-employed;Normal;Not a Pedestrian;Changing lane to the left;Slight Injury
19:15:00;Friday;31-50;Male;Junior high school;Owner;5-10yr;Other;Owner;Above 10yr;No defect; Church areas;Two-way (divided with broken lines road marking);Tangent road with mild grade and flat terrain;No junction;Asphalt roads;Dry;Darkness - lights lit;Normal;Vehicle with vehicle collision;2;1;Other;Pedestrian;Male;Under 18;3;;;Not a Pedestrian;No priority to vehicle;Slight Injury
19:15:00;Friday;18-30;Male;;Owner;5-10yr;Pick up upto 10Q;Governmental;2-5yrs;No defect;Residential areas;Two-way (divided with broken lines road marking);Tangent road with flat terrain;No junction;Asphalt roads;Dry;Darkness - lights lit;Normal;Vehicle with vehicle collision;2;1;Going straight;Driver or rider;Female;18-30;3;;;Not a Pedestrian;Changing lane to the right;Slight Injury
17:56:00;Friday;Unknown;Male;Junior high school;Employee;5-10yr;Stationwagen;Owner;2-5yrs;No defect;Office areas;Two-way (divided with broken lines road marking);Tangent road with mild grade and flat terrain;Unknown;Asphalt roads;Wet or damp;Darkness - lights lit;Raining;Vehicle with vehicle collision;2;1;Going straight;na;na;na;na;Driver;Normal;Not a Pedestrian;No distancing;Slight Injury
17:56:00;Friday;Unknown;Male;High school;Employee;2-5yr;Lorry (41?100Q);Owner;2-5yrs;No defect;Other;Two-way (divided with broken lines road marking);Tangent road with flat terrain;Unknown;Asphalt roads;Wet or damp;Darkness - lights lit;Raining;Vehicle with vehicle collision;2;1;Getting off;Passenger;Male;31-50;3;Driver;Normal;Not a Pedestrian;Moving Backward;Slight Injury
07:10:00;Friday;Over 51;Male;Above high school;Employee;5-10yr;Automobile;Owner;2-5yrs;No defect;Office areas;Two-way (divided with broken lines road marking);Tangent road with mild grade and flat terrain;No junction;Asphalt roads;Dry;Daylight;Normal;Vehicle with vehicle collision;2;1;Going straight;Pedestrian;Female;Over 51;2;Driver;Normal;Not a Pedestrian;Moving Backward;Slight Injury
07:10:00;Friday;Unknown;Male;Junior high school;Employee;Above 10yr;;Owner;2-5yrs;No defect;Other;Two-way (divided with broken lines road marking);Tangent road with flat terrain;No junction;Asphalt roads;Dry;Daylight;Normal;Vehicle with vehicle collision;2;1;Going straight;Pedestrian;Female;18-30;3;Driver;Normal;Crossing from nearside - masked by parked or statioNot a Pedestrianry vehicle;No distancing;Slight Injury
14:53:00;Tuesday;18-30;Male;Junior high school;Employee;Below 1yr;Automobile;Owner;1-2yr;No defect; Church areas;Undivided Two way;Tangent road with flat terrain;Y Shape;Asphalt roads;Dry;Daylight;Normal;Vehicle with vehicle collision;1;1;Going straight;Driver or rider;Male;18-30;3;Driver;Normal;Not a Pedestrian;No distancing;Slight Injury
12:40:00;Monday;31-50;Male;Elementary school;Employee;5-10yr;Automobile;Owner;Unknown;No defect;Office areas;Two-way (divided with broken lines road marking);Tangent road with flat terrain;Crossing;Asphalt roads;Wet or damp;Daylight;Normal;Vehicle with vehicle collision;3;1;Going straight;na;na;na;na;Driver;Normal;Not a Pedestrian;No distancing;Slight Injury
12:40:00;Monday;31-50;Male;Elementary school;Employee;2-5yr;Turbo;Owner;Unknown;No defect;Other;Two-way (divided with broken lines road marking);Tangent road with flat terrain;Crossing;Asphalt roads;Wet or damp;Daylight;Normal;Vehicle with vehicle collision;3;1;Going straight;Driver or rider;Male;18-30;3;Self-employed;Normal;Not a Pedestrian;No priority to pedestrian;Slight Injury
12:40:00;Monday;18-30;Male;Junior high school;Employee;2-5yr;;Owner;Unknown;No defect;Other;Two-way (divided with broken lines road marking);Tangent road with flat terrain;Crossing;Asphalt roads;Wet or damp;Daylight;Normal;Vehicle with vehicle collision;3;1;Getting off;na;na;na;na;Driver;Normal;Not a Pedestrian;Driving carelessly;Slight Injury
18:16:00;Tuesday;Unknown;Male;Junior high school;Employee;1-2yr;Stationwagen;Owner;Above 10yr;;School areas;Two-way (divided with broken lines road marking);Tangent road with flat terrain;Y Shape;Asphalt roads;Dry;Darkness - lights lit;Normal;Vehicle with vehicle collision;2;1;Going straight;na;na;na;na;Driver;Normal;Not a Pedestrian;Changing lane to the right;Slight Injury
18:16:00;Tuesday;Over 51;Male;Junior high school;Employee;2-5yr;Automobile;Owner;Unknown;No defect; Church areas;Double carriageway (median);Tangent road with mild grade and flat terrain;Y Shape;Asphalt roads;Dry;Darkness - lights lit;Normal;Collision with roadside objects;2;1;Going straight;Driver or rider;Male;18-30;3;;;Not a Pedestrian;Changing lane to the left;Slight Injury
12:25:00;Tuesday;Over 51;Male;Junior high school;Employee;2-5yr;Automobile;Owner;Unknown;;School areas;Undivided Two way;Tangent road with flat terrain;Y Shape;Asphalt roads;Dry;Daylight;Normal;Vehicle with vehicle collision;1;1;Other;Driver or rider;Male;31-50;3;Driver;Normal;Not a Pedestrian;Driving carelessly;Slight Injury
15:45:00;Tuesday;18-30;Male;Junior high school;Employee;Above 10yr;Automobile;Owner;2-5yrs;No defect;Residential areas;Double carriageway (median);Tangent road with flat terrain;Crossing;Asphalt roads;Dry;Daylight;Normal;Collision with pedestrians;1;1;Going straight;Driver or rider;Male;31-50;3;Driver;Normal;Not a Pedestrian;Driving carelessly;Slight Injury
19:38:00;Tuesday;Unknown;Male;High school;Employee;Below 1yr;Pick up upto 10Q;;;;Office areas;Two-way (divided with broken lines road marking);Tangent road with flat terrain;No junction;Asphalt roads;Dry;Darkness - lights lit;Normal;Vehicle with vehicle collision;1;1;Going straight;Driver or rider;Male;Under 18;3;Employee;Normal;Not a Pedestrian;No distancing;Slight Injury
09:30:00;Wednesday;18-30;Male;Junior high school;Employee;2-5yr;Lorry (41?100Q);Owner;Unknown;;Office areas;Undivided Two way;Tangent road with flat terrain;Crossing;Asphalt roads;Dry;Daylight;Normal;Collision with roadside objects;2;1;Going straight;na;na;na;na;;;Not a Pedestrian;Other;Slight Injury
09:30:00;Wednesday;31-50;Male;High school;Employee;Above 10yr;Lorry (41?100Q);Governmental;5-10yrs;No defect; Church areas;Two-way (divided with broken lines road marking);Tangent road with flat terrain;Crossing;Asphalt roads;Dry;Daylight;Normal;Vehicle with vehicle collision;2;1;Going straight;Pedestrian;Male;31-50;3;Driver;Normal;Unknown or other;Changing lane to the right;Slight Injury
17:17:00;Wednesday;Unknown;Male;Junior high school;Employee;Above 10yr;Automobile;Owner;2-5yrs;;Residential areas;Undivided Two way;Tangent road with flat terrain;No junction;Asphalt roads;Dry;Darkness - lights lit;Normal;Vehicle with vehicle collision;1;1;Going straight;Pedestrian;Male;31-50;3;Self-employed;Normal;In carriageway, statioNot a Pedestrianry - not crossing  (standing or playing);Changing lane to the right;Serious Injury
14:30:00;Friday;31-50;Male;High school;Employee;5-10yr;Lorry (41?100Q);Owner;Unknown;No defect;Office areas;other;Tangent road with flat terrain;No junction;Asphalt roads;Dry;Daylight;Normal;Vehicle with vehicle collision;2;1;Reversing;Driver or rider;Male;18-30;3;Self-employed;Normal;Not a Pedestrian;No distancing;Slight Injury
14:30:00;Friday;Unknown;Male;Junior high school;Employee;Above 10yr;Lorry (41?100Q);Owner;2-5yrs;No defect;Residential areas;One way;Tangent road with flat terrain;No junction;Asphalt roads;Dry;Daylight;Normal;Vehicle with vehicle collision;2;1;Other;na;na;na;na;Employee;Normal;Not a Pedestrian;No distancing;Slight Injury
08:40:00;Thursday;31-50;Male;Junior high school;Employee;1-2yr;Lorry (41?100Q);Owner;2-5yrs;No defect;Other;Two-way (divided with broken lines road marking);Tangent road with flat terrain;Y Shape;Asphalt roads;Dry;Daylight;Normal;Vehicle with vehicle collision;2;1;Going straight;Passenger;Female;Over 51;3;Driver;Normal;Not a Pedestrian;Overturning;Serious Injury
08:40:00;Thursday;31-50;Male;Junior high school;Employee;2-5yr;Lorry (41?100Q);Governmental;2-5yrs;No defect;Other;Two-way (divided with broken lines road marking);Tangent road with flat terrain;Y Shape;Asphalt roads;Dry;Daylight;Normal;Rollover;2;1;Going straight;na;na;na;na;Driver;Normal;Not a Pedestrian;Driving at high speed;Serious Injury
12:17:00;Thursday;31-50;Male;Elementary school;Employee;2-5yr;Automobile;Owner;Unknown;No defect;Residential areas;Two-way (divided with broken lines road marking);Tangent road with flat terrain;Other;Asphalt roads;Wet or damp;Daylight;Normal;Collision with roadside objects;1;2;Going straight;na;na;na;na;Employee;Normal;Not a Pedestrian;No priority to vehicle;Slight Injury
12:17:00;Thursday;31-50;Male;Elementary school;Other;5-10yr;Automobile;Owner;5-10yrs;No defect; Industrial areas;Undivided Two way;Tangent road with flat terrain;Other;Asphalt roads;Wet or damp;Daylight;Normal;Vehicle with vehicle collision;1;2;Going straight;Driver or rider;Male;31-50;3;Self-employed;Normal;Not a Pedestrian;No priority to pedestrian;Slight Injury
20:31:00;Thursday;18-30;Male;Junior high school;Employee;5-10yr;Automobile;Owner;2-5yrs;No defect;Other;Undivided Two way;Steep grade downward with mountainous terrain;No junction;Asphalt roads;Dry;Darkness - lights lit;Normal;Collision with roadside objects;1;1;Going straight;na;na;na;na;Driver;Normal;Not a Pedestrian;No priority to vehicle;Slight Injury
02:00:00;Friday;31-50;Male;High school;Owner;5-10yr;Public (13?45 seats);Owner;1-2yr;No defect;Office areas;Undivided Two way;Tangent road with flat terrain;No junction;Asphalt roads;Wet or damp;Darkness - lights lit;Raining;Vehicle with vehicle collision;1;1;Going straight;Driver or rider;Male;Under 18;3;Driver;Normal;Not a Pedestrian;Other;Slight Injury
13:55:00;Saturday;31-50;Male;Junior high school;Employee;Above 10yr;Automobile;Organization;2-5yrs;No defect;Other;Two-way (divided with broken lines road marking);Tangent road with mountainous terrain and;No junction;Asphalt roads;Dry;Daylight;Normal;Vehicle with vehicle collision;1;1;Going straight;na;na;na;na;Self-employed;Normal;Not a Pedestrian;Other;Serious Injury
00:25:00;Sunday;31-50;Male;Junior high school;Employee;Below 1yr;Public (13?45 seats);Governmental;1-2yr;;Other;Undivided Two way;Tangent road with flat terrain;Crossing;Asphalt roads;Dry;Darkness - lights lit;Normal;Vehicle with vehicle collision;2;2;Going straight;Driver or rider;Male;18-30;3;Driver;Normal;Not a Pedestrian;Moving Backward;Slight Injury
00:25:00;Sunday;18-30;Male;Junior high school;Other;Below 1yr;Public (13?45 seats);Owner;Unknown;No defect;Other;Two-way (divided with broken lines road marking);Tangent road with flat terrain;Crossing;Asphalt roads;Dry;Darkness - lights lit;Normal;Vehicle with vehicle collision;2;2;Going straight;na;na;na;na;Driver;Normal;Not a Pedestrian;No distancing;Slight Injury
00:25:00;Sunday;18-30;Male;Junior high school;Employee;Above 10yr;Automobile;Owner;2-5yrs;No defect;Other;Double carriageway (median);Tangent road with flat terrain;Crossing;Asphalt roads;Dry;Darkness - lights lit;Normal;Vehicle with vehicle collision;2;2;Moving Backward;Driver or rider;Male;18-30;3;Driver;Normal;Not a Pedestrian;Moving Backward;Slight Injury
13:24:00;Sunday;18-30;Male;High school;Owner;5-10yr;Lorry (11?40Q);Owner;Unknown;7;Office areas;Undivided Two way;Tangent road with flat terrain;No junction;Asphalt roads;Wet or damp;Daylight;Normal;Collision with roadside objects;2;3;Moving Backward;Driver or rider;Male;31-50;3;Self-employed;Normal;Not a Pedestrian;No priority to vehicle;Slight Injury
13:24:00;Sunday;18-30;Male;Elementary school;Owner;5-10yr;Automobile;Governmental;1-2yr;No defect;Other;Two-way (divided with broken lines road marking);Tangent road with flat terrain;No junction;Asphalt roads;Wet or damp;Daylight;Normal;Vehicle with vehicle collision;2;3;Turnover;na;na;na;na;Employee;Normal;Not a Pedestrian;Driving carelessly;Slight Injury
13:24:00;Sunday;Over 51;Male;Junior high school;Employee;2-5yr;Lorry (41?100Q);;;;;other;Tangent road with flat terrain;No junction;Asphalt roads;Wet or damp;Daylight;Normal;Collision with roadside objects;2;3;Other;Driver or rider;Male;18-30;3;;;Not a Pedestrian;No distancing;Slight Injury
14:36:00;Sunday;31-50;Male;Junior high school;Employee;2-5yr;Other;Organization;Unknown;No defect;Other;Two-way (divided with broken lines road marking);Tangent road with flat terrain;Crossing;Asphalt roads;Wet or damp;Daylight;Raining;Vehicle with vehicle collision;2;1;Other;Driver or rider;Male;18-30;3;Self-employed;Normal;Not a Pedestrian;Other;Slight Injury
14:36:00;Sunday;18-30;Male;Above high school;Employee;5-10yr;Pick up upto 10Q;Owner;Above 10yr;;Other;other;Steep grade downward with mountainous terrain;Crossing;Asphalt roads;Wet or damp;Daylight;Raining;Vehicle with vehicle collision;2;1;Going straight;Pedestrian;Male;31-50;3;Driver;Normal;Unknown or other;Changing lane to the right;Slight Injury
12:10:00;Thursday;18-30;Male;Junior high school;Owner;2-5yr;Lorry (11?40Q);Owner;Unknown;;Office areas;Undivided Two way;Tangent road with flat terrain;No junction;Asphalt roads;Dry;Daylight;Normal;Vehicle with vehicle collision;2;2;Going straight;na;na;na;na;Driver;Normal;Not a Pedestrian;No distancing;Slight Injury