Time;Day_of_week;Age_band_of_driver;Sex_of_driver;Educational_level;Vehicle_driver_relation;Driving_experience;Type_of_vehicle;Owner_of_vehicle;Service_year_of_vehicle;Defect_of_vehicle;Area_accident_occured;Lanes_or_Medians;Road_allignment;Types_of_Junction;Road_surface_type;Road_surface_conditions;Light_conditions;Weather_conditions;Type_of_collision;Number_of_vehicles_involved;Number_of_casualties;Vehicle_movement;Casualty_class;Sex_of_casualty;Age_band_of_casualty;Casualty_severity;Work_of_casuality;Fitness_of_casuality;Pedestrian_movement;Cause_of_accident;Accident_severity
11:05:00;Saturday;31-50;Male;High school;Employee;Above 10yr;Long lorry;Governmental;5-10yrs;No defect;Other;Undivided Two way;Tangent road with flat terrain;Y Shape;Asphalt roads;Dry;Daylight;Normal;Vehicle with vehicle collision;1;1;Moving Backward;na;na;na;na;Self-employed;Normal;Not a Pedestrian;No priority to pedestrian;Slight Injury
08:48:00;Wednesday;18-30;Male;Junior high school;Employee;5-10yr;Lorry (11?40Q);Owner;5-10yrs;No defect;School areas;other;Tangent road with flat terrain;Unknown;Asphalt roads;Wet or damp;Daylight;Raining;Collision with pedestrians;2;1;Overtaking;Driver or rider;Male;31-50;3;;Normal;Not a Pedestrian;No priority to pedestrian;Slight Injury
08:48:00;Wednesday;18-30;Male;Elementary school;Employee;1-2yr;Lorry (11?40Q);Owner;Above 10yr;No defect;Residential areas;Undivided Two way;Tangent road with flat terrain;Unknown;Asphalt roads;Wet or damp;Daylight;Raining;Rollover;2;1;Going straight;Driver or rider;Male;31-50;3;;;Not a Pedestrian;No priority to vehicle;Slight Injury
08:47:00;Tuesday;31-50;Male;Junior high school;Employee;;Long lorry;;1-2yr;No defect;Other;Two-way (divided with broken lines road marking);Tangent road with flat terrain;Crossing;Asphalt roads;Wet or damp;Daylight;Raining;Vehicle with vehicle collision;2;3;Going straight;Passenger;Male;18-30;3;Driver;Normal;Not a Pedestrian;Changing lane to the left;Slight Injury
08:47:00;Tuesday;31-50;Male;Elementary school;Employee;1-2yr;Turbo;Owner;Above 10yr;No defect;Office areas;Undivided Two way;Tangent road with flat terrain;Crossing;Asphalt roads;Wet or damp;Daylight;Raining;Rollover;2;3;Going straight;Passenger;Female;18-30;3;;;Not a Pedestrian;Changing lane to the left;Slight Injury
08:47:00;Tuesday;31-50;Male;Junior high school;Owner;1-2yr;Long lorry;Owner;Above 10yr;No defect;Residential areas;Undivided Two way;Tangent road with flat terrain;Crossing;Asphalt roads;Wet or damp;Daylight;Raining;Vehicle with vehicle collision;2;3;Reversing;na;na;na;na;;;Not a Pedestrian;No distancing;Slight Injury
22:20:00;Monday;18-30;Male;Above high school;Owner;1-2yr;Long lorry;Owner;Above 10yr;No defect;Other;One way;Steep grade downward with mountainous terrain;No junction;Asphalt roads;Dry;Darkness - lights lit;Normal;Vehicle with vehicle collision;2;1;Going straight;Driver or rider;Male;31-50;3;;;Not a Pedestrian;No priority to vehicle;Slight Injury
22:20:00;Monday;Unknown;Female;Junior high school;Owner;5-10yr;Public (13?45 seats);Owner;Above 10yr;No defect;Residential areas;Two-way (divided with broken lines road marking);Tangent road with flat terrain;No junction;Asphalt roads;Dry;Darkness - lights lit;Normal;Vehicle with vehicle collision;2;1;Going straight;na;na;na;na;Other;Normal;Not a Pedestrian;No distancing;Slight Injury
15:00:00;Monday;Unknown;Female;Junior high school;Employee;5-10yr;Automobile;Owner;5-10yrs;No defect;Residential areas;Undivided Two way;Tangent road with flat terrain;Y Shape;Asphalt roads;Dry;Daylight;Normal;Fall from vehicles;1;1;Other;na;na;na;na;Employee;Normal;Not a Pedestrian;No distancing;Serious Injury
11:57:00;Saturday;Over 51;Male;Elementary school;Employee;5-10yr;Automobile;Owner;;No defect;Residential areas;Two-way (divided with broken lines road marking);Tangent road with flat terrain;Y Shape;Asphalt roads;Dry;Daylight;Normal;Vehicle with vehicle collision;2;1;Entering a junction;Driver or rider;Male;18-30;3;Self-employed;Normal;Not a Pedestrian;Changing lane to the right;Slight Injury
11:57:00;Saturday;18-30;Male;High school;Owner;Below 1yr;Pick up upto 10Q;Owner;1-2yr;No defect;Other;other;Tangent road with flat terrain;Y Shape;Other;Dry;Daylight;Normal;Collision with roadside objects;2;1;Turnover;na;na;na;na;Driver;Normal;Not a Pedestrian;Changing lane to the left;Slight Injury
11:54:00;Saturday;18-30;Male;Junior high school;Employee;Above 10yr;;Owner;5-10yrs;No defect;Other;Undivided Two way;Tangent road with flat terrain;No junction;;Dry;Daylight;Normal;Vehicle with vehicle collision;2;1;Going straight;Passenger;Female;31-50;3;;;Not a Pedestrian;No distancing;Slight Injury
11:54:00;Saturday;18-30;Male;Junior high school;Employee;5-10yr;Stationwagen;Owner;5-10yrs;No defect;Other;One way;Tangent road with flat terrain;No junction;Asphalt roads;Dry;Daylight;Normal;Vehicle with vehicle collision;2;1;Going straight;Passenger;Male;Under 18;3;Other;Normal;Not a Pedestrian;Overturning;Slight Injury
21:00:00;Monday;18-30;Male;Junior high school;Employee;Below 1yr;;Owner;1-2yr;No defect; Hospital areas;Undivided Two way;Tangent road with flat terrain;Crossing;Asphalt roads;Dry;Darkness - lights lit;Normal;Vehicle with vehicle collision;2;1;Going straight;Pedestrian;Male;18-30;2;;;Not a Pedestrian;No priority to vehicle;Slight Injury
21:00:00;Monday;Unknown;Male;Junior high school;Employee;Above 10yr;Automobile;Owner;2-5yrs;No defect;Residential areas;Undivided Two way;Tangent road with flat terrain;Crossing;Asphalt roads;Dry;Darkness - lights lit;Normal;Collision with pedestrians;2;1;Going straight;Driver or rider;Male;31-50;3;Driver;Normal;Not a Pedestrian;Moving Backward;Slight Injury
14:23:00;Wednesday;31-50;Male;Junior high school;Employee;5-10yr;Automobile;Owner;5-10yrs;No defect;Residential areas;One way;Tangent road with flat terrain;No junction;Asphalt roads;Dry;Daylight;Normal;Vehicle with vehicle collision;1;2;Going straight;na;na;na;na;Driver;Normal;Not a Pedestrian;Driving under the influence of drugs;Slight Injury
14:23:00;Wednesday;31-50;Male;Junior high school;Owner;Above 10yr;Long lorry;Owner;5-10yrs;No defect;Residential areas;Undivided Two way;Tangent road with flat terrain;No junction;Asphalt roads;Dry;Daylight;Normal;Vehicle with vehicle collision;1;2;Going straight;na;na;na;na;Driver;Normal;Not a Pedestrian;Moving Backward;Slight Injury
08:30:00;Wednesday;31-50;Male;Junior high school;Employee;5-10yr;Public (13?45 seats);Owner;1-2yr;No defect;Other;Two-way (divided with broken lines road marking);Tangent road with flat terrain;Other;Asphalt roads;Wet or damp;Daylight;Raining;Vehicle with vehicle collision;2;1;Going straight;Driver or rider;Male;18-30;3;Driver;Normal;Not a Pedestrian;Changing lane to the right;Slight Injury
08:30:00;Wednesday;18-30;Male;Junior high school;Employee;1-2yr;Public (13?45 seats);Owner;1-2yr;No defect;Office areas;Two-way (divided with broken lines road marking);Tangent road with flat terrain;Other;Asphalt roads;Wet or damp;Daylight;Raining;Rollover;2;1;Going straight;Driver or rider;Male;18-30;3;Driver;Normal;Not a Pedestrian;Overspeed;Slight Injury
14:37:00;Saturday;18-30;Male;Junior high school;Employee;1-2yr;Lorry (11?40Q);Owner;2-5yrs;No defect;Other;other;Tangent road with flat terrain;Other;Asphalt roads;Dry;Daylight;Normal;Collision with roadside objects;2;1;Getting off;na;na;na;na;Driver;Normal;Not a Pedestrian;Driving under the influence of drugs;Serious Injury
14:37:00;Saturday;18-30;Male;Junior high school;Employee;1-2yr;Lorry (11?40Q);Owner;Unknown;No defect;Office areas;Double carriageway (median);Tangent road with flat terrain;Other;Asphalt roads;Dry;Daylight;Normal;Vehicle with vehicle collision;2;1;Getting off;Driver or rider;Male;31-50;3;Driver;Normal;Not a Pedestrian;Driving carelessly;Serious Injury
15:51:00;Monday;18-30;Male;High school;Employee;2-5yr;Pick up upto 10Q;Owner;Unknown;No defect;Residential areas;Two-way (divided with broken lines road marking);Tangent road with flat terrain;Y Shape;Asphalt roads;Dry;Daylight;Normal;Vehicle with vehicle collision;1;2;Getting off;na;na;na;na;Driver;Normal;Not a Pedestrian;No distancing;Slight Injury
15:51:00;Monday;18-30;Male;High school;Owner;Above 10yr;Automobile;Owner;Unknown;No defect;Office areas;Double carriageway (median);Gentle horizontal curve;Y Shape;Asphalt roads;Dry;Daylight;Normal;Collision with roadside objects;1;2;Moving Backward;Pedestrian;Male;18-30;3;Self-employed;Normal;Crossing from nearside - masked by parked or statioNot a Pedestrianry vehicle;No priority to vehicle;Slight Injury
12:40:00;Saturday;Over 51;Male;Elementary school;Employee;2-5yr;Automobile;Owner;;No defect;Office areas;Double carriageway (median);Tangent road with flat terrain;Crossing;Asphalt roads;Dry;Daylight;Normal;Vehicle with vehicle collision;1;1;Going straight;Driver or rider;Male;Under 18;3;Other;Normal;Not a Pedestrian;Overspeed;Serious Injury
11:01:00;Wednesday;Over 51;Male;Junior high school;Employee;Above 10yr;Automobile;Organization;Unknown;No defect;Other;Double carriageway (median);Tangent road with flat terrain;Y Shape;Other;Wet or damp;Daylight;Raining;Vehicle with vehicle collision;2;1;Going straight;na;na;na;na;Driver;Normal;Not a Pedestrian;Driving under the influence of drugs;Slight Injury
11:01:00;Wednesday;Over 51;Male;High school;Employee;2-5yr;Long lorry;Owner;Unknown;No defect;Office areas;Two-way (divided with broken lines road marking);Tangent road with flat terrain;Y Shape;Asphalt roads;Wet or damp;Daylight;Raining;Vehicle with vehicle collision;2;1;Waiting to go;Driver or rider;Male;18-30;3;Driver;Normal;Not a Pedestrian;Changing lane to the right;Slight Injury
17:41:00;Wednesday;18-30;Male;Junior high school;Other;No Licence;Long lorry;Owner;Unknown;No defect;Office areas;;Tangent road with flat terrain;Crossing;Asphalt roads;Wet or damp;Darkness - lights unlit;Normal;Rollover;2;1;Going straight;na;na;na;na;Self-employed;Normal;Not a Pedestrian;Changing lane to the right;Slight Injury
17:41:00;Wednesday;Over 51;Male;Junior high school;Employee;1-2yr;Automobile;Governmental;Unknown;;Office areas;One way;Tangent road with flat terrain;Crossing;Asphalt roads;Wet or damp;Darkness - lights unlit;Normal;Rollover;2;1;Other;Driver or rider;Male;Under 18;3;Driver;Normal;Not a Pedestrian;Changing lane to the right;Slight Injury
16:55:00;Thursday;18-30;Male;Junior high school;Owner;5-10yr;Stationwagen;Owner;Unknown;;Other;Undivided Two way;Tangent road with flat terrain;Y Shape;Asphalt roads;Dry;Daylight;Normal;Collision with pedestrians;1;1;Going straight;na;na;na;na;Driver;Normal;Not a Pedestrian;Changing lane to the right;Slight Injury
10:30:00;Saturday;18-30;Male;Junior high school;Employee;1-2yr;;Owner;Unknown;;Residential areas;;Tangent road with flat terrain;Crossing;Asphalt roads;Wet or damp;Daylight;Raining;Vehicle with vehicle collision;1;1;Going straight;Pedestrian;Male;Over 51;3;Driver;Normal;Not a Pedestrian;Moving Backward;Slight Injury
18:20:00;Wednesday;Under 18;Male;Junior high school;Employee;Above 10yr;Other;Owner;2-5yrs;No defect;Residential areas;Two-way (divided with broken lines road marking);Gentle horizontal curve;Y Shape;Asphalt roads;Dry;Daylight;Normal;Vehicle with vehicle collision;2;2;Going straight;Driver or rider;Male;5;3;Other;Normal;Not a Pedestrian;No distancing;Serious Injury
18:20:00;Wednesday;Under 18;Male;Junior high school;Employee;1-2yr;Special vehicle;Owner;5-10yrs;; Church areas;Two-way (divided with broken lines road marking);Tangent road with flat terrain;Y Shape;Asphalt roads;Dry;Daylight;Normal;Vehicle with vehicle collision;2;2;Going straight;Driver or rider;Male;18-30;3;;Normal;Not a Pedestrian;Overspeed;Serious Injury
17:22:00;Monday;31-50;Male;Junior high school;Employee;1-2yr;Lorry (41?100Q);Owner;5-10yrs;;Other;Two-way (divided with broken lines road marking);Tangent road with flat terrain;Unknown;Asphalt roads;Dry;Darkness - lights lit;Normal;Collision with pedestrians;1;1;Overtaking;na;na;na;na;Driver;Normal;Not a Pedestrian;No distancing;Slight Injury
16:19:00;Friday;31-50;Male;Junior high school;Employee;2-5yr;Pick up upto 10Q;Owner;Unknown;;Residential areas;Two-way (divided with broken lines road marking);Tangent road with flat terrain;Unknown;Asphalt roads;Dry;Daylight;Normal;Collision with pedestrians;1;1;Going straight;Pedestrian;Female;Over 51;3;Driver;Normal;Unknown or other;Driving carelessly;Slight Injury
20:43:00;Sunday;Under 18;Male;High school;Employee;1-2yr;Lorry (11?40Q);Owner;2-5yrs;;Other;Undivided Two way;Tangent road with flat terrain;Y Shape;Other;Wet or damp;Darkness - lights lit;Raining;Vehicle with vehicle collision;2;1;Going straight;na;na;na;na;Driver;Normal;Not a Pedestrian;No distancing;Slight Injury
20:43:00;Sunday;18-30;Male;Junior high school;Employee;1-2yr;Lorry (41?100Q);Owner;2-5yrs;;Residential areas;Undivided Two way;Tangent road with flat terrain;Y Shape;Asphalt roads;Wet or damp;Darkness - lights lit;Raining;Vehicle with vehicle collision;2;1;Going straight;Driver or rider;Female;31-50;2;Driver;Normal;Not a Pedestrian;No distancing;Slight Injury
22:35:00;Wednesday;18-30;Male;Elementary school;Employee;Above 10yr;Motorcycle;Owner;2-5yrs;;Residential areas;Two-way (divided with broken lines road marking);Tangent road with flat terrain;No junction;Asphalt roads;Dry;Darkness - lights lit;Normal;Vehicle with vehicle collision;1;3;Turnover;Driver or rider;Male;18-30;3;Driver;Normal;Not a Pedestrian;No distancing;Slight Injury
22:35:00;Wednesday;18-30;Male;Junior high school;Employee;Above 10yr;Automobile;Owner;5-10yrs;No defect;Other;Two-way (divided with broken lines road marking);Tangent road with flat terrain;No junction;;Dry;Darkness - lights lit;Normal;Collision with roadside objects;1;3;Going straight;na;na;na;na;Driver;Normal;Not a Pedestrian;Changing lane to the right;Slight Injury
22:35:00;Wednesday;18-30;Male;Elementary school;Employee;Above 10yr;Automobile;;;;Other;Two-way (divided with broken lines road marking);Tangent road with flat terrain;No junction;Asphalt roads;Dry;Darkness - lights lit;Normal;Vehicle with vehicle collision;1;3;Going straight;Driver or rider;Male;31-50;3;Driver;Normal;Not a Pedestrian;No distancing;Slight Injury
05:50:00;Wednesday;31-50;Male;Junior high school;Employee;Above 10yr;Automobile;Owner;Unknown;No defect;Other;Undivided Two way;Tangent road with flat terrain;No junction;Asphalt roads;Wet or damp;Darkness - lights lit;Raining;Collision with roadside objects;2;1;Getting off;Driver or rider;Male;31-50;3;;;Not a Pedestrian;No priority to vehicle;Slight Injury
05:50:00;Wednesday;Unknown;Female;Junior high school;Employee;1-2yr;Stationwagen;Owner;Unknown;No defect;Other;Double carriageway (median);Tangent road with flat terrain;No junction;Asphalt roads;Wet or damp;Darkness - lights lit;Raining;Vehicle with vehicle collision;2;1;Moving Backward;Driver or rider;Male;18-30;3;Driver;Normal;Not a Pedestrian;Changing lane to the left;Slight Injury
09:22:00;Monday;Over 51;Male;Junior high school;Employee;5-10yr;;Owner;Unknown;;Residential areas;Two-way (divided with broken lines road marking);Tangent road with flat terrain;No junction;Earth roads;Dry;Daylight;Normal;Vehicle with vehicle collision;2;1;Getting off;na;na;na;na;Driver;Normal;Not a Pedestrian;Moving Backward;Slight Injury
09:22:00;Monday;18-30;Male;High school;Owner;2-5yr;Public (> 45 seats);Owner;2-5yrs;;  Recreational areas;Undivided Two way;Tangent road with flat terrain;No junction;Asphalt roads;Dry;Daylight;Normal;Collision with roadside objects;2;1;Overtaking;Driver or rider;Male;18-30;3;Self-employed;Normal;Not a Pedestrian;Driving carelessly;Slight Injury
09:26:00;Wednesday;Unknown;Male;Junior high school;Employee;2-5yr;Public (> 45 seats);Owner;;;Other;other;Tangent road with flat terrain;Y Shape;Asphalt roads;Wet or damp;Daylight;Raining;Vehicle with vehicle collision;2;1;Going straight;na;na;na;na;Driver;Normal;Not a Pedestrian;Changing lane to the left;Slight Injury
09:26:00;Wednesday;31-50;Unknown;Junior high school;Employee;5-10yr;Stationwagen;Owner;;;Office areas;Undivided Two way;Tangent road with flat terrain;Y Shape;Asphalt roads;Wet or damp;Daylight;Raining;Vehicle with vehicle collision;2;1;Going straight;Driver or rider;Female;18-30;3;;;Not a Pedestrian;No priority to pedestrian;Slight Injury
13:40:00;Sunday;31-50;Male;Junior high school;Employee;5-10yr;Automobile;;;;Other;Undivided Two way;Tangent road with flat terrain;Y Shape;Asphalt roads;Dry;Daylight;Normal;Collision with roadside objects;3;2;Going straight;na;na;na;na;Unknown;Normal;Not a Pedestrian;No distancing;Slight Injury
13:40:00;Sunday;Over 51;Male;Junior high school;Employee;2-5yr;Bicycle;Owner;Unknown;;Office areas;Undivided Two way;Tangent road with flat terrain;Y Shape;Asphalt roads;Dry;Daylight;Normal;Collision with roadside objects;3;2;Reversing;Driver or rider;Male;Under 18;3;Driver;Normal;Not a Pedestrian;No distancing;Slight Injury
13:40:00;Sunday;31-50;Male;High school;Employee;Above 10yr;Automobile;Owner;Unknown;;Office areas;One way;Tangent road with flat terrain;Y Shape;Asphalt roads;Dry;Daylight;Normal;Vehicle with vehicle collision;3;2;Getting off;na;na;na;na;;;Not a Pedestrian;Overturning;Slight Injury
04:38:00;Saturday;18-30;Male;Elementary school;Employee;5-10yr;Lorry (41?100Q);Owner;Unknown;;Office areas;Undivided Two way;Tangent road with flat terrain;Crossing;Asphalt roads;Dry;Darkness - lights lit;Normal;Vehicle with vehicle collision;2;2;Going straight;Driver or rider;Male;18-30;3;Driver;Normal;Not a Pedestrian;No distancing;Slight Injury
04:38:00;Saturday;Over 51;Male;Junior high school;Employee;Above 10yr;Automobile;Owner;Unknown;No defect;Other;Undivided Two way;Tangent road with flat terrain;Crossing;Asphalt roads;Dry;Darkness - lights lit;Normal;Vehicle with vehicle collision;2;2;Going straight;na;na;na;na;Other;Normal;Not a Pedestrian;Drunk driving;Slight Injury
02:32:00;Thursday;18-30;Male;Writing & reading;Employee;2-5yr;Public (13?45 seats);Governmental;Unknown;;Other;Double carriageway (median);Tangent road with flat terrain;Y Shape;Asphalt roads;Dry;Darkness - lights lit;Normal;Vehicle with vehicle collision;1;2;Going straight;na;na;na;na;Other;Normal;Not a Pedestrian;Moving Backward;Serious Injury
02:32:00;Thursday;18-30;Male;Junior high school;Employee;2-5yr;Special vehicle;Owner;Unknown;No defect;Office areas;Two-way (divided with solid lines road marking);Tangent road with flat terrain;Y Shape;Asphalt roads;Dry;Darkness - lights lit;Normal;Vehicle with vehicle collision;1;2;Reversing;Driver or rider;Male;18-30;3;Self-employed;Normal;Not a Pedestrian;No priority to pedestrian;Serious Injury
19:00:00;Tuesday;Unknown;Female;High school;Employee;2-5yr;Automobile;Owner;Unknown;;Residential areas;other;Tangent road with flat terrain;No junction;Asphalt roads;Wet or damp;Darkness - lights lit;Other;Vehicle with vehicle collision;2;1;Going straight;Pedestrian;Male;Under 18;3;Driver;Normal;Not a Pedestrian;Changing lane to the left;Slight Injury
19:00:00;Tuesday;Under 18;Male;Junior high school;Employee;1-2yr;Public (13?45 seats);Governmental;2-5yrs;;  Recreational areas;Undivided Two way;Tangent road with flat terrain;No junction;Asphalt roads;Wet or damp;Darkness - lights lit;Other;Vehicle with vehicle collision;2;1;Stopping;Driver or rider;Male;31-50;3;Driver;Normal;Not a Pedestrian;Changing lane to the left;Slight Injury
13:38:00;Friday;Over 51;Male;High school;Employee;5-10yr;;Owner;1-2yr;No defect;Other;other;Tangent road with flat terrain;No junction;Asphalt roads;Dry;Daylight;Normal;Vehicle with vehicle collision;1;1;Overtaking;na;na;na;na;Driver;Normal;Not a Pedestrian;Getting off the vehicle improperly;Slight Injury
07:53:00;Thursday;18-30;Male;Elementary school;Employee;2-5yr;Lorry (41?100Q);Owner;Above 10yr;No defect;Residential areas;other;Tangent road with flat terrain;Crossing;Asphalt roads;Wet or damp;Daylight;Raining;Vehicle with vehicle collision;2;3;Going straight;Passenger;Female;18-30;3;;;Not a Pedestrian;No distancing;Slight Injury
07:53:00;Thursday;18-30;Male;Junior high school;Employee;1-2yr;Lorry (41?100Q);Owner;Unknown;No defect;Other;other;Tangent road with flat terrain;Crossing;Asphalt roads;Wet or damp;Daylight;Raining;Vehicle with vehicle collision;2;3;Reversing;na;na;na;na;;;Not a Pedestrian;Changing lane to the right;Slight Injury
07:53:00;Thursday;Over 51;Male;Elementary school;Employee;1-2yr;Public (12 seats);Owner;Unknown;;Other;other;Tangent road with flat terrain;Crossing;Asphalt roads;Wet or damp;Daylight;Raining;Vehicle with vehicle collision;2;3;Going straight;Driver or rider;Male;Under 18;3;Driver;Normal;Not a Pedestrian;Changing lane to the right;Slight Injury
20:13:00;Tuesday;31-50;Male;High school;Employee;No Licence;Lorry (41?100Q);Owner;5-10yrs;;Other;One way;Tangent road with flat terrain;No junction;Asphalt roads;Wet or damp;Darkness - lights lit;Raining;Vehicle with vehicle collision;1;1;Going straight;na;na;na;na;Other;Normal;Not a Pedestrian;Moving Backward;Serious Injury
16:28:00;Tuesday;Over 51;Male;Junior high school;Owner;5-10yr;Lorry (41?100Q);Owner;Unknown;No defect;Other;Two-way (divided with broken lines road marking);Tangent road with flat terrain;No junction;Earth roads;Wet or damp;Daylight;Raining;Vehicle with vehicle collision;3;1;Reversing;Driver or rider;Male;18-30;3;Driver;Normal;Not a Pedestrian;Driving at high speed;Slight Injury
16:28:00;Tuesday;Under 18;Male;Junior high school;Employee;1-2yr;Public (12 seats);Owner;2-5yrs;No defect;Other;other;Tangent road with flat terrain;No junction;Asphalt roads;Wet or damp;Daylight;Raining;Vehicle with vehicle collision;3;1;Going straight;na;na;na;na;;;Not a Pedestrian;Changing lane to the left;Slight Injury
16:28:00;Tuesday;Unknown;Male;Junior high school;Employee;2-5yr;Public (> 45 seats);Owner;Unknown;No defect;School areas;Undivided Two way;Tangent road with flat terrain;No junction;Asphalt roads;Wet or damp;Daylight;Raining;Vehicle with vehicle collision;3;1;Waiting to go;Driver or rider;Male;31-50;3;Driver;Normal;Not a Pedestrian;Changing lane to the right;Slight Injury
00:55:00;Saturday;18-30;Male;Junior high school;Employee;5-10yr;Automobile;Owner;;No defect;Office areas;Two-way (divided with broken lines road marking);Tangent road with flat terrain;Y Shape;Asphalt roads;Dry;Darkness - lights lit;Normal;Vehicle with vehicle collision;1;3;Going straight;na;na;na;na;Driver;Normal;Not a Pedestrian;No distancing;Serious Injury
00:55:00;Saturday;18-30;Male;;;;Pick up upto 10Q;Owner;Unknown;No defect;Office areas;Two-way (divided with broken lines road marking);Tangent road with flat terrain;Y Shape;Asphalt roads;Dry;Darkness - lights lit;Normal;Vehicle with vehicle collision;1;3;Going straight;Driver or rider;Male;18-30;3;Employee;Normal;Not a Pedestrian;Changing lane to the right;Serious Injury
00:55:00;Saturday;18-30;Male;;;;Stationwagen;Owner;5-10yrs;No defect;Office areas;Two-way (divided with broken lines road marking);Tangent road with flat terrain;Y Shape;Asphalt roads;Dry;Darkness - lights lit;Normal;Vehicle with vehicle collision;1;3;Going straight;Driver or rider;Female;31-50;3;;;Not a Pedestrian;Changing lane to the right;Serious Injury
18:30:00;Monday;18-30;Male;Junior high school;Employee;2-5yr;Other;Owner;Unknown;No defect;School areas;;Tangent road with flat terrain;No junction;Asphalt roads;Dry;Darkness - lights lit;Normal;Collision with roadside objects;2;2;Going straight;na;na;na;na;Student;Normal;Not a Pedestrian;No distancing;Serious Injury
18:30:00;Monday;18-30;Male;Junior high school;Employee;Above 10yr;;Governmental;;No defect;School areas;Undivided Two way;Tangent road with flat terrain;No junction;Asphalt roads;Dry;Darkness - lights lit;Normal;Vehicle with vehicle collision;2;2;Getting off;Driver or rider;Male;18-30;3;Driver;Normal;Not a Pedestrian;Changing lane to the right;Serious Injury
18:30:00;Monday;31-50;Male;Junior high school;Owner;Above 10yr;Automobile;Owner;;No defect;Office areas;Two-way (divided with broken lines road marking);Tangent road with flat terrain;No junction;Asphalt roads;Dry;Darkness - lights lit;Normal;Collision with pedestrians;2;2;Going straight;Pedestrian;Male;31-50;3;Self-employed;Normal;Unknown or other;Driving carelessly;Serious Injury
08:15:00;Tuesday;31-50;Male;;;;Stationwagen;Owner;;No defect;Office areas;Two-way (divided with broken lines road marking);Tangent road with flat terrain;No junction;Asphalt roads;Dry;Daylight;Normal;Vehicle with vehicle collision;2;1;Going straight;Pedestrian;Male;18-30;3;Self-employed;Normal;Not a Pedestrian;Driving carelessly;Serious Injury
08:15:00;Tuesday;31-50;Male;Elementary school;Owner;Above 10yr;Pick up upto 10Q;Governmental;Above 10yr;No defect;School areas;Two-way (divided with broken lines road marking);Tangent road with flat terrain;No junction;Asphalt roads;Dry;Daylight;Normal;Collision with roadside objects;2;1;Going straight;Driver or rider;Male;5;3;Driver;Normal;Not a Pedestrian;Changing lane to the right;Serious Injury
18:26:00;Monday;18-30;Unknown;;;;Lorry (41?100Q);Owner;1-2yr;No defect;;Two-way (divided with broken lines road marking);Tangent road with flat terrain;Crossing;Earth roads;Dry;Darkness - lights lit;Normal;Vehicle with vehicle collision;2;3;Reversing;na;na;na;na;;;Not a Pedestrian;Overturning;Slight Injury
18:26:00;Monday;18-30;Male;Junior high school;Owner;5-10yr;Automobile;Owner;Above 10yr;No defect;Other;Two-way (divided with broken lines road marking);Tangent road with flat terrain;Crossing;Asphalt roads;Dry;Darkness - lights lit;Normal;Vehicle with vehicle collision;2;3;Turnover;na;na;na;na;Driver;Normal;Not a Pedestrian;Changing lane to the right;Slight Injury
18:26:00;Monday;31-50;Male;Junior high school;Owner;Above 10yr;;Owner;Below 1yr;No defect;Other;Undivided Two way;Tangent road with flat terrain;Crossing;Asphalt roads;Dry;Darkness - lights lit;Normal;Vehicle with vehicle collision;2;3;Going straight;Driver or rider;Female;18-30;2;Driver;Normal;Not a Pedestrian;Moving Backward;Slight Injury
00:10:00;Saturday;18-30;Male;High school;Owner;Above 10yr;Lorry (41?100Q);Owner;Above 10yr;No defect;Other;Two-way (divided with broken lines road marking);Tangent road with flat terrain;No junction;Asphalt roads;Dry;Darkness - lights lit;Normal;Vehicle with vehicle collision;3;3;Going straight;na;na;na;na;Self-employed;Normal;Not a Pedestrian;No distancing;Serious Injury
00:10:00;Saturday;18-30;Male;;;;Lorry (41?100Q);Owner;Unknown;No defect;Residential areas;Undivided Two way;Tangent road with flat terrain;No junction;Asphalt roads;Dry;Darkness - lights lit;Normal;Vehicle with vehicle collision;3;3;Going straight;Driver or rider;Male;18-30;3;Driver;Normal;Not a Pedestrian;Overturning;Serious Injury
00:10:00;Saturday;31-50;Male;Elementary school;Employee;5-10yr;Lorry (41?100Q);Governmental;1-2yr;No defect;Other;Undivided Two way;Tangent road with flat terrain;No junction;Asphalt roads;Dry;Darkness - lights lit;Normal;Rollover;3;3;Going straight;na;na;na;na;;Normal;Not a Pedestrian;Driving carelessly;Serious Injury
00:10:00;Saturday;Over 51;Male;Elementary school;Owner;Above 10yr;Pick up upto 10Q;Owner;1-2yr;No defect;Other;Undivided Two way;Tangent road with flat terrain;No junction;Asphalt roads;Dry;Darkness - lights lit;Normal;Collision with roadside objects;3;3;Getting off;Driver or rider;Male;31-50;3;Driver;Normal;Not a Pedestrian;Changing lane to the right;Serious Injury
00:10:00;Saturday;Over 51;Male;Junior high school;Owner;Below 1yr;Pick up upto 10Q;Owner;;No defect; Industrial areas;Undivided Two way;Tangent road with flat terrain;No junction;Asphalt roads;Dry;Darkness - lights lit;Normal;Vehicle with vehicle collision;3;3;Going straight;Pedestrian;Male;Under 18;3;;;Not a Pedestrian;Driving at high speed;Serious Injury
00:10:00;Saturday;Unknown;Male;Junior high school;Owner;2-5yr;Automobile;Owner;;No defect;  Recreational areas;Undivided Two way;Tangent road with flat terrain;No junction;Asphalt roads;Dry;Darkness - lights lit;Normal;Collision with roadside objects;3;3;Going straight;Driver or rider;Male;18-30;3;Driver;Normal;Not a Pedestrian;Changing lane to the left;Serious Injury
08:13:00;Wednesday;31-50;Male;Junior high school;Owner;2-5yr;Other;Owner;Above 10yr;No defect; Church areas;Two-way (divided with broken lines road marking);Tangent road with flat terrain;Y Shape;Gravel roads;Wet or damp;Daylight;Raining and Windy;Vehicle with vehicle collision;2;2;Going straight;na;na;na;na;;;Not a Pedestrian;Driving carelessly;Slight Injury