Time;Day_of_week;Age_band_of_driver;Sex_of_driver;Educational_level;Vehicle_driver_relation;Driving_experience;Type_of_vehicle;Owner_of_vehicle;Service_year_of_vehicle;Defect_of_vehicle;Area_accident_occured;Lanes_or_Medians;Road_allignment;Types_of_Junction;Road_surface_type;Road_surface_conditions;Light_conditions;Weather_conditions;Type_of_collision;Number_of_vehicles_involved;Number_of_casualties;Vehicle_movement;Casualty_class;Sex_of_casualty;Age_band_of_casualty;Casualty_severity;Work_of_casuality;Fitness_of_casuality;Pedestrian_movement;Cause_of_accident;Accident_severity
08:13:00;Wednesday;31-50;Male;High school;Owner;5-10yr;;Owner;;;Office areas;Two-way (divided with broken lines road marking);Tangent road with flat terrain;Y Shape;Asphalt roads;Wet or damp;Daylight;Raining and Windy;Vehicle with vehicle collision;2;2;Going straight;Driver or rider;Male;Under 18;3;Self-employed;NormalNormal;Not a Pedestrian;No distancing;Slight Injury
08:13:00;Wednesday;31-50;Male;Junior high school;Owner;;Automobile;Owner;;;Other;Two-way (divided with broken lines road marking);Tangent road with flat terrain;Y Shape;Asphalt roads;Wet or damp;Daylight;Raining and Windy;Vehicle with vehicle collision;2;2;Going straight;Passenger;Female;18-30;3;Driver;Normal;Not a Pedestrian;Moving Backward;Slight Injury
17:46:00;Monday;18-30;Male;;Owner;Below 1yr;Motorcycle;Owner;;;Office areas;Undivided Two way;Tangent road with flat terrain;Y Shape;Asphalt roads;Wet or damp;Darkness - lights lit;Raining and Windy;Vehicle with vehicle collision;2;1;Going straight;na;na;na;na;Driver;Normal;Not a Pedestrian;No priority to pedestrian;Slight Injury
17:46:00;Monday;31-50;Male;Elementary school;Owner;Above 10yr;Automobile;Owner;;;Office areas;Two-way (divided with broken lines road marking);Tangent road with flat terrain;Y Shape;Asphalt roads;Wet or damp;Darkness - lights lit;Raining and Windy;Vehicle with vehicle collision;2;1;Going straight;Passenger;Male;18-30;2;Other;Normal;Not a Pedestrian;Moving Backward;Slight Injury
02:40:00;Saturday;Unknown;Female;Elementary school;Owner;Below 1yr;Automobile;Owner;;;Other;Two-way (divided with broken lines road marking);Tangent road with flat terrain;No junction;Asphalt roads;Dry;Darkness - lights lit;Normal;Collision with roadside objects;1;2;Going straight;Pedestrian;Male;Over 51;3;;;Not a Pedestrian;Changing lane to the right;Slight Injury
02:40:00;Saturday;Unknown;Female;Junior high school;Owner;5-10yr;Public (12 seats);Owner;Above 10yr;;Residential areas;Undivided Two way;Tangent road with flat terrain;No junction;Asphalt roads;Dry;Darkness - lights lit;Normal;Vehicle with vehicle collision;1;2;Going straight;Driver or rider;Male;18-30;3;;;Not a Pedestrian;No distancing;Slight Injury
13:00:00;Saturday;31-50;Male;Junior high school;Owner;5-10yr;Long lorry;Owner;Above 10yr;;Office areas;other;Tangent road with mountainous terrain and;Y Shape;Asphalt roads;Wet or damp;Daylight;Normal;Collision with roadside objects;3;5;Going straight;na;na;na;na;Other;Normal;Not a Pedestrian;Drunk driving;Slight Injury
13:00:00;Saturday;31-50;Male;;Owner;;;Owner;Above 10yr;No defect;Residential areas;other;Tangent road with flat terrain;Y Shape;Asphalt roads;Wet or damp;Daylight;Normal;Vehicle with vehicle collision;3;5;Reversing;na;na;na;na;Driver;Normal;Not a Pedestrian;Changing lane to the right;Slight Injury
13:00:00;Saturday;31-50;Male;Junior high school;Employee;1-2yr;Automobile;;;;School areas;Two-way (divided with broken lines road marking);Tangent road with flat terrain;Y Shape;Asphalt roads;Wet or damp;Daylight;Normal;Vehicle with vehicle collision;3;5;Going straight;Pedestrian;Female;31-50;3;Driver;Normal;Not a Pedestrian;Driving carelessly;Slight Injury
13:00:00;Saturday;31-50;Male;High school;Owner;5-10yr;Public (> 45 seats);Owner;Above 10yr;No defect;Office areas;Two-way (divided with broken lines road marking);Sharp reverse curve;Y Shape;Asphalt roads;Wet or damp;Daylight;Normal;Vehicle with vehicle collision;3;5;Turnover;na;na;na;na;;;Not a Pedestrian;Driving to the left;Slight Injury
13:00:00;Saturday;31-50;Male;Junior high school;Employee;5-10yr;Pick up upto 10Q;Owner;5-10yrs;No defect;Other;other;Tangent road with flat terrain;Y Shape;Asphalt roads;Wet or damp;Daylight;Normal;Vehicle with vehicle collision;3;5;Going straight;Driver or rider;Male;18-30;2;Driver;Normal;Not a Pedestrian;Changing lane to the right;Slight Injury
13:00:00;Saturday;31-50;Male;Junior high school;Employee;5-10yr;Lorry (41?100Q);Owner;Above 10yr;No defect;Other;Undivided Two way;Tangent road with flat terrain;Y Shape;Asphalt roads;Wet or damp;Daylight;Normal;Vehicle with vehicle collision;3;5;Going straight;Driver or rider;Male;18-30;3;;;Not a Pedestrian;Changing lane to the right;Slight Injury
13:00:00;Saturday;Over 51;Male;Junior high school;Employee;5-10yr;Automobile;Owner;Above 10yr;No defect; Church areas;other;Tangent road with flat terrain;Y Shape;Asphalt roads;Wet or damp;Daylight;Normal;Vehicle with vehicle collision;3;5;Going straight;Driver or rider;Female;Over 51;3;Driver;Normal;Not a Pedestrian;Driving carelessly;Slight Injury
22:30:00;Saturday;18-30;Male;Junior high school;Employee;Above 10yr;Public (13?45 seats);Owner;;No defect;Office areas;Two-way (divided with broken lines road marking);Tangent road with flat terrain;No junction;Asphalt roads;Dry;Darkness - lights lit;Normal;Vehicle with vehicle collision;2;1;Going straight;Driver or rider;Male;31-50;3;Driver;Normal;Not a Pedestrian;Changing lane to the left;Slight Injury
22:30:00;Saturday;Unknown;Male;Junior high school;Employee;5-10yr;Automobile;Owner;;No defect;Other;Two-way (divided with broken lines road marking);Tangent road with flat terrain;No junction;Asphalt roads;Dry;Darkness - lights lit;Normal;Vehicle with vehicle collision;2;1;Reversing;na;na;na;na;;;Not a Pedestrian;No priority to vehicle;Slight Injury
17:35:00;Saturday;31-50;Male;Junior high school;Employee;No Licence;Public (> 45 seats);Owner;;No defect;Office areas;Two-way (divided with broken lines road marking);Tangent road with mild grade and flat terrain;Y Shape;Asphalt roads;Dry;Darkness - lights lit;Normal;Vehicle with vehicle collision;3;2;Going straight;Passenger;Female;31-50;3;;;Not a Pedestrian;Driving carelessly;Serious Injury
17:35:00;Saturday;31-50;Male;Above high school;Employee;Below 1yr;Public (12 seats);Owner;;No defect;Office areas;Two-way (divided with broken lines road marking);Tangent road with flat terrain;Y Shape;Asphalt roads;Dry;Darkness - lights lit;Normal;Vehicle with vehicle collision;3;2;Turnover;Pedestrian;Female;31-50;3;;;Not a Pedestrian;Changing lane to the right;Serious Injury
17:35:00;Saturday;Unknown;Female;Elementary school;Employee;5-10yr;Automobile;Owner;Above 10yr;No defect;Office areas;Two-way (divided with broken lines road marking);Sharp reverse curve;Y Shape;Asphalt roads;Dry;Darkness - lights lit;Normal;Vehicle with vehicle collision;3;2;Going straight;na;na;na;na;;;Not a Pedestrian;Driving carelessly;Serious Injury
12:00:00;Thursday;18-30;Male;Elementary school;Employee;5-10yr;Lorry (41?100Q);Owner;Above 10yr;No defect; Church areas;Undivided Two way;Sharp reverse curve;No junction;Asphalt roads;Dry;Daylight;Normal;Rollover;2;1;Going straight;Driver or rider;Male;5;3;Other;Normal;Not a Pedestrian;Driving under the influence of drugs;Slight Injury
12:00:00;Thursday;Unknown;Female;Junior high school;Employee;5-10yr;Automobile;Owner;Above 10yr;No defect;Office areas;Undivided Two way;Gentle horizontal curve;No junction;Asphalt roads;Dry;Daylight;Normal;Collision with roadside objects;2;1;Going straight;na;na;na;na;Self-employed;Normal;Not a Pedestrian;No distancing;Slight Injury
09:10:00;Wednesday;Unknown;Male;High school;Employee;5-10yr;Pick up upto 10Q;Owner;5-10yrs;No defect;Other;Double carriageway (median);Gentle horizontal curve;No junction;Earth roads;Dry;Daylight;Normal;Vehicle with vehicle collision;1;1;Going straight;Driver or rider;Male;18-30;3;;;Not a Pedestrian;Changing lane to the left;Slight Injury
16:35:00;Friday;18-30;Male;Junior high school;Employee;5-10yr;Public (12 seats);Owner;;;Other;Two-way (divided with broken lines road marking);Tangent road with flat terrain;Y Shape;Asphalt roads;Dry;Daylight;Normal;Vehicle with vehicle collision;1;1;Going straight;na;na;na;na;Student;Normal;Not a Pedestrian;No priority to vehicle;Serious Injury
22:08:00;Tuesday;31-50;Male;Junior high school;Employee;2-5yr;Automobile;Owner;5-10yrs;No defect; Church areas;Unknown;Tangent road with mountainous terrain and;No junction;Asphalt roads;Wet or damp;Darkness - lights lit;Normal;Collision with roadside objects;2;1;Getting off;Driver or rider;Male;18-30;3;Other;Normal;Not a Pedestrian;Moving Backward;Slight Injury
22:08:00;Tuesday;18-30;Male;Writing & reading;Employee;5-10yr;Automobile;Owner;1-2yr;;School areas;Undivided Two way;Tangent road with flat terrain;No junction;Asphalt roads;Wet or damp;Darkness - lights lit;Normal;Vehicle with vehicle collision;2;1;Moving Backward;na;na;na;na;Driver;Normal;Not a Pedestrian;Moving Backward;Slight Injury
07:01:00;Thursday;31-50;Male;Junior high school;Employee;Above 10yr;Automobile;;;; Church areas;Two-way (divided with broken lines road marking);Tangent road with flat terrain;Unknown;Asphalt roads;Wet or damp;Darkness - lights lit;Raining;Vehicle with vehicle collision;1;1;Going straight;Driver or rider;Male;31-50;3;Other;Normal;Not a Pedestrian;No distancing;Serious Injury
22:26:00;Saturday;31-50;Male;Junior high school;Employee;1-2yr;Stationwagen;Owner;Above 10yr;;Office areas;Undivided Two way;Tangent road with flat terrain;Y Shape;Asphalt roads;Wet or damp;Darkness - lights lit;Normal;Vehicle with vehicle collision;2;1;Turnover;Passenger;Male;18-30;3;Driver;Normal;Not a Pedestrian;Changing lane to the right;Slight Injury
22:26:00;Saturday;Under 18;Male;Writing & reading;Employee;Below 1yr;Other;Owner;2-5yrs;No defect;Other;other;Tangent road with flat terrain;Y Shape;Asphalt roads;Wet or damp;Darkness - lights lit;Normal;Rollover;2;1;Going straight;na;na;na;na;Other;Normal;Not a Pedestrian;Changing lane to the right;Slight Injury
08:25:00;Thursday;Under 18;Unknown;Elementary school;Employee;1-2yr;Other;Owner;Above 10yr;; Church areas;Two-way (divided with broken lines road marking);Steep grade upward with mountainous terrain;Y Shape;Asphalt roads;Wet or damp;Daylight;Windy;Rollover;2;1;;Pedestrian;Female;18-30;3;;Normal;Not a Pedestrian;Moving Backward;Slight Injury
08:25:00;Thursday;Under 18;Male;Junior high school;Employee;5-10yr;Other;Governmental;1-2yr;No defect;Other;Double carriageway (median);Tangent road with flat terrain;Y Shape;Gravel roads;Wet or damp;Daylight;Windy;Collision with pedestrians;2;1;Going straight;Driver or rider;Male;31-50;3;Driver;Normal;Not a Pedestrian;Driving carelessly;Slight Injury
22:06:00;Wednesday;Unknown;Female;Elementary school;Employee;Above 10yr;Public (13?45 seats);Governmental;Above 10yr;;Other;Double carriageway (median);Tangent road with flat terrain;Y Shape;Asphalt roads;Wet or damp;Darkness - lights lit;Windy;Vehicle with vehicle collision;2;1;Going straight;na;na;na;na;Driver;Normal;Not a Pedestrian;Driving under the influence of drugs;Slight Injury
22:06:00;Wednesday;18-30;Male;Junior high school;Employee;5-10yr;Lorry (41?100Q);Organization;5-10yrs;No defect;Office areas;Two-way (divided with broken lines road marking);Gentle horizontal curve;Y Shape;Asphalt roads;Wet or damp;Darkness - lights lit;Windy;Vehicle with vehicle collision;2;1;Going straight;na;na;na;na;Self-employed;Normal;Not a Pedestrian;No distancing;Slight Injury
17:20:00;Thursday;Under 18;Male;Elementary school;Employee;2-5yr;Public (12 seats);Organization;Above 10yr;No defect;Other;Two-way (divided with broken lines road marking);Tangent road with flat terrain;No junction;Asphalt roads;Wet or damp;Darkness - lights lit;Normal;Vehicle with vehicle collision;2;1;Going straight;Driver or rider;Female;18-30;3;;;Not a Pedestrian;No distancing;Slight Injury
17:20:00;Thursday;Over 51;Male;Junior high school;Employee;2-5yr;Automobile;Owner;2-5yrs;No defect;Other;Two-way (divided with broken lines road marking);Tangent road with flat terrain;No junction;Other;Wet or damp;Darkness - lights lit;Normal;Collision with pedestrians;2;1;Turnover;na;na;na;na;;;Not a Pedestrian;No priority to vehicle;Slight Injury
14:50:00;Saturday;Unknown;Male;Junior high school;Employee;Above 10yr;Automobile;Governmental;;No defect;Residential areas;Two-way (divided with broken lines road marking);Tangent road with flat terrain;Y Shape;Asphalt roads;Wet or damp;Daylight;Normal;Collision with pedestrians;2;1;Turnover;Driver or rider;Male;31-50;3;Employee;Normal;Not a Pedestrian;Driving to the left;Slight Injury
14:50:00;Saturday;18-30;Male;Junior high school;Employee;2-5yr;Stationwagen;Owner;2-5yrs;No defect;Office areas;Two-way (divided with broken lines road marking);Tangent road with flat terrain;Y Shape;Asphalt roads;Wet or damp;Daylight;Normal;Vehicle with vehicle collision;2;1;Going straight;Driver or rider;Male;18-30;3;Driver;Normal;Not a Pedestrian;No priority to vehicle;Slight Injury
10:00:00;Tuesday;18-30;Male;Junior high school;Owner;Below 1yr;Lorry (41?100Q);Owner;2-5yrs;No defect; Church areas;One way;Tangent road with flat terrain;Y Shape;Asphalt roads;Wet or damp;Daylight;Normal;Vehicle with vehicle collision;2;1;Getting off;na;na;na;na;Other;Normal;Not a Pedestrian;No priority to vehicle;Slight Injury
10:00:00;Tuesday;Unknown;Male;Junior high school;Employee;2-5yr;Lorry (41?100Q);Owner;1-2yr;No defect;;Undivided Two way;Tangent road with flat terrain;Y Shape;Asphalt roads;Wet or damp;Daylight;Normal;Vehicle with vehicle collision;2;1;Getting off;Driver or rider;Male;18-30;3;Driver;Normal;Not a Pedestrian;No priority to vehicle;Slight Injury
12:05:00;Saturday;31-50;Male;Junior high school;Employee;Above 10yr;Lorry (41?100Q);Owner;Above 10yr;;  Market areas;other;Steep grade downward with mountainous terrain;Y Shape;Asphalt roads;Dry;Daylight;Normal;Collision with roadside objects;2;1;Going straight;na;na;na;na;Driver;Normal;Not a Pedestrian;No distancing;Slight Injury
12:05:00;Saturday;31-50;Male;Junior high school;Employee;2-5yr;Public (> 45 seats);Owner;Above 10yr;No defect;Residential areas;;Tangent road with flat terrain;Y Shape;Asphalt roads;Dry;Daylight;Normal;Vehicle with vehicle collision;2;1;Overtaking;Driver or rider;Male;Over 51;3;Driver;Normal;Not a Pedestrian;Moving Backward;Slight Injury
16:30:00;Monday;31-50;Male;Elementary school;Employee;Above 10yr;Public (12 seats);Owner;5-10yrs;No defect;Office areas;Undivided Two way;Tangent road with flat terrain;T Shape;Asphalt roads;Wet or damp;Darkness - lights lit;Other;Collision with roadside objects;1;1;Reversing;na;na;na;na;Driver;Normal;Not a Pedestrian;Changing lane to the right;Serious Injury
21:00:00;Saturday;Unknown;Female;Elementary school;Employee;Above 10yr;Other;Owner;;No defect;  Recreational areas;other;;Crossing;Asphalt roads;Dry;Darkness - lights lit;Normal;Vehicle with vehicle collision;2;1;Going straight;Driver or rider;Male;31-50;2;Driver;Normal;Not a Pedestrian;Driving carelessly;Slight Injury
21:00:00;Saturday;31-50;Male;Elementary school;Other;Above 10yr;Public (12 seats);Governmental;;No defect;Office areas;other;Tangent road with mild grade and flat terrain;Crossing;Asphalt roads;Dry;Darkness - lights lit;Normal;Vehicle with vehicle collision;2;1;Getting off;na;na;na;na;Driver;Normal;Not a Pedestrian;Changing lane to the left;Slight Injury
11:00:00;Sunday;Unknown;Male;Junior high school;Employee;Above 10yr;Other;Owner;5-10yrs;No defect; Industrial areas;other;Tangent road with flat terrain;No junction;Asphalt roads;Wet or damp;Daylight;Normal;Collision with roadside objects;2;1;Getting off;na;na;na;na;Driver;Normal;Not a Pedestrian;No distancing;Serious Injury
11:00:00;Sunday;18-30;Male;Junior high school;Employee;Below 1yr;Public (12 seats);;;;;;;No junction;Asphalt roads;Wet or damp;Daylight;Normal;Vehicle with vehicle collision;2;1;Reversing;Driver or rider;Male;31-50;3;Driver;Normal;Not a Pedestrian;Changing lane to the right;Serious Injury
10:50:00;Friday;Over 51;Male;Elementary school;Employee;5-10yr;Stationwagen;Owner;;No defect;Residential areas;Undivided Two way;Tangent road with flat terrain;No junction;Asphalt roads;Dry;Daylight;Unknown;Vehicle with vehicle collision;1;1;Turnover;na;na;na;na;;Normal;Not a Pedestrian;Driving under the influence of drugs;Slight Injury
15:00:00;Saturday;18-30;Male;Junior high school;Employee;2-5yr;Automobile;Governmental;Above 10yr;No defect;Residential areas;other;Tangent road with flat terrain;Y Shape;Asphalt roads;Wet or damp;Daylight;Raining;Collision with roadside objects;2;1;Moving Backward;Driver or rider;Male;31-50;3;;Normal;Not a Pedestrian;No distancing;Slight Injury
15:00:00;Saturday;31-50;Male;Junior high school;Employee;Above 10yr;Lorry (41?100Q);Owner;1-2yr;No defect; Industrial areas;other;Tangent road with flat terrain;Y Shape;Asphalt roads;Wet or damp;Daylight;Raining;Collision with roadside objects;2;1;Going straight;na;na;na;na;;Normal;Not a Pedestrian;Overturning;Slight Injury
17:35:00;Saturday;Over 51;Male;Junior high school;Employee;Below 1yr;Special vehicle;Owner;2-5yrs;No defect;Residential areas;Undivided Two way;Tangent road with flat terrain;Y Shape;Gravel roads;Wet or damp;Darkness - lights lit;Normal;Vehicle with vehicle collision;2;1;Going straight;Passenger;Male;18-30;3;;Normal;Not a Pedestrian;No distancing;Serious Injury
17:35:00;Saturday;18-30;Male;Junior high school;Owner;2-5yr;Lorry (41?100Q);Owner;Unknown;No defect;Residential areas;other;Tangent road with flat terrain;Y Shape;Asphalt roads;Wet or damp;Darkness - lights lit;Normal;Vehicle with vehicle collision;2;1;Going straight;Driver or rider;Male;31-50;3;;Normal;Not a Pedestrian;Changing lane to the right;Serious Injury
18:05:00;Saturday;18-30;Male;Junior high school;Employee;Above 10yr;Lorry (41?100Q);Owner;;No defect;Office areas;Undivided Two way;Tangent road with flat terrain;No junction;Asphalt roads;Wet or damp;Darkness - lights lit;Other;Vehicle with vehicle collision;2;1;Going straight;na;na;na;na;;Normal;Not a Pedestrian;No priority to vehicle;Slight Injury
18:05:00;Saturday;Under 18;Male;Writing & reading;Employee;2-5yr;Public (> 45 seats);Owner;2-5yrs;No defect;Office areas;Double carriageway (median);Escarpments;No junction;Asphalt roads;Wet or damp;Darkness - lights lit;Other;Vehicle with vehicle collision;2;1;Reversing;na;na;na;na;;Normal;Not a Pedestrian;Changing lane to the right;Slight Injury
13:00:00;Thursday;Unknown;Male;Junior high school;Employee;2-5yr;Automobile;Owner;Above 10yr;No defect;Office areas;other;Tangent road with flat terrain;No junction;Other;Dry;Daylight;Normal;Vehicle with vehicle collision;1;1;Going straight;Pedestrian;Male;31-50;3;;Normal;Unknown or other;Changing lane to the left;Slight Injury
18:40:00;Sunday;Unknown;Female;High school;Employee;2-5yr;Automobile;Owner;1-2yr;No defect;Office areas;Undivided Two way;Escarpments;No junction;Asphalt roads;Dry;Darkness - lights lit;Cloudy;Vehicle with vehicle collision;1;1;Going straight;Driver or rider;Male;Under 18;3;Driver;;Not a Pedestrian;No distancing;Slight Injury
01:59:00;Monday;Under 18;Male;Junior high school;Employee;1-2yr;Automobile;Owner;;No defect;Office areas;One way;Tangent road with flat terrain;Y Shape;Other;Wet or damp;Darkness - lights lit;Cloudy;Vehicle with vehicle collision;2;1;Going straight;na;na;na;na;Driver;;Not a Pedestrian;No priority to pedestrian;Slight Injury
01:59:00;Monday;Unknown;Male;High school;Employee;5-10yr;Public (> 45 seats);Owner;;No defect;Office areas;Undivided Two way;Tangent road with flat terrain;Y Shape;Asphalt roads;Wet or damp;Darkness - lights lit;Cloudy;Vehicle with vehicle collision;2;1;Going straight;na;na;na;na;Driver;Normal;Not a Pedestrian;Driving carelessly;Slight Injury
11:15:00;Monday;Unknown;Male;Elementary school;Employee;2-5yr;Lorry (11?40Q);Owner;;No defect;Office areas;other;Tangent road with flat terrain;No junction;Asphalt roads;Dry;Daylight;Unknown;Vehicle with vehicle collision;1;1;Getting off;Driver or rider;Male;31-50;3;Driver;Normal;Not a Pedestrian;No distancing;Slight Injury
16:15:00;Tuesday;31-50;Male;Junior high school;Employee;1-2yr;Pick up upto 10Q;Owner;Above 10yr;No defect;Residential areas;other;Tangent road with flat terrain;No junction;Asphalt roads;Dry;Daylight;Normal;Vehicle with vehicle collision;2;2;Going straight;na;na;na;na;Driver;Normal;Not a Pedestrian;Driving carelessly;Slight Injury
16:15:00;Tuesday;31-50;Male;Elementary school;Employee;1-2yr;Lorry (11?40Q);Owner;5-10yrs;No defect;Residential areas;One way;Tangent road with flat terrain;No junction;Asphalt roads;Dry;Daylight;Normal;Vehicle with vehicle collision;2;2;Going straight;Driver or rider;Male;18-30;3;;Normal;Not a Pedestrian;Driving carelessly;Slight Injury
16:15:00;Tuesday;Unknown;Male;High school;Employee;No Licence;Pick up upto 10Q;Owner;;No defect;Other;One way;Tangent road with flat terrain;No junction;Asphalt roads;Dry;Daylight;Normal;Vehicle with vehicle collision;2;2;Going straight;Driver or rider;Female;18-30;3;Driver;Normal;Not a Pedestrian;Moving Backward;Slight Injury
10:59:00;Friday;Over 51;Male;Junior high school;Owner;5-10yr;Special vehicle;Owner;5-10yrs;No defect; Church areas;Undivided Two way;Tangent road with flat terrain;No junction;Asphalt roads;Dry;Daylight;Normal;Vehicle with vehicle collision;1;1;Going straight;na;na;na;na;Driver;Normal;Not a Pedestrian;Overtaking;Slight Injury
15:29:00;Wednesday;Over 51;Male;Junior high school;Employee;1-2yr;Lorry (11?40Q);Owner;;No defect;  Recreational areas;other;Tangent road with flat terrain;Crossing;Asphalt roads;Dry;Daylight;Normal;Vehicle with vehicle collision;1;1;Reversing;Passenger;Female;31-50;3;Self-employed;Normal;Not a Pedestrian;No priority to vehicle;Slight Injury
15:50:00;Wednesday;Unknown;Unknown;Junior high school;Employee;2-5yr;;Owner;;; Industrial areas;Undivided Two way;Tangent road with flat terrain;Other;Asphalt roads;Dry;Daylight;Normal;Vehicle with vehicle collision;2;2;Moving Backward;na;na;na;na;Driver;Normal;Not a Pedestrian;No priority to vehicle;Slight Injury
15:50:00;Wednesday;31-50;Male;Junior high school;Employee;5-10yr;;;;;Residential areas;other;;Other;Asphalt roads;Dry;Daylight;Normal;Vehicle with vehicle collision;2;2;Going straight;Pedestrian;Female;Over 51;3;Driver;Normal;Not a Pedestrian;Changing lane to the left;Slight Injury
15:50:00;Wednesday;31-50;Male;;;;Lorry (41?100Q);Owner;Above 10yr;No defect;Residential areas;other;Tangent road with rolling terrain;Other;Asphalt roads;Dry;Daylight;Normal;Vehicle with vehicle collision;2;2;Going straight;na;na;na;na;Self-employed;Normal;Not a Pedestrian;No priority to vehicle;Slight Injury
08:51:00;Friday;31-50;Male;;;;Other;Owner;2-5yrs;No defect;Office areas;Double carriageway (median);Tangent road with flat terrain;Y Shape;Asphalt roads;Wet or damp;Daylight;Normal;Vehicle with vehicle collision;2;1;Going straight;Driver or rider;Male;31-50;3;;;Not a Pedestrian;No distancing;Slight Injury
08:51:00;Friday;Under 18;Male;Junior high school;Employee;2-5yr;Other;Owner;2-5yrs;No defect;  Market areas;Undivided Two way;Tangent road with flat terrain;Y Shape;Asphalt roads;Wet or damp;Daylight;Normal;Collision with roadside objects;2;1;Going straight;na;na;na;na;Driver;Normal;Not a Pedestrian;Moving Backward;Slight Injury
08:53:00;Monday;18-30;Male;Junior high school;Employee;Above 10yr;Automobile;;;;Unknown;other;Tangent road with flat terrain;Y Shape;Asphalt roads;Wet or damp;Daylight;Normal;Vehicle with vehicle collision;2;1;Going straight;Driver or rider;Male;18-30;3;Other;Normal;Not a Pedestrian;Changing lane to the right;Slight Injury
08:53:00;Monday;18-30;Male;Junior high school;Owner;Above 10yr;Other;Owner;;No defect; Industrial areas;other;Tangent road with flat terrain;Y Shape;Asphalt roads;Wet or damp;Daylight;Normal;Collision with pedestrians;2;1;Going straight;Driver or rider;Female;Over 51;3;Driver;Normal;Not a Pedestrian;No distancing;Slight Injury
17:10:00;Thursday;31-50;Male;;;;Automobile;Owner;;No defect;Residential areas;Two-way (divided with solid lines road marking);Tangent road with flat terrain;Other;Asphalt roads;Wet or damp;Darkness - lights lit;Other;Vehicle with vehicle collision;2;1;Turnover;na;na;na;na;Self-employed;Normal;Not a Pedestrian;Overtaking;Slight Injury
17:10:00;Thursday;Under 18;Male;Elementary school;Owner;Above 10yr;Public (13?45 seats);Governmental;Below 1yr;No defect;Residential areas;Undivided Two way;Tangent road with flat terrain;Other;Asphalt roads;Wet or damp;Darkness - lights lit;Other;Collision with roadside objects;2;1;Going straight;na;na;na;na;Driver;Normal;Not a Pedestrian;No distancing;Slight Injury
18:10:00;Sunday;Unknown;Female;;;;Lorry (41?100Q);Owner;5-10yrs;No defect;Other;Undivided Two way;Tangent road with flat terrain;No junction;Asphalt roads;Dry;Daylight;Unknown;Vehicle with vehicle collision;2;1;Other;Driver or rider;Male;31-50;2;Driver;Normal;Not a Pedestrian;Changing lane to the left;Slight Injury
18:10:00;Sunday;31-50;Male;Junior high school;Owner;5-10yr;;Governmental;;No defect;Residential areas;other;Tangent road with flat terrain;No junction;Asphalt roads;Dry;Daylight;Unknown;Vehicle with vehicle collision;2;1;Going straight;na;na;na;na;;;Not a Pedestrian;Driving under the influence of drugs;Slight Injury
06:00:00;Tuesday;18-30;Male;Junior high school;Owner;Above 10yr;Automobile;Owner;1-2yr;No defect;Rural village areas;Undivided Two way;Gentle horizontal curve;Unknown;Asphalt roads;Dry;Darkness - lights lit;Normal;Vehicle with vehicle collision;2;1;Going straight;Driver or rider;Male;18-30;3;Driver;Normal;Not a Pedestrian;No distancing;Slight Injury
06:00:00;Tuesday;18-30;Male;High school;Owner;Above 10yr;;Owner;2-5yrs;No defect;Rural village areas;Undivided Two way;Gentle horizontal curve;Unknown;Asphalt roads;Dry;Darkness - lights lit;Normal;Vehicle with vehicle collision;2;1;Going straight;Driver or rider;Male;Over 51;3;Driver;Normal;Not a Pedestrian;No distancing;Slight Injury
15:23:00;Monday;18-30;Male;;;;Lorry (41?100Q);Owner;;No defect;Office areas;Double carriageway (median);Tangent road with flat terrain;Y Shape;Asphalt roads;Dry;Daylight;Normal;Vehicle with vehicle collision;1;1;Going straight;na;na;na;na;;;Not a Pedestrian;Changing lane to the right;Slight Injury
09:04:00;Thursday;18-30;Male;Elementary school;Employee;5-10yr;;Owner;2-5yrs;No defect;Residential areas;Undivided Two way;Gentle horizontal curve;No junction;Earth roads;Snow;Daylight;Fog or mist;Rollover;1;1;Going straight;na;na;na;na;;;Not a Pedestrian;Changing lane to the left;Slight Injury
04:00:00;Saturday;Unknown;Male;Elementary school;Owner;Above 10yr;Lorry (41?100Q);Owner;;;Residential areas;other;Tangent road with flat terrain;No junction;Asphalt roads;Wet or damp;Darkness - lights lit;Other;Collision with roadside objects;2;1;Moving Backward;Driver or rider;Female;18-30;3;Driver;Normal;Not a Pedestrian;Moving Backward;Slight Injury
04:00:00;Saturday;18-30;Male;Junior high school;Owner;Below 1yr;Taxi;Owner;;7; Outside rural areas;other;Tangent road with flat terrain;No junction;Asphalt roads;Wet or damp;Darkness - lights lit;Other;Vehicle with vehicle collision;2;1;Moving Backward;na;na;na;na;Driver;Normal;Not a Pedestrian;No distancing;Slight Injury
11:28:00;Tuesday;18-30;Male;Junior high school;Owner;2-5yr;Lorry (41?100Q);Owner;Above 10yr;;Residential areas;other;Tangent road with flat terrain;Y Shape;Asphalt roads;Dry;Daylight;Normal;Vehicle with vehicle collision;1;1;Moving Backward;Driver or rider;Male;18-30;3;;;Not a Pedestrian;No distancing;Slight Injury
09:21:00;Tuesday;Over 51;Male;Junior high school;Owner;2-5yr;Lorry (41?100Q);Owner;5-10yrs;5; Church areas;other;Tangent road with flat terrain;Crossing;Asphalt roads;Wet or damp;Daylight;Normal;Collision with roadside objects;2;1;Other;Driver or rider;Male;18-30;3;;;Not a Pedestrian;Driving carelessly;Slight Injury