Time;Day_of_week;Age_band_of_driver;Sex_of_driver;Educational_level;Vehicle_driver_relation;Driving_experience;Type_of_vehicle;Owner_of_vehicle;Service_year_of_vehicle;Defect_of_vehicle;Area_accident_occured;Lanes_or_Medians;Road_allignment;Types_of_Junction;Road_surface_type;Road_surface_conditions;Light_conditions;Weather_conditions;Type_of_collision;Number_of_vehicles_involved;Number_of_casualties;Vehicle_movement;Casualty_class;Sex_of_casualty;Age_band_of_casualty;Casualty_severity;Work_of_casuality;Fitness_of_casuality;Pedestrian_movement;Cause_of_accident;Accident_severity
09:21:00;Tuesday;18-30;Male;High school;Owner;5-10yr;Other;Owner;;No defect;Office areas;Undivided Two way;Tangent road with flat terrain;Crossing;Asphalt roads;Wet or damp;Daylight;Normal;Vehicle with vehicle collision;2;1;Going straight;na;na;na;na;Driver;Normal;Not a Pedestrian;Moving Backward;Slight Injury
06:45:00;Monday;18-30;Male;Junior high school;Owner;;Stationwagen;Owner;Unknown;No defect;Office areas;Two-way (divided with broken lines road marking);Tangent road with mountainous terrain and;No junction;Asphalt roads;Dry;Daylight;Other;Vehicle with vehicle collision;2;1;Unknown;na;na;na;na;Driver;Normal;Not a Pedestrian;No distancing;Serious Injury
06:45:00;Monday;18-30;Male;;Owner;Below 1yr;Stationwagen;Governmental;;No defect;Office areas;Two-way (divided with broken lines road marking);Escarpments;No junction;Asphalt roads;Dry;Daylight;Other;Vehicle with vehicle collision;2;1;Turnover;Driver or rider;Male;18-30;3;;;Not a Pedestrian;Changing lane to the right;Serious Injury
18:00:00;Monday;Unknown;Male;Elementary school;Owner;Above 10yr;Lorry (41?100Q);Owner;2-5yrs;;Other;Undivided Two way;Tangent road with mountainous terrain and;Y Shape;Asphalt roads;Dry;Darkness - lights lit;Normal;Vehicle with vehicle collision;2;1;Getting off;Driver or rider;Male;5;3;;;Not a Pedestrian;Driving carelessly;Slight Injury
18:00:00;Monday;18-30;Male;Elementary school;Owner;Below 1yr;Lorry (41?100Q);Owner;2-5yrs;;Other;Undivided Two way;Tangent road with flat terrain;Y Shape;Asphalt roads;Dry;Darkness - lights lit;Normal;Vehicle with vehicle collision;2;1;Going straight;Passenger;Male;18-30;3;Driver;Normal;Not a Pedestrian;Driving to the left;Slight Injury
08:15:00;Friday;Unknown;Male;Junior high school;Owner;5-10yr;Other;Owner;Unknown;No defect;Residential areas;Two-way (divided with broken lines road marking);Tangent road with flat terrain;No junction;Asphalt roads;Wet or damp;Daylight;Normal;Vehicle with vehicle collision;2;2;Going straight;Passenger;Male;Under 18;3;Driver;Normal;Not a Pedestrian;Changing lane to the right;Slight Injury
08:15:00;Friday;Under 18;Male;Junior high school;Owner;5-10yr;Automobile;Owner;;;Other;Two-way (divided with broken lines road marking);Tangent road with flat terrain;No junction;Gravel roads;Wet or damp;Daylight;Normal;Collision with pedestrians;2;2;Going straight;na;na;na;na;;;Not a Pedestrian;Driving carelessly;Slight Injury
08:15:00;Friday;Under 18;Male;;Owner;;;Owner;Below 1yr;;Other;Undivided Two way;Tangent road with mild grade and flat terrain;No junction;Asphalt roads;Wet or damp;Daylight;Normal;Vehicle with vehicle collision;2;2;Turnover;Passenger;Female;Over 51;3;Driver;;Not a Pedestrian;Changing lane to the right;Slight Injury
10:00:00;Monday;31-50;Male;Junior high school;Employee;1-2yr;Taxi;Owner;5-10yrs;;Other;Two-way (divided with broken lines road marking);Tangent road with flat terrain;Other;Earth roads;Dry;Daylight;Normal;Collision with roadside objects;1;1;Reversing;Pedestrian;Female;18-30;3;Driver;Normal;Unknown or other;No priority to vehicle;Slight Injury
16:45:00;Saturday;Over 51;Male;High school;Owner;5-10yr;Lorry (41?100Q);Governmental;5-10yrs;No defect;Other;Undivided Two way;Tangent road with flat terrain;Y Shape;Asphalt roads;Dry;Darkness - lights lit;Normal;Vehicle with vehicle collision;2;1;Moving Backward;Driver or rider;Male;18-30;3;Driver;Normal;Not a Pedestrian;Changing lane to the right;Slight Injury
16:45:00;Saturday;18-30;Male;Junior high school;Employee;5-10yr;Other;Owner;2-5yrs;No defect;Other;Double carriageway (median);Tangent road with mild grade and flat terrain;Y Shape;Asphalt roads;Dry;Darkness - lights lit;Normal;Vehicle with vehicle collision;2;1;Other;na;na;na;na;Driver;Normal;Not a Pedestrian;Turnover;Slight Injury
06:25:00;Sunday;31-50;Male;Junior high school;Employee;5-10yr;Automobile;Owner;;No defect;Other;Two-way (divided with broken lines road marking);Tangent road with flat terrain;Y Shape;Asphalt roads;Wet or damp;Darkness - lights lit;Raining and Windy;Vehicle with vehicle collision;1;2;Going straight;Driver or rider;Male;31-50;3;Driver;Normal;Not a Pedestrian;No priority to vehicle;Slight Injury
06:25:00;Sunday;31-50;Male;Junior high school;Employee;5-10yr;Public (> 45 seats);Owner;2-5yrs;; Church areas;Two-way (divided with broken lines road marking);Tangent road with flat terrain;Y Shape;Earth roads;Wet or damp;Darkness - lights lit;Raining and Windy;Vehicle with vehicle collision;1;2;Going straight;Passenger;Female;Under 18;3;;;Not a Pedestrian;Driving at high speed;Slight Injury
07:26:00;Monday;31-50;Male;Junior high school;Employee;Above 10yr;Stationwagen;Owner;5-10yrs;;Other;Undivided Two way;Tangent road with flat terrain;Other;Asphalt roads;Wet or damp;Darkness - lights lit;Normal;Vehicle with vehicle collision;1;1;Going straight;Driver or rider;Female;Over 51;3;Student;Normal;Not a Pedestrian;No distancing;Slight Injury
12:30:00;Wednesday;18-30;Male;Junior high school;Employee;5-10yr;Automobile;Organization;2-5yrs;; Industrial areas;Two-way (divided with broken lines road marking);Tangent road with flat terrain;Other;Asphalt roads;Dry;Daylight;Unknown;Vehicle with vehicle collision;1;1;Going straight;Passenger;Female;18-30;3;;;Not a Pedestrian;No distancing;Slight Injury
14:30:00;Wednesday;31-50;Male;Junior high school;Employee;No Licence;Lorry (41?100Q);Owner;;No defect;Residential areas;Double carriageway (median);Tangent road with flat terrain;Crossing;Asphalt roads;Dry;Daylight;Normal;Vehicle with vehicle collision;2;1;Going straight;Driver or rider;Male;18-30;3;;;Not a Pedestrian;Driving carelessly;Slight Injury
14:30:00;Wednesday;Over 51;Male;Above high school;Employee;Below 1yr;Other;Governmental;Above 10yr;No defect;Other;Two-way (divided with broken lines road marking);Tangent road with flat terrain;Crossing;Asphalt roads;Dry;Daylight;Normal;Vehicle with vehicle collision;2;1;Going straight;na;na;na;na;;Normal;Not a Pedestrian;Driving carelessly;Slight Injury
16:15:00;Tuesday;Unknown;Male;Elementary school;Employee;5-10yr;Public (13?45 seats);Owner;;No defect;Office areas;Two-way (divided with broken lines road marking);Tangent road with flat terrain;Y Shape;Asphalt roads;Dry;Daylight;Other;Vehicle with vehicle collision;1;1;Going straight;Driver or rider;Male;18-30;3;Driver;Normal;Not a Pedestrian;Moving Backward;Slight Injury
12:25:00;Sunday;31-50;Male;Elementary school;Employee;5-10yr;Other;Owner;;No defect; Industrial areas;Unknown;Tangent road with flat terrain;No junction;Asphalt roads;Wet or damp;Daylight;Other;Collision with roadside objects;2;1;Going straight;na;na;na;na;Driver;Normal;Not a Pedestrian;No distancing;Slight Injury
12:25:00;Sunday;Unknown;Female;Junior high school;Employee;5-10yr;Other;Owner;1-2yr;No defect; Industrial areas;Double carriageway (median);Tangent road with flat terrain;No junction;Asphalt roads;Wet or damp;Daylight;Other;Vehicle with vehicle collision;2;1;Going straight;Driver or rider;Male;18-30;3;;;Not a Pedestrian;Changing lane to the right;Slight Injury
10:30:00;Tuesday;Unknown;Male;High school;Employee;5-10yr;Ridden horse;Owner;;No defect;Other;Two-way (divided with broken lines road marking);Tangent road with flat terrain;Y Shape;Asphalt roads;Dry;Daylight;Normal;Collision with roadside objects;1;1;Other;na;na;na;na;;;Not a Pedestrian;Overtaking;Slight Injury
20:35:00;Friday;Unknown;Male;Junior high school;Employee;5-10yr;Lorry (41?100Q);Organization;Above 10yr;; Hospital areas;Two-way (divided with broken lines road marking);Tangent road with flat terrain;Y Shape;Asphalt roads;Dry;Darkness - lights lit;Normal;Vehicle with vehicle collision;2;2;Moving Backward;na;na;na;na;;;Not a Pedestrian;No distancing;Slight Injury
20:35:00;Friday;31-50;Male;Junior high school;Employee;2-5yr;Lorry (41?100Q);Owner;Unknown;;Office areas;One way;Tangent road with flat terrain;Y Shape;Asphalt roads;Dry;Darkness - lights lit;Normal;Vehicle with vehicle collision;2;2;Going straight;Driver or rider;Male;31-50;3;;;Not a Pedestrian;Overtaking;Slight Injury
20:35:00;Friday;31-50;Male;Writing & reading;Employee;5-10yr;Pick up upto 10Q;Owner;2-5yrs;No defect; Church areas;Undivided Two way;Tangent road with flat terrain;Y Shape;Asphalt roads;Dry;Darkness - lights lit;Normal;;2;2;Moving Backward;na;na;na;na;Driver;Normal;Not a Pedestrian;Moving Backward;Slight Injury
14:25:00;Friday;Unknown;Male;Junior high school;Employee;Above 10yr;Lorry (11?40Q);Organization;5-10yrs;No defect; Hospital areas;Undivided Two way;Tangent road with mountainous terrain and;Y Shape;Asphalt roads;Wet or damp;Daylight;Raining;Collision with pedestrians;1;1;Going straight;Driver or rider;Male;31-50;3;Driver;Normal;Not a Pedestrian;No distancing;Slight Injury
11:05:00;Wednesday;31-50;Male;Junior high school;Employee;1-2yr;Automobile;Owner;Above 10yr;No defect;Office areas;other;Tangent road with flat terrain;No junction;Asphalt roads;Dry;Daylight;Normal;Vehicle with vehicle collision;1;2;Moving Backward;na;na;na;na;Driver;Normal;Not a Pedestrian;No distancing;Slight Injury
11:05:00;Wednesday;31-50;Male;Writing & reading;Employee;Below 1yr;Automobile;Owner;2-5yrs;No defect;Other;Two-way (divided with broken lines road marking);Escarpments;No junction;Asphalt roads;Dry;Daylight;Normal;Vehicle with vehicle collision;1;2;;Driver or rider;Male;18-30;3;Other;Normal;Not a Pedestrian;No priority to vehicle;Slight Injury
15:20:00;Saturday;Unknown;Female;Elementary school;Employee;1-2yr;Pick up upto 10Q;Owner;1-2yr;;Office areas;Undivided Two way;Tangent road with flat terrain;No junction;Asphalt roads;Dry;Daylight;Normal;Vehicle with vehicle collision;1;1;Going straight;Driver or rider;Male;18-30;3;Driver;Normal;Not a Pedestrian;No priority to vehicle;Slight Injury
19:00:00;Friday;18-30;Male;Junior high school;Employee;5-10yr;Automobile;Owner;2-5yrs;;Office areas;Two-way (divided with broken lines road marking);Tangent road with mountainous terrain and;No junction;Asphalt roads;Dry;Daylight;Normal;Collision with pedestrians;1;1;Going straight;na;na;na;na;;;Not a Pedestrian;Changing lane to the left;Serious Injury
08:52:00;Friday;18-30;Male;Junior high school;Employee;1-2yr;Other;Owner;;No defect;Other;Double carriageway (median);Steep grade downward with mountainous terrain;No junction;Asphalt roads;Wet or damp;Daylight;Normal;Collision with roadside objects;2;1;Going straight;Driver or rider;Male;31-50;2;Driver;Normal;Not a Pedestrian;No distancing;Slight Injury
08:52:00;Friday;31-50;Male;Elementary school;Owner;5-10yr;Lorry (41?100Q);Owner;1-2yr;No defect;Office areas;Undivided Two way;Tangent road with mild grade and flat terrain;No junction;Asphalt roads;Wet or damp;Daylight;Normal;;2;1;Going straight;na;na;na;na;Driver;Normal;Not a Pedestrian;Driving under the influence of drugs;Slight Injury
12:00:00;Wednesday;Unknown;Female;Junior high school;Employee;2-5yr;Public (13?45 seats);Owner;;No defect;Residential areas;Undivided Two way;Tangent road with flat terrain;Y Shape;Asphalt roads;Dry;Daylight;Normal;Vehicle with vehicle collision;1;1;Other;na;na;na;na;Unemployed;Normal;Not a Pedestrian;Changing lane to the left;Slight Injury
08:31:00;Monday;31-50;Male;Junior high school;Owner;Below 1yr;Pick up upto 10Q;Owner;Unknown;;Other;Two-way (divided with broken lines road marking);Tangent road with flat terrain;Y Shape;Asphalt roads;Dry;Daylight;Normal;;2;1;Going straight;Driver or rider;Male;31-50;3;Driver;Normal;Not a Pedestrian;Changing lane to the right;Slight Injury
08:31:00;Monday;Under 18;Male;Writing & reading;Employee;5-10yr;Stationwagen;Owner;2-5yrs;;Office areas;Double carriageway (median);Tangent road with flat terrain;Y Shape;Earth roads;Dry;Daylight;Normal;;2;1;Moving Backward;na;na;na;na;Driver;Normal;Not a Pedestrian;Driving to the left;Slight Injury
22:31:00;Tuesday;Under 18;Male;Writing & reading;Employee;5-10yr;Other;Owner;5-10yrs;;Office areas;Undivided Two way;Tangent road with mountainous terrain and;Y Shape;Asphalt roads;Dry;Darkness - lights lit;Normal;;2;1;Moving Backward;Driver or rider;Female;18-30;3;Driver;Normal;Not a Pedestrian;Driving at high speed;Serious Injury
22:31:00;Tuesday;31-50;Male;Junior high school;Employee;5-10yr;Pick up upto 10Q;;;;Office areas;other;Tangent road with flat terrain;Y Shape;Asphalt roads;Dry;Darkness - lights lit;Normal;Vehicle with vehicle collision;2;1;Moving Backward;na;na;na;na;Driver;Normal;Not a Pedestrian;Overtaking;Serious Injury
18:20:00;Saturday;18-30;Male;Junior high school;Employee;2-5yr;Public (13?45 seats);Owner;5-10yrs;No defect;Other;Two-way (divided with broken lines road marking);Tangent road with mild grade and flat terrain;No junction;Other;Wet or damp;Darkness - lights lit;Raining;Vehicle with vehicle collision;1;1;Going straight;Driver or rider;Male;18-30;3;Employee;Normal;Not a Pedestrian;Changing lane to the right;Serious Injury
10:19:00;Tuesday;18-30;Male;Junior high school;Employee;Above 10yr;Public (12 seats);Owner;;No defect; Church areas;Undivided Two way;Tangent road with flat terrain;Y Shape;Asphalt roads;Wet or damp;Daylight;Normal;Collision with roadside objects;2;2;Going straight;Driver or rider;Male;31-50;3;Driver;Normal;Not a Pedestrian;Changing lane to the right;Slight Injury
10:19:00;Tuesday;31-50;Male;Junior high school;Employee;5-10yr;Lorry (41?100Q);Owner;Unknown;No defect; Industrial areas;Undivided Two way;Tangent road with flat terrain;Y Shape;Asphalt roads;Wet or damp;Daylight;Normal;Collision with roadside objects;2;2;Going straight;Passenger;Female;Over 51;3;Self-employed;Normal;Not a Pedestrian;Moving Backward;Slight Injury
18:25:00;Wednesday;18-30;Male;Junior high school;Employee;Above 10yr;Pick up upto 10Q;Owner;1-2yr;No defect;Office areas;Double carriageway (median);Tangent road with flat terrain;Y Shape;Asphalt roads;Dry;Daylight;Normal;Vehicle with vehicle collision;1;1;Going straight;Driver or rider;Male;18-30;3;Driver;Normal;Not a Pedestrian;Moving Backward;Serious Injury
12:30:00;Friday;Unknown;Male;Junior high school;Employee;2-5yr;Lorry (41?100Q);Owner;Unknown;No defect; Church areas;Undivided Two way;Tangent road with flat terrain;No junction;Asphalt roads;Wet or damp;Daylight;Raining;Vehicle with vehicle collision;2;1;Other;na;na;na;na;Driver;Normal;Not a Pedestrian;Changing lane to the left;Slight Injury
12:30:00;Friday;Over 51;Male;Junior high school;Employee;Below 1yr;Pick up upto 10Q;Owner;;;Office areas;Undivided Two way;Tangent road with flat terrain;No junction;Asphalt roads;Wet or damp;Daylight;Raining;Vehicle with vehicle collision;2;1;Going straight;na;na;na;na;;;Not a Pedestrian;Moving Backward;Slight Injury
15:15:00;Monday;31-50;Male;Junior high school;Employee;Below 1yr;Long lorry;Owner;;No defect;Office areas;other;Tangent road with flat terrain;Other;Asphalt roads;Dry;Daylight;Unknown;Vehicle with vehicle collision;1;1;Going straight;Driver or rider;Male;18-30;3;Driver;Normal;Not a Pedestrian;No distancing;Slight Injury
16:19:00;Monday;31-50;Male;Junior high school;Owner;5-10yr;;Owner;;;Residential areas;Two-way (divided with broken lines road marking);Tangent road with flat terrain;Crossing;Asphalt roads;Dry;Daylight;Normal;Vehicle with vehicle collision;2;2;Going straight;na;na;na;na;;;Not a Pedestrian;Moving Backward;Slight Injury
16:19:00;Monday;31-50;Male;Junior high school;Employee;2-5yr;Other;Owner;5-10yrs;;Office areas;Two-way (divided with broken lines road marking);Tangent road with flat terrain;Crossing;Asphalt roads;Dry;Daylight;Normal;Rollover;2;2;Reversing;Driver or rider;Female;18-30;3;;;Not a Pedestrian;Changing lane to the right;Slight Injury
16:19:00;Monday;31-50;Male;Elementary school;Employee;Below 1yr;;Owner;5-10yrs;;Residential areas;Undivided Two way;Tangent road with flat terrain;Crossing;Asphalt roads;Dry;Daylight;Normal;Vehicle with vehicle collision;2;2;Moving Backward;na;na;na;na;;Normal;Not a Pedestrian;Changing lane to the left;Slight Injury
17:15:00;Tuesday;Over 51;Male;Junior high school;Employee;2-5yr;Public (13?45 seats);Owner;2-5yrs;;Office areas;Double carriageway (median);Tangent road with flat terrain;Y Shape;Asphalt roads;Dry;Daylight;Normal;Collision with roadside objects;2;1;Going straight;Driver or rider;Female;Over 51;2;Driver;Normal;Not a Pedestrian;No priority to vehicle;Slight Injury
17:15:00;Tuesday;18-30;Male;Junior high school;Employee;5-10yr;Special vehicle;Owner;2-5yrs;No defect;Office areas;Double carriageway (median);Tangent road with flat terrain;Y Shape;Asphalt roads;Dry;Daylight;Normal;Collision with pedestrians;2;1;Going straight;na;na;na;na;Driver;Normal;Not a Pedestrian;No distancing;Slight Injury
18:30:00;Wednesday;31-50;Male;High school;Employee;Above 10yr;Lorry (41?100Q);;;No defect;Other;Two-way (divided with broken lines road marking);Tangent road with flat terrain;Y Shape;Asphalt roads;Wet or damp;Darkness - lights lit;Normal;Vehicle with vehicle collision;1;1;Reversing;Driver or rider;Male;18-30;3;Driver;Normal;Not a Pedestrian;No priority to vehicle;Slight Injury
18:00:00;Tuesday;Unknown;Male;High school;Employee;Above 10yr;Lorry (41?100Q);Owner;Unknown;No defect;Other;Two-way (divided with broken lines road marking);Tangent road with flat terrain;Y Shape;Asphalt roads;Dry;Darkness - lights lit;Normal;Vehicle with vehicle collision;3;1;Going straight;na;na;na;na;Driver;Normal;Not a Pedestrian;Driving under the influence of drugs;Serious Injury
18:00:00;Tuesday;31-50;Male;Junior high school;Employee;5-10yr;Public (> 45 seats);Owner;Above 10yr;No defect;Residential areas;Two-way (divided with broken lines road marking);Tangent road with flat terrain;Y Shape;Asphalt roads;Dry;Darkness - lights lit;Normal;Vehicle with vehicle collision;3;1;Reversing;Driver or rider;Male;31-50;3;Driver;Normal;Not a Pedestrian;Changing lane to the right;Serious Injury
18:00:00;Tuesday;Unknown;Male;Elementary school;Employee;1-2yr;Automobile;Owner;Unknown;; Church areas;Two-way (divided with broken lines road marking);Tangent road with flat terrain;Y Shape;Asphalt roads;Dry;Darkness - lights lit;Normal;Vehicle with vehicle collision;3;1;Other;na;na;na;na;Driver;Normal;Not a Pedestrian;No distancing;Serious Injury
08:40:00;Monday;Unknown;Male;Elementary school;Employee;5-10yr;Automobile;Governmental;Unknown;No defect; Church areas;Double carriageway (median);Tangent road with flat terrain;No junction;Asphalt roads;Dry;Daylight;Normal;Vehicle with vehicle collision;2;1;;Driver or rider;Male;31-50;3;Employee;Normal;Not a Pedestrian;No distancing;Slight Injury
08:40:00;Monday;Unknown;Female;Junior high school;Employee;5-10yr;Automobile;Owner;2-5yrs;No defect;Residential areas;Double carriageway (median);Tangent road with flat terrain;No junction;Asphalt roads;Dry;Daylight;Normal;Vehicle with vehicle collision;2;1;Going straight;Driver or rider;Male;18-30;3;;Normal;Not a Pedestrian;Changing lane to the left;Slight Injury
19:30:00;Monday;Unknown;Male;Junior high school;Employee;1-2yr;Public (> 45 seats);Owner;;No defect;Office areas;Two-way (divided with broken lines road marking);Tangent road with mild grade and flat terrain;No junction;Asphalt roads;Wet or damp;Darkness - lights lit;Raining;Vehicle with vehicle collision;2;1;Going straight;na;na;na;na;Driver;Normal;Not a Pedestrian;Changing lane to the right;Slight Injury
19:30:00;Monday;31-50;Male;Junior high school;Owner;5-10yr;Lorry (11?40Q);Owner;5-10yrs;No defect;Office areas;Two-way (divided with broken lines road marking);Tangent road with mild grade and flat terrain;No junction;Asphalt roads;Wet or damp;Darkness - lights lit;Raining;Collision with roadside objects;2;1;Going straight;na;na;na;na;;;Not a Pedestrian;Changing lane to the right;Slight Injury
21:25:00;Monday;Unknown;Female;High school;Owner;Above 10yr;Pick up upto 10Q;Owner;2-5yrs;;Residential areas;Two-way (divided with broken lines road marking);Tangent road with flat terrain;Y Shape;Asphalt roads;Wet or damp;Darkness - lights lit;Raining;Rollover;2;1;Going straight;Driver or rider;Male;31-50;3;Self-employed;Normal;Not a Pedestrian;Driving under the influence of drugs;Slight Injury
21:25:00;Monday;Under 18;Male;;Owner;Below 1yr;Lorry (11?40Q);Owner;5-10yrs;; Church areas;other;Tangent road with flat terrain;Y Shape;Gravel roads;Wet or damp;Darkness - lights lit;Raining;Vehicle with vehicle collision;2;1;Going straight;na;na;na;na;;;Not a Pedestrian;Moving Backward;Slight Injury
09:20:00;Tuesday;Unknown;Male;Writing & reading;Owner;5-10yr;Pick up upto 10Q;Owner;;;Other;Two-way (divided with broken lines road marking);Tangent road with flat terrain;No junction;Asphalt roads;Dry;Daylight;Normal;Collision with pedestrians;2;1;Going straight;Driver or rider;Male;31-50;3;Self-employed;Normal;Not a Pedestrian;Changing lane to the left;Slight Injury
09:20:00;Tuesday;18-30;Male;Above high school;Employee;Above 10yr;Special vehicle;Owner;;;Office areas;Two-way (divided with broken lines road marking);Tangent road with flat terrain;No junction;Asphalt roads;Dry;Daylight;Normal;Vehicle with vehicle collision;2;1;Going straight;Driver or rider;Male;18-30;3;;;Not a Pedestrian;No priority to pedestrian;Slight Injury
16:38:00;Wednesday;31-50;Male;High school;Employee;Below 1yr;Lorry (11?40Q);Owner;;;Other;Two-way (divided with broken lines road marking);Tangent road with flat terrain;Y Shape;Asphalt roads;Dry;Daylight;Normal;Vehicle with vehicle collision;2;2;Going straight;na;na;na;na;Self-employed;Normal;Not a Pedestrian;No distancing;Slight Injury
16:38:00;Wednesday;31-50;Male;Junior high school;Employee;1-2yr;;Owner;;;Other;Two-way (divided with broken lines road marking);Tangent road with flat terrain;Y Shape;Asphalt roads;Dry;Daylight;Normal;Collision with pedestrians;2;2;Going straight;na;na;na;na;;;Not a Pedestrian;No distancing;Slight Injury
16:38:00;Wednesday;Unknown;Female;Junior high school;Employee;Above 10yr;;Owner;;;;;Tangent road with flat terrain;Y Shape;Asphalt roads;Dry;Daylight;Normal;Collision with pedestrians;2;2;Going straight;Driver or rider;Male;18-30;3;;;Not a Pedestrian;Changing lane to the left;Slight Injury
10:01:00;Friday;Over 51;Male;Junior high school;Owner;Above 10yr;Lorry (41?100Q);Governmental;2-5yrs;;Residential areas;Two-way (divided with broken lines road marking);;Y Shape;Asphalt roads;Dry;Daylight;Normal;Vehicle with vehicle collision;2;2;Going straight;na;na;na;na;Self-employed;Normal;Not a Pedestrian;Changing lane to the right;Serious Injury
10:01:00;Friday;18-30;Male;Junior high school;Employee;Above 10yr;Other;Owner;Below 1yr;; Church areas;Undivided Two way;Tangent road with flat terrain;Y Shape;Asphalt roads;Dry;Daylight;Normal;Vehicle with vehicle collision;2;2;Going straight;Driver or rider;Male;31-50;3;Employee;Normal;Not a Pedestrian;Driving carelessly;Serious Injury
10:01:00;Friday;18-30;Male;Junior high school;Employee;No Licence;Other;;;;Other;Undivided Two way;Tangent road with flat terrain;Y Shape;Asphalt roads;Dry;Daylight;Normal;Vehicle with vehicle collision;2;2;Going straight;Passenger;Female;Over 51;3;Other;Normal;Not a Pedestrian;No distancing;Serious Injury
11:30:00;Wednesday;31-50;Male;Junior high school;Employee;1-2yr;Automobile;Owner;Unknown;;Other;One way;Tangent road with flat terrain;Y Shape;Asphalt roads;Dry;Daylight;Normal;Vehicle with vehicle collision;4;2;Going straight;na;na;na;na;Employee;Normal;Not a Pedestrian;Changing lane to the left;Slight Injury
11:30:00;Wednesday;18-30;Male;Illiterate;Owner;1-2yr;Other;Owner;Unknown;No defect;Residential areas;Two-way (divided with broken lines road marking);Tangent road with flat terrain;Y Shape;Asphalt roads;Dry;Daylight;Normal;Vehicle with vehicle collision;4;2;Going straight;Driver or rider;Female;31-50;3;;;Not a Pedestrian;Moving Backward;Slight Injury
11:30:00;Wednesday;Over 51;Male;Junior high school;Owner;Below 1yr;Automobile;Owner;Unknown;;Office areas;One way;Tangent road with flat terrain;Y Shape;Asphalt roads;Dry;Daylight;Normal;Collision with roadside objects;4;2;Moving Backward;Pedestrian;Male;Over 51;3;Employee;Normal;Crossing from nearside - masked by parked or statioNot a Pedestrianry vehicle;No distancing;Slight Injury
11:30:00;Wednesday;Unknown;Male;Junior high school;Owner;1-2yr;Public (13?45 seats);Owner;Unknown;No defect; Industrial areas;Two-way (divided with broken lines road marking);Tangent road with flat terrain;Y Shape;Asphalt roads;Dry;Daylight;Normal;Vehicle with vehicle collision;4;2;Going straight;Pedestrian;Female;Over 51;3;;;Not a Pedestrian;No priority to pedestrian;Slight Injury
15:40:00;Tuesday;Unknown;Male;Junior high school;Owner;2-5yr;Lorry (41?100Q);Governmental;;No defect;Residential areas;Double carriageway (median);Tangent road with flat terrain;Y Shape;Asphalt roads;Dry;Daylight;Normal;Vehicle with vehicle collision;2;2;Going straight;na;na;na;na;Employee;Normal;Not a Pedestrian;Changing lane to the left;Slight Injury
15:40:00;Tuesday;18-30;Male;Unknown;Owner;5-10yr;;Owner;;No defect;Office areas;Unknown;Tangent road with flat terrain;Y Shape;Asphalt roads;Dry;Daylight;Normal;Vehicle with vehicle collision;2;2;Going straight;Driver or rider;Male;18-30;3;Employee;Normal;Not a Pedestrian;No distancing;Slight Injury
15:40:00;Tuesday;18-30;Male;Unknown;Owner;Above 10yr;Automobile;Owner;2-5yrs;;Other;;Tangent road with flat terrain;Y Shape;Asphalt roads;Dry;Daylight;Normal;Vehicle with vehicle collision;2;2;;Driver or rider;Male;Over 51;3;Employee;Normal;Not a Pedestrian;Driving carelessly;Slight Injury
12:04:00;Sunday;31-50;Male;Junior high school;Owner;2-5yr;;Owner;Unknown;; Church areas;other;Tangent road with flat terrain;Y Shape;Asphalt roads;Dry;Daylight;Normal;Vehicle with vehicle collision;2;2;Turnover;Passenger;Male;18-30;3;Driver;Normal;Not a Pedestrian;No priority to vehicle;Slight Injury
12:04:00;Sunday;31-50;Male;Elementary school;Owner;Above 10yr;Lorry (41?100Q);Owner;Above 10yr;; Industrial areas;;Tangent road with flat terrain;Y Shape;Asphalt roads;Dry;Daylight;Normal;Vehicle with vehicle collision;2;2;Going straight;na;na;na;na;Driver;Normal;Not a Pedestrian;Changing lane to the right;Slight Injury
10:21:00;Monday;18-30;Male;Writing & reading;Owner;5-10yr;;Owner;Unknown;No defect;  Recreational areas;One way;Tangent road with flat terrain;No junction;Gravel roads;Dry;Daylight;Normal;Vehicle with vehicle collision;3;2;Going straight;Driver or rider;Male;18-30;3;Student;Normal;Not a Pedestrian;Moving Backward;Slight Injury
10:21:00;Monday;31-50;Male;;Owner;;Lorry (41?100Q);Owner;Unknown;No defect;  Market areas;Undivided Two way;Tangent road with flat terrain;No junction;Asphalt roads;Dry;Daylight;Normal;Vehicle with vehicle collision;3;2;Going straight;na;na;na;na;Driver;Normal;Not a Pedestrian;No priority to vehicle;Slight Injury
10:21:00;Monday;31-50;Male;Junior high school;Owner;5-10yr;Taxi;Owner;Unknown;No defect;Other;Two-way (divided with broken lines road marking);Tangent road with flat terrain;No junction;Gravel roads;Dry;Daylight;Normal;Vehicle with vehicle collision;3;2;Going straight;Driver or rider;Male;18-30;3;Self-employed;Normal;Not a Pedestrian;No priority to pedestrian;Slight Injury
10:21:00;Monday;31-50;Male;Junior high school;Owner;Below 1yr;Lorry (41?100Q);Owner;Unknown;;Other;Two-way (divided with broken lines road marking);Tangent road with flat terrain;No junction;Asphalt roads;Dry;Daylight;Normal;Vehicle with vehicle collision;3;2;Going straight;na;na;na;na;;;Not a Pedestrian;Changing lane to the left;Slight Injury
20:50:00;Monday;31-50;Male;Junior high school;Owner;2-5yr;Lorry (41?100Q);Owner;Unknown;No defect; Industrial areas;Two-way (divided with broken lines road marking);;Y Shape;Asphalt roads;Dry;Darkness - lights lit;Normal;Vehicle with vehicle collision;1;1;Going straight;Passenger;Male;18-30;3;;;Not a Pedestrian;Changing lane to the left;Fatal injury