Time;Day_of_week;Age_band_of_driver;Sex_of_driver;Educational_level;Vehicle_driver_relation;Driving_experience;Type_of_vehicle;Owner_of_vehicle;Service_year_of_vehicle;Defect_of_vehicle;Area_accident_occured;Lanes_or_Medians;Road_allignment;Types_of_Junction;Road_surface_type;Road_surface_conditions;Light_conditions;Weather_conditions;Type_of_collision;Number_of_vehicles_involved;Number_of_casualties;Vehicle_movement;Casualty_class;Sex_of_casualty;Age_band_of_casualty;Casualty_severity;Work_of_casuality;Fitness_of_casuality;Pedestrian_movement;Cause_of_accident;Accident_severity
15:00:00;Tuesday;18-30;Male;Junior high school;Employee;1-2yr;Lorry (11?40Q);Owner;2-5yrs;No defect;Other;Two-way (divided with broken lines road marking);Tangent road with mild grade and flat terrain;Y Shape;Asphalt roads;Dry;Daylight;Other;Collision with animals;2;1;Going straight;Driver or rider;Male;31-50;3;Driver;;Not a Pedestrian;Changing lane to the right;Slight Injury
15:40:00;Thursday;18-30;Male;Above high school;Owner;1-2yr;Long lorry;Owner;;No defect;Residential areas;Two-way (divided with broken lines road marking);Tangent road with flat terrain;No junction;Asphalt roads;Dry;Daylight;Unknown;Collision with animals;2;2;Going straight;na;na;na;na;Driver;;Not a Pedestrian;Drunk driving;Slight Injury
15:40:00;Thursday;31-50;Male;Above high school;Employee;No Licence;Turbo;Owner;5-10yrs;No defect;Other;Undivided Two way;Tangent road with flat terrain;No junction;Asphalt roads;Dry;Daylight;Unknown;Vehicle with vehicle collision;2;2;Going straight;Driver or rider;Male;31-50;3;Driver;;Not a Pedestrian;Changing lane to the left;Slight Injury
15:40:00;Thursday;31-50;Male;Junior high school;Employee;1-2yr;Long lorry;Owner;Unknown;No defect;Other;Undivided Two way;Tangent road with flat terrain;No junction;Asphalt roads;Dry;Daylight;Unknown;Fall from vehicles;2;2;Going straight;Driver or rider;Female;31-50;3;Self-employed;Normal;Not a Pedestrian;Changing lane to the left;Slight Injury
11:22:00;Saturday;Under 18;Male;Junior high school;Employee;5-10yr;Long lorry;Owner;;; Church areas;Undivided Two way;Tangent road with flat terrain;No junction;Asphalt roads;Dry;Daylight;Normal;Collision with roadside-parked vehicles;2;1;Going straight;na;na;na;na;Driver;Normal;Not a Pedestrian;Driving to the left;Slight Injury
11:22:00;Saturday;31-50;Male;Junior high school;Employee;Above 10yr;Public (13?45 seats);Owner;1-2yr;5;Office areas;Undivided Two way;Tangent road with flat terrain;No junction;Asphalt roads;Dry;Daylight;Normal;Collision with roadside-parked vehicles;2;1;Going straight;Pedestrian;Male;Under 18;3;Other;Normal;Unknown or other;Changing lane to the left;Slight Injury
12:00:00;Saturday;Unknown;Male;Junior high school;Employee;Above 10yr;Automobile;Owner;Above 10yr;No defect;School areas;other;Tangent road with flat terrain;O Shape;Asphalt roads;Dry;Daylight;Unknown;Rollover;2;1;Other;Driver or rider;Female;18-30;3;;;Not a Pedestrian;Driving under the influence of drugs;Slight Injury
12:00:00;Saturday;Over 51;Male;Junior high school;Owner;5-10yr;Automobile;Owner;2-5yrs;No defect;Other;Undivided Two way;Tangent road with flat terrain;O Shape;Asphalt roads;Dry;Daylight;Unknown;Collision with animals;2;1;Moving Backward;na;na;na;na;Driver;Normal;Not a Pedestrian;No priority to pedestrian;Slight Injury
13:35:00;Monday;18-30;Male;Elementary school;Employee;2-5yr;Pick up upto 10Q;Owner;1-2yr;No defect;Office areas;Undivided Two way;Tangent road with flat terrain;Y Shape;Asphalt roads;Dry;Daylight;Normal;Collision with animals;2;1;Other;Passenger;Female;31-50;3;Self-employed;Normal;Not a Pedestrian;Changing lane to the left;Serious Injury
13:35:00;Monday;18-30;Male;Junior high school;Employee;2-5yr;;Owner;1-2yr;No defect;Residential areas;other;Steep grade downward with mountainous terrain;Y Shape;Asphalt roads;Dry;Daylight;Normal;Fall from vehicles;2;1;Going straight;Driver or rider;Male;18-30;3;Self-employed;Normal;Not a Pedestrian;Moving Backward;Serious Injury
15:32:00;Wednesday;18-30;Male;Junior high school;Employee;Below 1yr;Stationwagen;Owner;1-2yr;No defect; Industrial areas;One way;Tangent road with flat terrain;Y Shape;Asphalt roads;Dry;Daylight;Normal;Collision with roadside-parked vehicles;1;1;Going straight;na;na;na;na;Self-employed;Normal;Not a Pedestrian;No distancing;Slight Injury
15:55:00;Tuesday;31-50;Unknown;Junior high school;Employee;2-5yr;;Owner;2-5yrs;No defect;Other;Undivided Two way;Tangent road with flat terrain;No junction;Asphalt roads;Wet or damp;Daylight;Raining;Collision with animals;2;2;Going straight;na;na;na;na;;Other;Not a Pedestrian;Changing lane to the right;Slight Injury
15:55:00;Tuesday;18-30;Male;Junior high school;Employee;2-5yr;Automobile;Owner;1-2yr;No defect;Residential areas;Undivided Two way;Tangent road with flat terrain;No junction;Asphalt roads;Wet or damp;Daylight;Raining;Collision with animals;2;2;Other;Driver or rider;Male;5;3;Driver;Blind;Not a Pedestrian;No priority to vehicle;Slight Injury
15:55:00;Tuesday;18-30;Male;Elementary school;Employee;5-10yr;Automobile;Owner;1-2yr;No defect;  Recreational areas;Two-way (divided with broken lines road marking);Tangent road with flat terrain;No junction;Asphalt roads;Wet or damp;Daylight;Raining;Collision with pedestrians;2;2;Going straight;Pedestrian;Male;Over 51;3;Driver;Normal;Not a Pedestrian;Moving Backward;Slight Injury
08:35:00;Monday;Unknown;Male;Junior high school;Employee;Above 10yr;Long lorry;Owner;Unknown;7;Office areas;other;Tangent road with flat terrain;Other;Asphalt roads;Dry;Daylight;Unknown;Vehicle with vehicle collision;2;1;;Driver or rider;Male;31-50;3;Self-employed;Normal;Not a Pedestrian;Overtaking;Slight Injury
08:35:00;Monday;18-30;Male;;;;Public (13?45 seats);Owner;;No defect; Outside rural areas;Two-way (divided with broken lines road marking);Tangent road with flat terrain;Other;Asphalt roads;Dry;Daylight;Unknown;Vehicle with vehicle collision;2;1;Going straight;Pedestrian;Male;Under 18;3;Driver;Normal;Not a Pedestrian;Changing lane to the left;Slight Injury
19:50:00;Friday;Unknown;Male;Junior high school;Employee;2-5yr;Public (13?45 seats);Owner;1-2yr;No defect; Outside rural areas;Two-way (divided with broken lines road marking);Tangent road with flat terrain;Y Shape;Asphalt roads;Dry;Daylight;Normal;Collision with pedestrians;2;1;Going straight;na;na;na;na;Driver;Normal;Not a Pedestrian;Changing lane to the right;Slight Injury
19:50:00;Friday;Under 18;Male;Junior high school;Employee;5-10yr;Lorry (11?40Q);Owner;1-2yr;No defect; Outside rural areas;Undivided Two way;Tangent road with flat terrain;Y Shape;Asphalt roads;Dry;Daylight;Normal;Vehicle with vehicle collision;2;1;Going straight;Driver or rider;Male;31-50;3;Driver;Normal;Not a Pedestrian;Overtaking;Slight Injury
07:15:00;Thursday;Over 51;Male;Above high school;Employee;2-5yr;Lorry (11?40Q);Governmental;Below 1yr;No defect; Outside rural areas;Undivided Two way;Tangent road with flat terrain;Unknown;Asphalt roads;Wet or damp;Daylight;Raining;Collision with roadside objects;1;1;Going straight;Passenger;Female;31-50;3;Driver;Normal;Not a Pedestrian;Overloading;Slight Injury
15:11:00;Friday;18-30;Male;;;;Pick up upto 10Q;Owner;;No defect; Outside rural areas;other;Steep grade downward with mountainous terrain;No junction;Asphalt roads;Dry;Daylight;Normal;Vehicle with vehicle collision;1;1;Moving Backward;Driver or rider;Male;31-50;3;Driver;Normal;Not a Pedestrian;Other;Serious Injury
17:45:00;Wednesday;Over 51;Male;;Employee;1-2yr;Automobile;Owner;;No defect;School areas;other;Steep grade downward with mountainous terrain;Y Shape;Asphalt roads;Dry;Daylight;Unknown;Vehicle with vehicle collision;2;1;Moving Backward;na;na;na;na;Driver;Normal;Not a Pedestrian;No priority to vehicle;Slight Injury
17:45:00;Wednesday;18-30;Male;Junior high school;Employee;2-5yr;Automobile;Owner;Above 10yr;No defect; Outside rural areas;Two-way (divided with broken lines road marking);Tangent road with flat terrain;Y Shape;Asphalt roads;Dry;Daylight;Unknown;Vehicle with vehicle collision;2;1;Going straight;na;na;na;na;;Normal;Not a Pedestrian;Changing lane to the right;Slight Injury
14:30:00;Friday;31-50;Male;Junior high school;Employee;Above 10yr;Automobile;Owner;;No defect; Outside rural areas;Undivided Two way;Tangent road with flat terrain;Y Shape;;Wet or damp;Daylight;Other;Rollover;2;1;Going straight;Driver or rider;Male;18-30;3;Employee;Normal;Not a Pedestrian;Moving Backward;Serious Injury
14:30:00;Friday;18-30;Male;Junior high school;Employee;Below 1yr;Long lorry;Owner;;No defect; Outside rural areas;Two-way (divided with broken lines road marking);Escarpments;Y Shape;Asphalt roads;Wet or damp;Daylight;Other;Vehicle with vehicle collision;2;1;Turnover;Passenger;Female;18-30;3;;;Not a Pedestrian;Changing lane to the left;Serious Injury
20:40:00;Sunday;18-30;Male;Junior high school;Employee;2-5yr;Long lorry;Owner;2-5yrs;No defect; Outside rural areas;Two-way (divided with broken lines road marking);Tangent road with mountainous terrain and;No junction;Asphalt roads;Dry;Daylight;Normal;Vehicle with vehicle collision;1;1;Going straight;Passenger;Female;Over 51;3;Driver;Normal;Not a Pedestrian;No priority to pedestrian;Slight Injury
07:18:00;Thursday;Over 51;Male;Junior high school;Employee;Below 1yr;Automobile;Owner;2-5yrs;No defect;Office areas;Undivided Two way;Tangent road with mountainous terrain and;No junction;Asphalt roads;Wet or damp;Daylight;Normal;Vehicle with vehicle collision;2;1;Going straight;na;na;na;na;Self-employed;Normal;Not a Pedestrian;No distancing;Slight Injury
07:18:00;Thursday;Over 51;Male;High school;Employee;5-10yr;Stationwagen;Owner;2-5yrs;No defect; Outside rural areas;Undivided Two way;Tangent road with mountainous terrain and;No junction;Asphalt roads;Wet or damp;Daylight;Normal;Collision with pedestrians;2;1;Going straight;Driver or rider;Male;18-30;3;Self-employed;Normal;Not a Pedestrian;No priority to vehicle;Slight Injury
17:07:00;Wednesday;Over 51;Male;Above high school;Employee;1-2yr;;Owner;;No defect; Outside rural areas;Undivided Two way;Tangent road with mountainous terrain and;Y Shape;Asphalt roads;Dry;Daylight;Normal;Vehicle with vehicle collision;1;1;Going straight;Pedestrian;Female;18-30;3;;;Not a Pedestrian;No distancing;Slight Injury
13:45:00;Thursday;Unknown;Male;Junior high school;Employee;Below 1yr;Other;Owner;2-5yrs;No defect; Outside rural areas;Undivided Two way;Tangent road with flat terrain;No junction;Asphalt roads;Dry;Daylight;Normal;Collision with roadside objects;2;1;Going straight;Driver or rider;Male;31-50;3;Self-employed;Normal;Not a Pedestrian;No distancing;Slight Injury
13:45:00;Thursday;Over 51;Male;;;;Special vehicle;Owner;;No defect;Office areas;Undivided Two way;Tangent road with flat terrain;No junction;Asphalt roads;Dry;Daylight;Normal;Vehicle with vehicle collision;2;1;Going straight;Driver or rider;Male;31-50;3;;;Not a Pedestrian;Moving Backward;Slight Injury
18:40:00;Friday;31-50;Male;High school;Employee;Below 1yr;Lorry (41?100Q);Owner;;No defect;  Recreational areas;Undivided Two way;Tangent road with flat terrain;Y Shape;Asphalt roads;Dry;Darkness - lights lit;Normal;Rollover;2;4;Going straight;na;na;na;na;Self-employed;Normal;Not a Pedestrian;Changing lane to the right;Slight Injury
18:40:00;Friday;18-30;Male;High school;Employee;Below 1yr;Pick up upto 10Q;Owner;Above 10yr;No defect;Office areas;Undivided Two way;Tangent road with flat terrain;Y Shape;Asphalt roads;Dry;Darkness - lights lit;Normal;Vehicle with vehicle collision;2;4;Going straight;Driver or rider;Male;18-30;3;Driver;Normal;Not a Pedestrian;No priority to pedestrian;Slight Injury
18:40:00;Friday;18-30;Male;;;;Lorry (11?40Q);Owner;2-5yrs;No defect;Other;Two-way (divided with broken lines road marking);Tangent road with mild grade and flat terrain;Y Shape;Asphalt roads;Dry;Darkness - lights lit;Normal;Vehicle with vehicle collision;2;4;;na;na;na;na;Self-employed;Normal;Not a Pedestrian;Moving Backward;Slight Injury
18:40:00;Friday;18-30;Male;High school;Employee;2-5yr;Lorry (41?100Q);Owner;Above 10yr;No defect;Residential areas;Two-way (divided with broken lines road marking);Tangent road with flat terrain;Y Shape;Asphalt roads;Dry;Darkness - lights lit;Normal;Vehicle with vehicle collision;2;4;Other;Driver or rider;Male;31-50;3;Self-employed;Normal;Not a Pedestrian;Getting off the vehicle improperly;Slight Injury
06:53:00;Wednesday;18-30;Male;Junior high school;Employee;Above 10yr;Motorcycle;Owner;Above 10yr;No defect;Residential areas;other;Tangent road with flat terrain;No junction;Asphalt roads;Wet or damp;Daylight;Raining and Windy;Vehicle with vehicle collision;1;1;Getting off;Driver or rider;Male;18-30;3;Self-employed;Normal;Not a Pedestrian;Overtaking;Slight Injury
16:10:00;Monday;18-30;Male;Junior high school;Employee;Above 10yr;Automobile;Owner;;No defect;Residential areas;Undivided Two way;Tangent road with flat terrain;Y Shape;Asphalt roads;Dry;Daylight;Normal;Vehicle with vehicle collision;2;2;Going straight;Pedestrian;Female;Over 51;3;Driver;Normal;Not a Pedestrian;Overloading;Slight Injury
16:10:00;Monday;18-30;Male;Junior high school;Employee;5-10yr;Automobile;Owner;Above 10yr;No defect;Other;Undivided Two way;Tangent road with flat terrain;Y Shape;Asphalt roads;Dry;Daylight;Normal;Collision with roadside objects;2;2;Going straight;Driver or rider;Female;5;3;Employee;Normal;Not a Pedestrian;Changing lane to the right;Slight Injury
16:10:00;Monday;Over 51;Male;Junior high school;Employee;1-2yr;Automobile;Owner;;No defect;Office areas;Two-way (divided with broken lines road marking);Tangent road with flat terrain;Y Shape;Asphalt roads;Dry;Daylight;Normal;Vehicle with vehicle collision;2;2;Going straight;Passenger;Female;18-30;3;;Normal;Not a Pedestrian;Improper parking;Slight Injury
08:39:00;Monday;18-30;Male;Unknown;Employee;Below 1yr;Stationwagen;Owner;;;Other;Two-way (divided with broken lines road marking);Tangent road with flat terrain;Y Shape;Asphalt roads;Dry;Daylight;Normal;Vehicle with vehicle collision;1;1;Other;Driver or rider;Male;Under 18;3;;;Not a Pedestrian;Other;Slight Injury
13:30:00;Tuesday;18-30;Male;Junior high school;Employee;Below 1yr;;Owner;Above 10yr;;Other;other;Tangent road with flat terrain;Other;Asphalt roads;Dry;Daylight;Normal;Collision with roadside objects;2;1;Going straight;Passenger;Female;Under 18;3;;;Not a Pedestrian;Changing lane to the left;Slight Injury
13:30:00;Tuesday;31-50;Male;High school;Employee;2-5yr;Public (> 45 seats);Owner;5-10yrs;;Office areas;Two-way (divided with broken lines road marking);Tangent road with flat terrain;Other;Asphalt roads;Dry;Daylight;Normal;Collision with roadside objects;2;1;Moving Backward;na;na;na;na;;;Not a Pedestrian;Changing lane to the right;Slight Injury
19:10:00;Monday;31-50;Male;Junior high school;Owner;1-2yr;Public (> 45 seats);Owner;Below 1yr;; Church areas;other;Tangent road with flat terrain;No junction;Asphalt roads;Dry;Daylight;Normal;Vehicle with vehicle collision;2;2;Other;na;na;na;na;Self-employed;Normal;Not a Pedestrian;No priority to pedestrian;Serious Injury
19:10:00;Monday;18-30;Male;Junior high school;Employee;5-10yr;Stationwagen;Owner;Unknown;No defect;Other;Two-way (divided with broken lines road marking);Tangent road with flat terrain;No junction;Asphalt roads;Dry;Daylight;Normal;Vehicle with vehicle collision;2;2;Going straight;Driver or rider;Male;31-50;3;Driver;Normal;Not a Pedestrian;Overspeed;Serious Injury
17:15:00;Thursday;Unknown;Male;Elementary school;Employee;2-5yr;Automobile;Owner;;;Other;One way;Tangent road with flat terrain;No junction;Asphalt roads;Dry;Daylight;Normal;Vehicle with vehicle collision;2;1;Going straight;Driver or rider;Male;31-50;3;;;Not a Pedestrian;Changing lane to the left;Slight Injury
17:15:00;Thursday;18-30;Male;Elementary school;Owner;5-10yr;Bicycle;Owner;;;Office areas;Double carriageway (median);Tangent road with flat terrain;No junction;Asphalt roads;Dry;Daylight;Normal;Vehicle with vehicle collision;2;1;Going straight;na;na;na;na;;;Not a Pedestrian;No priority to vehicle;Slight Injury
10:25:00;Sunday;18-30;Male;Junior high school;Employee;Above 10yr;Automobile;Owner;;;Office areas;One way;Tangent road with mild grade and flat terrain;No junction;Asphalt roads;Dry;Daylight;Normal;Collision with roadside objects;2;4;;Driver or rider;Male;18-30;3;Driver;Normal;Not a Pedestrian;Changing lane to the right;Slight Injury
10:25:00;Sunday;18-30;Male;Junior high school;Employee;5-10yr;Lorry (41?100Q);Owner;;;Office areas;Undivided Two way;Tangent road with flat terrain;No junction;Asphalt roads;Dry;Daylight;Normal;Vehicle with vehicle collision;2;4;Going straight;Driver or rider;Male;18-30;3;Driver;Normal;Not a Pedestrian;No distancing;Slight Injury
10:25:00;Sunday;18-30;Male;High school;Employee;5-10yr;Automobile;Owner;;No defect;Office areas;Double carriageway (median);Tangent road with flat terrain;No junction;Asphalt roads;Dry;Daylight;Normal;Vehicle with vehicle collision;2;4;Going straight;Driver or rider;Male;31-50;3;Self-employed;Normal;Not a Pedestrian;No priority to pedestrian;Slight Injury
10:25:00;Sunday;31-50;Male;Junior high school;Employee;5-10yr;Public (13?45 seats);Owner;Unknown;;;Two-way (divided with broken lines road marking);Tangent road with flat terrain;No junction;Asphalt roads;Dry;Daylight;Normal;Vehicle with vehicle collision;2;4;Going straight;Driver or rider;Male;18-30;3;Driver;Normal;Not a Pedestrian;No distancing;Slight Injury
20:40:00;Thursday;Under 18;Male;Junior high school;Employee;Above 10yr;Special vehicle;Owner;Below 1yr;;Office areas;Undivided Two way;Tangent road with flat terrain;Y Shape;Asphalt roads;Wet or damp;Darkness - lights lit;Raining;Vehicle with vehicle collision;2;5;Going straight;na;na;na;na;Driver;Normal;Not a Pedestrian;No priority to vehicle;Slight Injury
20:40:00;Thursday;Under 18;Male;Junior high school;;1-2yr;Automobile;Owner;Unknown;;Other;;Tangent road with flat terrain;Y Shape;Asphalt roads;Wet or damp;Darkness - lights lit;Raining;Vehicle with vehicle collision;2;5;Going straight;Driver or rider;Male;18-30;3;Self-employed;Normal;Not a Pedestrian;Other;Slight Injury
20:40:00;Thursday;Under 18;Male;Junior high school;Employee;2-5yr;Public (13?45 seats);Owner;;;Other;Double carriageway (median);Tangent road with flat terrain;Y Shape;Gravel roads;Wet or damp;Darkness - lights lit;Raining;Vehicle with vehicle collision;2;5;Going straight;na;na;na;na;Self-employed;Normal;Not a Pedestrian;Driving carelessly;Slight Injury
20:40:00;Thursday;18-30;Male;Junior high school;Employee;1-2yr;;Governmental;Unknown;;Other;Two-way (divided with broken lines road marking);Tangent road with flat terrain;Y Shape;Asphalt roads;Wet or damp;Darkness - lights lit;Raining;Collision with roadside objects;2;5;Going straight;Pedestrian;Female;Under 18;3;Driver;Normal;Not a Pedestrian;Changing lane to the left;Slight Injury
20:40:00;Thursday;18-30;Male;;;;Lorry (41?100Q);Owner;;;Office areas;;Tangent road with flat terrain;Y Shape;Asphalt roads;Wet or damp;Darkness - lights lit;Raining;Vehicle with vehicle collision;2;5;Going straight;Pedestrian;Female;Under 18;3;Self-employed;Normal;Not a Pedestrian;Driving carelessly;Slight Injury
15:20:00;Friday;18-30;Male;Elementary school;Employee;5-10yr;Lorry (41?100Q);Owner;;;Office areas;;Tangent road with flat terrain;No junction;Asphalt roads;Dry;Daylight;Unknown;Collision with pedestrians;2;1;Going straight;na;na;na;na;;;Not a Pedestrian;Changing lane to the left;Slight Injury
15:20:00;Friday;31-50;Male;Junior high school;Employee;5-10yr;Public (12 seats);Owner;;;Office areas;Two-way (divided with broken lines road marking);Tangent road with flat terrain;No junction;Asphalt roads;Dry;Daylight;Unknown;Collision with roadside objects;2;1;Going straight;Driver or rider;Male;31-50;3;;;Not a Pedestrian;No priority to vehicle;Slight Injury
14:38:00;Tuesday;Unknown;Female;Junior high school;Employee;Above 10yr;Lorry (41?100Q);Governmental;;No defect;Office areas;Two-way (divided with broken lines road marking);Tangent road with flat terrain;No junction;Asphalt roads;Dry;Daylight;Normal;Collision with roadside objects;4;1;Going straight;Pedestrian;Male;Under 18;3;;;Not a Pedestrian;No distancing;Slight Injury
14:38:00;Tuesday;Unknown;Female;Junior high school;Employee;2-5yr;Lorry (41?100Q);Owner;2-5yrs;; Church areas;Undivided Two way;Tangent road with flat terrain;No junction;Asphalt roads;Dry;Daylight;Normal;Vehicle with vehicle collision;4;1;;na;na;na;na;Self-employed;Normal;Not a Pedestrian;Changing lane to the right;Slight Injury
14:38:00;Tuesday;18-30;Male;Junior high school;Owner;Above 10yr;Public (12 seats);Governmental;;;Office areas;Two-way (divided with broken lines road marking);Tangent road with flat terrain;No junction;Asphalt roads;Dry;Daylight;Normal;Rollover;4;1;Going straight;Driver or rider;Male;18-30;3;Driver;Normal;Not a Pedestrian;Changing lane to the right;Slight Injury
14:38:00;Tuesday;31-50;Male;Junior high school;Employee;2-5yr;Public (> 45 seats);Governmental;Unknown;;Residential areas;Two-way (divided with broken lines road marking);Tangent road with flat terrain;No junction;Asphalt roads;Dry;Daylight;Normal;Vehicle with vehicle collision;4;1;Going straight;Pedestrian;Male;5;3;Employee;Normal;Not a Pedestrian;Driving at high speed;Slight Injury
12:00:00;Wednesday;Over 51;Male;Elementary school;Other;5-10yr;Automobile;Owner;;;School areas;Two-way (divided with broken lines road marking);Tangent road with flat terrain;Y Shape;Asphalt roads;Dry;Daylight;Unknown;Vehicle with vehicle collision;2;1;Going straight;Driver or rider;Female;31-50;3;Driver;Normal;Not a Pedestrian;No distancing;Slight Injury
12:00:00;Wednesday;Unknown;Male;Elementary school;Employee;5-10yr;Pick up upto 10Q;Owner;Unknown;;Office areas;Undivided Two way;Tangent road with flat terrain;Y Shape;Asphalt roads with some distress;Dry;Daylight;Unknown;Vehicle with vehicle collision;2;1;Going straight;na;na;na;na;Driver;Normal;Not a Pedestrian;Changing lane to the right;Slight Injury
16:15:00;Friday;31-50;Male;Junior high school;;5-10yr;Stationwagen;Owner;5-10yrs;;Other;Undivided Two way;Tangent road with flat terrain;Crossing;Asphalt roads;Dry;Daylight;Normal;Vehicle with vehicle collision;2;1;Turnover;Pedestrian;Female;18-30;3;Driver;Normal;Not a Pedestrian;Changing lane to the left;Slight Injury
16:15:00;Friday;18-30;Male;Junior high school;Employee;5-10yr;Other;Owner;;;Other;Double carriageway (median);Tangent road with flat terrain;Crossing;Asphalt roads;Dry;Daylight;Normal;Vehicle with vehicle collision;2;1;Moving Backward;Driver or rider;Male;31-50;3;Driver;Normal;Not a Pedestrian;Getting off the vehicle improperly;Slight Injury
10:30:00;Wednesday;31-50;Male;Elementary school;Employee;Above 10yr;;Governmental;;No defect;Other;Double carriageway (median);Tangent road with flat terrain;Other;Asphalt roads;Dry;Daylight;Normal;Vehicle with vehicle collision;1;1;Going straight;na;na;na;na;Driver;Normal;Not a Pedestrian;Other;Slight Injury
00:30:00;Saturday;Unknown;Male;Junior high school;;Below 1yr;Automobile;Owner;5-10yrs;No defect;Other;Two-way (divided with broken lines road marking);Tangent road with flat terrain;No junction;Asphalt roads;Dry;Darkness - lights lit;Normal;Vehicle with vehicle collision;2;2;Going straight;na;na;na;na;Driver;Normal;Not a Pedestrian;Other;Slight Injury
00:30:00;Saturday;31-50;Male;Junior high school;Employee;5-10yr;Stationwagen;Owner;Unknown;No defect;Office areas;Double carriageway (median);Tangent road with mild grade and flat terrain;No junction;Asphalt roads;Dry;Darkness - lights lit;Normal;Vehicle with vehicle collision;2;2;Moving Backward;Driver or rider;Male;18-30;3;Employee;Normal;Not a Pedestrian;No distancing;Slight Injury
00:30:00;Saturday;31-50;Male;Elementary school;Employee;1-2yr;Pick up upto 10Q;Owner;;;Office areas;Two-way (divided with broken lines road marking);Tangent road with flat terrain;No junction;Asphalt roads;Dry;Darkness - lights lit;Normal;Collision with roadside objects;2;2;Going straight;na;na;na;na;Driver;Normal;Not a Pedestrian;No priority to vehicle;Slight Injury
18:47:00;Friday;18-30;Male;;;;Lorry (41?100Q);Owner;;;Office areas;;Tangent road with mild grade and flat terrain;No junction;Asphalt roads;Wet or damp;Daylight;Raining;Vehicle with vehicle collision;3;1;Moving Backward;Driver or rider;Male;18-30;3;Employee;Normal;Not a Pedestrian;Overtaking;Slight Injury
18:47:00;Friday;31-50;Male;Junior high school;Employee;Above 10yr;Automobile;Owner;;;Office areas;;Tangent road with mild grade and flat terrain;No junction;Asphalt roads;Wet or damp;Daylight;Raining;Vehicle with vehicle collision;3;1;Going straight;na;na;na;na;Self-employed;Normal;Not a Pedestrian;No priority to pedestrian;Slight Injury
18:47:00;Friday;31-50;Male;High school;Owner;2-5yr;;Owner;;;Office areas;One way;Tangent road with flat terrain;No junction;Asphalt roads;Wet or damp;Daylight;Raining;Vehicle with vehicle collision;3;1;Going straight;Driver or rider;Male;18-30;3;Driver;Normal;Not a Pedestrian;No distancing;Slight Injury
17:40:00;Thursday;31-50;Male;Junior high school;Employee;1-2yr;Lorry (41?100Q);;;;Office areas;Two-way (divided with broken lines road marking);Tangent road with flat terrain;Y Shape;Asphalt roads;Dry;Daylight;Normal;Vehicle with vehicle collision;2;2;Going straight;Driver or rider;Male;31-50;3;Driver;Normal;Not a Pedestrian;Changing lane to the right;Slight Injury
17:40:00;Thursday;Under 18;Male;Junior high school;Employee;1-2yr;Lorry (41?100Q);Owner;;;Office areas;;Tangent road with flat terrain;Y Shape;Asphalt roads;Dry;Daylight;Normal;Collision with pedestrians;2;2;Other;na;na;na;na;Self-employed;Normal;Not a Pedestrian;Driving carelessly;Slight Injury
13:00:00;Friday;Unknown;Male;Above high school;Owner;2-5yr;Lorry (41?100Q);Owner;5-10yrs;;Other;Undivided Two way;Tangent road with flat terrain;Y Shape;Asphalt roads;Dry;Daylight;Normal;Vehicle with vehicle collision;3;1;Other;Driver or rider;Male;Under 18;3;Self-employed;Normal;Not a Pedestrian;Changing lane to the right;Slight Injury
13:00:00;Friday;Unknown;Male;;;;Pick up upto 10Q;Owner;;No defect;Other;Two-way (divided with broken lines road marking);Tangent road with flat terrain;Y Shape;Asphalt roads;Dry;Daylight;Normal;Vehicle with vehicle collision;3;1;Going straight;na;na;na;na;Driver;Normal;Not a Pedestrian;Overtaking;Slight Injury
13:00:00;Friday;18-30;Male;Elementary school;Owner;2-5yr;Pick up upto 10Q;;2-5yrs;No defect;Residential areas;Two-way (divided with broken lines road marking);Tangent road with flat terrain;Y Shape;Asphalt roads;Dry;Daylight;Normal;Vehicle with vehicle collision;3;1;Reversing;Driver or rider;Male;31-50;3;Driver;Normal;Not a Pedestrian;Other;Slight Injury
16:15:00;Friday;Unknown;Male;Junior high school;Employee;1-2yr;Automobile;Owner;;No defect;Other;Two-way (divided with broken lines road marking);Tangent road with flat terrain;Y Shape;Asphalt roads;Dry;Daylight;Normal;Vehicle with vehicle collision;1;1;Going straight;na;na;na;na;Self-employed;Normal;Not a Pedestrian;Driving to the left;Slight Injury
11:55:00;Wednesday;Unknown;Male;;Owner;5-10yr;Other;Owner;5-10yrs;No defect;Other;Two-way (divided with broken lines road marking);Tangent road with flat terrain;No junction;Asphalt roads;Dry;Daylight;Unknown;Vehicle with vehicle collision;2;1;Going straight;Driver or rider;Male;Over 51;3;Self-employed;Normal;Not a Pedestrian;Driving at high speed;Slight Injury
11:55:00;Wednesday;Under 18;Male;Junior high school;Employee;Below 1yr;;Governmental;;No defect;Other;Two-way (divided with broken lines road marking);Tangent road with flat terrain;No junction;Asphalt roads;Dry;Daylight;Unknown;Vehicle with vehicle collision;2;1;Going straight;na;na;na;na;Driver;Normal;Not a Pedestrian;Unknown;Slight Injury
10:40:00;Wednesday;Unknown;Female;Junior high school;Employee;2-5yr;Automobile;Owner;5-10yrs;;Other;Undivided Two way;Tangent road with flat terrain;No junction;Asphalt roads;Dry;Daylight;Normal;Collision with roadside objects;2;1;Going straight;na;na;na;na;Driver;Normal;Not a Pedestrian;Changing lane to the right;Slight Injury