Time;Day_of_week;Age_band_of_driver;Sex_of_driver;Educational_level;Vehicle_driver_relation;Driving_experience;Type_of_vehicle;Owner_of_vehicle;Service_year_of_vehicle;Defect_of_vehicle;Area_accident_occured;Lanes_or_Medians;Road_allignment;Types_of_Junction;Road_surface_type;Road_surface_conditions;Light_conditions;Weather_conditions;Type_of_collision;Number_of_vehicles_involved;Number_of_casualties;Vehicle_movement;Casualty_class;Sex_of_casualty;Age_band_of_casualty;Casualty_severity;Work_of_casuality;Fitness_of_casuality;Pedestrian_movement;Cause_of_accident;Accident_severity
20:25:00;Saturday;18-30;Male;High school;Owner;Above 10yr;;Organization;5-10yrs;No defect; Hospital areas;Undivided Two way;Tangent road with mountainous terrain and;No junction;Asphalt roads with some distress;Dry;Daylight;Normal;Vehicle with vehicle collision;2;2;Going straight;na;na;na;na;Self-employed;Normal;Not a Pedestrian;Other;Slight Injury
07:49:00;Thursday;31-50;Male;Elementary school;Employee;1-2yr;Automobile;Owner;Above 10yr;No defect;Office areas;other;Tangent road with flat terrain;Y Shape;Asphalt roads;Dry;Daylight;Normal;Vehicle with vehicle collision;2;3;Going straight;Driver or rider;Male;18-30;3;;;Not a Pedestrian;Changing lane to the right;Serious Injury
07:49:00;Thursday;18-30;Male;Junior high school;Employee;Above 10yr;Lorry (11?40Q);Owner;2-5yrs;No defect;Other;Two-way (divided with broken lines road marking);Escarpments;Y Shape;Asphalt roads;Dry;Daylight;Normal;Collision with roadside objects;2;3;Going straight;Driver or rider;Male;18-30;3;Self-employed;Normal;Not a Pedestrian;Changing lane to the right;Serious Injury
07:49:00;Thursday;18-30;Male;;;;Lorry (41?100Q);Owner;1-2yr;;Office areas;Undivided Two way;Tangent road with flat terrain;Y Shape;Asphalt roads;Dry;Daylight;Normal;Collision with roadside objects;2;3;Other;na;na;na;na;Self-employed;Normal;Not a Pedestrian;Overtaking;Serious Injury
07:49:00;Thursday;18-30;Male;Junior high school;Owner;5-10yr;Pick up upto 10Q;Owner;2-5yrs;;Office areas;Two-way (divided with broken lines road marking);Tangent road with mountainous terrain and;Y Shape;Asphalt roads;Dry;Daylight;Normal;Vehicle with vehicle collision;2;3;Going straight;Passenger;Female;31-50;3;Self-employed;Normal;Not a Pedestrian;Other;Serious Injury
14:00:00;Monday;31-50;Male;Above high school;Employee;5-10yr;Lorry (11?40Q);Owner;;No defect;Other;Double carriageway (median);Steep grade downward with mountainous terrain;Y Shape;Asphalt roads;Dry;Daylight;Normal;Vehicle with vehicle collision;2;1;Reversing;Driver or rider;Male;Under 18;3;Driver;Normal;Not a Pedestrian;Driving to the left;Slight Injury
14:00:00;Monday;Unknown;Male;Junior high school;Employee;5-10yr;Stationwagen;Owner;1-2yr;No defect;Office areas;Undivided Two way;Tangent road with mild grade and flat terrain;Y Shape;Asphalt roads;Dry;Daylight;Normal;Vehicle with vehicle collision;2;1;Going straight;na;na;na;na;;;Not a Pedestrian;Overtaking;Slight Injury
08:20:00;Sunday;18-30;Male;Junior high school;Employee;Above 10yr;Other;Owner;;No defect;Residential areas;Undivided Two way;Tangent road with flat terrain;Y Shape;Asphalt roads;Dry;Daylight;Unknown;Vehicle with vehicle collision;1;1;Reversing;Driver or rider;Male;Over 51;3;Driver;Normal;Not a Pedestrian;No priority to vehicle;Slight Injury
15:55:00;Monday;Over 51;Male;Junior high school;Employee;1-2yr;Other;Owner;Unknown;;Other;Two-way (divided with broken lines road marking);Tangent road with flat terrain;Other;Asphalt roads;Dry;Daylight;Normal;Vehicle with vehicle collision;2;1;Going straight;na;na;na;na;Driver;Normal;Not a Pedestrian;Moving Backward;Slight Injury
15:55:00;Monday;31-50;Male;Junior high school;Employee;2-5yr;Lorry (11?40Q);Owner;2-5yrs;;Office areas;Double carriageway (median);Tangent road with flat terrain;Other;Asphalt roads;Dry;Daylight;Normal;Vehicle with vehicle collision;2;1;Reversing;na;na;na;na;Self-employed;Normal;Not a Pedestrian;Other;Slight Injury
13:15:00;Friday;Over 51;Male;Junior high school;Employee;Below 1yr;Automobile;Owner;5-10yrs;;Office areas;Undivided Two way;Tangent road with mountainous terrain and;Y Shape;Asphalt roads;Dry;Daylight;Normal;Vehicle with vehicle collision;2;2;;Driver or rider;Male;31-50;2;Driver;Normal;Not a Pedestrian;No priority to vehicle;Serious Injury
13:15:00;Friday;Over 51;Male;Junior high school;Employee;Above 10yr;Public (> 45 seats);;;;Office areas;other;Tangent road with flat terrain;Y Shape;Asphalt roads;Dry;Daylight;Normal;Vehicle with vehicle collision;2;2;Going straight;Driver or rider;Male;18-30;3;Driver;Normal;Not a Pedestrian;No priority to pedestrian;Serious Injury
13:15:00;Friday;Over 51;Male;Junior high school;Employee;1-2yr;Lorry (41?100Q);Owner;5-10yrs;No defect;Other;Two-way (divided with broken lines road marking);Tangent road with mild grade and flat terrain;Y Shape;Asphalt roads;Dry;Daylight;Normal;Vehicle with vehicle collision;2;2;Reversing;na;na;na;na;;;Not a Pedestrian;Changing lane to the right;Serious Injury
12:30:00;Friday;18-30;Male;Above high school;Employee;5-10yr;Public (> 45 seats);Owner;;No defect; Church areas;Undivided Two way;Tangent road with flat terrain;No junction;Asphalt roads;Dry;Daylight;Normal;Collision with roadside objects;1;1;Other;na;na;na;na;Driver;Normal;Not a Pedestrian;Changing lane to the right;Slight Injury
14:10:00;Wednesday;18-30;Male;Junior high school;Employee;5-10yr;;Owner;Unknown;No defect; Industrial areas;Undivided Two way;Tangent road with flat terrain;Y Shape;Asphalt roads;Dry;Daylight;Normal;Collision with roadside objects;2;1;Going straight;Driver or rider;Female;Under 18;3;Driver;Normal;Not a Pedestrian;Changing lane to the right;Slight Injury
14:10:00;Wednesday;Over 51;Male;Elementary school;Owner;Below 1yr;;Owner;1-2yr;No defect;Office areas;Double carriageway (median);Tangent road with flat terrain;Y Shape;Asphalt roads;Dry;Daylight;Normal;Collision with pedestrians;2;1;Going straight;Driver or rider;Male;18-30;3;Driver;Normal;Not a Pedestrian;Driving to the left;Slight Injury
10:34:00;Monday;31-50;Male;;;;Automobile;Owner;Unknown;No defect; Church areas;Undivided Two way;Tangent road with flat terrain;Crossing;Asphalt roads;Dry;Daylight;Normal;Vehicle with vehicle collision;1;1;Going straight;na;na;na;na;Driver;Normal;Not a Pedestrian;Changing lane to the left;Slight Injury
12:45:00;Wednesday;Under 18;Male;Junior high school;Employee;Above 10yr;Automobile;Owner;;;Office areas;Undivided Two way;Tangent road with flat terrain;No junction;Asphalt roads;Dry;Daylight;Normal;Vehicle with vehicle collision;1;1;Moving Backward;Passenger;Female;18-30;3;Driver;Normal;Not a Pedestrian;Moving Backward;Slight Injury
08:20:00;Sunday;18-30;Male;Junior high school;;;Lorry (41?100Q);Owner;;No defect;Office areas;other;Tangent road with flat terrain;Y Shape;Asphalt roads;Wet or damp;Daylight;Raining;Vehicle with vehicle collision;1;1;Going straight;na;na;na;na;Self-employed;Normal;Not a Pedestrian;Driving at high speed;Serious Injury
17:44:00;Saturday;Unknown;Male;Junior high school;Employee;1-2yr;Automobile;Owner;;;Residential areas;Two-way (divided with broken lines road marking);Tangent road with flat terrain;Y Shape;;Dry;Daylight;Normal;Vehicle with vehicle collision;2;1;Going straight;na;na;na;na;;;Not a Pedestrian;Moving Backward;Slight Injury
17:44:00;Saturday;31-50;Male;Junior high school;Owner;2-5yr;Public (13?45 seats);Owner;5-10yrs;;Office areas;Two-way (divided with broken lines road marking);Tangent road with flat terrain;Y Shape;Asphalt roads;Dry;Daylight;Normal;Vehicle with vehicle collision;2;1;Going straight;Pedestrian;Male;31-50;3;Self-employed;Normal;Not a Pedestrian;No distancing;Slight Injury
12:00:00;Saturday;18-30;Male;;Employee;unknown;Automobile;Owner;5-10yrs;;Residential areas;Undivided Two way;Tangent road with flat terrain;Crossing;Asphalt roads;Dry;Daylight;Normal;Vehicle with vehicle collision;2;2;Going straight;Driver or rider;Male;Over 51;3;Driver;Normal;Not a Pedestrian;Other;Slight Injury
12:00:00;Saturday;Over 51;Male;Junior high school;Employee;Above 10yr;Public (> 45 seats);Owner;2-5yrs;;Office areas;Double carriageway (median);Tangent road with flat terrain;Crossing;Asphalt roads;Dry;Daylight;Normal;Vehicle with vehicle collision;2;2;Other;na;na;na;na;;;Not a Pedestrian;No priority to vehicle;Slight Injury
12:00:00;Saturday;Over 51;Male;Junior high school;Owner;2-5yr;Lorry (41?100Q);Owner;2-5yrs;No defect;Office areas;Double carriageway (median);Tangent road with flat terrain;Crossing;Asphalt roads;Dry;Daylight;Normal;Vehicle with vehicle collision;2;2;;na;na;na;na;;;Not a Pedestrian;Changing lane to the right;Slight Injury
14:51:00;Friday;Over 51;Male;Junior high school;Employee;5-10yr;Automobile;;;No defect;Other;Two-way (divided with broken lines road marking);Tangent road with flat terrain;Y Shape;Asphalt roads;Dry;Daylight;Normal;Vehicle with vehicle collision;2;2;Going straight;Passenger;Female;Under 18;3;Driver;Normal;Not a Pedestrian;Other;Slight Injury
14:51:00;Friday;Under 18;Male;Junior high school;Employee;2-5yr;Lorry (11?40Q);Owner;Unknown;No defect;Other;Two-way (divided with broken lines road marking);Tangent road with flat terrain;Y Shape;Asphalt roads;Dry;Daylight;Normal;Collision with pedestrians;2;2;Turnover;Driver or rider;Male;31-50;3;Driver;Normal;Not a Pedestrian;No distancing;Slight Injury
13:30:00;Friday;18-30;Male;Junior high school;Employee;1-2yr;Public (13?45 seats);Owner;Above 10yr;No defect;Residential areas;Two-way (divided with broken lines road marking);Tangent road with flat terrain;No junction;Asphalt roads;Dry;Daylight;Normal;Collision with pedestrians;2;1;Going straight;na;na;na;na;Driver;Normal;Not a Pedestrian;Driving carelessly;Slight Injury
13:30:00;Friday;Unknown;Male;Junior high school;Employee;5-10yr;Public (13?45 seats);Owner;Unknown;; Church areas;Two-way (divided with broken lines road marking);Tangent road with flat terrain;No junction;Asphalt roads;Dry;Daylight;Normal;Vehicle with vehicle collision;2;1;Moving Backward;Driver or rider;Male;31-50;3;Self-employed;Normal;Not a Pedestrian;No distancing;Slight Injury
19:57:00;Saturday;Over 51;Male;Junior high school;Employee;2-5yr;;Governmental;Unknown;No defect; Church areas;Double carriageway (median);Tangent road with flat terrain;Crossing;Asphalt roads;Dry;Darkness - lights lit;Normal;Vehicle with vehicle collision;1;1;Moving Backward;Pedestrian;Male;31-50;3;Driver;Normal;Not a Pedestrian;Moving Backward;Slight Injury
19:02:00;Tuesday;18-30;Male;Elementary school;Employee;5-10yr;Long lorry;Owner;2-5yrs;No defect;Residential areas;Double carriageway (median);Tangent road with flat terrain;Other;Asphalt roads;Dry;Daylight;Normal;Vehicle with vehicle collision;2;2;Going straight;Pedestrian;Male;Under 18;3;Self-employed;Normal;Unknown or other;No distancing;Serious Injury
19:02:00;Tuesday;18-30;Male;Above high school;Owner;5-10yr;Lorry (41?100Q);Owner;;No defect;Office areas;Two-way (divided with broken lines road marking);Tangent road with mild grade and flat terrain;Other;Asphalt roads;Dry;Daylight;Normal;Vehicle with vehicle collision;2;2;Other;Pedestrian;Male;18-30;3;Driver;Normal;Unknown or other;Moving Backward;Serious Injury
21:06:00;Friday;31-50;Male;Junior high school;Employee;2-5yr;Lorry (11?40Q);Owner;5-10yrs;No defect;Office areas;Two-way (divided with broken lines road marking);Tangent road with mild grade and flat terrain;Y Shape;Asphalt roads;Dry;Darkness - lights lit;Normal;Vehicle with vehicle collision;2;1;Going straight;na;na;na;na;Driver;Normal;Not a Pedestrian;No priority to pedestrian;Slight Injury
21:06:00;Friday;18-30;Male;Junior high school;Employee;2-5yr;Lorry (41?100Q);Owner;2-5yrs;;Residential areas;Two-way (divided with broken lines road marking);Tangent road with flat terrain;Y Shape;Asphalt roads;Dry;Darkness - lights lit;Normal;Vehicle with vehicle collision;2;1;Going straight;Driver or rider;Male;31-50;3;;;Not a Pedestrian;Changing lane to the left;Slight Injury
06:02:00;Sunday;18-30;Male;Junior high school;Employee;2-5yr;Public (12 seats);Owner;5-10yrs;; Church areas;other;Tangent road with flat terrain;No junction;Asphalt roads;Wet or damp;Daylight;Raining;Vehicle with vehicle collision;1;1;Going straight;Driver or rider;Male;18-30;3;;;Not a Pedestrian;No distancing;Slight Injury
12:20:00;Saturday;18-30;Male;Junior high school;Employee;5-10yr;;Owner;;;Other;Two-way (divided with broken lines road marking);Tangent road with flat terrain;Crossing;Asphalt roads;Dry;Daylight;Normal;Vehicle with vehicle collision;2;2;Going straight;Passenger;Female;18-30;3;Self-employed;Normal;Not a Pedestrian;Other;Slight Injury
12:20:00;Saturday;18-30;Male;Junior high school;Employee;1-2yr;Taxi;Owner;;;Office areas;Two-way (divided with broken lines road marking);Tangent road with flat terrain;Crossing;Asphalt roads;Dry;Daylight;Normal;Vehicle with vehicle collision;2;2;Going straight;na;na;na;na;Driver;Normal;Not a Pedestrian;No distancing;Slight Injury
16:40:00;Tuesday;31-50;Male;Junior high school;Owner;2-5yr;;Owner;;;Other;Two-way (divided with broken lines road marking);Tangent road with flat terrain;Y Shape;Asphalt roads;Dry;Daylight;Normal;Vehicle with vehicle collision;1;1;Going straight;Pedestrian;Male;Over 51;3;Driver;Normal;Unknown or other;No priority to pedestrian;Slight Injury
12:25:00;Tuesday;Unknown;Female;High school;Owner;2-5yr;Automobile;Owner;;;Other;Two-way (divided with broken lines road marking);Tangent road with flat terrain;No junction;Asphalt roads;Dry;Daylight;Normal;Vehicle with vehicle collision;2;1;Going straight;Driver or rider;Male;31-50;3;Self-employed;Normal;Not a Pedestrian;Moving Backward;Slight Injury
12:25:00;Tuesday;Over 51;Male;;Employee;;;Owner;;;;;Tangent road with flat terrain;No junction;Asphalt roads;Dry;Daylight;Normal;Vehicle with vehicle collision;2;1;Going straight;na;na;na;na;Driver;Normal;Not a Pedestrian;No priority to pedestrian;Slight Injury
12:00:00;Monday;Unknown;Male;Junior high school;Owner;1-2yr;Lorry (41?100Q);Governmental;2-5yrs;;Residential areas;Two-way (divided with broken lines road marking);;Y Shape;Asphalt roads;Dry;Daylight;Unknown;Vehicle with vehicle collision;2;1;Other;Driver or rider;Male;31-50;3;Driver;Normal;Not a Pedestrian;No distancing;Slight Injury
12:00:00;Monday;Unknown;Male;Junior high school;;Below 1yr;Automobile;Owner;Below 1yr;; Church areas;Undivided Two way;Tangent road with flat terrain;Y Shape;Asphalt roads;Dry;Daylight;Unknown;Vehicle with vehicle collision;2;1;Going straight;na;na;na;na;;Normal;Not a Pedestrian;No priority to pedestrian;Slight Injury
06:54:00;Sunday;Unknown;Male;High school;Employee;1-2yr;Automobile;;;;Other;Undivided Two way;Tangent road with flat terrain;No junction;Asphalt roads;Wet or damp;Daylight;Raining;Vehicle with vehicle collision;2;1;Overtaking;Driver or rider;Male;Under 18;3;Driver;Normal;Not a Pedestrian;Driving carelessly;Slight Injury
06:54:00;Sunday;31-50;Male;Above high school;Employee;1-2yr;Lorry (41?100Q);Owner;Unknown;;Other;One way;Tangent road with flat terrain;No junction;Asphalt roads;Wet or damp;Daylight;Raining;Vehicle with vehicle collision;2;1;Going straight;na;na;na;na;Self-employed;Normal;Not a Pedestrian;Getting off the vehicle improperly;Slight Injury
21:45:00;Tuesday;31-50;Male;Junior high school;Employee;Above 10yr;Automobile;Owner;Unknown;No defect;Residential areas;Two-way (divided with broken lines road marking);Tangent road with flat terrain;Crossing;Asphalt roads;Dry;Darkness - lights lit;Normal;Vehicle with vehicle collision;2;1;Going straight;Pedestrian;Male;18-30;2;Self-employed;Normal;Crossing from nearside - masked by parked or statioNot a Pedestrianry vehicle;Driving carelessly;Slight Injury
21:45:00;Tuesday;18-30;Male;High school;Employee;1-2yr;Automobile;Owner;Unknown;;Office areas;One way;Tangent road with flat terrain;Crossing;Asphalt roads;Dry;Darkness - lights lit;Normal;Vehicle with vehicle collision;2;1;Going straight;Pedestrian;Female;Under 18;3;;Normal;Unknown or other;Changing lane to the left;Slight Injury
16:50:00;Wednesday;Over 51;Male;Junior high school;Employee;2-5yr;Automobile;Owner;Unknown;No defect; Industrial areas;Two-way (divided with broken lines road marking);Tangent road with flat terrain;No junction;Asphalt roads;Dry;Daylight;Normal;Vehicle with vehicle collision;2;1;U-Turn;Pedestrian;Female;18-30;3;Self-employed;Normal;Unknown or other;No priority to vehicle;Slight Injury
16:50:00;Wednesday;Over 51;Male;Above high school;Other;2-5yr;Taxi;Governmental;;No defect;Residential areas;Double carriageway (median);Tangent road with flat terrain;No junction;Asphalt roads;Dry;Daylight;Normal;Vehicle with vehicle collision;2;1;Going straight;na;na;na;na;Driver;Normal;Not a Pedestrian;Changing lane to the right;Slight Injury
14:14:00;Saturday;18-30;Male;High school;Employee;Above 10yr;;Owner;;No defect;Office areas;Unknown;Tangent road with flat terrain;Y Shape;Asphalt roads;Dry;Daylight;Normal;Vehicle with vehicle collision;1;1;Going straight;Driver or rider;Male;31-50;3;Driver;Normal;Not a Pedestrian;Changing lane to the right;Serious Injury
05:30:00;Wednesday;Unknown;Female;Elementary school;Employee;5-10yr;;Owner;2-5yrs;;Other;;Tangent road with flat terrain;Y Shape;Asphalt roads;Wet or damp;Daylight;Other;Collision with roadside objects;2;1;Going straight;na;na;na;na;;Normal;Not a Pedestrian;No distancing;Slight Injury
05:30:00;Wednesday;18-30;Male;High school;Employee;1-2yr;Automobile;Owner;Unknown;; Church areas;other;Tangent road with flat terrain;Y Shape;Asphalt roads;Wet or damp;Daylight;Other;Collision with roadside objects;2;1;Going straight;Driver or rider;Female;18-30;3;Driver;Normal;Not a Pedestrian;No distancing;Slight Injury
14:02:00;Monday;Under 18;Male;High school;Employee;5-10yr;Pick up upto 10Q;Owner;Above 10yr;; Industrial areas;;Tangent road with flat terrain;Other;Asphalt roads;Dry;Daylight;Normal;Vehicle with vehicle collision;2;1;Turnover;Pedestrian;Male;18-30;3;Driver;Normal;Crossing from driver's nearside;Changing lane to the left;Slight Injury
14:02:00;Monday;Over 51;Male;High school;Employee;2-5yr;;Owner;Unknown;No defect;  Recreational areas;One way;Tangent road with flat terrain;Other;Asphalt roads;Dry;Daylight;Normal;Vehicle with vehicle collision;2;1;Going straight;na;na;na;na;Driver;Normal;Not a Pedestrian;Changing lane to the right;Slight Injury
20:04:00;Sunday;31-50;Male;Junior high school;Employee;1-2yr;Automobile;Owner;Unknown;No defect;  Market areas;Undivided Two way;Tangent road with flat terrain;O Shape;Asphalt roads;Dry;Daylight;Normal;Vehicle with vehicle collision;2;1;Going straight;Driver or rider;Male;31-50;3;Self-employed;Normal;Not a Pedestrian;No priority to vehicle;Slight Injury
20:04:00;Sunday;18-30;Male;Above high school;Employee;Above 10yr;Public (12 seats);Owner;Unknown;No defect;Other;Two-way (divided with broken lines road marking);Tangent road with flat terrain;O Shape;Asphalt roads;Dry;Daylight;Normal;Vehicle with vehicle collision;2;1;Moving Backward;Driver or rider;Female;18-30;3;Driver;Normal;Not a Pedestrian;Changing lane to the left;Slight Injury
22:46:00;Friday;Under 18;Male;Above high school;Employee;2-5yr;Public (13?45 seats);Owner;Unknown;;Other;Two-way (divided with broken lines road marking);Tangent road with flat terrain;No junction;Asphalt roads;Wet or damp;Darkness - lights lit;Raining;Collision with roadside objects;1;2;Going straight;na;na;na;na;Driver;Normal;Not a Pedestrian;No priority to vehicle;Slight Injury
22:46:00;Friday;Under 18;Male;Elementary school;Employee;5-10yr;Lorry (11?40Q);Owner;Unknown;No defect; Industrial areas;Two-way (divided with broken lines road marking);;No junction;Asphalt roads;Wet or damp;Darkness - lights lit;Raining;Vehicle with vehicle collision;1;2;Moving Backward;Driver or rider;Male;5;3;;Normal;Not a Pedestrian;Moving Backward;Slight Injury
13:11:00;Wednesday;18-30;Male;Elementary school;Employee;1-2yr;Stationwagen;Governmental;2-5yrs;;Other;Two-way (divided with broken lines road marking);Tangent road with flat terrain;Y Shape;Asphalt roads;Wet or damp;Daylight;Raining;Collision with roadside objects;2;1;Going straight;na;na;na;na;Driver;Normal;Not a Pedestrian;Turnover;Slight Injury
13:11:00;Wednesday;18-30;Male;Junior high school;Employee;;Ridden horse;Governmental;;;Office areas;other;Tangent road with flat terrain;Y Shape;Asphalt roads;Wet or damp;Daylight;Raining;Collision with roadside objects;2;1;Going straight;na;na;na;na;;;Not a Pedestrian;No distancing;Slight Injury
20:15:00;Thursday;Over 51;Male;;;;Stationwagen;Owner;Unknown;;;other;Tangent road with flat terrain;No junction;Asphalt roads;Dry;Daylight;Normal;Collision with pedestrians;3;1;Going straight;Driver or rider;Male;18-30;3;;;Not a Pedestrian;No distancing;Slight Injury
20:15:00;Thursday;31-50;Male;Elementary school;Employee;5-10yr;Automobile;Owner;;;Office areas;Two-way (divided with broken lines road marking);Tangent road with flat terrain;No junction;Asphalt roads;Dry;Daylight;Normal;Vehicle with vehicle collision;3;1;Going straight;na;na;na;na;;;Not a Pedestrian;No distancing;Slight Injury
20:15:00;Thursday;31-50;Male;Junior high school;Employee;2-5yr;Automobile;Owner;;;Office areas;Undivided Two way;Tangent road with flat terrain;No junction;Asphalt roads;Dry;Daylight;Normal;Collision with roadside objects;3;1;U-Turn;Driver or rider;Male;31-50;2;Self-employed;Normal;Not a Pedestrian;Changing lane to the left;Slight Injury
15:20:00;Wednesday;31-50;Male;Junior high school;Employee;5-10yr;Other;Organization;Unknown;;Other;other;Tangent road with flat terrain;No junction;Asphalt roads;Dry;Daylight;Normal;Vehicle with vehicle collision;2;2;Going straight;na;na;na;na;Self-employed;Normal;Not a Pedestrian;No priority to vehicle;Slight Injury
15:20:00;Wednesday;31-50;Male;High school;Employee;2-5yr;Taxi;Governmental;2-5yrs;;Other;other;Tangent road with flat terrain;No junction;Asphalt roads;Dry;Daylight;Normal;Vehicle with vehicle collision;2;2;Going straight;Driver or rider;Male;31-50;3;Driver;Normal;Not a Pedestrian;Driving at high speed;Slight Injury
10:51:00;Thursday;31-50;Male;Junior high school;Employee;1-2yr;Automobile;Owner;Unknown;No defect;Other;Undivided Two way;Tangent road with flat terrain;Crossing;Asphalt roads;Dry;Daylight;Normal;Vehicle with vehicle collision;2;2;Going straight;Driver or rider;Male;31-50;3;Self-employed;Normal;Not a Pedestrian;Overtaking;Slight Injury
10:51:00;Thursday;Over 51;Male;Junior high school;Employee;1-2yr;Stationwagen;Owner;Above 10yr;;Other;other;Tangent road with flat terrain;Crossing;Asphalt roads;Dry;Daylight;Normal;Vehicle with vehicle collision;2;2;Going straight;Pedestrian;Female;18-30;2;Driver;Normal;Crossing from driver's nearside;Other;Slight Injury
10:51:00;Thursday;Over 51;Male;Junior high school;Employee;5-10yr;Automobile;;;;Residential areas;Undivided Two way;Tangent road with flat terrain;Crossing;Asphalt roads;Dry;Daylight;Normal;Vehicle with vehicle collision;2;2;Going straight;na;na;na;na;Self-employed;Normal;Not a Pedestrian;Changing lane to the left;Slight Injury
09:06:00;Thursday;18-30;Male;Illiterate;Employee;unknown;Public (12 seats);Owner;2-5yrs;No defect; Church areas;Undivided Two way;Tangent road with flat terrain;Y Shape;Asphalt roads;Dry;Daylight;Normal;Vehicle with vehicle collision;2;2;Going straight;Driver or rider;Male;18-30;3;Employee;Normal;Not a Pedestrian;No priority to pedestrian;Slight Injury
09:06:00;Thursday;18-30;Male;Junior high school;Employee;5-10yr;;Owner;2-5yrs;;Office areas;Double carriageway (median);Tangent road with flat terrain;Y Shape;Asphalt roads;Dry;Daylight;Normal;Collision with roadside objects;2;2;Stopping;Pedestrian;Male;18-30;3;Driver;Normal;Unknown or other;Changing lane to the left;Slight Injury
08:56:00;Sunday;18-30;Male;Junior high school;Employee;1-2yr;Automobile;Owner;2-5yrs;; Church areas;other;Tangent road with flat terrain;No junction;Asphalt roads;Wet or damp;Daylight;Normal;Vehicle with vehicle collision;1;1;Turnover;Pedestrian;Male;31-50;3;Driver;Normal;Unknown or other;No distancing;Slight Injury
14:30:00;Monday;31-50;Male;Junior high school;Employee;2-5yr;Lorry (41?100Q);Owner;2-5yrs;;Other;Two-way (divided with broken lines road marking);Tangent road with flat terrain;No junction;Asphalt roads;Wet or damp;Daylight;Unknown;Collision with roadside objects;2;1;Getting off;Pedestrian;Male;18-30;3;Driver;Normal;Unknown or other;Moving Backward;Slight Injury
14:30:00;Monday;Under 18;Male;Junior high school;Employee;Above 10yr;;Owner;;;;other;Tangent road with flat terrain;No junction;Asphalt roads;Wet or damp;Daylight;Unknown;Vehicle with vehicle collision;2;1;Moving Backward;Driver or rider;Male;18-30;3;Driver;Normal;Not a Pedestrian;Changing lane to the left;Slight Injury
22:20:00;Saturday;Under 18;Male;Junior high school;Owner;5-10yr;Public (> 45 seats);Owner;1-2yr;;School areas;other;Steep grade downward with mountainous terrain;Y Shape;Asphalt roads;Dry;Darkness - lights lit;Normal;Vehicle with vehicle collision;2;2;Moving Backward;na;na;na;na;Driver;Normal;Not a Pedestrian;Other;Serious Injury
22:20:00;Saturday;18-30;Male;High school;Employee;1-2yr;;Owner;5-10yrs;;Office areas;Two-way (divided with broken lines road marking);Tangent road with mild grade and flat terrain;Y Shape;Asphalt roads;Dry;Darkness - lights lit;Normal;Vehicle with vehicle collision;2;2;Going straight;Driver or rider;Male;18-30;3;Driver;Normal;Not a Pedestrian;No distancing;Serious Injury
15:30:00;Monday;18-30;Male;Junior high school;Employee;Above 10yr;Public (12 seats);Owner;Below 1yr;;Other;other;Steep grade downward with mountainous terrain;Unknown;Asphalt roads;Dry;Daylight;Normal;Collision with roadside objects;1;1;Turnover;na;na;na;na;Self-employed;Normal;Not a Pedestrian;Moving Backward;Slight Injury
06:30:00;Wednesday;Unknown;Female;Junior high school;Employee;1-2yr;Public (12 seats);Owner;Unknown;;Office areas;Undivided Two way;Tangent road with flat terrain;No junction;Asphalt roads;Dry;Daylight;Normal;Collision with roadside objects;2;1;Going straight;Passenger;Female;18-30;2;Self-employed;Normal;Not a Pedestrian;No distancing;Serious Injury
06:30:00;Wednesday;31-50;Male;Junior high school;Employee;2-5yr;Automobile;Owner;;;Other;Undivided Two way;Tangent road with flat terrain;No junction;Asphalt roads;Dry;Daylight;Normal;Vehicle with vehicle collision;2;1;Going straight;Pedestrian;Male;Under 18;3;Self-employed;Normal;Crossing from driver's nearside;Changing lane to the left;Serious Injury
14:27:00;Friday;Over 51;Male;Junior high school;Employee;Above 10yr;;Owner;2-5yrs;;Other;Two-way (divided with broken lines road marking);Tangent road with flat terrain;No junction;Asphalt roads;Dry;Daylight;Normal;Vehicle with vehicle collision;2;2;U-Turn;na;na;na;na;Driver;Normal;Not a Pedestrian;Changing lane to the left;Slight Injury
14:27:00;Friday;Over 51;Male;Junior high school;Employee;2-5yr;Automobile;Owner;;;Office areas;Undivided Two way;Tangent road with flat terrain;No junction;Asphalt roads;Dry;Daylight;Normal;Vehicle with vehicle collision;2;2;Going straight;Driver or rider;Female;31-50;3;;Normal;Not a Pedestrian;No priority to pedestrian;Slight Injury
14:27:00;Friday;Unknown;Male;Elementary school;Employee;5-10yr;Lorry (41?100Q);Owner;;No defect;Other;Double carriageway (median);Tangent road with flat terrain;No junction;Asphalt roads;Dry;Daylight;Normal;Vehicle with vehicle collision;2;2;Going straight;na;na;na;na;;Normal;Not a Pedestrian;Changing lane to the left;Slight Injury
16:46:00;Saturday;18-30;Male;;;;Public (12 seats);Owner;;; Church areas;other;Tangent road with flat terrain;No junction;Asphalt roads;Dry;Daylight;Normal;Vehicle with vehicle collision;2;2;U-Turn;Driver or rider;Male;18-30;3;Self-employed;Normal;Not a Pedestrian;Driving carelessly;Slight Injury
16:46:00;Saturday;31-50;Male;Elementary school;Employee;1-2yr;Lorry (11?40Q);Owner;;No defect;Office areas;Two-way (divided with broken lines road marking);Tangent road with flat terrain;No junction;Asphalt roads;Dry;Daylight;Normal;Vehicle with vehicle collision;2;2;Stopping;na;na;na;na;Driver;Normal;Not a Pedestrian;Driving carelessly;Slight Injury