Time;Day_of_week;Age_band_of_driver;Sex_of_driver;Educational_level;Vehicle_driver_relation;Driving_experience;Type_of_vehicle;Owner_of_vehicle;Service_year_of_vehicle;Defect_of_vehicle;Area_accident_occured;Lanes_or_Medians;Road_allignment;Types_of_Junction;Road_surface_type;Road_surface_conditions;Light_conditions;Weather_conditions;Type_of_collision;Number_of_vehicles_involved;Number_of_casualties;Vehicle_movement;Casualty_class;Sex_of_casualty;Age_band_of_casualty;Casualty_severity;Work_of_casuality;Fitness_of_casuality;Pedestrian_movement;Cause_of_accident;Accident_severity
09:45:00;Monday;Unknown;Female;Elementary school;Employee;5-10yr;Automobile;Owner;Above 10yr;No defect;Office areas;Two-way (divided with broken lines road marking);Tangent road with flat terrain;No junction;Asphalt roads;Dry;Daylight;Normal;Vehicle with vehicle collision;2;1;Going straight;Driver or rider;Male;18-30;3;Employee;Normal;Not a Pedestrian;No priority to pedestrian;Slight Injury
09:45:00;Monday;18-30;Male;Elementary school;Employee;5-10yr;Automobile;Owner;2-5yrs;;Other;Undivided Two way;Tangent road with mountainous terrain and;No junction;Asphalt roads;Dry;Daylight;Normal;Collision with roadside objects;2;1;Moving Backward;Driver or rider;Male;18-30;3;Other;Normal;Not a Pedestrian;Getting off the vehicle improperly;Slight Injury
14:35:00;Sunday;Unknown;Male;Junior high school;Employee;1-2yr;Automobile;Owner;2-5yrs;;Residential areas;Undivided Two way;Tangent road with flat terrain;No junction;Asphalt roads;Dry;Daylight;Unknown;Collision with roadside objects;2;2;Getting off;na;na;na;na;Driver;Normal;Not a Pedestrian;No distancing;Slight Injury
14:35:00;Sunday;Unknown;Male;Junior high school;Employee;5-10yr;Bajaj;Owner;Unknown;No defect;Residential areas;Undivided Two way;Tangent road with flat terrain;No junction;Asphalt roads;Dry;Daylight;Unknown;Collision with roadside objects;2;2;Going straight;Driver or rider;Male;31-50;3;Driver;Normal;Not a Pedestrian;Changing lane to the left;Slight Injury
14:35:00;Sunday;Unknown;Female;Junior high school;Employee;5-10yr;Public (12 seats);Owner;5-10yrs;7;;Two-way (divided with broken lines road marking);Tangent road with flat terrain;No junction;Asphalt roads;Dry;Daylight;Unknown;Vehicle with vehicle collision;2;2;Going straight;na;na;na;na;Driver;Normal;Not a Pedestrian;No priority to vehicle;Slight Injury
00:29:00;Wednesday;Unknown;Male;Junior high school;Employee;2-5yr;Lorry (11?40Q);Owner;Unknown;7;Other;other;Tangent road with flat terrain;Y Shape;Asphalt roads;Wet or damp;Darkness - lights lit;Raining;Vehicle with vehicle collision;2;4;Turnover;na;na;na;na;;Normal;Not a Pedestrian;No distancing;Slight Injury
00:29:00;Wednesday;Under 18;Male;Junior high school;Employee;1-2yr;;Owner;Unknown;No defect;Office areas;;Steep grade downward with mountainous terrain;Y Shape;Asphalt roads;Wet or damp;Darkness - lights lit;Raining;Vehicle with vehicle collision;2;4;Moving Backward;Driver or rider;Male;31-50;3;Employee;Normal;Not a Pedestrian;No priority to pedestrian;Slight Injury
00:29:00;Wednesday;Under 18;Male;Junior high school;Employee;5-10yr;;Governmental;Unknown;No defect;School areas;Double carriageway (median);Tangent road with flat terrain;Y Shape;Asphalt roads;Wet or damp;Darkness - lights lit;Raining;Vehicle with vehicle collision;2;4;Going straight;Driver or rider;Male;31-50;3;;Normal;Not a Pedestrian;No priority to pedestrian;Slight Injury
00:29:00;Wednesday;Under 18;Male;Junior high school;Employee;Below 1yr;Automobile;Owner;Unknown;No defect;Other;Two-way (divided with broken lines road marking);Steep grade downward with mountainous terrain;Y Shape;Asphalt roads;Wet or damp;Darkness - lights lit;Raining;Collision with pedestrians;2;4;Moving Backward;na;na;na;na;;Normal;Not a Pedestrian;No priority to vehicle;Slight Injury
00:29:00;Wednesday;Under 18;Male;Junior high school;Employee;5-10yr;Lorry (11?40Q);Owner;5-10yrs;No defect;Other;Two-way (divided with broken lines road marking);Tangent road with rolling terrain;Y Shape;Asphalt roads;Wet or damp;Darkness - lights lit;Raining;Collision with pedestrians;2;4;Going straight;na;na;na;na;;Normal;Not a Pedestrian;Driving carelessly;Slight Injury
07:00:00;Thursday;18-30;Male;Junior high school;Owner;5-10yr;Lorry (41?100Q);Governmental;Unknown;No defect; Church areas;Two-way (divided with broken lines road marking);Tangent road with flat terrain;Y Shape;Asphalt roads;Dry;Daylight;Normal;Vehicle with vehicle collision;2;1;;Driver or rider;Male;31-50;2;;;Not a Pedestrian;Changing lane to the right;Slight Injury
07:00:00;Thursday;Over 51;Male;;Owner;5-10yr;Pick up upto 10Q;;;;Office areas;;Tangent road with mild grade and flat terrain;Y Shape;Asphalt roads;Dry;Daylight;Normal;Vehicle with vehicle collision;2;1;Going straight;na;na;na;na;Driver;Normal;Not a Pedestrian;Changing lane to the left;Slight Injury
21:51:00;Friday;18-30;Male;Junior high school;Employee;5-10yr;Lorry (11?40Q);Owner;;;Other;Two-way (divided with broken lines road marking);Tangent road with mild grade and flat terrain;Y Shape;Earth roads;Dry;Darkness - lights lit;Normal;Vehicle with vehicle collision;4;1;;Driver or rider;Male;18-30;3;Self-employed;Normal;Not a Pedestrian;Moving Backward;Slight Injury
21:51:00;Friday;31-50;Male;High school;Employee;2-5yr;Stationwagen;Governmental;;No defect;Residential areas;Double carriageway (median);Tangent road with flat terrain;Y Shape;Asphalt roads;Dry;Darkness - lights lit;Normal;Vehicle with vehicle collision;4;1;Going straight;na;na;na;na;;;Not a Pedestrian;Driving carelessly;Slight Injury
21:51:00;Friday;18-30;Male;Above high school;Employee;5-10yr;Other;Owner;;;Office areas;Two-way (divided with broken lines road marking);Tangent road with flat terrain;Y Shape;Asphalt roads;Dry;Darkness - lights lit;Normal;Vehicle with vehicle collision;4;1;;Driver or rider;Female;18-30;3;Driver;Normal;Not a Pedestrian;Driving to the left;Slight Injury
21:51:00;Friday;18-30;Male;Junior high school;Employee;Above 10yr;Other;Owner;;;Office areas;Undivided Two way;Tangent road with flat terrain;Y Shape;Asphalt roads;Dry;Darkness - lights lit;Normal;Vehicle with vehicle collision;4;1;Going straight;na;na;na;na;Driver;Normal;Not a Pedestrian;Driving to the left;Slight Injury
12:35:00;Monday;Over 51;Male;Junior high school;Employee;Below 1yr;Lorry (11?40Q);Owner;Below 1yr;;Office areas;Two-way (divided with broken lines road marking);Tangent road with flat terrain;No junction;Asphalt roads;Dry;Daylight;Normal;Vehicle with vehicle collision;2;1;Going straight;Driver or rider;Male;18-30;3;Driver;Normal;Not a Pedestrian;No priority to pedestrian;Slight Injury
12:35:00;Monday;18-30;Male;Elementary school;Employee;5-10yr;;Organization;1-2yr;; Church areas;;Tangent road with flat terrain;No junction;Asphalt roads;Dry;Daylight;Normal;Vehicle with vehicle collision;2;1;Going straight;Driver or rider;Male;18-30;3;Driver;Normal;Not a Pedestrian;Changing lane to the left;Slight Injury
13:52:00;Wednesday;31-50;Male;Elementary school;Employee;2-5yr;Automobile;Owner;;;Office areas;Two-way (divided with broken lines road marking);Tangent road with flat terrain;No junction;Asphalt roads;Dry;Daylight;Normal;Vehicle with vehicle collision;2;1;Going straight;na;na;na;na;Self-employed;Normal;Not a Pedestrian;Changing lane to the right;Slight Injury
13:52:00;Wednesday;18-30;Male;Junior high school;Employee;2-5yr;Lorry (41?100Q);Owner;1-2yr;;Office areas;Two-way (divided with broken lines road marking);Tangent road with mild grade and flat terrain;No junction;Asphalt roads;Dry;Daylight;Normal;Vehicle with vehicle collision;2;1;Going straight;na;na;na;na;;;Not a Pedestrian;Driving carelessly;Slight Injury
16:10:00;Friday;Under 18;Male;Junior high school;Employee;1-2yr;Other;Owner;;;Office areas;Two-way (divided with broken lines road marking);Tangent road with mild grade and flat terrain;Y Shape;Asphalt roads;Wet or damp;Daylight;Raining;Collision with roadside objects;2;1;Other;Driver or rider;Male;31-50;2;;;Not a Pedestrian;No distancing;Slight Injury
16:10:00;Friday;Unknown;Male;Junior high school;Employee;2-5yr;Lorry (41?100Q);Owner;5-10yrs;No defect;Office areas;Two-way (divided with broken lines road marking);Tangent road with flat terrain;Y Shape;Asphalt roads;Wet or damp;Daylight;Raining;Rollover;2;1;Other;na;na;na;na;Driver;Normal;Not a Pedestrian;Getting off the vehicle improperly;Slight Injury
17:30:00;Monday;31-50;Male;Junior high school;Employee;2-5yr;Automobile;Owner;;No defect;Other;Two-way (divided with broken lines road marking);Tangent road with flat terrain;Crossing;Asphalt roads;Dry;Daylight;Normal;Vehicle with vehicle collision;2;2;Going straight;Driver or rider;Male;Over 51;2;Driver;Normal;Not a Pedestrian;Driving under the influence of drugs;Slight Injury
17:30:00;Monday;18-30;Male;Junior high school;Employee;Above 10yr;Pick up upto 10Q;Owner;;No defect;Residential areas;Double carriageway (median);Tangent road with flat terrain;Crossing;Asphalt roads;Dry;Daylight;Normal;Vehicle with vehicle collision;2;2;Going straight;na;na;na;na;;;Not a Pedestrian;Changing lane to the right;Slight Injury
17:30:00;Monday;18-30;Male;High school;Employee;Below 1yr;Lorry (41?100Q);Owner;;No defect; Church areas;Undivided Two way;Tangent road with flat terrain;Crossing;Asphalt roads;Dry;Daylight;Normal;Vehicle with vehicle collision;2;2;Getting off;Driver or rider;Male;18-30;3;Self-employed;Normal;Not a Pedestrian;Driving carelessly;Slight Injury
18:57:00;Tuesday;Over 51;Male;Junior high school;Employee;2-5yr;Public (13?45 seats);Owner;;No defect;Other;Two-way (divided with broken lines road marking);Tangent road with flat terrain;Y Shape;Asphalt roads;Dry;Daylight;Normal;Vehicle with vehicle collision;2;2;Going straight;na;na;na;na;;;Not a Pedestrian;Moving Backward;Fatal injury
18:57:00;Tuesday;31-50;Male;High school;Employee;Above 10yr;Long lorry;Owner;;No defect;  Recreational areas;Two-way (divided with broken lines road marking);Tangent road with flat terrain;Y Shape;Asphalt roads;Dry;Daylight;Normal;Vehicle with vehicle collision;2;2;Going straight;Pedestrian;Male;18-30;3;;;Unknown or other;Turnover;Fatal injury
15:44:00;Thursday;Unknown;Female;Junior high school;Employee;Above 10yr;Automobile;;;;;;Tangent road with flat terrain;Y Shape;Asphalt roads;Dry;Daylight;Normal;Collision with roadside objects;1;1;Going straight;Pedestrian;Male;31-50;3;Driver;Normal;Walking along in carriageway, back to traffic;Changing lane to the right;Serious Injury
09:11:00;Thursday;Over 51;Male;High school;Employee;5-10yr;Automobile;Owner;Unknown;No defect; Industrial areas;Undivided Two way;Tangent road with mild grade and flat terrain;Y Shape;Asphalt roads;Dry;Daylight;Normal;Collision with roadside objects;2;1;Going straight;Driver or rider;Male;31-50;3;Driver;Normal;Not a Pedestrian;Driving carelessly;Slight Injury
09:11:00;Thursday;18-30;Male;Junior high school;Employee;Above 10yr;Other;Owner;;No defect;Other;Two-way (divided with broken lines road marking);Tangent road with flat terrain;Y Shape;Asphalt roads;Dry;Daylight;Normal;Vehicle with vehicle collision;2;1;Going straight;na;na;na;na;Driver;Normal;Not a Pedestrian;No priority to vehicle;Slight Injury
09:00:00;Friday;31-50;Male;Junior high school;Employee;1-2yr;;Owner;Unknown;;Other;other;Tangent road with flat terrain;Y Shape;Asphalt roads;Wet or damp;Daylight;Raining;Collision with roadside objects;2;1;Getting off;na;na;na;na;Driver;Normal;Not a Pedestrian;Moving Backward;Slight Injury
09:00:00;Friday;31-50;Male;Junior high school;Employee;2-5yr;Long lorry;Owner;5-10yrs;No defect; Church areas;other;Tangent road with flat terrain;Y Shape;Asphalt roads;Wet or damp;Daylight;Raining;Vehicle with vehicle collision;2;1;Going straight;Driver or rider;Male;18-30;3;Driver;Normal;Not a Pedestrian;Changing lane to the left;Slight Injury
08:41:00;Wednesday;Over 51;Male;Elementary school;Employee;2-5yr;Public (12 seats);Owner;5-10yrs;No defect; Church areas;Undivided Two way;Tangent road with flat terrain;Y Shape;Asphalt roads;Dry;Daylight;Normal;Vehicle with vehicle collision;2;1;Going straight;Pedestrian;Male;Under 18;3;Driver;Normal;Unknown or other;Overturning;Slight Injury
08:41:00;Wednesday;18-30;Male;Elementary school;Other;5-10yr;Public (12 seats);Owner;;No defect;Other;Two-way (divided with broken lines road marking);Tangent road with flat terrain;Y Shape;Asphalt roads;Dry;Daylight;Normal;Vehicle with vehicle collision;2;1;Other;Driver or rider;Male;18-30;2;Self-employed;Normal;Not a Pedestrian;No distancing;Slight Injury
00:10:00;Sunday;31-50;Male;Junior high school;Employee;5-10yr;Other;Owner;;No defect;Other;One way;Tangent road with flat terrain;No junction;Asphalt roads;Dry;Darkness - lights lit;Normal;Vehicle with vehicle collision;2;1;Going straight;Pedestrian;Male;18-30;2;Driver;Normal;Crossing from offside - masked by  parked or statioNot a Pedestrianry vehicle;Driving carelessly;Slight Injury
00:10:00;Sunday;18-30;Male;High school;Owner;5-10yr;Other;Governmental;2-5yrs;;  Recreational areas;Two-way (divided with broken lines road marking);Tangent road with flat terrain;No junction;Asphalt roads;Dry;Darkness - lights lit;Normal;Vehicle with vehicle collision;2;1;Going straight;Passenger;Female;18-30;3;Driver;Normal;Not a Pedestrian;No distancing;Slight Injury
16:20:00;Wednesday;18-30;Male;Junior high school;Employee;Above 10yr;Other;Owner;2-5yrs;;Other;Undivided Two way;Tangent road with flat terrain;No junction;Asphalt roads;Wet or damp;Daylight;Raining;Vehicle with vehicle collision;3;1;Going straight;na;na;na;na;;;Not a Pedestrian;Changing lane to the left;Slight Injury
16:20:00;Wednesday;31-50;Male;Junior high school;Employee;Below 1yr;Public (12 seats);Owner;5-10yrs;;Office areas;Undivided Two way;Tangent road with flat terrain;No junction;Asphalt roads;Wet or damp;Daylight;Raining;Collision with pedestrians;3;1;Going straight;Driver or rider;Female;18-30;3;Driver;Normal;Not a Pedestrian;No priority to pedestrian;Slight Injury
16:20:00;Wednesday;31-50;Male;Junior high school;Other;Below 1yr;Lorry (41?100Q);Owner;5-10yrs;No defect; Church areas;Two-way (divided with broken lines road marking);Tangent road with flat terrain;No junction;Asphalt roads;Wet or damp;Daylight;Raining;Vehicle with vehicle collision;3;1;Going straight;Driver or rider;Male;18-30;3;Driver;Normal;Not a Pedestrian;No distancing;Slight Injury
17:40:00;Tuesday;31-50;Male;Junior high school;Employee;Above 10yr;Other;Owner;2-5yrs;;Office areas;Two-way (divided with broken lines road marking);Tangent road with flat terrain;No junction;Asphalt roads;Dry;Daylight;Normal;Collision with roadside objects;2;1;Reversing;Pedestrian;Female;Over 51;3;Employee;Normal;Unknown or other;No distancing;Slight Injury
17:40:00;Tuesday;Unknown;Male;High school;Owner;5-10yr;Public (12 seats);;;No defect;Office areas;Undivided Two way;Tangent road with mountainous terrain and;No junction;Asphalt roads;Dry;Daylight;Normal;Vehicle with vehicle collision;2;1;Other;na;na;na;na;;;Not a Pedestrian;Changing lane to the left;Slight Injury
15:00:00;Wednesday;Unknown;Male;Elementary school;Owner;5-10yr;Other;Owner;2-5yrs;No defect;Other;Undivided Two way;Tangent road with flat terrain;No junction;Asphalt roads;Dry;Daylight;Normal;Collision with roadside objects;2;4;Going straight;Driver or rider;Female;18-30;3;Driver;Normal;Not a Pedestrian;No distancing;Slight Injury
15:00:00;Wednesday;18-30;Male;Junior high school;Employee;2-5yr;Lorry (11?40Q);Governmental;;;Residential areas;Two-way (divided with broken lines road marking);Tangent road with flat terrain;No junction;Asphalt roads;Dry;Daylight;Normal;Vehicle with vehicle collision;2;4;Going straight;Pedestrian;Male;31-50;3;Self-employed;Normal;Crossing from nearside - masked by parked or statioNot a Pedestrianry vehicle;Changing lane to the left;Slight Injury
15:00:00;Wednesday;18-30;Male;Junior high school;Employee;2-5yr;Other;Owner;2-5yrs;No defect;Office areas;Two-way (divided with broken lines road marking);Tangent road with mild grade and flat terrain;No junction;Asphalt roads;Dry;Daylight;Normal;Vehicle with vehicle collision;2;4;Going straight;Pedestrian;Female;18-30;3;Self-employed;Normal;Crossing from nearside - masked by parked or statioNot a Pedestrianry vehicle;No distancing;Slight Injury
15:00:00;Wednesday;18-30;Male;Above high school;Employee;5-10yr;Other;Owner;2-5yrs;;Residential areas;other;Tangent road with flat terrain;No junction;Asphalt roads;Dry;Daylight;Normal;Collision with pedestrians;2;4;Going straight;Pedestrian;Male;Over 51;3;Employee;Normal;Unknown or other;No distancing;Slight Injury
15:00:00;Wednesday;18-30;Male;Junior high school;Owner;2-5yr;Other;Owner;Unknown;No defect;Residential areas;Two-way (divided with broken lines road marking);Tangent road with flat terrain;No junction;Asphalt roads;Dry;Daylight;Normal;Vehicle with vehicle collision;2;4;Going straight;Pedestrian;Male;31-50;3;Driver;Normal;Crossing from nearside - masked by parked or statioNot a Pedestrianry vehicle;No distancing;Slight Injury
14:30:00;Friday;Unknown;Male;;;;Pick up upto 10Q;Owner;;No defect;Other;Double carriageway (median);Tangent road with flat terrain;Crossing;Asphalt roads;Dry;Daylight;Unknown;Vehicle with vehicle collision;2;2;Going straight;Pedestrian;Male;18-30;3;Driver;Normal;Unknown or other;Changing lane to the left;Slight Injury
14:30:00;Friday;18-30;Male;Junior high school;Employee;2-5yr;Automobile;Owner;;No defect; Hospital areas;One way;Tangent road with flat terrain;Crossing;Asphalt roads;Dry;Daylight;Unknown;Vehicle with vehicle collision;2;2;Going straight;Driver or rider;Male;31-50;3;Employee;Normal;Not a Pedestrian;Changing lane to the right;Slight Injury
14:30:00;Friday;18-30;Male;Junior high school;Employee;5-10yr;Other;Governmental;;No defect;Other;Undivided Two way;Tangent road with flat terrain;Crossing;Asphalt roads;Dry;Daylight;Unknown;Vehicle with vehicle collision;2;2;Going straight;na;na;na;na;Self-employed;Normal;Not a Pedestrian;Moving Backward;Slight Injury
06:59:00;Wednesday;18-30;Male;Junior high school;Employee;2-5yr;Lorry (41?100Q);Owner;;No defect;Other;Undivided Two way;Tangent road with flat terrain;No junction;Asphalt roads;Dry;Daylight;Normal;Collision with pedestrians;1;1;Going straight;Pedestrian;Female;18-30;3;Driver;Normal;Unknown or other;Changing lane to the right;Serious Injury
12:56:00;Wednesday;Unknown;Female;Elementary school;Employee;1-2yr;Public (13?45 seats);Owner;;No defect;  Recreational areas;One way;Tangent road with mild grade and flat terrain;Crossing;Asphalt roads;Dry;Daylight;Normal;Vehicle with vehicle collision;2;2;Moving Backward;Pedestrian;Male;31-50;2;Driver;Normal;Unknown or other;No distancing;Slight Injury
12:56:00;Wednesday;Over 51;Male;High school;Employee;;Automobile;Owner;;No defect;Other;Undivided Two way;Tangent road with flat terrain;Crossing;Asphalt roads;Dry;Daylight;Normal;Vehicle with vehicle collision;2;2;Moving Backward;Driver or rider;Male;31-50;3;Self-employed;Normal;Not a Pedestrian;Overtaking;Slight Injury
12:56:00;Wednesday;Over 51;Male;Junior high school;Owner;1-2yr;Pick up upto 10Q;Owner;;No defect;Other;Undivided Two way;Tangent road with flat terrain;Crossing;Asphalt roads;Dry;Daylight;Normal;Vehicle with vehicle collision;2;2;Turnover;na;na;na;na;Driver;Normal;Not a Pedestrian;Other;Slight Injury
21:39:00;Sunday;Over 51;Male;Junior high school;Employee;2-5yr;Lorry (41?100Q);Owner;;No defect;Other;Undivided Two way;Tangent road with flat terrain;Crossing;Asphalt roads;Dry;Darkness - lights lit;Normal;Vehicle with vehicle collision;2;2;Other;na;na;na;na;Driver;Normal;Not a Pedestrian;Other;Slight Injury
21:39:00;Sunday;Under 18;Male;Junior high school;Employee;1-2yr;Public (12 seats);Owner;Below 1yr;No defect;Office areas;Two-way (divided with broken lines road marking);Tangent road with flat terrain;Crossing;Asphalt roads;Dry;Darkness - lights lit;Normal;Collision with roadside objects;2;2;Other;Driver or rider;Male;18-30;3;Driver;Normal;Not a Pedestrian;Changing lane to the right;Slight Injury
00:06:00;Saturday;18-30;Male;Elementary school;Employee;Above 10yr;Other;Owner;2-5yrs;No defect;Other;Two-way (divided with broken lines road marking);Tangent road with mild grade and flat terrain;Y Shape;Asphalt roads;Dry;Darkness - lights lit;Normal;Vehicle with vehicle collision;1;1;Going straight;Driver or rider;Male;18-30;3;Self-employed;Normal;Not a Pedestrian;No priority to pedestrian;Slight Injury
01:08:00;Sunday;Under 18;Male;Junior high school;Employee;2-5yr;Lorry (41?100Q);Owner;;No defect;Residential areas;Two-way (divided with broken lines road marking);Tangent road with flat terrain;No junction;Asphalt roads;Wet or damp;Darkness - lights lit;Normal;Vehicle with vehicle collision;1;1;Going straight;na;na;na;na;Employee;Normal;Not a Pedestrian;No priority to vehicle;Slight Injury
14:17:00;Saturday;Unknown;Female;Junior high school;Employee;2-5yr;Pick up upto 10Q;Owner;5-10yrs;No defect;Other;Undivided Two way;Tangent road with flat terrain;Other;Asphalt roads;Dry;Daylight;Normal;Vehicle with vehicle collision;3;1;Other;na;na;na;na;;;Not a Pedestrian;Changing lane to the left;Slight Injury
14:17:00;Saturday;31-50;Male;Junior high school;Employee;2-5yr;Other;Owner;Unknown;No defect;Other;Undivided Two way;Tangent road with flat terrain;Other;Asphalt roads;Dry;Daylight;Normal;Vehicle with vehicle collision;3;1;Other;Driver or rider;Male;5;3;Self-employed;Normal;Not a Pedestrian;Changing lane to the left;Slight Injury
14:17:00;Saturday;Over 51;Male;Junior high school;Employee;2-5yr;Lorry (41?100Q);Owner;;; Church areas;Undivided Two way;Tangent road with flat terrain;Other;Asphalt roads;Dry;Daylight;Normal;Collision with roadside objects;3;1;Going straight;na;na;na;na;Driver;Normal;Not a Pedestrian;Overtaking;Slight Injury
13:55:00;Tuesday;Unknown;Male;Elementary school;Employee;2-5yr;Ridden horse;Owner;1-2yr;5;Office areas;Undivided Two way;Tangent road with flat terrain;No junction;Asphalt roads;Dry;Daylight;Normal;Vehicle with vehicle collision;2;1;Reversing;Driver or rider;Female;5;3;Driver;Normal;Not a Pedestrian;No distancing;Slight Injury
13:55:00;Tuesday;31-50;Male;Junior high school;Employee;2-5yr;Automobile;Owner;Above 10yr;No defect;School areas;other;Tangent road with flat terrain;No junction;Asphalt roads;Dry;Daylight;Normal;Vehicle with vehicle collision;2;1;Other;Pedestrian;Male;31-50;3;Driver;Normal;Unknown or other;No priority to vehicle;Slight Injury
07:30:00;Thursday;18-30;Male;Elementary school;Employee;5-10yr;Automobile;Owner;2-5yrs;No defect;Other;Undivided Two way;Tangent road with flat terrain;No junction;Asphalt roads;Wet or damp;Daylight;Normal;Vehicle with vehicle collision;4;1;Turnover;Pedestrian;Female;18-30;3;Driver;Normal;Crossing from nearside - masked by parked or statioNot a Pedestrianry vehicle;Changing lane to the right;Slight Injury
07:30:00;Thursday;Unknown;Male;Elementary school;Employee;2-5yr;Stationwagen;Owner;1-2yr;No defect;Office areas;Undivided Two way;Tangent road with flat terrain;No junction;Asphalt roads;Wet or damp;Daylight;Normal;Vehicle with vehicle collision;4;1;Going straight;na;na;na;na;Self-employed;Normal;Not a Pedestrian;Changing lane to the left;Slight Injury
07:30:00;Thursday;Unknown;Male;Junior high school;Employee;Above 10yr;Other;Owner;1-2yr;No defect;Residential areas;other;Steep grade downward with mountainous terrain;No junction;Asphalt roads;Wet or damp;Daylight;Normal;Vehicle with vehicle collision;4;1;Going straight;Driver or rider;Male;18-30;3;Driver;Normal;Not a Pedestrian;No distancing;Slight Injury
07:30:00;Thursday;Unknown;Male;Junior high school;Employee;Above 10yr;Lorry (41?100Q);Owner;1-2yr;No defect; Industrial areas;One way;Tangent road with flat terrain;No junction;Asphalt roads;Wet or damp;Daylight;Normal;Vehicle with vehicle collision;4;1;Going straight;Driver or rider;Male;31-50;3;Driver;Normal;Not a Pedestrian;Driving carelessly;Slight Injury
19:20:00;Wednesday;Unknown;Male;High school;Employee;Above 10yr;Lorry (41?100Q);Owner;2-5yrs;No defect;Other;Undivided Two way;Tangent road with flat terrain;Y Shape;Asphalt roads;Wet or damp;Daylight;Windy;Vehicle with vehicle collision;2;1;Going straight;na;na;na;na;;;Not a Pedestrian;No priority to pedestrian;Slight Injury
19:20:00;Wednesday;18-30;Male;Junior high school;Employee;5-10yr;Long lorry;Owner;1-2yr;No defect;Residential areas;Undivided Two way;Tangent road with flat terrain;Y Shape;Asphalt roads;Wet or damp;Daylight;Windy;Vehicle with vehicle collision;2;1;Going straight;Driver or rider;Male;18-30;3;Self-employed;Normal;Not a Pedestrian;Driving carelessly;Slight Injury
20:30:00;Tuesday;31-50;Male;Junior high school;Owner;2-5yr;Stationwagen;Owner;1-2yr;No defect;  Recreational areas;Two-way (divided with broken lines road marking);Tangent road with flat terrain;No junction;Asphalt roads;Dry;Daylight;Normal;Vehicle with vehicle collision;2;2;Going straight;na;na;na;na;Driver;Normal;Not a Pedestrian;Moving Backward;Slight Injury
20:30:00;Tuesday;Over 51;Male;Elementary school;Employee;1-2yr;Public (12 seats);Owner;Unknown;7;Office areas;other;Tangent road with flat terrain;No junction;Asphalt roads;Dry;Daylight;Normal;Vehicle with vehicle collision;2;2;Going straight;Driver or rider;Female;31-50;3;Driver;Normal;Not a Pedestrian;No distancing;Slight Injury
14:38:00;Wednesday;Under 18;Male;Junior high school;Employee;2-5yr;Automobile;Owner;;No defect; Outside rural areas;Two-way (divided with broken lines road marking);Tangent road with flat terrain;Crossing;Asphalt roads;Dry;Daylight;Normal;Vehicle with vehicle collision;3;1;Going straight;Driver or rider;Female;18-30;3;Driver;Normal;Not a Pedestrian;No distancing;Slight Injury
14:38:00;Wednesday;31-50;Male;Junior high school;Employee;5-10yr;Public (12 seats);Owner;1-2yr;No defect; Outside rural areas;Two-way (divided with broken lines road marking);Tangent road with flat terrain;Crossing;Asphalt roads;Dry;Daylight;Normal;Collision with roadside objects;3;1;Going straight;Pedestrian;Female;18-30;3;Other;Normal;Unknown or other;No distancing;Slight Injury
14:38:00;Wednesday;31-50;Male;;;;Lorry (41?100Q);Owner;1-2yr;No defect; Outside rural areas;Undivided Two way;Tangent road with flat terrain;Crossing;Asphalt roads;Dry;Daylight;Normal;Collision with roadside objects;3;1;Other;Driver or rider;Male;18-30;3;Employee;Normal;Not a Pedestrian;Changing lane to the left;Slight Injury
13:46:00;Sunday;18-30;Male;Elementary school;Owner;5-10yr;Automobile;Governmental;Below 1yr;No defect; Outside rural areas;Undivided Two way;Tangent road with flat terrain;No junction;Asphalt roads;Dry;Daylight;Normal;Collision with roadside objects;1;1;Going straight;na;na;na;na;Driver;Normal;Not a Pedestrian;Changing lane to the left;Slight Injury
19:15:00;Monday;Unknown;Male;High school;Other;Above 10yr;Lorry (41?100Q);Owner;;No defect; Outside rural areas;other;Steep grade downward with mountainous terrain;Unknown;Asphalt roads;Dry;Darkness - lights lit;Normal;Collision with pedestrians;2;1;Going straight;Passenger;Female;Over 51;3;Self-employed;Normal;Not a Pedestrian;Moving Backward;Slight Injury
19:15:00;Monday;Under 18;Male;Junior high school;Employee;Above 10yr;Lorry (41?100Q);Owner;;No defect;School areas;other;Steep grade downward with mountainous terrain;Unknown;Asphalt roads;Dry;Darkness - lights lit;Normal;Vehicle with vehicle collision;2;1;Moving Backward;Pedestrian;Male;18-30;2;Driver;Normal;Unknown or other;Changing lane to the right;Slight Injury
13:00:00;Tuesday;Unknown;Male;Junior high school;Employee;1-2yr;Pick up upto 10Q;Owner;Above 10yr;No defect; Outside rural areas;Two-way (divided with broken lines road marking);Tangent road with flat terrain;Y Shape;Asphalt roads;Dry;Daylight;Other;Vehicle with vehicle collision;1;1;Going straight;Driver or rider;Male;Over 51;3;;;Not a Pedestrian;No priority to vehicle;Slight Injury
22:35:00;Monday;18-30;Male;High school;Owner;;Other;Owner;;No defect; Outside rural areas;Undivided Two way;Tangent road with flat terrain;No junction;Asphalt roads;Wet or damp;Darkness - lights lit;Raining;Collision with pedestrians;2;1;Moving Backward;Driver or rider;Male;18-30;3;Driver;Normal;Not a Pedestrian;Moving Backward;Serious Injury