Time;Day_of_week;Age_band_of_driver;Sex_of_driver;Educational_level;Vehicle_driver_relation;Driving_experience;Type_of_vehicle;Owner_of_vehicle;Service_year_of_vehicle;Defect_of_vehicle;Area_accident_occured;Lanes_or_Medians;Road_allignment;Types_of_Junction;Road_surface_type;Road_surface_conditions;Light_conditions;Weather_conditions;Type_of_collision;Number_of_vehicles_involved;Number_of_casualties;Vehicle_movement;Casualty_class;Sex_of_casualty;Age_band_of_casualty;Casualty_severity;Work_of_casuality;Fitness_of_casuality;Pedestrian_movement;Cause_of_accident;Accident_severity
17:25:00;Thursday;31-50;Male;Junior high school;Owner;5-10yr;Taxi;Owner;5-10yrs;; Industrial areas;Undivided Two way;Tangent road with flat terrain;No junction;Asphalt roads;Dry;Daylight;Normal;Vehicle with vehicle collision;2;2;Other;Passenger;Female;18-30;2;;;Not a Pedestrian;Driving under the influence of drugs;Slight Injury
17:25:00;Thursday;Over 51;Male;Junior high school;Owner;Above 10yr;Other;Owner;Unknown;No defect; Church areas;Two-way (divided with broken lines road marking);Tangent road with flat terrain;No junction;Asphalt roads;Dry;Daylight;Normal;Vehicle with vehicle collision;2;2;Reversing;Driver or rider;Male;18-30;3;Driver;Normal;Not a Pedestrian;Changing lane to the right;Slight Injury
17:00:00;Friday;31-50;Male;High school;Employee;5-10yr;Taxi;Owner;;No defect;Office areas;Two-way (divided with broken lines road marking);Tangent road with flat terrain;No junction;Asphalt roads;Dry;Daylight;Normal;Vehicle with vehicle collision;2;3;Other;na;na;na;na;;;Not a Pedestrian;Changing lane to the left;Slight Injury
17:00:00;Friday;31-50;Male;High school;Owner;2-5yr;Lorry (11?40Q);Owner;;No defect;Other;Two-way (divided with broken lines road marking);Tangent road with flat terrain;No junction;Asphalt roads;Dry;Daylight;Normal;Collision with roadside objects;2;3;Other;Passenger;Female;Over 51;3;Driver;Normal;Not a Pedestrian;No distancing;Slight Injury
17:00:00;Friday;31-50;Male;Junior high school;Employee;5-10yr;Automobile;Owner;;No defect;Office areas;Double carriageway (median);Tangent road with flat terrain;No junction;Asphalt roads;Dry;Daylight;Normal;Vehicle with vehicle collision;2;3;Reversing;Driver or rider;Female;18-30;3;Other;Normal;Not a Pedestrian;No distancing;Slight Injury
13:25:00;Sunday;31-50;Male;Elementary school;Employee;2-5yr;Other;Owner;;No defect;Office areas;Double carriageway (median);Tangent road with flat terrain;Y Shape;Asphalt roads;Dry;Daylight;Normal;Vehicle with vehicle collision;1;1;Going straight;na;na;na;na;Self-employed;Normal;Not a Pedestrian;No priority to vehicle;Serious Injury
06:11:00;Wednesday;Over 51;Male;Elementary school;Employee;5-10yr;Automobile;Governmental;;No defect;Office areas;Double carriageway (median);Tangent road with flat terrain;Unknown;Asphalt roads;Wet or damp;Darkness - lights lit;Raining;Vehicle with vehicle collision;2;2;Going straight;Pedestrian;Male;Over 51;2;Driver;Normal;Crossing from driver's nearside;Moving Backward;Slight Injury
06:11:00;Wednesday;31-50;Male;Junior high school;Employee;1-2yr;Automobile;Owner;;No defect;Residential areas;Double carriageway (median);Tangent road with flat terrain;Unknown;Asphalt roads;Wet or damp;Darkness - lights lit;Raining;Vehicle with vehicle collision;2;2;Going straight;Pedestrian;Female;31-50;3;;;Crossing from nearside - masked by parked or statioNot a Pedestrianry vehicle;Moving Backward;Slight Injury
20:40:00;Sunday;Under 18;Male;Junior high school;Employee;5-10yr;Automobile;Owner;;No defect;Office areas;Double carriageway (median);Tangent road with flat terrain;Y Shape;Asphalt roads;Dry;Darkness - lights lit;Normal;Vehicle with vehicle collision;2;1;Going straight;Driver or rider;Male;18-30;3;Self-employed;Normal;Not a Pedestrian;Getting off the vehicle improperly;Serious Injury
20:40:00;Sunday;31-50;Male;;;;Automobile;Owner;2-5yrs;;Other;Undivided Two way;Tangent road with flat terrain;Y Shape;Asphalt roads;Dry;Darkness - lights lit;Normal;Vehicle with vehicle collision;2;1;Turnover;na;na;na;na;;;Not a Pedestrian;Changing lane to the left;Serious Injury
22:55:00;Saturday;18-30;Male;Elementary school;Employee;Above 10yr;Lorry (41?100Q);Owner;2-5yrs;; Industrial areas;One way;;No junction;Asphalt roads;Dry;Darkness - lights lit;Normal;Vehicle with vehicle collision;1;3;Going straight;Pedestrian;Female;18-30;3;;;Crossing from driver's nearside;Changing lane to the left;Serious Injury
22:55:00;Saturday;18-30;Male;Elementary school;Employee;Below 1yr;Other;Owner;;No defect;Other;One way;Tangent road with flat terrain;No junction;Asphalt roads;Dry;Darkness - lights lit;Normal;Collision with roadside objects;1;3;Going straight;Driver or rider;Female;Under 18;3;Driver;;Not a Pedestrian;No priority to vehicle;Serious Injury
22:55:00;Saturday;18-30;Male;Junior high school;Employee;2-5yr;Pick up upto 10Q;Owner;;No defect;Office areas;Double carriageway (median);Tangent road with flat terrain;No junction;Asphalt roads;Dry;Darkness - lights lit;Normal;Vehicle with vehicle collision;1;3;Going straight;na;na;na;na;;;Not a Pedestrian;Changing lane to the right;Serious Injury
17:50:00;Thursday;18-30;Male;Elementary school;Owner;1-2yr;Pick up upto 10Q;Governmental;Unknown;;Office areas;Two-way (divided with broken lines road marking);Tangent road with flat terrain;No junction;Asphalt roads;Dry;Daylight;Normal;Vehicle with vehicle collision;2;1;Going straight;Driver or rider;Male;31-50;2;Unemployed;Normal;Not a Pedestrian;Changing lane to the right;Slight Injury
17:50:00;Thursday;31-50;Male;Junior high school;Owner;5-10yr;Automobile;Governmental;;No defect;;Double carriageway (median);Tangent road with flat terrain;No junction;Asphalt roads;Dry;Daylight;Normal;Vehicle with vehicle collision;2;1;Going straight;na;na;na;na;Driver;Normal;Not a Pedestrian;Driving carelessly;Slight Injury
09:23:00;Sunday;31-50;Male;Junior high school;Employee;2-5yr;Long lorry;Owner;;;Other;;Tangent road with flat terrain;Other;Asphalt roads;Dry;Daylight;Normal;Vehicle with vehicle collision;2;1;Moving Backward;na;na;na;na;Driver;Normal;Not a Pedestrian;Changing lane to the left;Slight Injury
09:23:00;Sunday;Over 51;Male;Junior high school;Employee;2-5yr;Automobile;Owner;Unknown;;Office areas;Double carriageway (median);Tangent road with flat terrain;Other;Asphalt roads;Dry;Daylight;Normal;Vehicle with vehicle collision;2;1;Going straight;Driver or rider;Female;18-30;2;Driver;Normal;Not a Pedestrian;Changing lane to the right;Slight Injury
00:56:00;Thursday;18-30;Male;High school;Employee;2-5yr;Public (13?45 seats);Owner;;No defect;Office areas;Two-way (divided with broken lines road marking);Tangent road with flat terrain;No junction;Asphalt roads;Dry;Darkness - lights lit;Normal;Vehicle with vehicle collision;1;2;Going straight;Driver or rider;Male;18-30;3;;;Not a Pedestrian;Driving under the influence of drugs;Serious Injury
00:56:00;Thursday;18-30;Male;Junior high school;Employee;Above 10yr;Lorry (41?100Q);Owner;5-10yrs;;Office areas;Undivided Two way;Tangent road with flat terrain;No junction;Asphalt roads;Dry;Darkness - lights lit;Normal;Vehicle with vehicle collision;1;2;Turnover;na;na;na;na;Driver;Normal;Not a Pedestrian;Driving carelessly;Serious Injury
08:05:00;Thursday;Unknown;Male;Junior high school;Employee;2-5yr;Public (13?45 seats);Owner;;;Other;Undivided Two way;Tangent road with flat terrain;No junction;Asphalt roads;Dry;Daylight;Normal;Collision with roadside objects;2;1;Going straight;Pedestrian;Female;Over 51;3;Driver;Normal;Walking along in carriageway, back to traffic;No distancing;Slight Injury
08:05:00;Thursday;Under 18;Male;Junior high school;Employee;1-2yr;Other;Owner;;No defect;Other;Undivided Two way;Tangent road with flat terrain;No junction;Asphalt roads;Dry;Daylight;Normal;Rollover;2;1;Going straight;Passenger;Male;31-50;2;Self-employed;Normal;Not a Pedestrian;No priority to vehicle;Slight Injury
19:30:00;Thursday;Unknown;Male;Junior high school;Employee;2-5yr;Lorry (41?100Q);Owner;;No defect;  Recreational areas;Undivided Two way;Tangent road with flat terrain;Y Shape;Asphalt roads;Wet or damp;Darkness - lights lit;Normal;Vehicle with vehicle collision;2;1;Going straight;Driver or rider;Male;31-50;3;Driver;Normal;Not a Pedestrian;No priority to vehicle;Slight Injury
19:30:00;Thursday;31-50;Male;Junior high school;Employee;5-10yr;Lorry (41?100Q);Owner;;No defect; Church areas;Undivided Two way;Tangent road with flat terrain;Y Shape;Asphalt roads;Wet or damp;Darkness - lights lit;Normal;Vehicle with vehicle collision;2;1;Going straight;na;na;na;na;;;Not a Pedestrian;No priority to vehicle;Slight Injury
16:47:00;Friday;Over 51;Male;Junior high school;Employee;1-2yr;Long lorry;Other;1-2yr;No defect;  Recreational areas;other;Tangent road with flat terrain;Crossing;Asphalt roads;Dry;Daylight;Normal;Vehicle with vehicle collision;2;2;Going straight;Driver or rider;Male;31-50;3;Unknown;Normal;Not a Pedestrian;Changing lane to the left;Slight Injury
16:47:00;Friday;31-50;Male;Elementary school;Employee;1-2yr;Pick up upto 10Q;Owner;5-10yrs;No defect;School areas;other;Tangent road with flat terrain;Crossing;Asphalt roads;Dry;Daylight;Normal;Vehicle with vehicle collision;2;2;Going straight;na;na;na;na;Driver;Normal;Not a Pedestrian;Moving Backward;Slight Injury
16:47:00;Friday;31-50;Male;Junior high school;Employee;2-5yr;Pick up upto 10Q;Owner;;No defect; Church areas;Double carriageway (median);Tangent road with flat terrain;Crossing;Asphalt roads;Dry;Daylight;Normal;Vehicle with vehicle collision;2;2;Moving Backward;Pedestrian;Female;18-30;3;;;Unknown or other;Driving carelessly;Slight Injury
14:28:00;Tuesday;18-30;Male;Junior high school;Employee;Above 10yr;Lorry (41?100Q);Owner;5-10yrs;;Office areas;;Tangent road with flat terrain;No junction;Asphalt roads;Wet or damp;Daylight;Normal;Vehicle with vehicle collision;1;1;Going straight;Pedestrian;Male;31-50;3;Driver;Normal;Unknown or other;Driving under the influence of drugs;Slight Injury
12:35:00;Saturday;31-50;Male;Junior high school;Employee;Below 1yr;Lorry (41?100Q);Owner;2-5yrs;;Residential areas;One way;Steep grade downward with mountainous terrain;No junction;Asphalt roads;Dry;Daylight;Normal;Vehicle with vehicle collision;2;1;Going straight;Pedestrian;Female;31-50;3;Other;Normal;Crossing from driver's nearside;Changing lane to the right;Slight Injury
12:35:00;Saturday;Unknown;Female;Junior high school;Employee;Above 10yr;Automobile;Owner;;No defect;Other;One way;Tangent road with flat terrain;No junction;Asphalt roads;Dry;Daylight;Normal;Vehicle with vehicle collision;2;1;Going straight;Pedestrian;Male;Under 18;3;Other;Normal;In carriageway, statioNot a Pedestrianry - not crossing  (standing or playing) - masked by parked or statioNot a Pedestrianry vehicle;No priority to vehicle;Slight Injury
01:20:00;Sunday;31-50;Male;Elementary school;Owner;5-10yr;Other;Owner;;No defect;Other;Undivided Two way;Tangent road with flat terrain;Crossing;Asphalt roads;Dry;Darkness - lights lit;Normal;Collision with roadside objects;2;2;Going straight;na;na;na;na;Self-employed;Normal;Not a Pedestrian;Changing lane to the right;Slight Injury
01:20:00;Sunday;18-30;Male;Elementary school;Employee;Above 10yr;;Governmental;1-2yr;No defect; Industrial areas;One way;Tangent road with flat terrain;Crossing;Asphalt roads;Dry;Darkness - lights lit;Normal;Vehicle with vehicle collision;2;2;Moving Backward;Driver or rider;Male;31-50;3;Driver;Normal;Not a Pedestrian;Driving to the left;Slight Injury
01:20:00;Sunday;18-30;Male;Junior high school;Employee;1-2yr;Other;Governmental;1-2yr;No defect; Church areas;other;Steep grade downward with mountainous terrain;Crossing;Asphalt roads;Dry;Darkness - lights lit;Normal;Vehicle with vehicle collision;2;2;Going straight;na;na;na;na;Driver;Normal;Not a Pedestrian;Moving Backward;Slight Injury
15:30:00;Thursday;Unknown;Female;;;;Automobile;Organization;1-2yr;No defect;Office areas;other;Tangent road with flat terrain;No junction;Asphalt roads;Wet or damp;Daylight;Other;Vehicle with vehicle collision;2;1;Other;Pedestrian;Female;18-30;2;Driver;Normal;Unknown or other;No priority to vehicle;Slight Injury
15:30:00;Thursday;Under 18;Male;High school;Owner;5-10yr;Pick up upto 10Q;Owner;Unknown;No defect;Office areas;Undivided Two way;Tangent road with flat terrain;No junction;Asphalt roads;Wet or damp;Daylight;Other;Vehicle with vehicle collision;2;1;Other;Passenger;Female;18-30;3;;;Not a Pedestrian;No distancing;Slight Injury
14:50:00;Wednesday;Unknown;Male;Elementary school;Employee;2-5yr;Automobile;Owner;;;Office areas;Double carriageway (median);Tangent road with flat terrain;Y Shape;Asphalt roads;Wet or damp;Daylight;Normal;Collision with pedestrians;2;1;Going straight;Driver or rider;Male;18-30;3;;;Not a Pedestrian;Driving carelessly;Slight Injury
14:50:00;Wednesday;31-50;Male;;;;Public (12 seats);Owner;2-5yrs;;Other;Two-way (divided with broken lines road marking);Tangent road with flat terrain;Y Shape;Asphalt roads;Wet or damp;Daylight;Normal;Collision with pedestrians;2;1;Going straight;na;na;na;na;Driver;Normal;Not a Pedestrian;Changing lane to the left;Slight Injury
16:20:00;Saturday;31-50;Male;;;;Automobile;Owner;;;Office areas;Undivided Two way;Tangent road with flat terrain;Y Shape;Asphalt roads;Dry;Daylight;Normal;Vehicle with vehicle collision;1;1;Going straight;Pedestrian;Male;31-50;3;Other;Normal;Unknown or other;No priority to vehicle;Serious Injury
16:30:00;Monday;Unknown;Male;High school;Owner;1-2yr;Other;Owner;;No defect;Other;Double carriageway (median);Tangent road with flat terrain;Y Shape;Asphalt roads;Wet or damp;Daylight;Normal;Vehicle with vehicle collision;2;1;Going straight;Driver or rider;Female;18-30;3;Driver;Normal;Not a Pedestrian;No priority to vehicle;Slight Injury
16:30:00;Monday;18-30;Male;Junior high school;Employee;1-2yr;Public (12 seats);Owner;Above 10yr;No defect; Industrial areas;Two-way (divided with broken lines road marking);Tangent road with flat terrain;Y Shape;Asphalt roads;Wet or damp;Daylight;Normal;Vehicle with vehicle collision;2;1;Other;Driver or rider;Male;31-50;3;;;Not a Pedestrian;No distancing;Slight Injury
11:50:00;Friday;Unknown;Male;Junior high school;Employee;1-2yr;Stationwagen;Owner;;No defect;Residential areas;other;Tangent road with flat terrain;Y Shape;Asphalt roads;Dry;Daylight;Unknown;Rollover;2;1;Going straight;na;na;na;na;Driver;Normal;Not a Pedestrian;Driving to the left;Slight Injury
11:50:00;Friday;Unknown;Male;Junior high school;Employee;Above 10yr;Lorry (41?100Q);Owner;;No defect;Other;Two-way (divided with broken lines road marking);Tangent road with flat terrain;Y Shape;Asphalt roads;Dry;Daylight;Unknown;Vehicle with vehicle collision;2;1;Getting off;Driver or rider;Female;31-50;3;Driver;Normal;Not a Pedestrian;Driving carelessly;Slight Injury
17:11:00;Sunday;Under 18;Male;Junior high school;Employee;1-2yr;Lorry (41?100Q);Owner;5-10yrs;;Other;One way;Tangent road with flat terrain;Y Shape;Asphalt roads;Wet or damp;Darkness - lights lit;Raining;Vehicle with vehicle collision;2;1;Going straight;na;na;na;na;Employee;Normal;Not a Pedestrian;Driving carelessly;Slight Injury
17:11:00;Sunday;31-50;Male;High school;Owner;Above 10yr;Lorry (41?100Q);Owner;1-2yr;No defect;Other;One way;Tangent road with flat terrain;Y Shape;Asphalt roads;Wet or damp;Darkness - lights lit;Raining;Collision with pedestrians;2;1;Going straight;Driver or rider;Male;18-30;3;;;Not a Pedestrian;Changing lane to the right;Slight Injury
18:00:00;Tuesday;Over 51;Male;Junior high school;Employee;Above 10yr;Automobile;Owner;;;Other;Undivided Two way;Tangent road with flat terrain;Y Shape;Asphalt roads with some distress;Wet or damp;Darkness - lights lit;Normal;Vehicle with vehicle collision;2;1;Going straight;Driver or rider;Male;18-30;3;Student;Normal;Not a Pedestrian;Driving carelessly;Slight Injury
18:00:00;Tuesday;18-30;Male;Junior high school;Employee;1-2yr;Lorry (41?100Q);;;;Other;Two-way (divided with broken lines road marking);Tangent road with flat terrain;Y Shape;Asphalt roads;Wet or damp;Darkness - lights lit;Normal;Vehicle with vehicle collision;2;1;Going straight;na;na;na;na;Driver;Normal;Not a Pedestrian;Changing lane to the left;Slight Injury
23:51:00;Friday;Unknown;Female;Junior high school;Employee;1-2yr;;Governmental;Below 1yr;No defect;Residential areas;other;Steep grade downward with mountainous terrain;Y Shape;Asphalt roads;Wet or damp;Darkness - lights lit;Normal;Vehicle with vehicle collision;1;1;Going straight;Pedestrian;Female;31-50;3;Self-employed;Normal;Crossing from nearside - masked by parked or statioNot a Pedestrianry vehicle;Driving carelessly;Fatal injury
11:48:00;Monday;Over 51;Male;High school;Employee;2-5yr;Public (12 seats);Owner;;No defect;Office areas;Two-way (divided with broken lines road marking);Tangent road with flat terrain;No junction;Asphalt roads;Dry;Daylight;Normal;Collision with pedestrians;2;1;Going straight;Driver or rider;Male;31-50;3;Self-employed;Normal;Not a Pedestrian;Driving carelessly;Serious Injury
11:48:00;Monday;31-50;Male;Junior high school;Employee;2-5yr;Automobile;Owner;;;Office areas;Two-way (divided with broken lines road marking);Tangent road with flat terrain;No junction;Asphalt roads;Dry;Daylight;Normal;Vehicle with vehicle collision;2;1;Moving Backward;na;na;na;na;Driver;Normal;Not a Pedestrian;Driving under the influence of drugs;Serious Injury
20:30:00;Tuesday;Unknown;Male;Junior high school;Employee;1-2yr;Stationwagen;Owner;Unknown;No defect;Other;Two-way (divided with broken lines road marking);Tangent road with flat terrain;No junction;Gravel roads;Wet or damp;Darkness - lights lit;Raining;Collision with pedestrians;1;1;Going straight;Pedestrian;Male;31-50;3;;;Walking along in carriageway, facing traffic;Driving carelessly;Slight Injury
11:00:00;Monday;Unknown;Male;Elementary school;Employee;5-10yr;Automobile;Owner;Above 10yr;No defect;Other;One way;Tangent road with flat terrain;Y Shape;Asphalt roads;Dry;Daylight;Normal;Vehicle with vehicle collision;2;2;Other;Driver or rider;Male;18-30;2;Driver;Normal;Not a Pedestrian;No distancing;Slight Injury
11:00:00;Monday;31-50;Male;Junior high school;Employee;5-10yr;Lorry (41?100Q);Owner;;No defect;Office areas;Two-way (divided with broken lines road marking);Tangent road with flat terrain;Y Shape;Asphalt roads;Dry;Daylight;Normal;Vehicle with vehicle collision;2;2;Going straight;na;na;na;na;Driver;Normal;Not a Pedestrian;Driving carelessly;Slight Injury
11:00:00;Monday;31-50;Male;Junior high school;Employee;1-2yr;Other;Owner;2-5yrs;;Office areas;Undivided Two way;Tangent road with flat terrain;Y Shape;Asphalt roads;Dry;Daylight;Normal;Vehicle with vehicle collision;2;2;Going straight;na;na;na;na;Self-employed;Normal;Not a Pedestrian;Driving to the left;Slight Injury
08:09:00;Saturday;31-50;Male;Elementary school;Other;5-10yr;Pick up upto 10Q;Owner;;No defect;Other;Two-way (divided with broken lines road marking);Tangent road with flat terrain;Crossing;Asphalt roads;Dry;Daylight;Normal;Vehicle with vehicle collision;2;3;Going straight;Driver or rider;Female;18-30;3;Driver;Normal;Not a Pedestrian;Overtaking;Slight Injury
08:09:00;Saturday;31-50;Male;Junior high school;Employee;2-5yr;;Owner;;No defect;Other;Two-way (divided with broken lines road marking);Tangent road with flat terrain;Crossing;Asphalt roads;Dry;Daylight;Normal;Vehicle with vehicle collision;2;3;Going straight;Driver or rider;Male;31-50;3;;Normal;Not a Pedestrian;No distancing;Slight Injury
08:09:00;Saturday;31-50;Male;Elementary school;Employee;5-10yr;Lorry (41?100Q);Governmental;Unknown;;Residential areas;Two-way (divided with broken lines road marking);Tangent road with flat terrain;Crossing;Asphalt roads;Dry;Daylight;Normal;Collision with roadside objects;2;3;;Passenger;Male;31-50;3;Driver;Normal;Not a Pedestrian;Driving carelessly;Slight Injury
18:00:00;Saturday;Unknown;Female;Junior high school;Employee;Above 10yr;Automobile;Owner;1-2yr;No defect;Other;Undivided Two way;Tangent road with flat terrain;Other;Asphalt roads;Dry;Daylight;Normal;Vehicle with vehicle collision;2;1;Moving Backward;Pedestrian;Male;31-50;3;;;Crossing from driver's nearside;No priority to vehicle;Slight Injury
18:00:00;Saturday;Over 51;Male;Junior high school;Employee;Above 10yr;Public (13?45 seats);Owner;;No defect;Office areas;Undivided Two way;Tangent road with flat terrain;Other;Asphalt roads;Dry;Daylight;Normal;Vehicle with vehicle collision;2;1;;Pedestrian;Male;18-30;3;Driver;Normal;Crossing from nearside - masked by parked or statioNot a Pedestrianry vehicle;No priority to vehicle;Slight Injury
10:15:00;Saturday;Unknown;Male;Elementary school;Owner;2-5yr;Automobile;Owner;2-5yrs;No defect;Office areas;Undivided Two way;Tangent road with flat terrain;No junction;Asphalt roads;Wet or damp;Daylight;Other;Collision with roadside objects;2;1;Going straight;na;na;na;na;;;Not a Pedestrian;No priority to vehicle;Slight Injury
10:15:00;Saturday;31-50;Male;Elementary school;Employee;5-10yr;Lorry (41?100Q);;;;Other;Undivided Two way;Tangent road with flat terrain;No junction;Earth roads;Wet or damp;Daylight;Other;Vehicle with vehicle collision;2;1;Going straight;Driver or rider;Male;31-50;3;Self-employed;NormalNormal;Not a Pedestrian;No priority to vehicle;Slight Injury
01:35:00;Sunday;31-50;Male;Junior high school;Owner;1-2yr;Public (12 seats);Owner;Unknown;;Other;;Tangent road with flat terrain;Y Shape;Asphalt roads;Wet or damp;Darkness - lights lit;Normal;Vehicle with vehicle collision;3;3;;Driver or rider;Male;31-50;3;Driver;Normal;Not a Pedestrian;No distancing;Serious Injury
01:35:00;Sunday;31-50;Male;Elementary school;Employee;Above 10yr;Motorcycle;Owner;Above 10yr;;Other;Undivided Two way;Tangent road with flat terrain;Y Shape;;Wet or damp;Darkness - lights lit;Normal;Vehicle with vehicle collision;3;3;Going straight;na;na;na;na;Driver;Normal;Not a Pedestrian;Moving Backward;Serious Injury
01:35:00;Sunday;31-50;Male;Junior high school;Employee;5-10yr;Public (12 seats);Owner;;No defect;Office areas;;Tangent road with flat terrain;Y Shape;;Wet or damp;Darkness - lights lit;Normal;Vehicle with vehicle collision;3;3;Going straight;na;na;na;na;Other;Normal;Not a Pedestrian;No distancing;Serious Injury
01:35:00;Sunday;18-30;Male;Junior high school;Employee;2-5yr;Lorry (41?100Q);Owner;Above 10yr;No defect;Office areas;Two-way (divided with broken lines road marking);Tangent road with flat terrain;Y Shape;Asphalt roads;Wet or damp;Darkness - lights lit;Normal;Collision with pedestrians;3;3;Going straight;Pedestrian;Male;18-30;2;;;Crossing from nearside - masked by parked or statioNot a Pedestrianry vehicle;Changing lane to the left;Serious Injury
01:35:00;Sunday;Unknown;Male;Elementary school;Employee;Above 10yr;Automobile;Owner;;No defect;Other;Two-way (divided with broken lines road marking);Steep grade downward with mountainous terrain;Y Shape;Earth roads;Wet or damp;Darkness - lights lit;Normal;Collision with pedestrians;3;3;Going straight;Driver or rider;Male;31-50;3;;;Not a Pedestrian;Changing lane to the left;Serious Injury
15:35:00;Tuesday;31-50;Male;Junior high school;Employee;2-5yr;Lorry (41?100Q);Owner;Above 10yr;No defect; Church areas;other;Tangent road with flat terrain;Y Shape;Asphalt roads;Dry;Daylight;Normal;Vehicle with vehicle collision;2;1;Going straight;na;na;na;na;Other;Normal;Not a Pedestrian;No priority to pedestrian;Slight Injury
15:35:00;Tuesday;31-50;Male;Elementary school;Employee;Above 10yr;Stationwagen;Governmental;;No defect; Industrial areas;Undivided Two way;Tangent road with flat terrain;Y Shape;Asphalt roads;Dry;Daylight;Normal;Vehicle with vehicle collision;2;1;Going straight;Driver or rider;Male;31-50;3;Driver;Normal;Not a Pedestrian;Moving Backward;Slight Injury
01:50:00;Thursday;18-30;Male;Junior high school;Employee;Above 10yr;Pick up upto 10Q;Organization;2-5yrs;;Other;Undivided Two way;Tangent road with flat terrain;Other;Earth roads;Wet or damp;Darkness - lights lit;Normal;Collision with roadside objects;2;2;Going straight;Pedestrian;Male;18-30;3;Driver;Normal;Crossing from nearside - masked by parked or statioNot a Pedestrianry vehicle;Changing lane to the left;Slight Injury
01:50:00;Thursday;31-50;Male;Junior high school;Employee;2-5yr;Automobile;Owner;5-10yrs;No defect;Other;Two-way (divided with broken lines road marking);Tangent road with flat terrain;Other;Asphalt roads;Wet or damp;Darkness - lights lit;Normal;Vehicle with vehicle collision;2;2;Other;Driver or rider;Male;31-50;3;;;Not a Pedestrian;No distancing;Slight Injury
10:18:00;Thursday;31-50;Male;Junior high school;Employee;Above 10yr;Automobile;Owner;1-2yr;;Office areas;Undivided Two way;Tangent road with mountainous terrain and;No junction;Asphalt roads;Wet or damp;Daylight;Windy;Vehicle with vehicle collision;2;1;Going straight;na;na;na;na;Driver;Normal;Not a Pedestrian;No priority to vehicle;Serious Injury
10:18:00;Thursday;18-30;Male;Junior high school;Employee;Above 10yr;;Owner;Unknown;No defect;Other;One way;Tangent road with flat terrain;No junction;Asphalt roads;Wet or damp;Daylight;Windy;Vehicle with vehicle collision;2;1;Going straight;Driver or rider;Female;31-50;3;;;Not a Pedestrian;Changing lane to the right;Serious Injury
11:08:00;Thursday;18-30;Male;Junior high school;Employee;Below 1yr;Other;Owner;Unknown;No defect;  Recreational areas;Undivided Two way;Steep grade downward with mountainous terrain;No junction;Asphalt roads;Wet or damp;Daylight;Other;Vehicle with vehicle collision;1;1;Going straight;na;na;na;na;Driver;Normal;Not a Pedestrian;No distancing;Serious Injury
13:40:00;Friday;Over 51;Male;Junior high school;Owner;Above 10yr;Automobile;Governmental;Unknown;No defect;Other;Two-way (divided with broken lines road marking);Steep grade downward with mountainous terrain;Crossing;Asphalt roads;Dry;Daylight;Normal;Collision with roadside objects;2;1;Going straight;Passenger;Female;31-50;3;Driver;Normal;Not a Pedestrian;No distancing;Slight Injury
13:40:00;Friday;Over 51;Male;High school;Other;Above 10yr;Public (13?45 seats);Governmental;5-10yrs;No defect; Church areas;Two-way (divided with broken lines road marking);Tangent road with flat terrain;Crossing;Asphalt roads;Dry;Daylight;Normal;Vehicle with vehicle collision;2;1;Going straight;Pedestrian;Male;18-30;3;;;Crossing from nearside - masked by parked or statioNot a Pedestrianry vehicle;Getting off the vehicle improperly;Slight Injury
09:51:00;Thursday;Under 18;Male;Junior high school;Employee;5-10yr;Public (13?45 seats);Owner;;;Residential areas;Undivided Two way;Tangent road with flat terrain;Y Shape;Asphalt roads;Wet or damp;Daylight;Normal;Vehicle with vehicle collision;2;1;Going straight;na;na;na;na;;;Not a Pedestrian;No priority to pedestrian;Slight Injury
09:51:00;Thursday;Over 51;Male;Elementary school;;;Automobile;Owner;5-10yrs;No defect;Office areas;Two-way (divided with broken lines road marking);;Y Shape;Asphalt roads;Wet or damp;Daylight;Normal;Collision with roadside objects;2;1;Moving Backward;Driver or rider;Female;18-30;3;;;Not a Pedestrian;Changing lane to the left;Slight Injury
08:06:00;Wednesday;18-30;Male;Junior high school;Employee;5-10yr;Public (12 seats);Owner;2-5yrs;No defect;Other;Two-way (divided with broken lines road marking);Tangent road with flat terrain;O Shape;Asphalt roads;Wet or damp;Daylight;Normal;Vehicle with vehicle collision;2;1;Going straight;na;na;na;na;;;Not a Pedestrian;No distancing;Serious Injury
08:06:00;Wednesday;Over 51;Male;Junior high school;Employee;5-10yr;Public (12 seats);Governmental;2-5yrs;;Office areas;Undivided Two way;Tangent road with flat terrain;O Shape;Asphalt roads;Wet or damp;Daylight;Normal;Collision with roadside objects;2;1;Going straight;Driver or rider;Male;Over 51;3;Other;Normal;Not a Pedestrian;Driving carelessly;Serious Injury
08:30:00;Tuesday;18-30;Male;Junior high school;Owner;Below 1yr;Lorry (41?100Q);Owner;;;Office areas;other;Tangent road with flat terrain;Y Shape;Asphalt roads;Dry;Daylight;Normal;Vehicle with vehicle collision;2;1;Going straight;Driver or rider;Male;31-50;3;Self-employed;Normal;Not a Pedestrian;No distancing;Serious Injury