Time;Day_of_week;Age_band_of_driver;Sex_of_driver;Educational_level;Vehicle_driver_relation;Driving_experience;Type_of_vehicle;Owner_of_vehicle;Service_year_of_vehicle;Defect_of_vehicle;Area_accident_occured;Lanes_or_Medians;Road_allignment;Types_of_Junction;Road_surface_type;Road_surface_conditions;Light_conditions;Weather_conditions;Type_of_collision;Number_of_vehicles_involved;Number_of_casualties;Vehicle_movement;Casualty_class;Sex_of_casualty;Age_band_of_casualty;Casualty_severity;Work_of_casuality;Fitness_of_casuality;Pedestrian_movement;Cause_of_accident;Accident_severity
08:30:00;Tuesday;31-50;Male;Junior high school;Employee;5-10yr;Automobile;Owner;;No defect;Other;One way;Escarpments;Y Shape;Asphalt roads;Dry;Daylight;Normal;Vehicle with vehicle collision;2;1;Going straight;na;na;na;na;;;Not a Pedestrian;Changing lane to the right;Serious Injury
08:15:00;Friday;31-50;Male;Elementary school;Employee;2-5yr;Pick up upto 10Q;Owner;;No defect;Residential areas;Undivided Two way;Tangent road with flat terrain;Crossing;Asphalt roads with some distress;Wet or damp;Daylight;Normal;Vehicle with vehicle collision;2;1;Going straight;Driver or rider;Male;18-30;3;Student;Normal;Not a Pedestrian;Overtaking;Slight Injury
08:15:00;Friday;Over 51;Male;Junior high school;Owner;2-5yr;Pick up upto 10Q;Owner;;No defect;  Recreational areas;One way;Tangent road with flat terrain;Crossing;Asphalt roads;Wet or damp;Daylight;Normal;Vehicle with vehicle collision;2;1;Going straight;na;na;na;na;Other;Normal;Not a Pedestrian;Driving carelessly;Slight Injury
23:45:00;Monday;Unknown;Female;Elementary school;Employee;2-5yr;Lorry (41?100Q);Owner;;No defect; Church areas;Undivided Two way;Tangent road with flat terrain;Y Shape;Asphalt roads;Wet or damp;Darkness - lights lit;Raining;Vehicle with vehicle collision;1;1;Going straight;Driver or rider;Male;31-50;3;Driver;Normal;Not a Pedestrian;Moving Backward;Slight Injury
11:06:00;Friday;Over 51;Male;Junior high school;Owner;2-5yr;Automobile;Owner;;No defect;Other;One way;Tangent road with flat terrain;Other;Asphalt roads;Dry;Daylight;Normal;Vehicle with vehicle collision;1;1;Going straight;na;na;na;na;Other;Normal;Not a Pedestrian;No distancing;Serious Injury
04:15:00;Sunday;18-30;Male;Junior high school;Employee;Above 10yr;Stationwagen;Owner;;No defect;Other;Undivided Two way;Tangent road with flat terrain;No junction;Asphalt roads;Wet or damp;Darkness - lights lit;Other;Vehicle with vehicle collision;1;1;Going straight;Driver or rider;Male;18-30;3;Driver;Normal;Not a Pedestrian;Overtaking;Slight Injury
22:30:00;Tuesday;Unknown;Male;Junior high school;Employee;2-5yr;Motorcycle;Owner;Unknown;No defect;Other;Two-way (divided with broken lines road marking);Tangent road with flat terrain;Y Shape;Asphalt roads;Dry;Daylight;Normal;Vehicle with vehicle collision;2;2;Going straight;na;na;na;na;Other;Normal;Not a Pedestrian;Driving carelessly;Slight Injury
22:30:00;Tuesday;18-30;Male;Junior high school;Employee;1-2yr;;Governmental;;No defect;Residential areas;other;Tangent road with flat terrain;Y Shape;Asphalt roads;Dry;Daylight;Normal;Collision with pedestrians;2;2;Going straight;Passenger;Female;18-30;3;;Normal;Not a Pedestrian;Driving carelessly;Slight Injury
22:30:00;Tuesday;18-30;Male;Junior high school;Employee;2-5yr;Other;Owner;Above 10yr;No defect;School areas;other;Tangent road with flat terrain;Y Shape;Asphalt roads;Dry;Daylight;Normal;Collision with roadside objects;2;2;Going straight;Driver or rider;Male;18-30;3;Driver;Normal;Not a Pedestrian;Moving Backward;Slight Injury
17:36:00;Friday;31-50;Male;Junior high school;Employee;1-2yr;Automobile;Owner;Above 10yr;No defect; Church areas;Two-way (divided with broken lines road marking);Tangent road with flat terrain;No junction;Asphalt roads;Dry;Darkness - lights lit;Normal;Vehicle with vehicle collision;2;3;Other;Driver or rider;Female;18-30;3;Driver;Normal;Not a Pedestrian;Driving carelessly;Slight Injury
17:36:00;Friday;31-50;Male;Junior high school;Employee;5-10yr;Automobile;Owner;Above 10yr;No defect;Other;other;Tangent road with flat terrain;No junction;Asphalt roads;Dry;Darkness - lights lit;Normal;Vehicle with vehicle collision;2;3;Going straight;na;na;na;na;Self-employed;Normal;Not a Pedestrian;Driving to the left;Slight Injury
17:36:00;Friday;31-50;Male;Junior high school;Employee;5-10yr;;Owner;Below 1yr;;Other;Two-way (divided with broken lines road marking);Tangent road with flat terrain;No junction;Asphalt roads;Dry;Darkness - lights lit;Normal;Collision with roadside objects;2;3;Going straight;na;na;na;na;;;Not a Pedestrian;Changing lane to the left;Slight Injury
15:23:00;Wednesday;18-30;Male;Elementary school;Owner;2-5yr;Public (> 45 seats);Owner;2-5yrs;;Office areas;Undivided Two way;Tangent road with flat terrain;Crossing;Asphalt roads;Dry;Daylight;Cloudy;Vehicle with vehicle collision;2;1;Going straight;Driver or rider;Female;18-30;1;;;Not a Pedestrian;No distancing;Slight Injury
15:23:00;Wednesday;Over 51;Male;Elementary school;Employee;Below 1yr;Automobile;Owner;2-5yrs;;Office areas;Two-way (divided with broken lines road marking);Tangent road with flat terrain;Crossing;Asphalt roads;Dry;Daylight;Cloudy;Vehicle with vehicle collision;2;1;Going straight;na;na;na;na;Employee;Normal;Not a Pedestrian;No distancing;Slight Injury
07:45:00;Thursday;18-30;Male;;;;Other;Owner;2-5yrs;No defect;Other;Undivided Two way;Tangent road with flat terrain;No junction;Asphalt roads;Wet or damp;Darkness - no lighting;Raining;Collision with pedestrians;2;1;Going straight;Driver or rider;Male;18-30;3;Driver;Normal;Not a Pedestrian;Changing lane to the right;Slight Injury
07:45:00;Thursday;18-30;Male;Junior high school;Employee;Above 10yr;Automobile;Owner;Below 1yr;No defect; Hospital areas;Undivided Two way;Tangent road with flat terrain;No junction;Asphalt roads;Wet or damp;Darkness - no lighting;Raining;Vehicle with vehicle collision;2;1;Going straight;Driver or rider;Male;Under 18;3;Other;Normal;Not a Pedestrian;Driving under the influence of drugs;Slight Injury
20:35:00;Monday;Unknown;Male;High school;Employee;1-2yr;Other;Owner;2-5yrs;;Other;Undivided Two way;Tangent road with flat terrain;Crossing;Asphalt roads;Wet or damp;Darkness - lights lit;Raining;Collision with pedestrians;2;3;Going straight;Passenger;Female;18-30;3;Driver;Normal;Not a Pedestrian;Changing lane to the right;Slight Injury
20:35:00;Monday;31-50;Male;Junior high school;Owner;5-10yr;Lorry (41?100Q);Owner;;;Other;Two-way (divided with broken lines road marking);Tangent road with flat terrain;Crossing;Asphalt roads;Wet or damp;Darkness - lights lit;Raining;Vehicle with vehicle collision;2;3;Other;na;na;na;na;Driver;Normal;Not a Pedestrian;Changing lane to the left;Slight Injury
20:35:00;Monday;31-50;Male;Junior high school;Employee;1-2yr;Pick up upto 10Q;Owner;;;Other;Undivided Two way;Tangent road with flat terrain;Crossing;Asphalt roads;Wet or damp;Darkness - lights lit;Raining;Vehicle with vehicle collision;2;3;Going straight;Driver or rider;Male;31-50;3;Driver;Normal;Not a Pedestrian;Moving Backward;Slight Injury
20:35:00;Monday;31-50;Male;Junior high school;Employee;Above 10yr;Public (13?45 seats);;;;Other;Double carriageway (median);Tangent road with flat terrain;Crossing;Asphalt roads;Wet or damp;Darkness - lights lit;Raining;Collision with roadside objects;2;3;Going straight;Driver or rider;Male;31-50;3;Driver;Normal;Not a Pedestrian;No distancing;Slight Injury
18:43:00;Wednesday;18-30;Male;Junior high school;Employee;Below 1yr;Automobile;Governmental;;No defect;Other;Two-way (divided with broken lines road marking);Tangent road with mild grade and flat terrain;No junction;Asphalt roads;Wet or damp;Darkness - lights lit;Other;Vehicle with vehicle collision;3;1;Going straight;Driver or rider;Male;18-30;3;Driver;Normal;Not a Pedestrian;Changing lane to the right;Slight Injury
18:43:00;Wednesday;Over 51;Male;Elementary school;Employee;2-5yr;Pick up upto 10Q;Owner;Above 10yr;No defect; Hospital areas;Two-way (divided with broken lines road marking);Tangent road with flat terrain;No junction;Gravel roads;Wet or damp;Darkness - lights lit;Other;Vehicle with vehicle collision;3;1;Going straight;Passenger;Female;18-30;3;Driver;Normal;Not a Pedestrian;Moving Backward;Slight Injury
18:43:00;Wednesday;31-50;Male;Junior high school;Employee;5-10yr;Automobile;;Above 10yr;No defect;Other;Two-way (divided with broken lines road marking);Tangent road with flat terrain;No junction;Asphalt roads;Wet or damp;Darkness - lights lit;Other;Vehicle with vehicle collision;3;1;Going straight;Driver or rider;Male;18-30;3;Driver;Normal;Not a Pedestrian;No distancing;Slight Injury
18:19:00;Tuesday;Over 51;Male;Elementary school;Employee;5-10yr;Lorry (41?100Q);Owner;;No defect;Other;One way;Tangent road with flat terrain;Crossing;Asphalt roads;Wet or damp;Darkness - lights lit;Snow;Collision with pedestrians;1;1;Going straight;na;na;na;na;Driver;Normal;Not a Pedestrian;Driving to the left;Serious Injury
10:50:00;Sunday;Unknown;Male;Junior high school;Owner;1-2yr;Automobile;Owner;2-5yrs;No defect;Other;Two-way (divided with broken lines road marking);Tangent road with mild grade and flat terrain;Other;Asphalt roads;Dry;Daylight;Normal;Collision with roadside objects;2;1;Going straight;Driver or rider;Male;5;3;Student;Normal;Not a Pedestrian;Driving to the left;Slight Injury
10:50:00;Sunday;31-50;Male;Junior high school;Employee;5-10yr;Lorry (41?100Q);Owner;;;Office areas;Two-way (divided with broken lines road marking);Tangent road with flat terrain;Other;Asphalt roads;Dry;Daylight;Normal;Collision with pedestrians;2;1;Going straight;na;na;na;na;;;Not a Pedestrian;Moving Backward;Slight Injury
13:00:00;Saturday;Over 51;Male;Unknown;Other;;Lorry (41?100Q);Owner;Unknown;;Residential areas;Two-way (divided with broken lines road marking);Tangent road with flat terrain;Y Shape;Asphalt roads;Wet or damp;Daylight;Normal;Vehicle with vehicle collision;3;3;Going straight;Driver or rider;Female;18-30;3;;;Not a Pedestrian;Moving Backward;Slight Injury
13:00:00;Saturday;31-50;Male;High school;Employee;2-5yr;Lorry (41?100Q);Owner;2-5yrs;No defect;Other;Two-way (divided with broken lines road marking);Tangent road with flat terrain;Y Shape;Asphalt roads;Wet or damp;Daylight;Normal;Vehicle with vehicle collision;3;3;Moving Backward;Passenger;Female;31-50;3;;Normal;Not a Pedestrian;Overtaking;Slight Injury
13:00:00;Saturday;31-50;Male;Junior high school;Employee;1-2yr;Public (13?45 seats);Owner;Unknown;;Residential areas;Two-way (divided with broken lines road marking);Tangent road with flat terrain;Y Shape;Asphalt roads;Wet or damp;Daylight;Normal;Vehicle with vehicle collision;3;3;Going straight;Passenger;Female;Over 51;3;Driver;Normal;Not a Pedestrian;Driving carelessly;Slight Injury
13:00:00;Saturday;31-50;Male;Junior high school;Employee;5-10yr;Automobile;Owner;Unknown;;Other;Undivided Two way;Tangent road with flat terrain;Y Shape;Asphalt roads;Wet or damp;Daylight;Normal;Vehicle with vehicle collision;3;3;Going straight;Passenger;Female;18-30;3;Driver;Normal;Not a Pedestrian;Changing lane to the left;Slight Injury
13:10:00;Friday;31-50;Male;Junior high school;Employee;2-5yr;Other;Owner;2-5yrs;;Residential areas;Double carriageway (median);Tangent road with flat terrain;No junction;Asphalt roads;Wet or damp;Daylight;Normal;Vehicle with vehicle collision;2;2;Going straight;na;na;na;na;;;Not a Pedestrian;Driving under the influence of drugs;Slight Injury
13:10:00;Friday;18-30;Male;Junior high school;Employee;No Licence;Other;Owner;;;Office areas;Two-way (divided with broken lines road marking);Tangent road with flat terrain;No junction;Asphalt roads;Wet or damp;Daylight;Normal;Collision with roadside objects;2;2;Going straight;na;na;na;na;;;Not a Pedestrian;No distancing;Slight Injury
13:10:00;Friday;18-30;Male;Junior high school;Employee;Above 10yr;Other;Owner;5-10yrs;;Office areas;Two-way (divided with broken lines road marking);Tangent road with mild grade and flat terrain;No junction;Asphalt roads;Wet or damp;Daylight;Normal;Collision with roadside objects;2;2;Moving Backward;Driver or rider;Male;31-50;3;;;Not a Pedestrian;Moving Backward;Slight Injury
18:39:00;Friday;Under 18;Male;Junior high school;Employee;Above 10yr;Automobile;Owner;Unknown;;Office areas;Double carriageway (median);Tangent road with flat terrain;No junction;Asphalt roads;Wet or damp;Darkness - lights lit;Raining;Vehicle with vehicle collision;2;1;Going straight;na;na;na;na;;;Not a Pedestrian;Changing lane to the left;Slight Injury
18:39:00;Friday;18-30;Male;Junior high school;Employee;5-10yr;Other;Owner;;;  Recreational areas;Two-way (divided with broken lines road marking);Tangent road with flat terrain;No junction;Asphalt roads;Wet or damp;Darkness - lights lit;Raining;Vehicle with vehicle collision;2;1;Other;Driver or rider;Male;18-30;3;Driver;Normal;Not a Pedestrian;Changing lane to the right;Slight Injury
20:30:00;Tuesday;Unknown;Male;High school;Employee;2-5yr;Lorry (41?100Q);Owner;;;Other;Two-way (divided with broken lines road marking);Tangent road with flat terrain;Y Shape;Asphalt roads;Wet or damp;Darkness - no lighting;Normal;Vehicle with vehicle collision;3;1;Other;Driver or rider;Male;Over 51;3;Driver;Normal;Not a Pedestrian;No distancing;Serious Injury
20:30:00;Tuesday;18-30;Male;High school;Owner;2-5yr;Public (12 seats);Owner;;;Other;other;Tangent road with flat terrain;Y Shape;Gravel roads;Wet or damp;Darkness - no lighting;Normal;Vehicle with vehicle collision;3;1;Going straight;Driver or rider;Male;31-50;3;Driver;Normal;Not a Pedestrian;Driving at high speed;Serious Injury
20:30:00;Tuesday;18-30;Male;Junior high school;Employee;Below 1yr;Lorry (41?100Q);Owner;5-10yrs;;Other;Two-way (divided with broken lines road marking);Tangent road with flat terrain;Y Shape;Asphalt roads;Wet or damp;Darkness - no lighting;Normal;Vehicle with vehicle collision;3;1;Going straight;na;na;na;na;Other;Normal;Not a Pedestrian;Changing lane to the right;Serious Injury
15:20:00;Thursday;31-50;Male;Junior high school;Owner;Above 10yr;Public (12 seats);Owner;;;Other;Double carriageway (median);Tangent road with flat terrain;No junction;Asphalt roads;Dry;Daylight;Normal;Vehicle with vehicle collision;1;1;Going straight;Driver or rider;Male;18-30;3;Driver;Normal;Not a Pedestrian;No priority to vehicle;Slight Injury
19:10:00;Saturday;Over 51;Male;Junior high school;Employee;Above 10yr;Lorry (41?100Q);Owner;2-5yrs;No defect;Other;Undivided Two way;Tangent road with mountainous terrain and;Other;Asphalt roads;Wet or damp;Darkness - lights lit;Normal;Vehicle with vehicle collision;2;1;Going straight;Driver or rider;Male;18-30;3;;;Not a Pedestrian;No distancing;Slight Injury
19:10:00;Saturday;Under 18;Male;Elementary school;Employee;2-5yr;Other;Owner;2-5yrs;No defect;Office areas;Two-way (divided with broken lines road marking);Tangent road with flat terrain;Other;Asphalt roads;Wet or damp;Darkness - lights lit;Normal;Vehicle with vehicle collision;2;1;Other;na;na;na;na;Driver;Normal;Not a Pedestrian;Turnover;Slight Injury
18:00:00;Saturday;Unknown;Female;Junior high school;Employee;2-5yr;Lorry (41?100Q);Owner;Above 10yr;No defect;Office areas;Two-way (divided with broken lines road marking);Tangent road with flat terrain;Y Shape;Earth roads;Wet or damp;Darkness - lights lit;Normal;Vehicle with vehicle collision;2;1;Going straight;Pedestrian;Female;18-30;2;Driver;Normal;Unknown or other;No distancing;Slight Injury
18:00:00;Saturday;31-50;Male;Unknown;Employee;Above 10yr;;Owner;Unknown;No defect;Office areas;One way;Tangent road with flat terrain;Y Shape;Asphalt roads;Wet or damp;Darkness - lights lit;Normal;Vehicle with vehicle collision;2;1;Getting off;Pedestrian;Male;31-50;2;Unemployed;Normal;Unknown or other;Changing lane to the right;Slight Injury
16:24:00;Thursday;Under 18;Male;Elementary school;Employee;5-10yr;Public (> 45 seats);Owner;Above 10yr;No defect;Residential areas;Double carriageway (median);Tangent road with flat terrain;Other;Asphalt roads;Dry;Daylight;Normal;Other;2;1;Going straight;Driver or rider;Male;31-50;3;Driver;Normal;Not a Pedestrian;No distancing;Slight Injury
16:24:00;Thursday;31-50;Male;Junior high school;Employee;Below 1yr;Lorry (41?100Q);Governmental;Below 1yr;No defect;  Recreational areas;Two-way (divided with broken lines road marking);Tangent road with flat terrain;Other;;Dry;Daylight;Normal;Vehicle with vehicle collision;2;1;Going straight;na;na;na;na;Driver;Normal;Not a Pedestrian;Changing lane to the left;Slight Injury
16:08:00;Thursday;31-50;Male;Elementary school;Employee;Below 1yr;Other;Owner;Unknown;No defect; Church areas;Double carriageway (median);Tangent road with flat terrain;Y Shape;Gravel roads;Dry;Daylight;Normal;Collision with roadside objects;2;1;Going straight;Driver or rider;Male;5;3;Driver;Normal;Not a Pedestrian;Driving carelessly;Slight Injury
16:08:00;Thursday;Over 51;Male;Junior high school;Employee;Below 1yr;Other;Owner;Unknown;No defect;Office areas;Undivided Two way;Tangent road with flat terrain;Y Shape;Asphalt roads;Dry;Daylight;Normal;Vehicle with vehicle collision;2;1;Going straight;na;na;na;na;Driver;Normal;Not a Pedestrian;Changing lane to the right;Slight Injury
13:55:00;Saturday;18-30;Male;Junior high school;Employee;5-10yr;Automobile;Owner;Unknown;No defect;Other;Two-way (divided with broken lines road marking);Tangent road with flat terrain;Y Shape;;Dry;Daylight;Cloudy;Vehicle with vehicle collision;1;1;Going straight;Driver or rider;Male;18-30;2;Employee;Normal;Not a Pedestrian;No priority to vehicle;Slight Injury
12:05:00;Tuesday;Unknown;Female;Junior high school;Owner;5-10yr;Lorry (41?100Q);Owner;;;Residential areas;other;Steep grade downward with mountainous terrain;Y Shape;Asphalt roads;Wet or damp;Daylight;Raining;Vehicle with vehicle collision;1;1;Going straight;na;na;na;na;Driver;Normal;Not a Pedestrian;No distancing;Slight Injury
11:43:00;Sunday;18-30;Male;High school;Owner;5-10yr;Pick up upto 10Q;Owner;;No defect;School areas;other;Tangent road with flat terrain;No junction;Earth roads;Dry;Daylight;Normal;Vehicle with vehicle collision;4;1;Moving Backward;Driver or rider;Male;18-30;3;Self-employed;Normal;Not a Pedestrian;No priority to pedestrian;Slight Injury
11:43:00;Sunday;Over 51;Male;Junior high school;Employee;5-10yr;Automobile;Owner;1-2yr;No defect;Office areas;Two-way (divided with broken lines road marking);Tangent road with flat terrain;No junction;Asphalt roads;Dry;Daylight;Normal;Vehicle with vehicle collision;4;1;Going straight;na;na;na;na;Driver;Normal;Not a Pedestrian;No priority to pedestrian;Slight Injury
11:43:00;Sunday;Unknown;Male;Junior high school;Employee;2-5yr;;Owner;Above 10yr;No defect;Other;other;Tangent road with flat terrain;No junction;Asphalt roads;Dry;Daylight;Normal;Vehicle with vehicle collision;4;1;Other;Driver or rider;Female;18-30;3;Driver;Normal;Not a Pedestrian;No priority to vehicle;Slight Injury
11:43:00;Sunday;Unknown;Male;Elementary school;Employee;5-10yr;Other;Owner;Unknown;No defect;Other;Two-way (divided with broken lines road marking);Tangent road with flat terrain;No junction;Asphalt roads;Dry;Daylight;Normal;Collision with roadside objects;4;1;Going straight;na;na;na;na;;;Not a Pedestrian;Changing lane to the left;Slight Injury
17:40:00;Wednesday;Unknown;Male;Junior high school;Employee;2-5yr;Automobile;Organization;2-5yrs;;Office areas;Two-way (divided with broken lines road marking);Tangent road with mountainous terrain and;No junction;Asphalt roads;Dry;Darkness - lights lit;Normal;Collision with roadside objects;2;1;Going straight;na;na;na;na;Driver;Normal;Not a Pedestrian;Changing lane to the left;Slight Injury
17:40:00;Wednesday;31-50;Unknown;Junior high school;Employee;Below 1yr;Stationwagen;Owner;;;Office areas;Two-way (divided with broken lines road marking);Tangent road with flat terrain;No junction;Asphalt roads;Dry;Darkness - lights lit;Normal;Vehicle with vehicle collision;2;1;Going straight;Driver or rider;Male;31-50;3;;;Not a Pedestrian;No distancing;Slight Injury
13:45:00;Friday;31-50;Male;Elementary school;Employee;2-5yr;Other;Owner;5-10yrs;;Other;Undivided Two way;Tangent road with flat terrain;No junction;Earth roads;Wet or damp;Daylight;Normal;Collision with roadside objects;1;2;Going straight;na;na;na;na;;;Not a Pedestrian;No priority to vehicle;Slight Injury
13:45:00;Friday;31-50;Male;Junior high school;Employee;2-5yr;;Owner;5-10yrs;No defect;Office areas;Two-way (divided with broken lines road marking);Tangent road with flat terrain;No junction;Asphalt roads;Wet or damp;Daylight;Normal;Collision with roadside objects;1;2;;Driver or rider;Male;31-50;3;;Normal;Not a Pedestrian;No distancing;Slight Injury
08:53:00;Wednesday;Unknown;Male;Junior high school;Employee;2-5yr;Ridden horse;Owner;2-5yrs;No defect; Industrial areas;Two-way (divided with broken lines road marking);Tangent road with flat terrain;Crossing;Asphalt roads;Wet or damp;Daylight;Normal;Vehicle with vehicle collision;1;1;Moving Backward;na;na;na;na;Driver;Normal;Not a Pedestrian;No distancing;Slight Injury
08:40:00;Monday;Under 18;Male;Junior high school;Employee;5-10yr;;Owner;Unknown;No defect;Office areas;Undivided Two way;Tangent road with flat terrain;No junction;Asphalt roads;Dry;Daylight;Normal;Vehicle with vehicle collision;2;1;;Driver or rider;Male;18-30;3;Driver;Normal;Not a Pedestrian;Changing lane to the right;Slight Injury
08:40:00;Monday;Unknown;Male;Junior high school;Employee;5-10yr;Other;Owner;;;Other;Undivided Two way;Tangent road with flat terrain;No junction;Asphalt roads;Dry;Daylight;Normal;Collision with roadside objects;2;1;Going straight;na;na;na;na;Driver;Normal;Not a Pedestrian;Changing lane to the left;Slight Injury
09:27:00;Friday;18-30;Male;Junior high school;Employee;;Lorry (41?100Q);Owner;Above 10yr;;Other;Two-way (divided with broken lines road marking);Tangent road with flat terrain;Y Shape;Asphalt roads;Dry;Daylight;Normal;Vehicle with vehicle collision;2;1;Going straight;Driver or rider;Male;31-50;3;Driver;Normal;Not a Pedestrian;No distancing;Slight Injury
09:27:00;Friday;31-50;Male;Junior high school;Owner;5-10yr;Lorry (41?100Q);Owner;Unknown;;Office areas;Two-way (divided with broken lines road marking);Tangent road with flat terrain;Y Shape;Asphalt roads;Dry;Daylight;Normal;Vehicle with vehicle collision;2;1;;Driver or rider;Male;5;2;Driver;Normal;Not a Pedestrian;Overturning;Slight Injury
13:18:00;Thursday;Over 51;Male;Junior high school;Employee;2-5yr;Lorry (41?100Q);;;; Church areas;;Tangent road with flat terrain;Unknown;Asphalt roads;Dry;Daylight;Normal;Vehicle with vehicle collision;2;1;Going straight;Pedestrian;Male;18-30;3;Driver;Normal;Unknown or other;No priority to vehicle;Slight Injury
13:18:00;Thursday;Unknown;Female;Junior high school;Employee;Below 1yr;Stationwagen;Owner;;;Office areas;other;Tangent road with flat terrain;Unknown;Asphalt roads;Dry;Daylight;Normal;Vehicle with vehicle collision;2;1;Going straight;Driver or rider;Male;18-30;3;Employee;Normal;Not a Pedestrian;Moving Backward;Slight Injury
13:24:00;Wednesday;31-50;Male;Junior high school;Employee;1-2yr;Lorry (41?100Q);Owner;;;Residential areas;other;Tangent road with flat terrain;T Shape;Asphalt roads;Dry;Daylight;Normal;Vehicle with vehicle collision;2;2;Going straight;Pedestrian;Male;18-30;3;;Normal;Unknown or other;Driving under the influence of drugs;Slight Injury
13:24:00;Wednesday;18-30;Male;Junior high school;Employee;Below 1yr;Automobile;Owner;Unknown;No defect;  Recreational areas;Two-way (divided with broken lines road marking);Tangent road with flat terrain;T Shape;Asphalt roads;Dry;Daylight;Normal;Vehicle with vehicle collision;2;2;Going straight;Pedestrian;Male;31-50;3;Driver;Normal;Unknown or other;Moving Backward;Slight Injury
13:24:00;Wednesday;18-30;Male;Junior high school;Employee;Above 10yr;Automobile;Governmental;5-10yrs;;Other;other;Tangent road with flat terrain;T Shape;Asphalt roads;Dry;Daylight;Normal;Collision with pedestrians;2;2;Going straight;Pedestrian;Female;31-50;3;;;Unknown or other;Changing lane to the right;Slight Injury
12:32:00;Thursday;Under 18;Male;Junior high school;Employee;Below 1yr;Pick up upto 10Q;Owner;Unknown;No defect; Church areas;Undivided Two way;Tangent road with flat terrain;Other;Earth roads;Wet or damp;Daylight;Snow;Vehicle with vehicle collision;2;2;Going straight;na;na;na;na;Self-employed;Normal;Not a Pedestrian;Overspeed;Slight Injury
12:32:00;Thursday;31-50;Male;Junior high school;Employee;2-5yr;Taxi;Owner;Unknown;No defect;Other;One way;Tangent road with flat terrain;Other;Asphalt roads;Wet or damp;Daylight;Snow;Collision with roadside objects;2;2;Going straight;Driver or rider;Male;31-50;2;;;Not a Pedestrian;Driving under the influence of drugs;Slight Injury
08:52:00;Thursday;Over 51;Male;Junior high school;Employee;1-2yr;;Owner;Above 10yr;No defect;Other;Two-way (divided with broken lines road marking);Tangent road with flat terrain;Crossing;Asphalt roads;Wet or damp;Daylight;Other;Vehicle with vehicle collision;3;2;Other;Driver or rider;Male;18-30;3;Self-employed;Normal;Not a Pedestrian;Driving carelessly;Slight Injury
08:52:00;Thursday;31-50;Male;Elementary school;Employee;5-10yr;Automobile;Owner;5-10yrs;; Church areas;Undivided Two way;Tangent road with flat terrain;Crossing;Asphalt roads;Wet or damp;Daylight;Other;Vehicle with vehicle collision;3;2;Going straight;na;na;na;na;;;Not a Pedestrian;No distancing;Slight Injury
08:52:00;Thursday;31-50;Male;Junior high school;Owner;Below 1yr;;Owner;Unknown;;Office areas;Two-way (divided with broken lines road marking);Tangent road with mild grade and flat terrain;Crossing;Asphalt roads;Wet or damp;Daylight;Other;Vehicle with vehicle collision;3;2;Going straight;Driver or rider;Male;18-30;3;Self-employed;Normal;Not a Pedestrian;No priority to vehicle;Slight Injury
08:20:00;Friday;Unknown;Male;Junior high school;Employee;Below 1yr;Long lorry;Owner;Unknown;;Office areas;Double carriageway (median);Tangent road with flat terrain;Crossing;Other;Dry;Daylight;Normal;Vehicle with vehicle collision;2;1;Going straight;na;na;na;na;;;Not a Pedestrian;Overspeed;Slight Injury
08:20:00;Friday;31-50;Male;Writing & reading;Employee;Below 1yr;Public (12 seats);Organization;5-10yrs;No defect; Church areas;Two-way (divided with broken lines road marking);Tangent road with flat terrain;Crossing;Gravel roads;Dry;Daylight;Normal;Vehicle with vehicle collision;2;1;Going straight;Driver or rider;Male;31-50;3;;;Not a Pedestrian;Driving under the influence of drugs;Slight Injury
18:24:00;Thursday;Unknown;Male;Junior high school;Employee;1-2yr;Pick up upto 10Q;Organization;2-5yrs;No defect;Other;Undivided Two way;Tangent road with mountainous terrain and;No junction;Gravel roads;Dry;Daylight;Other;Vehicle with vehicle collision;2;1;Going straight;na;na;na;na;Self-employed;Normal;Not a Pedestrian;Changing lane to the right;Slight Injury
18:24:00;Thursday;Over 51;Male;Elementary school;Owner;5-10yr;;Owner;Unknown;No defect;Other;Undivided Two way;Tangent road with flat terrain;No junction;Asphalt roads;Dry;Daylight;Other;Vehicle with vehicle collision;2;1;Going straight;na;na;na;na;Employee;Normal;Not a Pedestrian;Changing lane to the right;Slight Injury
08:00:00;Friday;Unknown;Male;Junior high school;Employee;2-5yr;Other;Owner;Unknown;No defect; Church areas;Undivided Two way;Tangent road with flat terrain;No junction;Asphalt roads;Dry;Daylight;Snow;Vehicle with vehicle collision;1;1;Moving Backward;Driver or rider;Male;31-50;3;Other;Normal;Not a Pedestrian;Changing lane to the right;Slight Injury
18:26:00;Saturday;18-30;Male;Junior high school;Owner;Below 1yr;Lorry (41?100Q);Owner;5-10yrs;No defect; Industrial areas;Two-way (divided with broken lines road marking);Tangent road with mild grade and flat terrain;Y Shape;Earth roads;Dry;Darkness - lights lit;Unknown;Vehicle with vehicle collision;2;1;Going straight;Driver or rider;Female;18-30;3;Employee;Normal;Not a Pedestrian;Changing lane to the right;Serious Injury
18:26:00;Saturday;18-30;Male;Writing & reading;Employee;5-10yr;Automobile;Owner;Unknown;No defect;Office areas;Undivided Two way;Tangent road with flat terrain;Y Shape;Asphalt roads;Dry;Darkness - lights lit;Unknown;Collision with roadside objects;2;1;Going straight;na;na;na;na;;;Not a Pedestrian;Moving Backward;Serious Injury