Time;Day_of_week;Age_band_of_driver;Sex_of_driver;Educational_level;Vehicle_driver_relation;Driving_experience;Type_of_vehicle;Owner_of_vehicle;Service_year_of_vehicle;Defect_of_vehicle;Area_accident_occured;Lanes_or_Medians;Road_allignment;Types_of_Junction;Road_surface_type;Road_surface_conditions;Light_conditions;Weather_conditions;Type_of_collision;Number_of_vehicles_involved;Number_of_casualties;Vehicle_movement;Casualty_class;Sex_of_casualty;Age_band_of_casualty;Casualty_severity;Work_of_casuality;Fitness_of_casuality;Pedestrian_movement;Cause_of_accident;Accident_severity
22:23:00;Sunday;Unknown;Male;Writing & reading;Employee;Below 1yr;Other;;2-5yrs;; Hospital areas;One way;;No junction;Asphalt roads;Dry;Darkness - lights lit;Normal;Vehicle with vehicle collision;1;1;Going straight;na;na;na;na;Driver;Normal;Not a Pedestrian;Moving Backward;Slight Injury
08:41:00;Wednesday;31-50;Male;Junior high school;Employee;Below 1yr;Lorry (41?100Q);Owner;Unknown;; Industrial areas;Two-way (divided with broken lines road marking);Tangent road with flat terrain;Y Shape;Asphalt roads;Dry;Daylight;Unknown;Vehicle with vehicle collision;2;1;Moving Backward;Driver or rider;Female;31-50;3;Driver;Normal;Not a Pedestrian;Driving carelessly;Slight Injury
08:41:00;Wednesday;18-30;Male;Junior high school;Employee;1-2yr;Automobile;Owner;2-5yrs;No defect;Other;Undivided Two way;Tangent road with flat terrain;Y Shape;Asphalt roads;Dry;Daylight;Unknown;Collision with pedestrians;2;1;Going straight;Pedestrian;Female;31-50;3;Employee;Normal;Unknown or other;Driving under the influence of drugs;Slight Injury
17:15:00;Tuesday;Unknown;Male;Elementary school;Employee;Above 10yr;Other;Owner;;;Office areas;Undivided Two way;Tangent road with flat terrain;No junction;Asphalt roads;Dry;Daylight;Other;Vehicle with vehicle collision;1;1;Moving Backward;Pedestrian;Male;18-30;3;Driver;Normal;Unknown or other;No distancing;Serious Injury
19:45:00;Sunday;31-50;Male;Elementary school;Employee;Above 10yr;Motorcycle;Owner;Unknown;No defect;Office areas;other;Tangent road with flat terrain;No junction;Asphalt roads;Wet or damp;Darkness - lights lit;Normal;Vehicle with vehicle collision;2;2;Other;Driver or rider;Male;31-50;3;Self-employed;Normal;Not a Pedestrian;No distancing;Slight Injury
19:45:00;Sunday;18-30;Male;Elementary school;Employee;Below 1yr;Automobile;Owner;Unknown;;Residential areas;Two-way (divided with broken lines road marking);Tangent road with flat terrain;No junction;Other;Wet or damp;Darkness - lights lit;Normal;Vehicle with vehicle collision;2;2;Going straight;na;na;na;na;Driver;Normal;Not a Pedestrian;No priority to vehicle;Slight Injury
20:08:00;Friday;Unknown;Female;High school;Employee;2-5yr;Automobile;Owner;Unknown;;Residential areas;;Tangent road with flat terrain;Crossing;Asphalt roads;Dry;Darkness - lights lit;Normal;Vehicle with vehicle collision;4;1;Reversing;Driver or rider;Male;18-30;3;Driver;Normal;Not a Pedestrian;Driving to the left;Slight Injury
20:08:00;Friday;18-30;Male;Junior high school;Employee;2-5yr;Lorry (41?100Q);Owner;Unknown;No defect;School areas;Two-way (divided with broken lines road marking);Tangent road with flat terrain;Crossing;Asphalt roads;Dry;Darkness - lights lit;Normal;Collision with roadside objects;4;1;Going straight;na;na;na;na;;;Not a Pedestrian;No priority to vehicle;Slight Injury
20:08:00;Friday;31-50;Male;Above high school;Employee;Above 10yr;Automobile;Governmental;Unknown;No defect;Other;Two-way (divided with broken lines road marking);Tangent road with flat terrain;Crossing;Asphalt roads;Dry;Darkness - lights lit;Normal;Vehicle with vehicle collision;4;1;Other;Driver or rider;Male;31-50;3;Driver;Normal;Not a Pedestrian;No priority to vehicle;Slight Injury
20:08:00;Friday;18-30;Male;Junior high school;Employee;2-5yr;Public (> 45 seats);Governmental;Unknown;No defect;  Market areas;Undivided Two way;Tangent road with flat terrain;Crossing;Asphalt roads;Dry;Darkness - lights lit;Normal;Vehicle with vehicle collision;4;1;Other;na;na;na;na;;;Not a Pedestrian;No priority to vehicle;Slight Injury
15:00:00;Saturday;Unknown;Male;Junior high school;Employee;2-5yr;Lorry (41?100Q);Owner;Unknown;No defect;Office areas;other;Tangent road with flat terrain;No junction;Asphalt roads;Dry;Daylight;Normal;Vehicle with vehicle collision;1;1;Other;Driver or rider;Male;31-50;3;;;Not a Pedestrian;No distancing;Slight Injury
12:18:00;Monday;Over 51;Male;High school;Employee;1-2yr;Public (> 45 seats);Owner;Unknown;No defect; Church areas;Two-way (divided with broken lines road marking);Tangent road with flat terrain;Y Shape;Asphalt roads;Wet or damp;Daylight;Normal;Vehicle with vehicle collision;1;1;Stopping;na;na;na;na;;Normal;Not a Pedestrian;Moving Backward;Slight Injury
10:24:00;Wednesday;Over 51;Male;Junior high school;Employee;5-10yr;Lorry (41?100Q);Governmental;Unknown;No defect; Church areas;Two-way (divided with broken lines road marking);Tangent road with flat terrain;Crossing;Asphalt roads;Dry;Daylight;Normal;Vehicle with vehicle collision;3;1;Other;Driver or rider;Male;Over 51;2;Driver;Normal;Not a Pedestrian;Changing lane to the right;Slight Injury
10:24:00;Wednesday;18-30;Male;Junior high school;Employee;Below 1yr;Lorry (41?100Q);Owner;Unknown;No defect;Residential areas;Double carriageway (median);Tangent road with flat terrain;Crossing;Other;Dry;Daylight;Normal;Vehicle with vehicle collision;3;1;Other;Pedestrian;Male;5;3;Driver;Normal;Not a Pedestrian;Driving carelessly;Slight Injury
10:24:00;Wednesday;Unknown;Male;Junior high school;Employee;Below 1yr;Lorry (41?100Q);Owner;Above 10yr;No defect;Residential areas;Two-way (divided with broken lines road marking);Tangent road with flat terrain;Crossing;Asphalt roads;Dry;Daylight;Normal;Vehicle with vehicle collision;3;1;Other;Driver or rider;Male;31-50;3;Driver;Normal;Not a Pedestrian;Changing lane to the left;Slight Injury
18:38:00;Saturday;Unknown;Female;Elementary school;Employee;;Public (12 seats);Owner;Unknown;No defect;Residential areas;Double carriageway (median);Tangent road with flat terrain;No junction;Asphalt roads;Dry;Darkness - lights lit;Normal;Collision with roadside objects;1;1;Going straight;Pedestrian;Male;18-30;3;Driver;Normal;Crossing from driver's nearside;No distancing;Serious Injury
16:45:00;Thursday;Unknown;Male;Junior high school;Employee;Below 1yr;Public (12 seats);Owner;Above 10yr;No defect;Residential areas;Two-way (divided with broken lines road marking);Tangent road with flat terrain;No junction;Asphalt roads;Dry;Daylight;Normal;Vehicle with vehicle collision;2;1;Going straight;Pedestrian;Male;18-30;3;Driver;Normal;Crossing from nearside - masked by parked or statioNot a Pedestrianry vehicle;Changing lane to the right;Slight Injury
16:45:00;Thursday;31-50;Male;Junior high school;Employee;1-2yr;Stationwagen;Owner;1-2yr;No defect;Other;Double carriageway (median);Tangent road with flat terrain;No junction;Asphalt roads;Dry;Daylight;Normal;Vehicle with vehicle collision;2;1;Going straight;na;na;na;na;Driver;Normal;Not a Pedestrian;Driving under the influence of drugs;Slight Injury
13:22:00;Tuesday;18-30;Male;Elementary school;Employee;2-5yr;Lorry (41?100Q);Owner;Unknown;No defect;Other;Two-way (divided with broken lines road marking);Tangent road with flat terrain;Y Shape;Asphalt roads;Dry;Daylight;Normal;Vehicle with vehicle collision;2;1;Going straight;Driver or rider;Male;31-50;3;Employee;Normal;Not a Pedestrian;No distancing;Slight Injury
13:22:00;Tuesday;31-50;Male;High school;Employee;1-2yr;Automobile;Owner;2-5yrs;No defect;Residential areas;Two-way (divided with broken lines road marking);Tangent road with flat terrain;Y Shape;Asphalt roads;Dry;Daylight;Normal;Vehicle with vehicle collision;2;1;Going straight;Pedestrian;Male;31-50;3;;Normal;Not a Pedestrian;Overturning;Slight Injury
03:39:00;Friday;Under 18;Male;Junior high school;Employee;5-10yr;Pick up upto 10Q;Owner;Unknown;No defect;Other;other;Tangent road with flat terrain;No junction;Asphalt roads;Dry;Darkness - lights lit;Normal;Rollover;4;1;Going straight;Passenger;Male;5;3;Driver;Normal;Not a Pedestrian;No distancing;Serious Injury
03:39:00;Friday;Unknown;Female;Junior high school;Employee;Below 1yr;Automobile;Owner;Unknown;No defect; Church areas;Undivided Two way;Tangent road with flat terrain;No junction;Asphalt roads;Dry;Darkness - lights lit;Normal;Vehicle with vehicle collision;4;1;Going straight;na;na;na;na;;;Not a Pedestrian;Changing lane to the right;Serious Injury
03:39:00;Friday;Unknown;Female;High school;Employee;Above 10yr;Public (13?45 seats);Owner;Unknown;No defect;Other;Undivided Two way;Tangent road with flat terrain;No junction;;Dry;Darkness - lights lit;Normal;Vehicle with vehicle collision;4;1;Going straight;Passenger;Female;Over 51;3;Self-employed;Normal;Not a Pedestrian;No priority to vehicle;Serious Injury
03:39:00;Friday;Unknown;Female;Elementary school;Owner;5-10yr;Public (> 45 seats);Owner;Unknown;No defect;Office areas;Undivided Two way;Tangent road with flat terrain;No junction;Other;Dry;Darkness - lights lit;Normal;Collision with roadside objects;4;1;Going straight;Pedestrian;Male;31-50;3;;;Unknown or other;Changing lane to the right;Serious Injury
14:50:00;Monday;18-30;Male;Elementary school;Employee;Below 1yr;Stationwagen;Owner;2-5yrs;No defect;Office areas;Two-way (divided with broken lines road marking);Tangent road with flat terrain;Y Shape;Asphalt roads;Wet or damp;Daylight;Raining;Vehicle with vehicle collision;3;1;Going straight;na;na;na;na;Self-employed;Normal;Not a Pedestrian;Changing lane to the left;Slight Injury
14:50:00;Monday;Over 51;Male;Junior high school;Employee;5-10yr;;Owner;;;Residential areas;Undivided Two way;Tangent road with flat terrain;Y Shape;Asphalt roads;Wet or damp;Daylight;Raining;Vehicle with vehicle collision;3;1;Going straight;Driver or rider;Male;31-50;3;;;Not a Pedestrian;No distancing;Slight Injury
14:50:00;Monday;18-30;Male;Elementary school;Owner;5-10yr;Lorry (41?100Q);Owner;Unknown;;Other;Two-way (divided with broken lines road marking);Tangent road with flat terrain;Y Shape;Asphalt roads;Wet or damp;Daylight;Raining;Vehicle with vehicle collision;3;1;Reversing;Pedestrian;Male;18-30;2;Self-employed;Normal;Not a Pedestrian;No priority to pedestrian;Slight Injury
02:55:00;Tuesday;Unknown;Male;Junior high school;Employee;2-5yr;Stationwagen;Owner;Above 10yr;; Industrial areas;Undivided Two way;Tangent road with flat terrain;No junction;Asphalt roads;Dry;Darkness - lights lit;Normal;Collision with roadside objects;1;2;Going straight;na;na;na;na;;;Not a Pedestrian;Driving carelessly;Slight Injury
02:55:00;Tuesday;Unknown;Male;Junior high school;Employee;Above 10yr;Lorry (41?100Q);Owner;Unknown;;Office areas;Two-way (divided with broken lines road marking);Tangent road with flat terrain;No junction;Asphalt roads with some distress;Dry;Darkness - lights lit;Normal;Collision with roadside objects;1;2;Other;Driver or rider;Male;31-50;3;;;Not a Pedestrian;No distancing;Slight Injury
12:27:00;Saturday;18-30;Male;Junior high school;Employee;5-10yr;Public (12 seats);Organization;Unknown;;  Recreational areas;Two-way (divided with broken lines road marking);Tangent road with flat terrain;Y Shape;;Dry;Daylight;Normal;Vehicle with vehicle collision;2;1;;na;na;na;na;Self-employed;Normal;Not a Pedestrian;Driving carelessly;Slight Injury
12:27:00;Saturday;31-50;Male;High school;Employee;1-2yr;Lorry (41?100Q);Owner;1-2yr;No defect;Residential areas;Two-way (divided with broken lines road marking);Tangent road with flat terrain;Y Shape;Asphalt roads;Dry;Daylight;Normal;Vehicle with vehicle collision;2;1;Getting off;Driver or rider;Male;18-30;3;Employee;Normal;Not a Pedestrian;Driving carelessly;Slight Injury
14:20:00;Wednesday;Unknown;Male;Elementary school;Employee;5-10yr;Other;Owner;Above 10yr;;Residential areas;Undivided Two way;Tangent road with flat terrain;Y Shape;Asphalt roads;Dry;Daylight;Normal;Collision with roadside objects;1;1;Going straight;na;na;na;na;Other;Normal;Not a Pedestrian;Moving Backward;Slight Injury
20:48:00;Friday;Unknown;Female;Elementary school;Employee;2-5yr;Stationwagen;Owner;5-10yrs;; Church areas;Undivided Two way;Steep grade downward with mountainous terrain;No junction;Asphalt roads;Dry;Darkness - lights lit;Normal;Collision with roadside objects;2;2;Going straight;Driver or rider;Male;31-50;3;Employee;Normal;Not a Pedestrian;Overtaking;Slight Injury
20:48:00;Friday;18-30;Male;Junior high school;Employee;Below 1yr;Automobile;Owner;5-10yrs;;Residential areas;Undivided Two way;Tangent road with flat terrain;No junction;Asphalt roads;Dry;Darkness - lights lit;Normal;Vehicle with vehicle collision;2;2;Going straight;Driver or rider;Male;31-50;3;;;Not a Pedestrian;No priority to vehicle;Slight Injury
20:48:00;Friday;18-30;Male;Junior high school;Employee;Below 1yr;Public (> 45 seats);Owner;Unknown;No defect;;other;Tangent road with flat terrain;No junction;Earth roads;Dry;Darkness - lights lit;Normal;Vehicle with vehicle collision;2;2;Going straight;na;na;na;na;Employee;Normal;Not a Pedestrian;No priority to vehicle;Slight Injury
16:48:00;Sunday;Unknown;Female;Junior high school;Employee;5-10yr;Other;Owner;5-10yrs;No defect;Other;Undivided Two way;Tangent road with flat terrain;No junction;Asphalt roads;Dry;Daylight;Normal;Vehicle with vehicle collision;2;1;Turnover;Driver or rider;Female;18-30;3;;;Not a Pedestrian;Changing lane to the left;Slight Injury
16:48:00;Sunday;31-50;Male;Junior high school;Owner;5-10yr;Lorry (41?100Q);Owner;Unknown;;Other;Two-way (divided with solid lines road marking);Tangent road with flat terrain;No junction;Asphalt roads;Dry;Daylight;Normal;Collision with roadside objects;2;1;Entering a junction;na;na;na;na;Employee;Normal;Not a Pedestrian;No priority to vehicle;Slight Injury
19:15:00;Wednesday;31-50;Male;Elementary school;Employee;1-2yr;Automobile;Owner;Unknown;No defect; Church areas;Two-way (divided with solid lines road marking);Tangent road with flat terrain;Y Shape;Asphalt roads;Dry;Darkness - lights lit;Normal;Vehicle with vehicle collision;3;1;Entering a junction;na;na;na;na;Employee;Normal;Not a Pedestrian;No distancing;Slight Injury
19:15:00;Wednesday;Under 18;Male;Junior high school;Employee;;Public (> 45 seats);Governmental;;No defect;Other;Two-way (divided with solid lines road marking);Tangent road with flat terrain;Y Shape;Asphalt roads;Dry;Darkness - lights lit;Normal;Vehicle with vehicle collision;3;1;Entering a junction;Driver or rider;Male;31-50;3;Employee;Normal;Not a Pedestrian;Moving Backward;Slight Injury
19:15:00;Wednesday;31-50;Male;Elementary school;Employee;Above 10yr;;Owner;Unknown;No defect; Church areas;Two-way (divided with solid lines road marking);Tangent road with flat terrain;Y Shape;Asphalt roads;Dry;Darkness - lights lit;Normal;Vehicle with vehicle collision;3;1;Entering a junction;Passenger;Female;5;3;Driver;Normal;Not a Pedestrian;Changing lane to the right;Slight Injury
18:43:00;Monday;18-30;Male;Junior high school;Owner;1-2yr;Automobile;Owner;Unknown;No defect; Church areas;Two-way (divided with broken lines road marking);Tangent road with flat terrain;Y Shape;Asphalt roads;Wet or damp;Darkness - lights lit;Normal;Rollover;2;1;Other;Driver or rider;Male;18-30;2;Driver;Normal;Not a Pedestrian;No distancing;Slight Injury
18:43:00;Monday;31-50;Male;;;;Pick up upto 10Q;Owner;Above 10yr;No defect;Other;Undivided Two way;Tangent road with flat terrain;Y Shape;Asphalt roads;Wet or damp;Darkness - lights lit;Normal;Vehicle with vehicle collision;2;1;Entering a junction;na;na;na;na;Student;Normal;Not a Pedestrian;Overtaking;Slight Injury
18:30:00;Sunday;Unknown;Female;Junior high school;Employee;Above 10yr;Public (12 seats);Governmental;5-10yrs;No defect;Other;Undivided Two way;Tangent road with flat terrain;Y Shape;Asphalt roads;Wet or damp;Daylight;Raining;Vehicle with vehicle collision;2;1;Turnover;Passenger;Female;Under 18;3;Driver;Normal;Not a Pedestrian;No distancing;Slight Injury
18:30:00;Sunday;Unknown;Female;Elementary school;Owner;2-5yr;Lorry (41?100Q);Owner;5-10yrs;No defect;School areas;other;Tangent road with flat terrain;Y Shape;Asphalt roads;Wet or damp;Daylight;Raining;Collision with pedestrians;2;1;Entering a junction;na;na;na;na;Self-employed;Normal;Not a Pedestrian;Changing lane to the left;Slight Injury
22:35:00;Monday;Unknown;Female;Junior high school;Employee;5-10yr;Lorry (41?100Q);Owner;Above 10yr;No defect;Residential areas;Undivided Two way;Tangent road with flat terrain;Y Shape;Asphalt roads;Wet or damp;Darkness - lights lit;Raining;Vehicle with vehicle collision;3;1;Entering a junction;Driver or rider;Male;18-30;3;;;Not a Pedestrian;Driving under the influence of drugs;Slight Injury
22:35:00;Monday;31-50;Male;Junior high school;Employee;Below 1yr;Lorry (41?100Q);;1-2yr;No defect;Other;Two-way (divided with broken lines road marking);Tangent road with flat terrain;Y Shape;Asphalt roads;Wet or damp;Darkness - lights lit;Raining;Vehicle with vehicle collision;3;1;Entering a junction;na;na;na;na;;;Not a Pedestrian;No distancing;Slight Injury
22:35:00;Monday;18-30;Male;Junior high school;Employee;5-10yr;Public (13?45 seats);Owner;Above 10yr;No defect;Office areas;Undivided Two way;Tangent road with flat terrain;Y Shape;Gravel roads;Wet or damp;Darkness - lights lit;Raining;Vehicle with vehicle collision;3;1;Entering a junction;Pedestrian;Male;31-50;3;Driver;Normal;Crossing from nearside - masked by parked or statioNot a Pedestrianry vehicle;No distancing;Slight Injury
08:30:00;Tuesday;18-30;Male;High school;Employee;Above 10yr;Lorry (41?100Q);Owner;Above 10yr;No defect;Residential areas;Undivided Two way;Tangent road with flat terrain;Y Shape;Asphalt roads;Dry;Daylight;Normal;Vehicle with vehicle collision;1;1;Entering a junction;Passenger;Male;Over 51;3;Driver;Normal;Not a Pedestrian;Changing lane to the right;Slight Injury
22:44:00;Friday;18-30;Male;Junior high school;Employee;5-10yr;Lorry (41?100Q);Owner;Above 10yr;No defect;Other;One way;Steep grade downward with mountainous terrain;Y Shape;Asphalt roads;Dry;Darkness - lights lit;Normal;Collision with roadside objects;1;1;Other;Pedestrian;Male;Over 51;3;Driver;Normal;Not a Pedestrian;Changing lane to the left;Serious Injury
16:25:00;Saturday;18-30;Male;Elementary school;Employee;1-2yr;Motorcycle;Owner;Above 10yr;No defect;Residential areas;Two-way (divided with broken lines road marking);Tangent road with flat terrain;No junction;Asphalt roads;Dry;Daylight;Normal;Vehicle with vehicle collision;1;1;Going straight;Pedestrian;Female;31-50;3;Driver;Normal;Crossing from nearside - masked by parked or statioNot a Pedestrianry vehicle;Moving Backward;Serious Injury
08:40:00;Friday;Over 51;Male;Junior high school;Employee;;Lorry (41?100Q);Owner;5-10yrs;No defect;Residential areas;Undivided Two way;Tangent road with flat terrain;No junction;Asphalt roads;Dry;Daylight;Normal;Vehicle with vehicle collision;1;1;Going straight;Driver or rider;Male;Under 18;3;;;Not a Pedestrian;No distancing;Slight Injury
20:01:00;Friday;18-30;Male;Elementary school;Employee;1-2yr;Ridden horse;Owner;;No defect;Residential areas;Two-way (divided with broken lines road marking);Tangent road with flat terrain;No junction;Asphalt roads;Dry;Darkness - lights lit;Normal;Vehicle with vehicle collision;1;1;Other;na;na;na;na;Driver;Normal;Not a Pedestrian;No distancing;Slight Injury
19:39:00;Thursday;Under 18;Male;Junior high school;Owner;1-2yr;Automobile;Owner;1-2yr;No defect;Other;other;Tangent road with flat terrain;Y Shape;Asphalt roads;Wet or damp;Darkness - lights lit;Normal;Vehicle with vehicle collision;3;1;Going straight;Pedestrian;Male;18-30;3;Self-employed;Normal;Not a Pedestrian;Driving carelessly;Fatal injury
19:39:00;Thursday;Unknown;Female;Above high school;Owner;1-2yr;Lorry (41?100Q);Owner;5-10yrs;No defect;Other;Undivided Two way;Tangent road with flat terrain;Y Shape;Asphalt roads;Wet or damp;Darkness - lights lit;Normal;Collision with roadside objects;3;1;Going straight;Pedestrian;Male;5;3;Self-employed;Normal;Not a Pedestrian;Moving Backward;Fatal injury
19:39:00;Thursday;18-30;Male;Junior high school;Owner;5-10yr;Pick up upto 10Q;Owner;5-10yrs;No defect;Other;One way;Tangent road with flat terrain;Y Shape;Asphalt roads;Wet or damp;Darkness - lights lit;Normal;Vehicle with vehicle collision;3;1;Going straight;Passenger;Female;18-30;3;Self-employed;Normal;Not a Pedestrian;No distancing;Fatal injury
13:00:00;Sunday;18-30;Male;Junior high school;Employee;5-10yr;Public (> 45 seats);Owner;1-2yr;No defect; Hospital areas;Undivided Two way;Tangent road with flat terrain;Crossing;Asphalt roads;Wet or damp;Daylight;Raining;Collision with roadside objects;2;1;Going straight;na;na;na;na;Driver;Normal;Not a Pedestrian;Changing lane to the right;Slight Injury
13:00:00;Sunday;31-50;Male;Elementary school;Employee;5-10yr;Stationwagen;Owner;2-5yrs;No defect;Residential areas;Undivided Two way;Tangent road with flat terrain;Crossing;Asphalt roads;Wet or damp;Daylight;Raining;Vehicle with vehicle collision;2;1;Going straight;Pedestrian;Female;Under 18;3;Other;Normal;Crossing from nearside - masked by parked or statioNot a Pedestrianry vehicle;Driving carelessly;Slight Injury
19:15:00;Saturday;18-30;Male;High school;Owner;Below 1yr;Automobile;Owner;5-10yrs;No defect;Residential areas;One way;Tangent road with flat terrain;No junction;Asphalt roads;Dry;Darkness - no lighting;Normal;Rollover;1;1;Reversing;na;na;na;na;;;Not a Pedestrian;Driving to the left;Slight Injury
16:50:00;Friday;Unknown;Female;Junior high school;Employee;Above 10yr;Public (12 seats);Owner;5-10yrs;No defect;Residential areas;Undivided Two way;Tangent road with flat terrain;Y Shape;Asphalt roads;Dry;Darkness - lights lit;Normal;Vehicle with vehicle collision;1;1;Moving Backward;Passenger;Female;5;3;Self-employed;Normal;Not a Pedestrian;Changing lane to the right;Slight Injury
15:40:00;Monday;18-30;Male;Junior high school;Employee;5-10yr;Automobile;Owner;1-2yr;No defect;Other;Two-way (divided with broken lines road marking);Tangent road with flat terrain;Y Shape;Asphalt roads;Dry;Daylight;Unknown;Vehicle with vehicle collision;2;1;Overtaking;Pedestrian;Male;31-50;3;Other;Normal;Crossing from nearside - masked by parked or statioNot a Pedestrianry vehicle;Driving carelessly;Serious Injury
15:40:00;Monday;31-50;Male;Junior high school;Employee;Below 1yr;Automobile;Owner;1-2yr;No defect;Office areas;Two-way (divided with broken lines road marking);Tangent road with flat terrain;Y Shape;Asphalt roads;Dry;Daylight;Unknown;Vehicle with vehicle collision;2;1;Going straight;na;na;na;na;;;Not a Pedestrian;Changing lane to the right;Serious Injury
03:20:00;Sunday;18-30;Male;Junior high school;Employee;Above 10yr;Automobile;Owner;2-5yrs;No defect;Other;other;Tangent road with flat terrain;Y Shape;Asphalt roads;Dry;Darkness - lights lit;Normal;Vehicle with vehicle collision;2;1;Going straight;Driver or rider;Male;31-50;3;;;Not a Pedestrian;No priority to vehicle;Serious Injury
03:20:00;Sunday;18-30;Male;Junior high school;Employee;5-10yr;Lorry (41?100Q);Owner;Unknown;No defect;Office areas;Double carriageway (median);Tangent road with flat terrain;Y Shape;Asphalt roads;Dry;Darkness - lights lit;Normal;Vehicle with vehicle collision;2;1;Going straight;Pedestrian;Male;31-50;3;Driver;Normal;In carriageway, statioNot a Pedestrianry - not crossing  (standing or playing);Changing lane to the right;Serious Injury
16:00:00;Monday;Unknown;Female;Junior high school;Owner;Above 10yr;Automobile;Owner;Unknown;No defect;Residential areas;Two-way (divided with broken lines road marking);Tangent road with flat terrain;Y Shape;Asphalt roads;Dry;Daylight;Unknown;Collision with pedestrians;1;1;Going straight;Pedestrian;Female;Over 51;3;;;Crossing from nearside - masked by parked or statioNot a Pedestrianry vehicle;Turnover;Slight Injury
08:40:00;Friday;Unknown;Male;Junior high school;Employee;5-10yr;Automobile;Owner;Unknown;No defect;Office areas;Double carriageway (median);Gentle horizontal curve;No junction;Asphalt roads;Dry;Daylight;Unknown;Rollover;2;1;Going straight;Driver or rider;Male;18-30;3;Driver;Normal;Not a Pedestrian;No priority to vehicle;Slight Injury
08:40:00;Friday;31-50;Male;Junior high school;Employee;1-2yr;Public (12 seats);Owner;;No defect;Office areas;Double carriageway (median);Tangent road with flat terrain;No junction;Asphalt roads;Dry;Daylight;Unknown;Vehicle with vehicle collision;2;1;Going straight;Driver or rider;Male;18-30;2;Driver;Normal;Not a Pedestrian;Driving at high speed;Slight Injury
12:32:00;Wednesday;31-50;Male;Junior high school;Employee;1-2yr;Taxi;Organization;Unknown;No defect;Other;Double carriageway (median);Tangent road with flat terrain;No junction;Asphalt roads;Dry;Daylight;Normal;Rollover;2;1;Going straight;na;na;na;na;Driver;Normal;Not a Pedestrian;No distancing;Slight Injury
12:32:00;Wednesday;18-30;Male;Junior high school;Employee;1-2yr;Automobile;Owner;Unknown;No defect;Office areas;Two-way (divided with broken lines road marking);Tangent road with flat terrain;No junction;Asphalt roads;Dry;Daylight;Normal;Vehicle with vehicle collision;2;1;Reversing;na;na;na;na;Driver;Normal;Not a Pedestrian;No distancing;Slight Injury
19:57:00;Friday;Unknown;Male;High school;Employee;2-5yr;Public (12 seats);Owner;Unknown;No defect;Office areas;;Tangent road with flat terrain;Crossing;Other;Dry;Darkness - lights lit;Normal;Vehicle with vehicle collision;3;2;Going straight;Driver or rider;Male;31-50;3;Self-employed;Normal;Not a Pedestrian;Driving carelessly;Slight Injury
19:57:00;Friday;Under 18;Male;High school;Owner;Above 10yr;Stationwagen;Governmental;Unknown;;Office areas;One way;Tangent road with flat terrain;Crossing;;Dry;Darkness - lights lit;Normal;Vehicle with vehicle collision;3;2;Going straight;Driver or rider;Male;18-30;3;Self-employed;Normal;Not a Pedestrian;Driving carelessly;Slight Injury
19:57:00;Friday;Under 18;Male;Elementary school;Employee;2-5yr;Stationwagen;Owner;Unknown;;Other;Undivided Two way;Tangent road with flat terrain;Crossing;Asphalt roads;Dry;Darkness - lights lit;Normal;Fall from vehicles;3;2;Other;na;na;na;na;Driver;Normal;Not a Pedestrian;Moving Backward;Slight Injury
19:57:00;Friday;18-30;Male;Junior high school;Employee;Above 10yr;Automobile;Owner;Unknown;;Residential areas;;Tangent road with flat terrain;Crossing;Asphalt roads;Dry;Darkness - lights lit;Normal;Vehicle with vehicle collision;3;2;Entering a junction;Driver or rider;Male;18-30;3;Driver;Normal;Not a Pedestrian;No distancing;Slight Injury
19:11:00;Friday;Unknown;Female;High school;Employee;2-5yr;Lorry (41?100Q);Owner;2-5yrs;No defect;Residential areas;Two-way (divided with broken lines road marking);Gentle horizontal curve;No junction;Asphalt roads;Dry;Daylight;Normal;Collision with roadside objects;2;1;Turnover;Driver or rider;Male;31-50;3;;;Not a Pedestrian;Changing lane to the right;Slight Injury
19:11:00;Friday;Under 18;Male;Junior high school;Other;No Licence;Automobile;Owner;5-10yrs;; Church areas;Two-way (divided with broken lines road marking);Tangent road with flat terrain;No junction;Asphalt roads;Dry;Daylight;Normal;Vehicle with vehicle collision;2;1;Going straight;na;na;na;na;Driver;Normal;Not a Pedestrian;Overtaking;Slight Injury
08:20:00;Thursday;Under 18;Male;Junior high school;Employee;1-2yr;Public (12 seats);Owner;5-10yrs;;Other;Two-way (divided with broken lines road marking);Tangent road with flat terrain;No junction;Asphalt roads;Dry;Daylight;Normal;Vehicle with vehicle collision;2;1;Going straight;Pedestrian;Female;18-30;2;Driver;Normal;Crossing from nearside - masked by parked or statioNot a Pedestrianry vehicle;No distancing;Slight Injury
08:20:00;Thursday;18-30;Male;Junior high school;Owner;5-10yr;Automobile;Owner;Unknown;;Residential areas;Two-way (divided with broken lines road marking);Tangent road with flat terrain;No junction;Asphalt roads;Dry;Daylight;Normal;Vehicle with vehicle collision;2;1;Going straight;Driver or rider;Male;31-50;3;Driver;Normal;Not a Pedestrian;Overtaking;Slight Injury
04:57:00;Saturday;Unknown;Female;Junior high school;Employee;1-2yr;Automobile;Owner;2-5yrs;;Other;Undivided Two way;Tangent road with flat terrain;Y Shape;Asphalt roads;Wet or damp;Darkness - lights lit;Raining;Collision with pedestrians;2;1;Going straight;na;na;na;na;;Normal;Not a Pedestrian;Moving Backward;Serious Injury