Time;Day_of_week;Age_band_of_driver;Sex_of_driver;Educational_level;Vehicle_driver_relation;Driving_experience;Type_of_vehicle;Owner_of_vehicle;Service_year_of_vehicle;Defect_of_vehicle;Area_accident_occured;Lanes_or_Medians;Road_allignment;Types_of_Junction;Road_surface_type;Road_surface_conditions;Light_conditions;Weather_conditions;Type_of_collision;Number_of_vehicles_involved;Number_of_casualties;Vehicle_movement;Casualty_class;Sex_of_casualty;Age_band_of_casualty;Casualty_severity;Work_of_casuality;Fitness_of_casuality;Pedestrian_movement;Cause_of_accident;Accident_severity
18:40:00;Friday;Under 18;Male;Junior high school;Employee;5-10yr;Public (12 seats);Owner;Unknown;No defect;Office areas;;Tangent road with flat terrain;Y Shape;Asphalt roads;Dry;Daylight;Unknown;Vehicle with vehicle collision;2;1;Going straight;na;na;na;na;Driver;Normal;Not a Pedestrian;Moving Backward;Slight Injury
19:32:00;Wednesday;18-30;Male;Junior high school;Employee;1-2yr;Long lorry;Owner;Unknown;No defect;Office areas;Two-way (divided with broken lines road marking);Tangent road with flat terrain;Y Shape;Asphalt roads;Dry;Daylight;Normal;Vehicle with vehicle collision;2;1;Going straight;na;na;na;na;;;Not a Pedestrian;Changing lane to the left;Slight Injury
19:32:00;Wednesday;Unknown;Male;Elementary school;Owner;5-10yr;;Owner;Unknown;No defect;Other;Undivided Two way;Tangent road with flat terrain;Y Shape;Asphalt roads;Dry;Daylight;Normal;Vehicle with vehicle collision;2;1;Going straight;na;na;na;na;Driver;Normal;Not a Pedestrian;No priority to pedestrian;Slight Injury
15:09:00;Monday;Unknown;Female;Junior high school;Employee;2-5yr;Automobile;Owner;Unknown;No defect;Other;Two-way (divided with broken lines road marking);Tangent road with flat terrain;No junction;Asphalt roads;Dry;Daylight;Normal;Vehicle with vehicle collision;1;1;Going straight;Driver or rider;Male;18-30;3;Driver;Normal;Not a Pedestrian;No distancing;Slight Injury
20:30:00;Friday;Unknown;Male;Junior high school;Owner;Below 1yr;Public (> 45 seats);Owner;2-5yrs;;Other;Two-way (divided with broken lines road marking);Tangent road with flat terrain;No junction;Asphalt roads;Dry;Darkness - lights lit;Normal;Vehicle with vehicle collision;2;1;Going straight;Driver or rider;Male;5;3;Driver;Normal;Not a Pedestrian;No priority to vehicle;Slight Injury
20:30:00;Friday;Under 18;Male;Writing & reading;Employee;5-10yr;Pick up upto 10Q;Owner;2-5yrs;;Residential areas;One way;Tangent road with flat terrain;No junction;Asphalt roads;Dry;Darkness - lights lit;Normal;Collision with roadside objects;2;1;Going straight;na;na;na;na;;;Not a Pedestrian;No distancing;Slight Injury
16:25:00;Tuesday;18-30;Male;Writing & reading;Employee;5-10yr;Lorry (41?100Q);Owner;2-5yrs;;School areas;Undivided Two way;Tangent road with mild grade and flat terrain;Y Shape;Asphalt roads;Dry;Daylight;Unknown;Vehicle with vehicle collision;2;3;Going straight;Driver or rider;Female;31-50;3;;;Not a Pedestrian;No distancing;Slight Injury
16:25:00;Tuesday;18-30;Male;Junior high school;Employee;5-10yr;Automobile;Owner;2-5yrs;;Residential areas;Undivided Two way;Tangent road with mild grade and flat terrain;Y Shape;Asphalt roads;Dry;Daylight;Unknown;Collision with roadside objects;2;3;Other;na;na;na;na;Driver;Normal;Not a Pedestrian;Moving Backward;Slight Injury
16:25:00;Tuesday;18-30;Male;Junior high school;Employee;2-5yr;Public (13?45 seats);Owner;2-5yrs;No defect;Office areas;Two-way (divided with broken lines road marking);Tangent road with flat terrain;Y Shape;Asphalt roads;Dry;Daylight;Unknown;Vehicle with vehicle collision;2;3;Moving Backward;Pedestrian;Male;18-30;3;Driver;Normal;Unknown or other;Changing lane to the right;Slight Injury
16:25:00;Tuesday;31-50;Male;Junior high school;Employee;Above 10yr;Automobile;Owner;;No defect; Church areas;One way;Tangent road with flat terrain;Y Shape;Asphalt roads;Dry;Daylight;Unknown;Vehicle with vehicle collision;2;3;Going straight;Pedestrian;Female;18-30;3;Driver;Normal;Crossing from nearside - masked by parked or statioNot a Pedestrianry vehicle;No priority to pedestrian;Slight Injury
15:00:00;Friday;18-30;Male;Junior high school;Employee;5-10yr;Public (> 45 seats);Owner;;No defect;Other;Undivided Two way;Tangent road with flat terrain;Y Shape;Asphalt roads;Dry;Daylight;Normal;;1;1;Moving Backward;Pedestrian;Female;5;3;Driver;Normal;Crossing from nearside - masked by parked or statioNot a Pedestrianry vehicle;Moving Backward;Serious Injury
08:38:00;Thursday;31-50;Male;Junior high school;Employee;Above 10yr;Public (12 seats);Owner;2-5yrs;No defect;Other;One way;Tangent road with flat terrain;No junction;Asphalt roads;Dry;Daylight;Normal;Collision with pedestrians;2;1;Going straight;Driver or rider;Male;Under 18;3;Self-employed;Normal;Not a Pedestrian;Getting off the vehicle improperly;Slight Injury
08:38:00;Thursday;31-50;Male;Junior high school;Employee;2-5yr;Automobile;Owner;5-10yrs;No defect;Other;Two-way (divided with broken lines road marking);Tangent road with flat terrain;No junction;Asphalt roads;Dry;Daylight;Normal;Vehicle with vehicle collision;2;1;Moving Backward;Pedestrian;Male;18-30;3;Self-employed;Normal;Not a Pedestrian;Overtaking;Slight Injury
18:30:00;Wednesday;31-50;Male;Junior high school;Employee;Below 1yr;Lorry (41?100Q);Owner;;No defect;Other;Two-way (divided with broken lines road marking);Tangent road with flat terrain;No junction;Asphalt roads;Dry;Daylight;Normal;Vehicle with vehicle collision;2;1;;Pedestrian;Male;31-50;3;Driver;Normal;Crossing from nearside - masked by parked or statioNot a Pedestrianry vehicle;Overloading;Slight Injury
18:30:00;Wednesday;Unknown;Male;Junior high school;Employee;Below 1yr;Automobile;Owner;;No defect;Office areas;Undivided Two way;Tangent road with flat terrain;No junction;Asphalt roads;Dry;Daylight;Normal;Vehicle with vehicle collision;2;1;Going straight;Pedestrian;Male;Over 51;3;;;Crossing from nearside - masked by parked or statioNot a Pedestrianry vehicle;Changing lane to the right;Slight Injury
09:09:00;Monday;31-50;Male;Junior high school;Owner;5-10yr;Pick up upto 10Q;Owner;;No defect;Office areas;Two-way (divided with solid lines road marking);Tangent road with flat terrain;Y Shape;Asphalt roads;Dry;Daylight;Raining;Collision with pedestrians;4;3;Going straight;Pedestrian;Male;31-50;3;;;Walking along in carriageway, back to traffic;Improper parking;Slight Injury
09:09:00;Monday;Over 51;Male;Junior high school;Employee;2-5yr;Public (12 seats);Owner;Unknown;No defect;Residential areas;Undivided Two way;Tangent road with flat terrain;Y Shape;Earth roads;Dry;Daylight;Raining;Collision with roadside objects;4;3;Going straight;Pedestrian;Male;31-50;3;;;Not a Pedestrian;Other;Slight Injury
09:09:00;Monday;18-30;Male;Elementary school;Employee;Below 1yr;Automobile;Owner;Unknown;No defect;Office areas;One way;Tangent road with flat terrain;Y Shape;Asphalt roads;Dry;Daylight;Raining;;4;3;Going straight;na;na;na;na;Driver;Normal;Not a Pedestrian;Changing lane to the left;Slight Injury
09:09:00;Monday;18-30;Female;Junior high school;Employee;2-5yr;Automobile;Owner;Unknown;No defect;Residential areas;Two-way (divided with broken lines road marking);Tangent road with flat terrain;Y Shape;Asphalt roads;Dry;Daylight;Raining;Vehicle with vehicle collision;4;3;Other;Driver or rider;Male;18-30;3;;Normal;Not a Pedestrian;Changing lane to the right;Slight Injury
09:17:00;Tuesday;31-50;Male;Junior high school;Employee;5-10yr;Automobile;Owner;Unknown;No defect;Office areas;Undivided Two way;Tangent road with flat terrain;Y Shape;Other;Wet or damp;Daylight;Raining;;2;1;Going straight;Driver or rider;Female;Under 18;3;Driver;Normal;Not a Pedestrian;No priority to pedestrian;Slight Injury
09:17:00;Tuesday;31-50;Male;High school;Employee;Above 10yr;Stationwagen;Owner;Unknown;No defect;Other;Two-way (divided with broken lines road marking);Tangent road with flat terrain;Y Shape;Asphalt roads;Wet or damp;Daylight;Raining;;2;1;Moving Backward;na;na;na;na;Driver;Normal;Not a Pedestrian;Overspeed;Slight Injury
15:00:00;Monday;Unknown;Male;High school;Employee;Above 10yr;Other;Owner;Unknown;No defect;Office areas;One way;Tangent road with flat terrain;Y Shape;Asphalt roads;Dry;Daylight;Normal;;2;2;Moving Backward;Passenger;Female;31-50;3;;;Not a Pedestrian;Changing lane to the left;Slight Injury
15:00:00;Monday;Unknown;Male;Junior high school;Employee;5-10yr;Other;Owner;Unknown;No defect;School areas;Undivided Two way;Tangent road with flat terrain;Y Shape;Asphalt roads;Dry;Daylight;Normal;Vehicle with vehicle collision;2;2;Moving Backward;na;na;na;na;Self-employed;Normal;Not a Pedestrian;No priority to vehicle;Slight Injury
15:00:00;Monday;Unknown;Male;Elementary school;Employee;1-2yr;Other;Owner;;;Residential areas;One way;Tangent road with flat terrain;Y Shape;Asphalt roads;Dry;Daylight;Normal;Vehicle with vehicle collision;2;2;Going straight;Driver or rider;Male;18-30;3;Driver;Normal;Not a Pedestrian;Changing lane to the right;Slight Injury
12:28:00;Sunday;31-50;Male;Elementary school;Employee;5-10yr;Public (13?45 seats);Owner;;;Office areas;Undivided Two way;Tangent road with flat terrain;Y Shape;Asphalt roads;Dry;Daylight;Normal;Collision with roadside objects;2;2;Going straight;na;na;na;na;Driver;Normal;Not a Pedestrian;No distancing;Slight Injury
12:28:00;Sunday;31-50;Male;Junior high school;Employee;5-10yr;Lorry (41?100Q);Owner;Unknown;No defect;Residential areas;Undivided Two way;Tangent road with flat terrain;Y Shape;Asphalt roads;Dry;Daylight;Normal;Collision with roadside objects;2;2;Going straight;Driver or rider;Male;18-30;3;Driver;Normal;Not a Pedestrian;No priority to pedestrian;Slight Injury
14:04:00;Thursday;18-30;Male;Junior high school;Employee;1-2yr;Public (12 seats);Owner;Above 10yr;;Office areas;Undivided Two way;Tangent road with flat terrain;Y Shape;Asphalt roads;Dry;Daylight;Normal;Vehicle with vehicle collision;3;4;Going straight;na;na;na;na;Driver;Normal;Not a Pedestrian;No distancing;Slight Injury
14:04:00;Thursday;Under 18;Male;Junior high school;Owner;5-10yr;Automobile;Owner;Above 10yr;;Residential areas;One way;Tangent road with flat terrain;Y Shape;Asphalt roads;Dry;Daylight;Normal;Vehicle with vehicle collision;3;4;Other;Driver or rider;Male;18-30;3;Driver;Normal;Not a Pedestrian;No priority to vehicle;Slight Injury
14:04:00;Thursday;Under 18;Male;High school;Owner;Above 10yr;Automobile;Owner;Unknown;No defect;Other;other;Tangent road with flat terrain;Y Shape;Asphalt roads;Dry;Daylight;Normal;Vehicle with vehicle collision;3;4;Going straight;Passenger;Male;18-30;3;Driver;Normal;Not a Pedestrian;Other;Slight Injury
14:04:00;Thursday;18-30;Male;;Owner;Below 1yr;Stationwagen;Other;Unknown;;Other;Two-way (divided with broken lines road marking);Tangent road with flat terrain;Y Shape;Asphalt roads;Dry;Daylight;Normal;Vehicle with vehicle collision;3;4;Going straight;na;na;na;na;Driver;Normal;Not a Pedestrian;Driving carelessly;Slight Injury
14:25:00;Tuesday;Unknown;Female;Writing & reading;Owner;5-10yr;Lorry (41?100Q);Owner;5-10yrs;;Office areas;Two-way (divided with broken lines road marking);Tangent road with flat terrain;Crossing;Asphalt roads;Dry;Daylight;Normal;Vehicle with vehicle collision;2;1;Going straight;na;na;na;na;Driver;Normal;Not a Pedestrian;Changing lane to the left;Serious Injury
14:25:00;Tuesday;Over 51;Male;Above high school;Employee;Above 10yr;Lorry (41?100Q);Owner;Above 10yr;No defect;Office areas;Two-way (divided with broken lines road marking);Tangent road with flat terrain;Crossing;Asphalt roads;Dry;Daylight;Normal;Rollover;2;1;Reversing;Driver or rider;Male;5;3;Driver;Normal;Not a Pedestrian;Driving carelessly;Serious Injury
18:20:00;Wednesday;Unknown;Male;High school;Employee;Below 1yr;Lorry (41?100Q);Owner;2-5yrs;No defect;Residential areas;Two-way (divided with broken lines road marking);Tangent road with flat terrain;Y Shape;Asphalt roads;Dry;Daylight;Unknown;Vehicle with vehicle collision;2;1;Moving Backward;Pedestrian;Female;31-50;3;Driver;Normal;Not a Pedestrian;Changing lane to the left;Slight Injury
18:20:00;Wednesday;31-50;Male;Junior high school;Employee;1-2yr;Public (> 45 seats);Owner;;No defect;Other;Two-way (divided with broken lines road marking);Tangent road with flat terrain;Y Shape;Asphalt roads;Dry;Daylight;Unknown;Collision with roadside objects;2;1;Going straight;na;na;na;na;;;Not a Pedestrian;No priority to vehicle;Slight Injury
08:55:00;Thursday;18-30;Male;Junior high school;Employee;Above 10yr;Public (12 seats);Governmental;;No defect;Other;Undivided Two way;Tangent road with flat terrain;No junction;Asphalt roads;Dry;Daylight;Normal;Collision with pedestrians;1;1;Going straight;na;na;na;na;Self-employed;Normal;Not a Pedestrian;No distancing;Slight Injury
07:45:00;Thursday;Unknown;Male;Junior high school;Owner;Above 10yr;Other;Owner;;No defect;Office areas;Two-way (divided with broken lines road marking);Tangent road with flat terrain;Unknown;Asphalt roads;Dry;Daylight;Normal;Vehicle with vehicle collision;2;1;Reversing;Driver or rider;Male;18-30;3;Self-employed;Normal;Not a Pedestrian;Changing lane to the right;Slight Injury
07:45:00;Thursday;18-30;Male;Junior high school;Employee;Above 10yr;Public (12 seats);Owner;;No defect;Office areas;Two-way (divided with broken lines road marking);Tangent road with flat terrain;Unknown;Asphalt roads;Dry;Daylight;Normal;Vehicle with vehicle collision;2;1;Going straight;na;na;na;na;Driver;Normal;Not a Pedestrian;Changing lane to the right;Slight Injury
13:59:00;Tuesday;18-30;Unknown;Junior high school;Employee;No Licence;Other;Owner;Unknown;No defect; Church areas;Undivided Two way;Tangent road with flat terrain;No junction;Asphalt roads;Dry;Daylight;Normal;Vehicle with vehicle collision;1;1;Reversing;Driver or rider;Male;Over 51;3;Driver;Normal;Not a Pedestrian;Driving at high speed;Slight Injury
19:25:00;Wednesday;Unknown;Male;Junior high school;Employee;1-2yr;Public (12 seats);Governmental;Unknown;No defect;Other;One way;Tangent road with flat terrain;No junction;Asphalt roads;Dry;Daylight;Normal;Vehicle with vehicle collision;2;2;Other;Pedestrian;Male;Under 18;3;Self-employed;Normal;Crossing from driver's nearside;No distancing;Slight Injury
19:25:00;Wednesday;31-50;Male;Illiterate;Owner;1-2yr;Stationwagen;Owner;Unknown;No defect;Office areas;Undivided Two way;Tangent road with flat terrain;No junction;Asphalt roads;Dry;Daylight;Normal;Vehicle with vehicle collision;2;2;;Passenger;Female;Under 18;3;Self-employed;Normal;Not a Pedestrian;Changing lane to the right;Slight Injury
19:25:00;Wednesday;31-50;Male;Junior high school;Owner;Below 1yr;Automobile;Owner;1-2yr;;Office areas;Two-way (divided with broken lines road marking);Tangent road with flat terrain;No junction;Gravel roads;Dry;Daylight;Normal;Vehicle with vehicle collision;2;2;Going straight;Pedestrian;Male;Under 18;3;;;Not a Pedestrian;Changing lane to the left;Slight Injury
11:27:00;Thursday;Over 51;Male;Junior high school;Owner;1-2yr;Lorry (41?100Q);Owner;Below 1yr;;Residential areas;Two-way (divided with broken lines road marking);Tangent road with flat terrain;Y Shape;Asphalt roads;Dry;Daylight;Normal;Vehicle with vehicle collision;2;1;Going straight;na;na;na;na;Employee;Normal;Not a Pedestrian;Getting off the vehicle improperly;Slight Injury
11:27:00;Thursday;Over 51;Male;Junior high school;Owner;2-5yr;Special vehicle;;;;Other;Undivided Two way;Tangent road with flat terrain;Y Shape;Asphalt roads;Dry;Daylight;Normal;Collision with roadside objects;2;1;Going straight;Driver or rider;Male;31-50;3;;;Not a Pedestrian;Other;Slight Injury
17:23:00;Tuesday;Unknown;Male;Unknown;Owner;5-10yr;Lorry (41?100Q);Owner;5-10yrs;;Residential areas;Two-way (divided with broken lines road marking);Tangent road with flat terrain;Y Shape;Asphalt roads;Dry;Daylight;Normal;Rollover;2;1;Going straight;Pedestrian;Female;Under 18;2;;;Not a Pedestrian;Other;Slight Injury
17:23:00;Tuesday;31-50;Male;Unknown;Owner;Above 10yr;Lorry (41?100Q);Governmental;;;Office areas;Two-way (divided with broken lines road marking);Tangent road with flat terrain;Y Shape;Asphalt roads;Dry;Daylight;Normal;Vehicle with vehicle collision;2;1;Going straight;Pedestrian;Male;31-50;3;;;In carriageway, statioNot a Pedestrianry - not crossing  (standing or playing) - masked by parked or statioNot a Pedestrianry vehicle;No distancing;Slight Injury
07:55:00;Wednesday;18-30;Male;Junior high school;Owner;2-5yr;Public (> 45 seats);Owner;5-10yrs;;Office areas;Undivided Two way;Tangent road with flat terrain;Crossing;Asphalt roads;Dry;Daylight;Normal;Collision with pedestrians;1;1;Going straight;na;na;na;na;Driver;Normal;Not a Pedestrian;No priority to vehicle;Slight Injury
18:48:00;Wednesday;31-50;Male;Elementary school;Owner;Above 10yr;Automobile;Owner;Above 10yr;;Other;Undivided Two way;Tangent road with flat terrain;Y Shape;Asphalt roads;Dry;Daylight;Cloudy;Vehicle with vehicle collision;1;1;Going straight;na;na;na;na;Driver;Normal;Not a Pedestrian;Overtaking;Slight Injury
12:20:00;Wednesday;31-50;Male;Writing & reading;Owner;5-10yr;Automobile;Owner;1-2yr;No defect;Other;other;Steep grade downward with mountainous terrain;No junction;Asphalt roads;Dry;Daylight;Cloudy;Vehicle with vehicle collision;4;2;Going straight;Driver or rider;Male;31-50;2;Driver;Normal;Not a Pedestrian;No priority to pedestrian;Slight Injury
12:20:00;Wednesday;31-50;Male;;Owner;;Automobile;Owner;2-5yrs;;Office areas;One way;Steep grade downward with mountainous terrain;No junction;Asphalt roads;Dry;Daylight;Cloudy;Collision with pedestrians;4;2;Going straight;Pedestrian;Female;Under 18;3;Driver;Normal;Not a Pedestrian;No distancing;Slight Injury
12:20:00;Wednesday;31-50;Male;Junior high school;Owner;5-10yr;Public (> 45 seats);Owner;;No defect;Residential areas;Two-way (divided with broken lines road marking);Tangent road with flat terrain;No junction;Asphalt roads;Dry;Daylight;Cloudy;Collision with pedestrians;4;2;Going straight;Pedestrian;Female;18-30;3;Driver;Normal;Not a Pedestrian;Changing lane to the right;Slight Injury
12:20:00;Wednesday;Unknown;Male;Junior high school;Owner;Below 1yr;Lorry (11?40Q);Owner;;No defect;Other;Two-way (divided with broken lines road marking);Tangent road with flat terrain;No junction;Asphalt roads;Dry;Daylight;Cloudy;Vehicle with vehicle collision;4;2;Going straight;Pedestrian;Female;18-30;3;Self-employed;Normal;Not a Pedestrian;Driving carelessly;Slight Injury
08:40:00;Thursday;18-30;Male;Junior high school;Owner;2-5yr;Pick up upto 10Q;Organization;2-5yrs;;Residential areas;Undivided Two way;Tangent road with flat terrain;No junction;Asphalt roads;Dry;Daylight;Normal;Vehicle with vehicle collision;2;1;Going straight;Driver or rider;Male;31-50;3;Self-employed;Normal;Not a Pedestrian;Changing lane to the right;Slight Injury
08:40:00;Thursday;Unknown;Female;Elementary school;Employee;2-5yr;Lorry (11?40Q);Owner;;No defect; Church areas;Two-way (divided with broken lines road marking);Tangent road with flat terrain;No junction;Asphalt roads;Dry;Daylight;Normal;Vehicle with vehicle collision;2;1;Going straight;Pedestrian;Male;18-30;2;Self-employed;Normal;Not a Pedestrian;Overtaking;Slight Injury
06:46:00;Tuesday;Over 51;Male;Junior high school;Employee;2-5yr;Pick up upto 10Q;Governmental;;No defect;Residential areas;Two-way (divided with broken lines road marking);Tangent road with flat terrain;Crossing;Asphalt roads;Wet or damp;Daylight;Raining;Vehicle with vehicle collision;2;1;Going straight;na;na;na;na;Self-employed;Normal;Not a Pedestrian;Other;Slight Injury
06:46:00;Tuesday;31-50;Male;Junior high school;Employee;2-5yr;Special vehicle;Owner;;No defect;Office areas;One way;Tangent road with flat terrain;Crossing;Asphalt roads;Wet or damp;Daylight;Raining;Vehicle with vehicle collision;2;1;Going straight;Driver or rider;Male;18-30;3;;;Not a Pedestrian;Driving to the left;Slight Injury
17:55:00;Thursday;Under 18;Male;Junior high school;Employee;5-10yr;Lorry (11?40Q);Governmental;Below 1yr;No defect;Residential areas;Two-way (divided with broken lines road marking);Tangent road with flat terrain;Y Shape;Asphalt roads;Dry;Daylight;Normal;Collision with roadside objects;2;1;Moving Backward;Passenger;Male;18-30;3;Self-employed;Normal;Not a Pedestrian;Driving at high speed;Slight Injury
17:55:00;Thursday;18-30;Male;Junior high school;Employee;5-10yr;;Owner;Unknown;No defect;Other;One way;Tangent road with flat terrain;Y Shape;Asphalt roads;Dry;Daylight;Normal;Vehicle with vehicle collision;2;1;Going straight;Driver or rider;Male;18-30;3;Self-employed;Normal;Not a Pedestrian;Unknown;Slight Injury
06:27:00;Tuesday;31-50;Male;Junior high school;Employee;Above 10yr;;Owner;Unknown;; Industrial areas;Two-way (divided with broken lines road marking);Tangent road with flat terrain;Y Shape;Asphalt roads;Dry;Daylight;Normal;Vehicle with vehicle collision;1;1;Going straight;Passenger;Male;18-30;3;Self-employed;Normal;Not a Pedestrian;Changing lane to the right;Serious Injury
11:41:00;Tuesday;31-50;Male;Elementary school;Employee;5-10yr;Lorry (41?100Q);Owner;Unknown;; Church areas;Two-way (divided with broken lines road marking);Tangent road with flat terrain;Y Shape;Gravel roads;Dry;Daylight;Normal;Vehicle with vehicle collision;1;1;Going straight;Driver or rider;Male;Over 51;3;Driver;Normal;Not a Pedestrian;No distancing;Slight Injury
14:30:00;Wednesday;31-50;Male;Junior high school;Employee;5-10yr;Other;Owner;2-5yrs;No defect;Residential areas;Undivided Two way;Steep grade downward with mountainous terrain;Y Shape;Asphalt roads;Dry;Daylight;Unknown;Vehicle with vehicle collision;2;1;;na;na;na;na;;;Not a Pedestrian;Other;Slight Injury
14:30:00;Wednesday;18-30;Male;Junior high school;Employee;Above 10yr;Other;;;;;Two-way (divided with broken lines road marking);Tangent road with flat terrain;Y Shape;Gravel roads;Dry;Daylight;Unknown;Vehicle with vehicle collision;2;1;Turnover;Driver or rider;Male;18-30;3;Driver;Normal;Not a Pedestrian;No priority to vehicle;Slight Injury
15:20:00;Friday;Unknown;Female;Elementary school;Owner;;Automobile;;;;;Two-way (divided with broken lines road marking);Tangent road with flat terrain;No junction;Asphalt roads;Dry;Daylight;Unknown;Vehicle with vehicle collision;2;1;Going straight;Driver or rider;Female;18-30;3;Driver;Normal;Not a Pedestrian;Changing lane to the left;Slight Injury
15:20:00;Friday;Unknown;Female;Junior high school;Owner;5-10yr;Other;Owner;1-2yr;No defect;Office areas;Undivided Two way;Tangent road with flat terrain;No junction;Asphalt roads;Dry;Daylight;Unknown;Vehicle with vehicle collision;2;1;Going straight;Passenger;Female;Under 18;3;Self-employed;Normal;Not a Pedestrian;No priority to pedestrian;Slight Injury
08:05:00;Monday;Unknown;Male;Junior high school;Employee;5-10yr;Automobile;Owner;Above 10yr;No defect; Outside rural areas;Two-way (divided with broken lines road marking);Tangent road with mountainous terrain and;No junction;Asphalt roads;Dry;Daylight;Normal;Vehicle with vehicle collision;1;1;Going straight;na;na;na;na;Driver;Normal;Not a Pedestrian;Overtaking;Serious Injury
18:47:00;Friday;18-30;Male;Junior high school;Employee;Below 1yr;Public (13?45 seats);Owner;Above 10yr;No defect; Church areas;Two-way (divided with broken lines road marking);Steep grade downward with mountainous terrain;Y Shape;Asphalt roads;Dry;Daylight;Normal;Vehicle with vehicle collision;2;1;Going straight;Pedestrian;Female;31-50;3;Driver;Normal;Crossing from nearside - masked by parked or statioNot a Pedestrianry vehicle;Driving carelessly;Slight Injury
18:47:00;Friday;Unknown;Male;;;;Lorry (41?100Q);Owner;;No defect;Office areas;other;Tangent road with mountainous terrain and;Y Shape;Asphalt roads;Dry;Daylight;Normal;Vehicle with vehicle collision;2;1;Going straight;na;na;na;na;;;Not a Pedestrian;No priority to vehicle;Slight Injury
22:15:00;Monday;18-30;Male;Junior high school;Employee;5-10yr;;Owner;Above 10yr;; Church areas;Two-way (divided with broken lines road marking);Steep grade downward with mountainous terrain;No junction;Asphalt roads;Dry;Darkness - lights lit;Normal;Vehicle with vehicle collision;1;2;Going straight;Driver or rider;Male;18-30;3;Driver;Normal;Not a Pedestrian;No priority to pedestrian;Slight Injury
22:15:00;Monday;18-30;Male;Junior high school;Employee;5-10yr;Automobile;;;;Office areas;other;Tangent road with mountainous terrain and;No junction;Asphalt roads;Dry;Darkness - lights lit;Normal;Vehicle with vehicle collision;1;2;Going straight;Pedestrian;Female;18-30;2;Driver;Normal;Not a Pedestrian;Changing lane to the right;Slight Injury
11:30:00;Thursday;Under 18;Male;Junior high school;Employee;Above 10yr;;Governmental;;No defect;Office areas;Undivided Two way;Tangent road with flat terrain;Crossing;Asphalt roads;Dry;Daylight;Normal;Vehicle with vehicle collision;2;1;Going straight;Driver or rider;Male;Over 51;3;Driver;Normal;Not a Pedestrian;Driving carelessly;Slight Injury
11:30:00;Thursday;18-30;Male;High school;Employee;Above 10yr;Lorry (41?100Q);Owner;1-2yr;No defect;School areas;Two-way (divided with broken lines road marking);Tangent road with flat terrain;Crossing;Asphalt roads;Dry;Daylight;Normal;Vehicle with vehicle collision;2;1;Going straight;na;na;na;na;Driver;Normal;Not a Pedestrian;Changing lane to the right;Slight Injury
11:26:00;Monday;18-30;Male;Junior high school;Employee;Above 10yr;;Owner;Below 1yr;No defect;Residential areas;Two-way (divided with broken lines road marking);Tangent road with flat terrain;O Shape;Asphalt roads;Dry;Daylight;Normal;Vehicle with vehicle collision;2;1;Turnover;na;na;na;na;Driver;Normal;Not a Pedestrian;Changing lane to the right;Slight Injury
11:26:00;Monday;18-30;Male;Junior high school;Employee;Above 10yr;Lorry (41?100Q);Owner;;No defect;Office areas;other;Tangent road with mountainous terrain and;O Shape;Asphalt roads;Dry;Daylight;Normal;Collision with roadside objects;2;1;;Driver or rider;Male;18-30;3;Self-employed;Normal;Not a Pedestrian;Changing lane to the left;Slight Injury
17:50:00;Friday;Unknown;Male;Junior high school;Employee;Above 10yr;Taxi;Owner;Unknown;No defect;Rural village areasOffice areas;other;Tangent road with flat terrain;No junction;Asphalt roads;Dry;Daylight;Normal;Vehicle with vehicle collision;2;1;Reversing;Driver or rider;Male;31-50;3;;;Not a Pedestrian;Overturning;Slight Injury
17:50:00;Friday;31-50;Male;Junior high school;Employee;Above 10yr;Lorry (41?100Q);Owner;Unknown;No defect;Other;Two-way (divided with broken lines road marking);Tangent road with flat terrain;No junction;Asphalt roads;Dry;Daylight;Normal;Vehicle with vehicle collision;2;1;Other;Pedestrian;Male;Over 51;3;Self-employed;Normal;Crossing from driver's nearside;Driving carelessly;Slight Injury
18:40:00;Tuesday;Unknown;Male;Junior high school;Employee;5-10yr;Lorry (41?100Q);Owner;Unknown;No defect;Residential areas;Undivided Two way;Tangent road with flat terrain;No junction;Asphalt roads;Dry;Daylight;Unknown;Vehicle with vehicle collision;2;1;Going straight;Driver or rider;Male;Under 18;3;Driver;Normal;Not a Pedestrian;No distancing;Slight Injury
18:40:00;Tuesday;Unknown;Male;Junior high school;Employee;2-5yr;Other;Owner;Unknown;No defect;Office areas;Undivided Two way;Tangent road with flat terrain;No junction;Asphalt roads;Dry;Daylight;Unknown;Vehicle with vehicle collision;2;1;Going straight;na;na;na;na;;;Not a Pedestrian;Driving carelessly;Slight Injury
05:50:00;Friday;Unknown;Female;Junior high school;Employee;Below 1yr;Stationwagen;Owner;Unknown;No defect;Office areas;Undivided Two way;Tangent road with flat terrain;No junction;Asphalt roads;Dry;Daylight;Normal;Collision with pedestrians;2;1;Turnover;Pedestrian;Female;31-50;3;;;Not a Pedestrian;Changing lane to the left;Slight Injury
05:50:00;Friday;18-30;Male;Junior high school;Employee;Below 1yr;Stationwagen;Owner;Unknown;No defect;Residential areas;Undivided Two way;Tangent road with flat terrain;No junction;Asphalt roads;Dry;Daylight;Normal;Vehicle with vehicle collision;2;1;Other;Pedestrian;Female;31-50;3;Driver;Normal;Unknown or other;No priority to vehicle;Slight Injury