Time;Day_of_week;Age_band_of_driver;Sex_of_driver;Educational_level;Vehicle_driver_relation;Driving_experience;Type_of_vehicle;Owner_of_vehicle;Service_year_of_vehicle;Defect_of_vehicle;Area_accident_occured;Lanes_or_Medians;Road_allignment;Types_of_Junction;Road_surface_type;Road_surface_conditions;Light_conditions;Weather_conditions;Type_of_collision;Number_of_vehicles_involved;Number_of_casualties;Vehicle_movement;Casualty_class;Sex_of_casualty;Age_band_of_casualty;Casualty_severity;Work_of_casuality;Fitness_of_casuality;Pedestrian_movement;Cause_of_accident;Accident_severity
23:45:00;Tuesday;18-30;Male;;;5-10yr;Long lorry;Owner;2-5yrs;No defect;Office areas;Double carriageway (median);Tangent road with flat terrain;Y Shape;Asphalt roads;Dry;Darkness - lights lit;Normal;Vehicle with vehicle collision;3;3;Turnover;Driver or rider;Male;18-30;3;Driver;Normal;Not a Pedestrian;Changing lane to the right;Slight Injury
14:35:00;Saturday;Unknown;Male;Junior high school;Employee;Above 10yr;Public (13?45 seats);Owner;2-5yrs;No defect;  Market areas;Undivided Two way;Tangent road with flat terrain;No junction;Asphalt roads;Dry;Daylight;Normal;Vehicle with vehicle collision;2;3;Turnover;na;na;na;na;Driver;Normal;Not a Pedestrian;Driving carelessly;Slight Injury
14:35:00;Saturday;31-50;Male;Junior high school;Employee;Above 10yr;Automobile;;;;Unknown;other;Tangent road with flat terrain;No junction;Asphalt roads;Dry;Daylight;Normal;Collision with pedestrians;2;3;Going straight;Passenger;Male;Under 18;3;Driver;Normal;Not a Pedestrian;No distancing;Slight Injury
14:35:00;Saturday;31-50;Unknown;Elementary school;Employee;Below 1yr;Automobile;Owner;;No defect; Industrial areas;other;Tangent road with flat terrain;No junction;Asphalt roads;Dry;Daylight;Normal;Vehicle with vehicle collision;2;3;Going straight;na;na;na;na;;;Not a Pedestrian;Getting off the vehicle improperly;Slight Injury
14:35:00;Saturday;31-50;Male;Elementary school;Employee;5-10yr;Pick up upto 10Q;Owner;;No defect;Residential areas;Two-way (divided with solid lines road marking);Tangent road with flat terrain;No junction;Asphalt roads;Dry;Daylight;Normal;Vehicle with vehicle collision;2;3;Going straight;Driver or rider;Male;18-30;3;Driver;Normal;Not a Pedestrian;Driving under the influence of drugs;Slight Injury
13:15:00;Saturday;18-30;Male;Elementary school;Owner;5-10yr;;Governmental;Below 1yr;No defect;Residential areas;Undivided Two way;Tangent road with flat terrain;Crossing;Asphalt roads;Dry;Daylight;Normal;Vehicle with vehicle collision;2;1;Going straight;Driver or rider;Male;Over 51;3;Employee;Normal;Not a Pedestrian;Changing lane to the right;Serious Injury
13:15:00;Saturday;18-30;Male;Elementary school;Employee;2-5yr;Stationwagen;Owner;5-10yrs;No defect;Other;Undivided Two way;Tangent road with flat terrain;Crossing;Asphalt roads;Dry;Daylight;Normal;Vehicle with vehicle collision;2;1;Going straight;Driver or rider;Male;5;3;;;Not a Pedestrian;Driving carelessly;Serious Injury
15:10:00;Saturday;31-50;Male;Elementary school;Employee;Above 10yr;;Governmental;;No defect;Residential areas;other;Tangent road with flat terrain;No junction;Asphalt roads;Dry;Daylight;Normal;Vehicle with vehicle collision;2;2;Going straight;Pedestrian;Female;31-50;3;Driver;Normal;Crossing from nearside - masked by parked or statioNot a Pedestrianry vehicle;Moving Backward;Slight Injury
15:10:00;Saturday;31-50;Male;Elementary school;Employee;2-5yr;Automobile;Owner;1-2yr;No defect;Rural village areas;Undivided Two way;Gentle horizontal curve;No junction;Asphalt roads;Dry;Daylight;Normal;Vehicle with vehicle collision;2;2;Getting off;na;na;na;na;;;Not a Pedestrian;Turnover;Slight Injury
15:10:00;Saturday;Unknown;Male;Junior high school;Employee;Above 10yr;Automobile;Owner;2-5yrs;No defect;Rural village areas;Undivided Two way;Gentle horizontal curve;No junction;Asphalt roads;Dry;Daylight;Normal;Vehicle with vehicle collision;2;2;Moving Backward;Driver or rider;Male;18-30;3;Driver;Normal;Not a Pedestrian;Changing lane to the right;Slight Injury
09:30:00;Monday;18-30;Male;Junior high school;Employee;Below 1yr;Long lorry;Owner;;No defect;Office areas;Double carriageway (median);Tangent road with flat terrain;No junction;Asphalt roads;Wet or damp;Daylight;Raining;Vehicle with vehicle collision;2;1;Other;Pedestrian;Female;31-50;3;Driver;Normal;Crossing from nearside - masked by parked or statioNot a Pedestrianry vehicle;Driving carelessly;Slight Injury
09:30:00;Monday;Unknown;Female;Junior high school;Employee;2-5yr;Public (13?45 seats);Owner;2-5yrs;No defect;Residential areas;Undivided Two way;Gentle horizontal curve;No junction;Asphalt roads;Wet or damp;Daylight;Raining;Collision with pedestrians;2;1;Going straight;Passenger;Male;18-30;3;Self-employed;Normal;Not a Pedestrian;No priority to vehicle;Slight Injury
13:56:00;Sunday;Over 51;Male;Elementary school;Employee;5-10yr;Public (13?45 seats);Owner;;;Residential areas;other;Tangent road with flat terrain;Unknown;Asphalt roads;Dry;Daylight;Normal;Vehicle with vehicle collision;4;3;Going straight;Driver or rider;Male;18-30;3;Driver;Normal;Not a Pedestrian;Moving Backward;Serious Injury
13:56:00;Sunday;31-50;Male;Elementary school;Employee;5-10yr;Lorry (11?40Q);Owner;;7; Outside rural areas;other;Tangent road with flat terrain;Unknown;Asphalt roads;Dry;Daylight;Normal;Vehicle with vehicle collision;4;3;Going straight;na;na;na;na;Employee;Normal;Not a Pedestrian;Changing lane to the left;Serious Injury
13:56:00;Sunday;31-50;Male;Elementary school;Employee;1-2yr;Lorry (11?40Q);Owner;Above 10yr;;Residential areas;other;Tangent road with flat terrain;Unknown;Asphalt roads;Dry;Daylight;Normal;Vehicle with vehicle collision;4;3;Going straight;Passenger;Female;Over 51;3;Driver;Normal;Not a Pedestrian;Overturning;Serious Injury
13:56:00;Sunday;Unknown;Male;Elementary school;Employee;;Pick up upto 10Q;Owner;5-10yrs;5; Church areas;other;Tangent road with flat terrain;Unknown;Asphalt roads;Dry;Daylight;Normal;Vehicle with vehicle collision;4;3;Going straight;Pedestrian;Male;31-50;3;;;Unknown or other;No distancing;Serious Injury
13:56:00;Sunday;Unknown;Male;Junior high school;Employee;1-2yr;Automobile;Owner;;No defect;Office areas;Undivided Two way;Tangent road with flat terrain;Unknown;Asphalt roads;Dry;Daylight;Normal;Collision with roadside objects;4;3;Going straight;Pedestrian;Female;31-50;3;Driver;Normal;Unknown or other;Driving carelessly;Serious Injury
12:10:00;Monday;Unknown;Male;;Employee;5-10yr;Automobile;Owner;Unknown;No defect;Office areas;Two-way (divided with broken lines road marking);Tangent road with mountainous terrain and;No junction;Asphalt roads;Dry;Daylight;Normal;Vehicle with vehicle collision;2;1;Going straight;Driver or rider;Male;31-50;3;Self-employed;Normal;Not a Pedestrian;No distancing;Slight Injury
12:10:00;Monday;31-50;Male;Elementary school;Owner;1-2yr;Automobile;Governmental;;No defect;Office areas;Two-way (divided with broken lines road marking);Escarpments;No junction;Asphalt roads;Dry;Daylight;Normal;Vehicle with vehicle collision;2;1;Going straight;na;na;na;na;;;Not a Pedestrian;Changing lane to the left;Slight Injury
16:05:00;Friday;Unknown;Male;Junior high school;Employee;5-10yr;Long lorry;Owner;2-5yrs;;Other;Undivided Two way;Tangent road with mountainous terrain and;No junction;Asphalt roads;Dry;Daylight;Normal;Vehicle with vehicle collision;2;1;Going straight;Driver or rider;Female;31-50;3;Self-employed;Normal;Not a Pedestrian;No priority to pedestrian;Slight Injury
16:05:00;Friday;18-30;Male;Junior high school;Employee;2-5yr;Long lorry;Owner;2-5yrs;;Other;Undivided Two way;Tangent road with flat terrain;No junction;Asphalt roads;Dry;Daylight;Normal;Vehicle with vehicle collision;2;1;Going straight;na;na;na;na;Self-employed;Normal;Not a Pedestrian;No distancing;Slight Injury
16:55:00;Thursday;Unknown;Male;Junior high school;Employee;2-5yr;Automobile;Owner;Unknown;No defect;Residential areas;Two-way (divided with broken lines road marking);Tangent road with flat terrain;Y Shape;Asphalt roads;Dry;Daylight;Normal;Vehicle with vehicle collision;2;1;Going straight;Pedestrian;Male;18-30;3;;;Crossing from nearside - masked by parked or statioNot a Pedestrianry vehicle;No distancing;Slight Injury
16:55:00;Thursday;31-50;Male;Junior high school;Employee;5-10yr;Stationwagen;Owner;;;Other;Two-way (divided with broken lines road marking);Tangent road with flat terrain;Y Shape;Asphalt roads;Dry;Daylight;Normal;Vehicle with vehicle collision;2;1;Going straight;Driver or rider;Male;18-30;3;Driver;Normal;Not a Pedestrian;Changing lane to the left;Slight Injury
00:30:00;Wednesday;31-50;Male;Junior high school;Owner;Below 1yr;;Owner;Below 1yr;;Other;Undivided Two way;Tangent road with mild grade and flat terrain;No junction;Asphalt roads;Dry;Darkness - lights lit;Normal;Vehicle with vehicle collision;2;1;Moving Backward;na;na;na;na;Driver;Normal;Not a Pedestrian;No distancing;Slight Injury
00:30:00;Wednesday;Unknown;Female;High school;Employee;Below 1yr;Other;Owner;5-10yrs;;Other;Two-way (divided with broken lines road marking);Tangent road with flat terrain;No junction;Asphalt roads;Dry;Darkness - lights lit;Normal;Collision with roadside objects;2;1;Going straight;Pedestrian;Male;18-30;3;Other;Normal;In carriageway, statioNot a Pedestrianry - not crossing  (standing or playing);Changing lane to the left;Slight Injury
08:50:00;Wednesday;Unknown;Male;Junior high school;Employee;;Special vehicle;Governmental;5-10yrs;No defect;Other;Undivided Two way;Tangent road with flat terrain;Crossing;Asphalt roads;Dry;Daylight;Normal;Vehicle with vehicle collision;1;1;Moving Backward;Pedestrian;Female;Over 51;3;Self-employed;Normal;Not a Pedestrian;No distancing;Slight Injury
11:15:00;Wednesday;Unknown;Female;Junior high school;Employee;Below 1yr;Lorry (41?100Q);Owner;2-5yrs;No defect;Other;Double carriageway (median);Tangent road with mild grade and flat terrain;No junction;Asphalt roads;Dry;Daylight;Normal;Vehicle with vehicle collision;1;1;Moving Backward;na;na;na;na;Self-employed;Normal;Not a Pedestrian;No distancing;Slight Injury
04:55:00;Saturday;18-30;Male;Junior high school;Employee;2-5yr;Pick up upto 10Q;Owner;;No defect;Other;Two-way (divided with broken lines road marking);Tangent road with flat terrain;Y Shape;Asphalt roads;Dry;Daylight;Normal;Vehicle with vehicle collision;2;1;Going straight;Driver or rider;Male;31-50;3;Driver;Normal;Not a Pedestrian;No distancing;Slight Injury
04:55:00;Saturday;31-50;Male;Junior high school;Employee;2-5yr;Lorry (11?40Q);Owner;2-5yrs;; Church areas;Two-way (divided with broken lines road marking);Tangent road with flat terrain;Y Shape;Asphalt roads;Dry;Daylight;Normal;Vehicle with vehicle collision;2;1;Going straight;Driver or rider;Male;Over 51;3;Employee;Normal;Not a Pedestrian;Changing lane to the left;Slight Injury
12:34:00;Wednesday;18-30;Male;Junior high school;Employee;5-10yr;Lorry (41?100Q);Owner;5-10yrs;;Other;Undivided Two way;Tangent road with flat terrain;Other;Asphalt roads;Wet or damp;Daylight;Raining;Rollover;2;2;Going straight;na;na;na;na;;;Not a Pedestrian;Changing lane to the right;Slight Injury
12:34:00;Wednesday;31-50;Male;Elementary school;Employee;5-10yr;Motorcycle;Organization;2-5yrs;; Industrial areas;Two-way (divided with broken lines road marking);Tangent road with flat terrain;Other;Asphalt roads with some distress;Wet or damp;Daylight;Raining;Vehicle with vehicle collision;2;2;Going straight;Pedestrian;Male;18-30;3;Driver;Normal;Not a Pedestrian;Moving Backward;Slight Injury
12:34:00;Wednesday;31-50;Male;;Owner;5-10yr;Automobile;Owner;;No defect;Residential areas;Double carriageway (median);Tangent road with flat terrain;Other;Asphalt roads;Wet or damp;Daylight;Raining;Vehicle with vehicle collision;2;2;Going straight;Pedestrian;Female;18-30;3;Driver;Normal;Not a Pedestrian;Changing lane to the right;Slight Injury
18:11:00;Thursday;18-30;Male;Junior high school;Employee;5-10yr;Automobile;Governmental;Above 10yr;No defect;Other;Two-way (divided with broken lines road marking);Tangent road with flat terrain;No junction;Asphalt roads;Dry;Daylight;Normal;Collision with roadside objects;3;1;Going straight;Passenger;Female;31-50;3;Driver;Normal;Not a Pedestrian;No distancing;Slight Injury
18:11:00;Thursday;18-30;Male;Junior high school;Owner;5-10yr;Automobile;Owner;;No defect;Office areas;Two-way (divided with broken lines road marking);Tangent road with flat terrain;No junction;Asphalt roads;Dry;Daylight;Normal;Vehicle with vehicle collision;3;1;;na;na;na;na;Self-employed;Normal;Not a Pedestrian;Overtaking;Slight Injury
18:11:00;Thursday;31-50;Male;Illiterate;Employee;2-5yr;Stationwagen;Owner;;No defect; Industrial areas;Unknown;Tangent road with flat terrain;No junction;Asphalt roads;Dry;Daylight;Normal;Vehicle with vehicle collision;3;1;Other;Driver or rider;Male;31-50;3;;Normal;Not a Pedestrian;Other;Slight Injury
20:52:00;Tuesday;18-30;Male;Junior high school;Employee;5-10yr;;Owner;1-2yr;No defect; Industrial areas;Double carriageway (median);Tangent road with flat terrain;Crossing;Gravel roads;Dry;Daylight;Normal;Vehicle with vehicle collision;2;1;Going straight;Passenger;Male;Over 51;3;Other;Normal;Not a Pedestrian;Other;Slight Injury
20:52:00;Tuesday;31-50;Male;Junior high school;Employee;Below 1yr;Public (> 45 seats);Owner;;No defect;Other;Two-way (divided with broken lines road marking);Tangent road with flat terrain;Crossing;Asphalt roads;Dry;Daylight;Normal;Collision with roadside objects;2;1;;na;na;na;na;Driver;Normal;Not a Pedestrian;Changing lane to the right;Slight Injury
15:30:00;Sunday;31-50;Male;Junior high school;Employee;1-2yr;Public (> 45 seats);Organization;Above 10yr;; Hospital areas;Two-way (divided with broken lines road marking);Tangent road with flat terrain;Crossing;Asphalt roads;Wet or damp;Daylight;Raining;Collision with roadside objects;2;1;Overtaking;Driver or rider;Male;Over 51;3;Driver;Normal;Not a Pedestrian;No priority to pedestrian;Slight Injury
15:30:00;Sunday;Unknown;Female;Elementary school;Employee;2-5yr;Stationwagen;Owner;Unknown;;Office areas;One way;Tangent road with flat terrain;Crossing;Asphalt roads;Wet or damp;Daylight;Raining;Vehicle with vehicle collision;2;1;Reversing;na;na;na;na;Driver;Normal;Not a Pedestrian;No priority to vehicle;Slight Injury
17:17:00;Wednesday;31-50;Male;Elementary school;Employee;2-5yr;Automobile;Owner;2-5yrs;No defect; Church areas;Undivided Two way;Tangent road with flat terrain;Crossing;Asphalt roads;Dry;Daylight;Normal;Vehicle with vehicle collision;2;1;Going straight;Driver or rider;Male;31-50;3;;;Not a Pedestrian;Changing lane to the left;Slight Injury
17:17:00;Wednesday;Under 18;Male;Elementary school;Employee;5-10yr;Bicycle;Organization;5-10yrs;No defect; Hospital areas;Undivided Two way;Tangent road with mountainous terrain and;Crossing;Asphalt roads;Dry;Daylight;Normal;Collision with roadside objects;2;1;Other;Driver or rider;Female;18-30;3;Driver;Normal;Not a Pedestrian;Changing lane to the left;Slight Injury
17:15:00;Wednesday;31-50;Male;Junior high school;Employee;5-10yr;Automobile;Owner;Above 10yr;No defect;Office areas;other;Tangent road with flat terrain;No junction;Asphalt roads;Dry;Daylight;Normal;Collision with roadside objects;1;1;Moving Backward;Driver or rider;Male;Over 51;3;Driver;Normal;Not a Pedestrian;Overtaking;Slight Injury
13:30:00;Tuesday;18-30;Male;;;;Lorry (41?100Q);Owner;2-5yrs;No defect;Other;Two-way (divided with broken lines road marking);Escarpments;No junction;Asphalt roads;Dry;Daylight;Normal;Vehicle with vehicle collision;2;2;Going straight;Driver or rider;Male;18-30;3;;;Not a Pedestrian;No distancing;Slight Injury
13:30:00;Tuesday;Over 51;Male;Junior high school;Employee;Above 10yr;Automobile;Owner;1-2yr;;Office areas;Undivided Two way;Tangent road with flat terrain;No junction;Asphalt roads;Dry;Daylight;Normal;Vehicle with vehicle collision;2;2;Other;na;na;na;na;Driver;Normal;Not a Pedestrian;No priority to vehicle;Slight Injury
07:11:00;Sunday;31-50;Male;Junior high school;Employee;Above 10yr;Public (13?45 seats);Owner;2-5yrs;;Office areas;Two-way (divided with broken lines road marking);Tangent road with mountainous terrain and;Y Shape;Asphalt roads;Dry;Daylight;Normal;Vehicle with vehicle collision;2;1;Moving Backward;Driver or rider;Male;18-30;3;Driver;Normal;Not a Pedestrian;Changing lane to the right;Slight Injury
07:11:00;Sunday;31-50;Male;Junior high school;Owner;Above 10yr;Special vehicle;Owner;;No defect;Other;Double carriageway (median);Steep grade downward with mountainous terrain;Y Shape;Asphalt roads;Dry;Daylight;Normal;Collision with roadside objects;2;1;Going straight;na;na;na;na;Self-employed;Normal;Not a Pedestrian;Changing lane to the left;Slight Injury
16:51:00;Saturday;18-30;Male;Junior high school;Employee;unknown;Automobile;Owner;1-2yr;No defect;Office areas;Undivided Two way;Tangent road with mild grade and flat terrain;Y Shape;Asphalt roads;Dry;Daylight;Normal;Vehicle with vehicle collision;2;2;Going straight;Driver or rider;Female;18-30;3;Driver;Normal;Not a Pedestrian;No distancing;Serious Injury
16:51:00;Saturday;31-50;Male;Junior high school;Employee;5-10yr;Public (13?45 seats);Owner;;No defect;Residential areas;Undivided Two way;Tangent road with flat terrain;Y Shape;Asphalt roads;Dry;Daylight;Normal;Vehicle with vehicle collision;2;2;Moving Backward;na;na;na;na;Driver;Normal;Not a Pedestrian;Driving carelessly;Serious Injury
07:25:00;Friday;18-30;Male;Junior high school;Employee;2-5yr;;Owner;Unknown;;Other;Two-way (divided with broken lines road marking);Tangent road with flat terrain;Y Shape;Asphalt roads;Dry;Daylight;Normal;Vehicle with vehicle collision;2;1;Going straight;Pedestrian;Female;18-30;3;Driver;Normal;Crossing from nearside - masked by parked or statioNot a Pedestrianry vehicle;No priority to pedestrian;Slight Injury
07:25:00;Friday;18-30;Male;Elementary school;Employee;5-10yr;Lorry (41?100Q);Owner;2-5yrs;;Office areas;Double carriageway (median);Tangent road with flat terrain;Y Shape;Asphalt roads;Dry;Daylight;Normal;Rollover;2;1;Getting off;Pedestrian;Female;18-30;3;Driver;Normal;Crossing from driver's nearside;Driving carelessly;Slight Injury
23:53:00;Thursday;Unknown;Female;Junior high school;Employee;2-5yr;Lorry (41?100Q);Owner;5-10yrs;;Office areas;Undivided Two way;Tangent road with mountainous terrain and;No junction;Asphalt roads;Dry;Darkness - lights lit;Normal;Vehicle with vehicle collision;1;1;Going straight;Pedestrian;Male;31-50;3;Driver;Normal;Unknown or other;Moving Backward;Fatal injury
19:39:00;Sunday;Unknown;Male;High school;Owner;5-10yr;Public (12 seats);;;;Office areas;other;Tangent road with flat terrain;No junction;Asphalt roads;Wet or damp;Darkness - lights lit;Raining;Vehicle with vehicle collision;1;1;Going straight;Pedestrian;Female;18-30;3;Driver;Normal;Not a Pedestrian;No distancing;Slight Injury
14:30:00;Tuesday;Unknown;Male;Junior high school;Employee;Above 10yr;Lorry (41?100Q);Owner;5-10yrs;No defect;Other;Two-way (divided with broken lines road marking);Tangent road with mild grade and flat terrain;No junction;Asphalt roads;Dry;Daylight;Normal;Collision with pedestrians;2;3;Moving Backward;Pedestrian;Male;5;3;Driver;Normal;Not a Pedestrian;No distancing;Slight Injury
14:30:00;Tuesday;18-30;Male;Junior high school;Employee;2-5yr;Lorry (41?100Q);Owner;;No defect; Church areas;Undivided Two way;Tangent road with flat terrain;No junction;Asphalt roads;Dry;Daylight;Normal;Vehicle with vehicle collision;2;3;Going straight;Driver or rider;Male;31-50;2;;;Not a Pedestrian;No distancing;Slight Injury
14:30:00;Tuesday;18-30;Male;Elementary school;Employee;2-5yr;Public (12 seats);Owner;Unknown;No defect; Industrial areas;Undivided Two way;Tangent road with flat terrain;No junction;Asphalt roads;Dry;Daylight;Normal;Vehicle with vehicle collision;2;3;Going straight;Pedestrian;Male;31-50;3;Driver;Normal;Not a Pedestrian;Changing lane to the left;Slight Injury
14:30:00;Tuesday;18-30;Male;High school;Owner;Above 10yr;Public (> 45 seats);Owner;1-2yr;No defect;Office areas;Double carriageway (median);Tangent road with flat terrain;No junction;Asphalt roads;Dry;Daylight;Normal;Vehicle with vehicle collision;2;3;Going straight;Driver or rider;Male;31-50;3;;;Not a Pedestrian;Changing lane to the left;Slight Injury
14:20:00;Saturday;Unknown;Male;Elementary school;Employee;1-2yr;Automobile;Owner;Unknown;No defect; Church areas;Undivided Two way;Tangent road with flat terrain;No junction;Earth roads;Dry;Daylight;Normal;Vehicle with vehicle collision;2;1;Going straight;na;na;na;na;Driver;Normal;Not a Pedestrian;Moving Backward;Slight Injury
14:20:00;Saturday;31-50;Unknown;Junior high school;Employee;Above 10yr;Pick up upto 10Q;Owner;;;Office areas;Undivided Two way;Tangent road with flat terrain;No junction;Asphalt roads;Dry;Daylight;Normal;Collision with roadside objects;2;1;Going straight;Pedestrian;Male;Over 51;3;Other;Normal;Not a Pedestrian;Changing lane to the right;Slight Injury
07:45:00;Friday;31-50;Male;;;;Stationwagen;Owner;;No defect;Office areas;other;Tangent road with flat terrain;No junction;Asphalt roads;Dry;Daylight;Normal;Vehicle with vehicle collision;2;1;Moving Backward;Driver or rider;Male;31-50;3;Self-employed;Normal;Not a Pedestrian;No priority to vehicle;Slight Injury
07:45:00;Friday;Unknown;Male;Junior high school;Owner;5-10yr;Other;Owner;;;Residential areas;Two-way (divided with broken lines road marking);Tangent road with flat terrain;No junction;Asphalt roads;Dry;Daylight;Normal;Vehicle with vehicle collision;2;1;Going straight;Passenger;Female;Over 51;3;Driver;Normal;Not a Pedestrian;Moving Backward;Slight Injury
07:46:00;Tuesday;18-30;Male;Above high school;Employee;5-10yr;;Owner;5-10yrs;;Office areas;Two-way (divided with broken lines road marking);Tangent road with flat terrain;Y Shape;Asphalt roads;Dry;Daylight;Normal;Vehicle with vehicle collision;2;2;Going straight;na;na;na;na;;;Not a Pedestrian;Overtaking;Slight Injury
07:46:00;Tuesday;18-30;Male;Junior high school;Employee;5-10yr;Automobile;Owner;5-10yrs;;Residential areas;Undivided Two way;Tangent road with flat terrain;Y Shape;Asphalt roads;Dry;Daylight;Normal;Vehicle with vehicle collision;2;2;Moving Backward;Pedestrian;Male;31-50;2;Self-employed;Normal;Not a Pedestrian;Changing lane to the left;Slight Injury
20:15:00;Saturday;31-50;Male;Junior high school;Employee;Above 10yr;Stationwagen;Owner;2-5yrs;;Office areas;Double carriageway (median);Tangent road with flat terrain;Crossing;Asphalt roads;Dry;Darkness - lights lit;Normal;Collision with roadside objects;2;1;Moving Backward;Pedestrian;Male;18-30;3;;;Unknown or other;Changing lane to the right;Slight Injury
20:15:00;Saturday;Unknown;Male;Junior high school;Employee;1-2yr;Pick up upto 10Q;Owner;2-5yrs;No defect;Office areas;Double carriageway (median);Tangent road with flat terrain;Crossing;Asphalt roads;Dry;Darkness - lights lit;Normal;Vehicle with vehicle collision;2;1;Going straight;Pedestrian;Male;18-30;3;;;Unknown or other;Overtaking;Slight Injury
16:14:00;Monday;18-30;Male;Junior high school;Employee;2-5yr;Lorry (41?100Q);;;No defect;Other;Two-way (divided with broken lines road marking);Tangent road with flat terrain;Crossing;Asphalt roads;Dry;Daylight;Normal;Collision with roadside objects;1;1;Going straight;Driver or rider;Male;31-50;3;Driver;;Not a Pedestrian;Overloading;Slight Injury
16:25:00;Tuesday;18-30;Male;Junior high school;Employee;Below 1yr;Automobile;Owner;Unknown;No defect;Other;Two-way (divided with broken lines road marking);Tangent road with flat terrain;Crossing;Asphalt roads;Dry;Daylight;Normal;Vehicle with vehicle collision;2;1;Going straight;na;na;na;na;;;Not a Pedestrian;Other;Serious Injury
16:25:00;Tuesday;18-30;Male;Junior high school;Employee;Above 10yr;;Owner;Above 10yr;No defect;Residential areas;Two-way (divided with broken lines road marking);Tangent road with flat terrain;Crossing;Asphalt roads with some distress;Dry;Daylight;Normal;Rollover;2;1;Going straight;Passenger;Female;31-50;3;Unemployed;Normal;Not a Pedestrian;No priority to vehicle;Serious Injury
21:34:00;Sunday;Unknown;Female;Junior high school;Employee;1-2yr;Lorry (41?100Q);Owner;Unknown;; Church areas;Two-way (divided with broken lines road marking);Tangent road with flat terrain;No junction;Asphalt roads;Dry;Darkness - lights lit;Normal;Vehicle with vehicle collision;2;1;Going straight;na;na;na;na;Driver;Normal;Not a Pedestrian;Changing lane to the right;Serious Injury
21:34:00;Sunday;18-30;Male;Above high school;Employee;5-10yr;Lorry (41?100Q);Governmental;Unknown;No defect; Church areas;Double carriageway (median);Tangent road with flat terrain;No junction;Asphalt roads;Dry;Darkness - lights lit;Normal;Vehicle with vehicle collision;2;1;Going straight;Driver or rider;Male;Over 51;3;Driver;Normal;Not a Pedestrian;Moving Backward;Serious Injury
14:00:00;Saturday;Unknown;Male;Junior high school;Employee;5-10yr;Lorry (41?100Q);Owner;2-5yrs;No defect;Residential areas;Double carriageway (median);Tangent road with flat terrain;Y Shape;Asphalt roads;Dry;Daylight;Normal;Vehicle with vehicle collision;2;1;Going straight;na;na;na;na;Driver;Normal;Not a Pedestrian;Changing lane to the left;Serious Injury
14:00:00;Saturday;18-30;Male;Elementary school;Owner;Below 1yr;Pick up upto 10Q;Owner;;No defect;Office areas;Two-way (divided with broken lines road marking);Tangent road with mild grade and flat terrain;Y Shape;Asphalt roads;Dry;Daylight;Normal;Vehicle with vehicle collision;2;1;Going straight;Driver or rider;Male;18-30;3;;;Not a Pedestrian;No priority to pedestrian;Serious Injury
12:19:00;Monday;Over 51;Male;;;;Pick up upto 10Q;Owner;5-10yrs;No defect;Office areas;Two-way (divided with broken lines road marking);Tangent road with mild grade and flat terrain;Y Shape;Asphalt roads;Dry;Daylight;Normal;Vehicle with vehicle collision;2;1;Going straight;Pedestrian;Male;18-30;3;Driver;Normal;Not a Pedestrian;No distancing;Slight Injury
12:19:00;Monday;18-30;Male;Junior high school;Employee;Above 10yr;Automobile;Owner;2-5yrs;;Residential areas;Two-way (divided with broken lines road marking);Tangent road with flat terrain;Y Shape;Asphalt roads;Dry;Daylight;Normal;Collision with pedestrians;2;1;Going straight;Driver or rider;Male;Over 51;3;Driver;Normal;Not a Pedestrian;No priority to vehicle;Slight Injury
11:49:00;Wednesday;Over 51;Male;Junior high school;;;Other;Owner;5-10yrs;; Church areas;other;Tangent road with flat terrain;No junction;Asphalt roads;Dry;Daylight;Normal;Rollover;1;1;Other;na;na;na;na;Self-employed;Normal;Not a Pedestrian;No distancing;Serious Injury
18:09:00;Thursday;31-50;Male;Junior high school;Employee;1-2yr;;Owner;;;Other;Two-way (divided with broken lines road marking);Tangent road with flat terrain;No junction;Asphalt roads;Dry;Daylight;Normal;Vehicle with vehicle collision;1;1;Going straight;Passenger;Female;Over 51;3;Driver;Normal;Not a Pedestrian;No distancing;Slight Injury
10:40:00;Monday;31-50;Male;Junior high school;Owner;2-5yr;Automobile;Owner;;;Office areas;Two-way (divided with broken lines road marking);Tangent road with flat terrain;Y Shape;Asphalt roads;Dry;Daylight;Normal;Rollover;2;1;Reversing;Passenger;Male;Under 18;3;;;Not a Pedestrian;Moving Backward;Slight Injury
10:40:00;Monday;18-30;Male;;Employee;unknown;Motorcycle;Owner;;;Other;Two-way (divided with broken lines road marking);Tangent road with flat terrain;Y Shape;Asphalt roads;Dry;Daylight;Normal;Vehicle with vehicle collision;2;1;Going straight;Driver or rider;Female;31-50;3;Unknown;Normal;Not a Pedestrian;Changing lane to the right;Slight Injury
16:54:00;Sunday;31-50;Male;Junior high school;Employee;Above 10yr;Automobile;Owner;;;Other;Two-way (divided with broken lines road marking);Tangent road with flat terrain;Y Shape;Asphalt roads;Dry;Daylight;Normal;Vehicle with vehicle collision;1;1;Reversing;na;na;na;na;Driver;Normal;Not a Pedestrian;No priority to pedestrian;Slight Injury
23:26:00;Sunday;18-30;Male;Junior high school;Owner;2-5yr;Automobile;Owner;;;;;Tangent road with flat terrain;Y Shape;Asphalt roads;Dry;Darkness - lights lit;Normal;Vehicle with vehicle collision;1;1;Going straight;Driver or rider;Male;31-50;3;;;Not a Pedestrian;Moving Backward;Slight Injury