Time;Day_of_week;Age_band_of_driver;Sex_of_driver;Educational_level;Vehicle_driver_relation;Driving_experience;Type_of_vehicle;Owner_of_vehicle;Service_year_of_vehicle;Defect_of_vehicle;Area_accident_occured;Lanes_or_Medians;Road_allignment;Types_of_Junction;Road_surface_type;Road_surface_conditions;Light_conditions;Weather_conditions;Type_of_collision;Number_of_vehicles_involved;Number_of_casualties;Vehicle_movement;Casualty_class;Sex_of_casualty;Age_band_of_casualty;Casualty_severity;Work_of_casuality;Fitness_of_casuality;Pedestrian_movement;Cause_of_accident;Accident_severity
16:58:00;Monday;31-50;Male;Junior high school;Employee;2-5yr;Lorry (41?100Q);Owner;Unknown;No defect; Industrial areas;Undivided Two way;Tangent road with flat terrain;Y Shape;Asphalt roads;Wet or damp;Daylight;Raining;Vehicle with vehicle collision;2;1;;Passenger;Female;Under 18;3;;;Not a Pedestrian;Changing lane to the right;Slight Injury
09:35:00;Wednesday;31-50;Male;High school;Employee;Above 10yr;Pick up upto 10Q;Owner;1-2yr;No defect;Office areas;Double carriageway (median);Tangent road with flat terrain;Other;Asphalt roads;Dry;Daylight;Unknown;Vehicle with vehicle collision;1;1;Going straight;na;na;na;na;;;Not a Pedestrian;Changing lane to the right;Slight Injury
17:50:00;Friday;18-30;Male;Junior high school;Employee;Above 10yr;Lorry (11?40Q);Owner;Unknown;No defect; Church areas;Undivided Two way;Tangent road with flat terrain;Crossing;Asphalt roads;Dry;Daylight;Normal;Vehicle with vehicle collision;3;2;;Driver or rider;Female;18-30;3;;;Not a Pedestrian;No distancing;Slight Injury
17:50:00;Friday;31-50;Male;High school;Employee;5-10yr;Stationwagen;Owner;;;Office areas;Undivided Two way;Tangent road with flat terrain;Crossing;Asphalt roads;Dry;Daylight;Normal;Vehicle with vehicle collision;3;2;Going straight;Driver or rider;Male;Over 51;3;;;Not a Pedestrian;No distancing;Slight Injury
17:50:00;Friday;31-50;Male;Junior high school;Employee;Above 10yr;Other;Owner;;No defect;Office areas;other;Tangent road with flat terrain;Crossing;Asphalt roads;Dry;Daylight;Normal;Vehicle with vehicle collision;3;2;;na;na;na;na;Driver;Normal;Not a Pedestrian;Overturning;Slight Injury
04:56:00;Saturday;31-50;Male;Junior high school;Employee;1-2yr;Other;Owner;;;Residential areas;Two-way (divided with broken lines road marking);Tangent road with flat terrain;Crossing;Asphalt roads;Wet or damp;Darkness - lights lit;Raining;Vehicle with vehicle collision;1;1;Going straight;na;na;na;na;Driver;Normal;Not a Pedestrian;Driving at high speed;Slight Injury
08:00:00;Friday;18-30;Male;Junior high school;Employee;2-5yr;Lorry (11?40Q);Owner;5-10yrs;;Office areas;Two-way (divided with broken lines road marking);Tangent road with flat terrain;Y Shape;Asphalt roads;Dry;Daylight;Normal;Vehicle with vehicle collision;2;1;Going straight;Driver or rider;Male;31-50;3;Driver;Normal;Not a Pedestrian;No priority to vehicle;Slight Injury
08:00:00;Friday;31-50;Male;Elementary school;Employee;2-5yr;;Owner;5-10yrs;;Residential areas;Undivided Two way;Tangent road with flat terrain;Y Shape;Asphalt roads;Dry;Daylight;Normal;Vehicle with vehicle collision;2;1;Going straight;na;na;na;na;Other;Normal;Not a Pedestrian;No priority to pedestrian;Slight Injury
16:07:00;Friday;18-30;Male;Elementary school;Other;5-10yr;Automobile;Owner;2-5yrs;;Office areas;Double carriageway (median);Tangent road with flat terrain;Y Shape;Asphalt roads;Dry;Daylight;Normal;Rollover;2;1;Going straight;na;na;na;na;Driver;Normal;Not a Pedestrian;No priority to vehicle;Slight Injury
16:07:00;Friday;31-50;Male;Junior high school;Employee;5-10yr;Lorry (41?100Q);Owner;2-5yrs;No defect;Office areas;Double carriageway (median);Tangent road with flat terrain;Y Shape;Asphalt roads;Dry;Daylight;Normal;Collision with roadside objects;2;1;Going straight;Pedestrian;Female;31-50;3;;;Not a Pedestrian;Other;Slight Injury
16:10:00;Friday;18-30;Male;High school;Owner;5-10yr;Other;;;No defect;Other;Two-way (divided with broken lines road marking);Tangent road with flat terrain;Crossing;Asphalt roads;Dry;Daylight;Normal;Vehicle with vehicle collision;2;3;Other;na;na;na;na;Driver;Normal;Not a Pedestrian;Other;Slight Injury
16:10:00;Friday;18-30;Male;Junior high school;Employee;Above 10yr;Lorry (41?100Q);Owner;Unknown;No defect;Other;Two-way (divided with broken lines road marking);Tangent road with flat terrain;Crossing;Asphalt roads;Dry;Daylight;Normal;Vehicle with vehicle collision;2;3;Other;Driver or rider;Male;18-30;3;Driver;Normal;Not a Pedestrian;Moving Backward;Slight Injury
16:10:00;Friday;18-30;Male;Junior high school;Employee;Below 1yr;Automobile;Owner;Above 10yr;No defect;Residential areas;Two-way (divided with broken lines road marking);Tangent road with flat terrain;Crossing;Asphalt roads;Dry;Daylight;Normal;Collision with roadside objects;2;3;Going straight;Driver or rider;Male;18-30;3;Unemployed;Normal;Not a Pedestrian;No distancing;Slight Injury
16:10:00;Friday;18-30;Male;Junior high school;Other;Below 1yr;Pick up upto 10Q;Owner;Unknown;; Church areas;Two-way (divided with broken lines road marking);Tangent road with flat terrain;Crossing;Asphalt roads;Dry;Daylight;Normal;Vehicle with vehicle collision;2;3;Going straight;na;na;na;na;Driver;Normal;Not a Pedestrian;Moving Backward;Slight Injury
10:00:00;Wednesday;Over 51;Male;Junior high school;Employee;Above 10yr;Lorry (41?100Q);Governmental;Unknown;No defect; Church areas;Double carriageway (median);Tangent road with flat terrain;Crossing;Asphalt roads;Dry;Daylight;Normal;Vehicle with vehicle collision;1;1;Getting off;na;na;na;na;Driver;Normal;Not a Pedestrian;No priority to vehicle;Slight Injury
21:17:00;Saturday;Over 51;Male;High school;Owner;5-10yr;Public (13?45 seats);Owner;2-5yrs;No defect;Residential areas;Double carriageway (median);Tangent road with flat terrain;No junction;Asphalt roads;Dry;Darkness - lights lit;Normal;Vehicle with vehicle collision;2;4;Going straight;Driver or rider;Male;31-50;3;Driver;Normal;Not a Pedestrian;Driving carelessly;Serious Injury
21:17:00;Saturday;Over 51;Male;Elementary school;Owner;5-10yr;Long lorry;Owner;;No defect;Office areas;Two-way (divided with broken lines road marking);Tangent road with mild grade and flat terrain;No junction;Asphalt roads;Dry;Darkness - lights lit;Normal;Rollover;2;4;Going straight;Passenger;Female;5;3;Driver;Normal;Not a Pedestrian;No distancing;Serious Injury
21:17:00;Saturday;Over 51;Male;Junior high school;Employee;2-5yr;Automobile;Owner;5-10yrs;No defect;Office areas;Two-way (divided with broken lines road marking);Tangent road with mild grade and flat terrain;No junction;Asphalt roads;Dry;Darkness - lights lit;Normal;Rollover;2;4;Going straight;Passenger;Female;5;3;Employee;Normal;Not a Pedestrian;Other;Serious Injury
21:17:00;Saturday;Over 51;Male;Junior high school;Employee;2-5yr;Automobile;Owner;2-5yrs;;Residential areas;Two-way (divided with broken lines road marking);Tangent road with flat terrain;No junction;Asphalt roads;Dry;Darkness - lights lit;Normal;Collision with pedestrians;2;4;Going straight;Driver or rider;Male;31-50;3;Driver;Normal;Not a Pedestrian;Changing lane to the right;Serious Injury
17:01:00;Friday;31-50;Male;Above high school;Employee;5-10yr;Other;Owner;5-10yrs;; Church areas;other;Tangent road with flat terrain;No junction;Asphalt roads;Dry;Daylight;Normal;Vehicle with vehicle collision;1;1;Going straight;Pedestrian;Male;18-30;3;Self-employed;Normal;Unknown or other;No distancing;Serious Injury
01:56:00;Saturday;Under 18;Male;Junior high school;Owner;2-5yr;;Owner;;;Other;Two-way (divided with broken lines road marking);Tangent road with flat terrain;Y Shape;Asphalt roads;Wet or damp;Darkness - lights lit;Raining;Vehicle with vehicle collision;3;1;Getting off;Pedestrian;Female;31-50;3;Driver;Normal;Not a Pedestrian;Driving carelessly;Slight Injury
01:56:00;Saturday;31-50;Male;;;;Long lorry;Owner;;;Office areas;Two-way (divided with broken lines road marking);Tangent road with flat terrain;Y Shape;Asphalt roads;Wet or damp;Darkness - lights lit;Raining;Vehicle with vehicle collision;3;1;Going straight;Driver or rider;Male;18-30;3;Driver;Normal;Not a Pedestrian;No distancing;Slight Injury
01:56:00;Saturday;Unknown;Male;Junior high school;Employee;2-5yr;Public (12 seats);Owner;;;Other;Two-way (divided with broken lines road marking);Tangent road with flat terrain;Y Shape;Asphalt roads;Wet or damp;Darkness - lights lit;Raining;Collision with pedestrians;3;1;Going straight;na;na;na;na;;;Not a Pedestrian;No priority to vehicle;Slight Injury
19:20:00;Friday;Unknown;Male;Junior high school;Employee;5-10yr;Public (12 seats);Owner;;;Other;Two-way (divided with broken lines road marking);Tangent road with flat terrain;Other;Asphalt roads;Dry;Daylight;Normal;Collision with pedestrians;2;2;Other;na;na;na;na;Driver;Normal;Not a Pedestrian;Changing lane to the right;Slight Injury
19:20:00;Friday;18-30;Male;Junior high school;Employee;2-5yr;Other;Owner;;;;;Tangent road with flat terrain;Other;Asphalt roads;Dry;Daylight;Normal;Vehicle with vehicle collision;2;2;Going straight;Driver or rider;Male;Over 51;3;;;Not a Pedestrian;No priority to pedestrian;Slight Injury
19:20:00;Friday;18-30;Male;Elementary school;Employee;1-2yr;Other;Governmental;2-5yrs;;Residential areas;Two-way (divided with broken lines road marking);;Other;Asphalt roads;Dry;Daylight;Normal;Vehicle with vehicle collision;2;2;Going straight;Pedestrian;Female;Over 51;3;;;Not a Pedestrian;No priority to vehicle;Slight Injury
19:08:00;Monday;18-30;Male;High school;Employee;;Other;Owner;Below 1yr;; Church areas;Undivided Two way;Tangent road with flat terrain;Y Shape;Asphalt roads;Dry;Darkness - lights lit;Other;Vehicle with vehicle collision;3;3;Going straight;Pedestrian;Female;18-30;3;;Normal;Not a Pedestrian;Changing lane to the left;Slight Injury
19:08:00;Monday;18-30;Male;Junior high school;Owner;1-2yr;Public (12 seats);;;;Other;Undivided Two way;Tangent road with flat terrain;Y Shape;Asphalt roads;Dry;Darkness - lights lit;Other;Collision with roadside objects;3;3;Going straight;Pedestrian;Female;5;3;Driver;Normal;Not a Pedestrian;Turnover;Slight Injury
19:08:00;Monday;18-30;Male;Junior high school;Employee;2-5yr;Lorry (41?100Q);Owner;Unknown;;Other;One way;Tangent road with flat terrain;Y Shape;Asphalt roads;Dry;Darkness - lights lit;Other;Vehicle with vehicle collision;3;3;Going straight;Pedestrian;Male;18-30;3;Driver;Normal;Crossing from nearside - masked by parked or statioNot a Pedestrianry vehicle;Driving to the left;Slight Injury
19:08:00;Monday;Unknown;Female;Junior high school;Employee;1-2yr;Other;Owner;Unknown;No defect;Residential areas;Two-way (divided with broken lines road marking);Tangent road with flat terrain;Y Shape;Asphalt roads;Dry;Darkness - lights lit;Other;Collision with roadside objects;3;3;Reversing;Driver or rider;Male;31-50;2;Driver;Normal;Not a Pedestrian;Driving carelessly;Slight Injury
19:08:00;Monday;Unknown;Female;Elementary school;Employee;Above 10yr;Public (12 seats);Owner;Unknown;;Office areas;One way;Tangent road with flat terrain;Y Shape;Asphalt roads;Dry;Darkness - lights lit;Other;Vehicle with vehicle collision;3;3;Other;na;na;na;na;Driver;Normal;Not a Pedestrian;Driving to the left;Slight Injury
19:08:00;Monday;Unknown;Female;Junior high school;Employee;2-5yr;Other;Owner;Unknown;No defect; Industrial areas;Two-way (divided with broken lines road marking);Tangent road with flat terrain;Y Shape;Asphalt roads;Dry;Darkness - lights lit;Other;Vehicle with vehicle collision;3;3;Going straight;Driver or rider;Female;18-30;3;Driver;Normal;Not a Pedestrian;Driving carelessly;Slight Injury
09:45:00;Monday;Unknown;Male;Junior high school;Employee;2-5yr;Lorry (11?40Q);Governmental;;No defect;Residential areas;Double carriageway (median);Tangent road with flat terrain;No junction;Asphalt roads;Dry;Daylight;Unknown;Collision with roadside objects;1;1;Going straight;na;na;na;na;Driver;Normal;Not a Pedestrian;No priority to pedestrian;Serious Injury
16:27:00;Saturday;18-30;Male;Junior high school;Employee;2-5yr;Other;Owner;;No defect;Office areas;Unknown;Tangent road with flat terrain;Y Shape;Asphalt roads;Dry;Daylight;Normal;Vehicle with vehicle collision;1;1;Going straight;Driver or rider;Male;18-30;3;Employee;Normal;Not a Pedestrian;Driving carelessly;Slight Injury
05:46:00;Sunday;31-50;Male;Junior high school;Employee;2-5yr;Other;Owner;2-5yrs;;Other;;Tangent road with flat terrain;T Shape;Asphalt roads;Dry;Darkness - lights lit;Normal;Vehicle with vehicle collision;1;1;Going straight;na;na;na;na;;Normal;Not a Pedestrian;Changing lane to the right;Serious Injury
13:44:00;Saturday;Under 18;Male;Elementary school;Employee;2-5yr;Other;Owner;Unknown;; Church areas;other;Tangent road with flat terrain;Y Shape;Asphalt roads;Dry;Daylight;Normal;Collision with roadside objects;1;1;Going straight;Driver or rider;Male;18-30;3;Driver;Normal;Not a Pedestrian;Moving Backward;Fatal injury
21:11:00;Thursday;18-30;Male;Junior high school;Employee;2-5yr;Pick up upto 10Q;Owner;Above 10yr;; Industrial areas;;Tangent road with flat terrain;No junction;Asphalt roads;Dry;Darkness - lights lit;Normal;Collision with roadside objects;3;3;Going straight;Passenger;Male;18-30;3;;;Not a Pedestrian;Driving carelessly;Slight Injury
21:11:00;Thursday;18-30;Male;Elementary school;Employee;5-10yr;Automobile;Owner;Unknown;No defect;  Recreational areas;One way;Tangent road with flat terrain;No junction;Asphalt roads;Dry;Darkness - lights lit;Normal;Vehicle with vehicle collision;3;3;Going straight;na;na;na;na;Self-employed;Normal;Not a Pedestrian;Changing lane to the right;Slight Injury
21:11:00;Thursday;18-30;Male;Elementary school;Employee;2-5yr;Other;Owner;Unknown;No defect;  Market areas;Undivided Two way;Tangent road with flat terrain;No junction;Asphalt roads;Dry;Darkness - lights lit;Normal;Vehicle with vehicle collision;3;3;Going straight;Driver or rider;Male;Under 18;3;;;Not a Pedestrian;Driving carelessly;Slight Injury
21:11:00;Thursday;18-30;Male;Junior high school;Employee;Above 10yr;Lorry (41?100Q);Owner;Unknown;No defect;Other;Two-way (divided with broken lines road marking);Tangent road with flat terrain;No junction;Asphalt roads;Dry;Darkness - lights lit;Normal;Vehicle with vehicle collision;3;3;Going straight;na;na;na;na;Self-employed;Normal;Not a Pedestrian;Driving carelessly;Slight Injury
22:48:00;Monday;31-50;Male;Junior high school;Employee;Above 10yr;Public (13?45 seats);Owner;Unknown;;Other;Two-way (divided with broken lines road marking);Tangent road with flat terrain;Y Shape;Asphalt roads;Wet or damp;Darkness - lights lit;Raining;Vehicle with vehicle collision;2;1;Moving Backward;Driver or rider;Male;18-30;3;;;Not a Pedestrian;Driving carelessly;Fatal injury
22:48:00;Monday;31-50;Unknown;High school;Employee;Above 10yr;Automobile;Owner;Unknown;No defect; Industrial areas;Two-way (divided with broken lines road marking);;Y Shape;Asphalt roads;Wet or damp;Darkness - lights lit;Raining;Vehicle with vehicle collision;2;1;Moving Backward;Driver or rider;Male;18-30;3;Self-employed;Normal;Not a Pedestrian;Changing lane to the right;Fatal injury
13:10:00;Thursday;Unknown;Male;Junior high school;Employee;5-10yr;Pick up upto 10Q;Governmental;2-5yrs;;Other;Two-way (divided with broken lines road marking);Tangent road with flat terrain;No junction;Asphalt roads;Dry;Daylight;Normal;Vehicle with vehicle collision;2;1;Turnover;Pedestrian;Male;Over 51;3;;;Crossing from nearside - masked by parked or statioNot a Pedestrianry vehicle;Changing lane to the right;Slight Injury
13:10:00;Thursday;18-30;Male;Junior high school;Owner;2-5yr;Lorry (41?100Q);Governmental;;;Office areas;other;Tangent road with flat terrain;No junction;Asphalt roads;Dry;Daylight;Normal;Vehicle with vehicle collision;2;1;Other;na;na;na;na;;;Not a Pedestrian;Driving carelessly;Slight Injury
08:35:00;Monday;31-50;Male;Elementary school;Employee;1-2yr;Public (12 seats);Owner;Unknown;;;other;Tangent road with flat terrain;Other;Asphalt roads;Wet or damp;Daylight;Raining;Vehicle with vehicle collision;1;1;Other;Driver or rider;Female;31-50;3;Self-employed;Normal;Not a Pedestrian;Overtaking;Slight Injury
08:40:00;Thursday;Unknown;Male;Junior high school;Employee;2-5yr;Other;Owner;;;Office areas;Two-way (divided with broken lines road marking);Tangent road with flat terrain;No junction;Asphalt roads;Dry;Daylight;Normal;Vehicle with vehicle collision;2;2;Going straight;Passenger;Male;18-30;3;Employee;Normal;Not a Pedestrian;Changing lane to the right;Slight Injury
08:40:00;Thursday;18-30;Male;Junior high school;Employee;5-10yr;Lorry (41?100Q);Owner;;;Office areas;Undivided Two way;Tangent road with flat terrain;No junction;Asphalt roads;Dry;Daylight;Normal;Vehicle with vehicle collision;2;2;Going straight;na;na;na;na;Other;Normal;Not a Pedestrian;No distancing;Slight Injury
08:40:00;Thursday;18-30;Male;;;;Pick up upto 10Q;Organization;Unknown;;Other;other;Tangent road with flat terrain;No junction;Asphalt roads;Dry;Daylight;Normal;Vehicle with vehicle collision;2;2;Other;Pedestrian;Female;18-30;3;Employee;Normal;Unknown or other;Other;Slight Injury
18:00:00;Thursday;Unknown;Male;Elementary school;Owner;5-10yr;Other;Governmental;2-5yrs;;Other;other;Tangent road with flat terrain;No junction;Asphalt roads;Dry;Daylight;Other;Vehicle with vehicle collision;2;1;Other;na;na;na;na;;;Not a Pedestrian;Changing lane to the right;Slight Injury
18:00:00;Thursday;31-50;Male;High school;Other;Above 10yr;Lorry (41?100Q);Owner;Unknown;No defect;Other;Undivided Two way;Tangent road with flat terrain;No junction;Asphalt roads;Dry;Daylight;Other;Vehicle with vehicle collision;2;1;Going straight;na;na;na;na;Employee;Normal;Not a Pedestrian;Changing lane to the right;Slight Injury
11:50:00;Wednesday;Unknown;Male;Junior high school;Employee;Above 10yr;Ridden horse;Owner;Above 10yr;;Other;other;Tangent road with flat terrain;Y Shape;Asphalt roads;Dry;Daylight;Normal;Vehicle with vehicle collision;1;2;Reversing;Driver or rider;Female;18-30;3;;;Not a Pedestrian;Overtaking;Slight Injury
11:50:00;Wednesday;Unknown;Male;Junior high school;Employee;1-2yr;Automobile;;;;Residential areas;Undivided Two way;Tangent road with flat terrain;Y Shape;Asphalt roads;Dry;Daylight;Normal;Vehicle with vehicle collision;1;2;Other;na;na;na;na;Employee;Normal;Not a Pedestrian;Other;Slight Injury
07:15:00;Tuesday;Unknown;Female;High school;Owner;;Automobile;Owner;2-5yrs;No defect; Church areas;Undivided Two way;Tangent road with flat terrain;No junction;Asphalt roads;Dry;Daylight;Normal;Vehicle with vehicle collision;1;1;Turnover;Driver or rider;Male;18-30;3;Employee;Normal;Not a Pedestrian;Driving to the left;Serious Injury
15:59:00;Wednesday;18-30;Male;Junior high school;Employee;2-5yr;Stationwagen;Owner;2-5yrs;;Office areas;Double carriageway (median);Tangent road with flat terrain;Y Shape;Asphalt roads;Dry;Daylight;Normal;Vehicle with vehicle collision;2;3;Going straight;Pedestrian;Male;18-30;3;Employee;Normal;Not a Pedestrian;Overtaking;Slight Injury
15:59:00;Wednesday;18-30;Male;Junior high school;Employee;5-10yr;Other;Owner;2-5yrs;; Church areas;other;Tangent road with flat terrain;Y Shape;Asphalt roads;Dry;Daylight;Normal;Vehicle with vehicle collision;2;3;Going straight;Driver or rider;Female;Over 51;3;Driver;Normal;Not a Pedestrian;No priority to vehicle;Slight Injury
15:59:00;Wednesday;18-30;Male;Junior high school;Employee;2-5yr;Lorry (41?100Q);Owner;2-5yrs;;Other;Two-way (divided with broken lines road marking);Tangent road with flat terrain;Y Shape;Asphalt roads;Dry;Daylight;Normal;Collision with roadside objects;2;3;Going straight;Driver or rider;Female;18-30;3;Driver;Normal;Not a Pedestrian;Moving Backward;Slight Injury
15:59:00;Wednesday;31-50;Male;Junior high school;Employee;Above 10yr;Lorry (41?100Q);Owner;;;;other;Tangent road with flat terrain;Y Shape;Asphalt roads;Dry;Daylight;Normal;Vehicle with vehicle collision;2;3;Going straight;na;na;na;na;Student;Normal;Not a Pedestrian;Other;Slight Injury
21:20:00;Wednesday;18-30;Male;Elementary school;Employee;5-10yr;Long lorry;Owner;1-2yr;;School areas;other;Steep grade downward with mountainous terrain;Crossing;Asphalt roads;Dry;Darkness - lights lit;Normal;Collision with pedestrians;2;3;Going straight;na;na;na;na;Driver;Normal;Not a Pedestrian;No priority to vehicle;Slight Injury
21:20:00;Wednesday;31-50;Male;Junior high school;Employee;5-10yr;Stationwagen;Owner;5-10yrs;;Office areas;Two-way (divided with broken lines road marking);Tangent road with mild grade and flat terrain;Crossing;Asphalt roads;Dry;Darkness - lights lit;Normal;Vehicle with vehicle collision;2;3;Going straight;Driver or rider;Male;18-30;2;Self-employed;Normal;Not a Pedestrian;No priority to pedestrian;Slight Injury
21:20:00;Wednesday;31-50;Male;Above high school;Employee;1-2yr;Public (12 seats);Owner;Below 1yr;;Other;other;Steep grade downward with mountainous terrain;Crossing;Asphalt roads;Dry;Darkness - lights lit;Normal;Collision with roadside objects;2;3;Going straight;Driver or rider;Female;18-30;3;;;Not a Pedestrian;Changing lane to the right;Slight Injury
23:35:00;Thursday;Unknown;Female;Elementary school;Employee;Above 10yr;Automobile;Owner;Unknown;;Office areas;Undivided Two way;Tangent road with flat terrain;Crossing;Asphalt roads;Dry;Darkness - lights lit;Unknown;Vehicle with vehicle collision;2;1;Going straight;na;na;na;na;;;Not a Pedestrian;Changing lane to the right;Slight Injury
23:35:00;Thursday;18-30;Male;Elementary school;Employee;5-10yr;Public (12 seats);Owner;;;Other;Undivided Two way;Tangent road with flat terrain;Crossing;Asphalt roads;Dry;Darkness - lights lit;Unknown;Vehicle with vehicle collision;2;1;Going straight;Pedestrian;Male;Over 51;3;Driver;Normal;Unknown or other;Changing lane to the right;Slight Injury
10:49:00;Monday;18-30;Male;Elementary school;Employee;2-5yr;Lorry (41?100Q);Owner;2-5yrs;;Other;Two-way (divided with broken lines road marking);Tangent road with flat terrain;Y Shape;Asphalt roads;Dry;Daylight;Normal;Vehicle with vehicle collision;1;2;Other;na;na;na;na;Driver;Normal;Not a Pedestrian;Driving to the left;Serious Injury
10:49:00;Monday;18-30;Male;Elementary school;Employee;2-5yr;Automobile;Owner;;;Office areas;Undivided Two way;Tangent road with flat terrain;Y Shape;Asphalt roads;Dry;Daylight;Normal;Vehicle with vehicle collision;1;2;Going straight;Driver or rider;Female;18-30;3;Driver;Normal;Not a Pedestrian;Changing lane to the left;Serious Injury
10:44:00;Tuesday;Over 51;Male;Junior high school;Employee;5-10yr;Lorry (41?100Q);Owner;;No defect;Other;Double carriageway (median);Tangent road with flat terrain;No junction;Asphalt roads;Wet or damp;Daylight;Normal;Vehicle with vehicle collision;1;1;Going straight;na;na;na;na;Driver;Normal;Not a Pedestrian;Moving Backward;Slight Injury
00:30:00;Sunday;Unknown;Female;Junior high school;Employee;1-2yr;Lorry (41?100Q);Owner;;; Church areas;other;Tangent road with flat terrain;Y Shape;Asphalt roads;Dry;Darkness - lights lit;Normal;Rollover;2;3;Moving Backward;Driver or rider;Male;Under 18;3;;;Not a Pedestrian;Driving at high speed;Slight Injury
00:30:00;Sunday;Over 51;Male;Junior high school;Employee;5-10yr;Pick up upto 10Q;Owner;;No defect;Office areas;Two-way (divided with broken lines road marking);Tangent road with flat terrain;Y Shape;Asphalt roads;Dry;Darkness - lights lit;Normal;Collision with roadside objects;2;3;Going straight;na;na;na;na;Driver;Normal;Not a Pedestrian;Moving Backward;Slight Injury
00:30:00;Sunday;Over 51;Male;Junior high school;Employee;5-10yr;Other;Owner;Above 10yr;No defect;Office areas;Two-way (divided with broken lines road marking);Tangent road with flat terrain;Y Shape;Asphalt roads;Dry;Darkness - lights lit;Normal;Vehicle with vehicle collision;2;3;Moving Backward;Driver or rider;Female;18-30;3;Self-employed;Normal;Not a Pedestrian;No distancing;Slight Injury
00:30:00;Sunday;Over 51;Male;Above high school;Employee;5-10yr;Automobile;Owner;2-5yrs;;Other;Undivided Two way;Tangent road with mountainous terrain and;Y Shape;Asphalt roads;Dry;Darkness - lights lit;Normal;Vehicle with vehicle collision;2;3;Other;na;na;na;na;Self-employed;Normal;Not a Pedestrian;Other;Slight Injury
18:30:00;Saturday;18-30;Male;Junior high school;Employee;Above 10yr;Automobile;Owner;2-5yrs;;Residential areas;Undivided Two way;Tangent road with flat terrain;Y Shape;Asphalt roads;Dry;Daylight;Normal;Collision with roadside objects;2;1;Going straight;Driver or rider;Female;18-30;3;Self-employed;Normal;Not a Pedestrian;No priority to vehicle;Slight Injury
18:30:00;Saturday;18-30;Male;Elementary school;Employee;2-5yr;Lorry (11?40Q);Owner;Unknown;No defect;Residential areas;Undivided Two way;Tangent road with flat terrain;Y Shape;Asphalt roads;Dry;Daylight;Normal;Vehicle with vehicle collision;2;1;Reversing;na;na;na;na;Driver;Normal;Not a Pedestrian;Changing lane to the right;Slight Injury
17:00:00;Wednesday;Under 18;Male;Junior high school;Employee;5-10yr;Bajaj;Owner;5-10yrs;7;;Two-way (divided with broken lines road marking);Tangent road with flat terrain;Other;Asphalt roads;Dry;Daylight;Normal;Vehicle with vehicle collision;2;1;Going straight;na;na;na;na;Other;Normal;Not a Pedestrian;Other;Slight Injury
17:00:00;Wednesday;18-30;Male;;;;Automobile;Owner;Unknown;7;Other;other;Tangent road with flat terrain;Other;Asphalt roads;Dry;Daylight;Normal;Vehicle with vehicle collision;2;1;Other;Pedestrian;Male;18-30;3;;;Unknown or other;No distancing;Slight Injury
07:23:00;Wednesday;18-30;Male;Junior high school;Employee;5-10yr;Lorry (41?100Q);Owner;Unknown;No defect;Office areas;;Steep grade downward with mountainous terrain;Y Shape;Asphalt roads;Dry;Daylight;Normal;Vehicle with vehicle collision;2;1;Other;Driver or rider;Male;18-30;3;Self-employed;Normal;Not a Pedestrian;Driving carelessly;Slight Injury
07:23:00;Wednesday;Unknown;Male;Junior high school;Employee;;Lorry (11?40Q);Governmental;Unknown;No defect;School areas;Double carriageway (median);Tangent road with flat terrain;Y Shape;Asphalt roads;Dry;Daylight;Normal;Vehicle with vehicle collision;2;1;Other;na;na;na;na;Other;Normal;Not a Pedestrian;No distancing;Slight Injury
15:26:00;Tuesday;Over 51;Male;Junior high school;Employee;;Lorry (11?40Q);Owner;Unknown;No defect;Other;Two-way (divided with broken lines road marking);Steep grade downward with mountainous terrain;Crossing;Asphalt roads;Dry;Daylight;Normal;Vehicle with vehicle collision;1;1;Stopping;Driver or rider;Male;18-30;3;;;Not a Pedestrian;Moving Backward;Slight Injury
12:19:00;Wednesday;Unknown;Male;Junior high school;Employee;1-2yr;Automobile;Owner;5-10yrs;No defect;Other;Two-way (divided with broken lines road marking);Tangent road with rolling terrain;No junction;Asphalt roads;Dry;Daylight;Normal;Collision with pedestrians;2;1;Other;na;na;na;na;;;Not a Pedestrian;No distancing;Slight Injury
12:19:00;Wednesday;31-50;Male;Above high school;Owner;5-10yr;;Governmental;Unknown;No defect; Church areas;Two-way (divided with broken lines road marking);Tangent road with flat terrain;No junction;Asphalt roads;Dry;Daylight;Normal;Vehicle with vehicle collision;2;1;Other;Driver or rider;Male;18-30;3;Driver;Normal;Not a Pedestrian;Moving Backward;Slight Injury
09:05:00;Tuesday;Unknown;Male;Junior high school;Employee;2-5yr;Automobile;;;;Office areas;;Tangent road with mild grade and flat terrain;No junction;Asphalt roads;Dry;Daylight;Normal;Collision with roadside objects;1;1;Other;na;na;na;na;;;Not a Pedestrian;No priority to pedestrian;Slight Injury
08:44:00;Wednesday;18-30;Male;Junior high school;Owner;5-10yr;Public (13?45 seats);Owner;;;Other;Two-way (divided with broken lines road marking);Tangent road with mild grade and flat terrain;Y Shape;Asphalt roads;Dry;Daylight;Unknown;Vehicle with vehicle collision;2;3;Going straight;Driver or rider;Male;18-30;3;Driver;Normal;Not a Pedestrian;Changing lane to the left;Slight Injury
08:44:00;Wednesday;31-50;Male;High school;Employee;2-5yr;Public (12 seats);Governmental;;No defect;Residential areas;Double carriageway (median);Tangent road with flat terrain;Y Shape;Asphalt roads;Dry;Daylight;Unknown;Vehicle with vehicle collision;2;3;Going straight;Pedestrian;Male;18-30;3;Driver;Normal;Not a Pedestrian;No distancing;Slight Injury