Time;Day_of_week;Age_band_of_driver;Sex_of_driver;Educational_level;Vehicle_driver_relation;Driving_experience;Type_of_vehicle;Owner_of_vehicle;Service_year_of_vehicle;Defect_of_vehicle;Area_accident_occured;Lanes_or_Medians;Road_allignment;Types_of_Junction;Road_surface_type;Road_surface_conditions;Light_conditions;Weather_conditions;Type_of_collision;Number_of_vehicles_involved;Number_of_casualties;Vehicle_movement;Casualty_class;Sex_of_casualty;Age_band_of_casualty;Casualty_severity;Work_of_casuality;Fitness_of_casuality;Pedestrian_movement;Cause_of_accident;Accident_severity
14:53:00;Wednesday;31-50;Male;Junior high school;Employee;Above 10yr;Pick up upto 10Q;Owner;Above 10yr;;Other;other;Tangent road with flat terrain;O Shape;Asphalt roads;Wet or damp;Daylight;Raining;Vehicle with vehicle collision;2;2;Going straight;Pedestrian;Female;18-30;3;Driver;Normal;Not a Pedestrian;No distancing;Slight Injury
13:30:00;Saturday;18-30;Unknown;Elementary school;Owner;5-10yr;Automobile;Owner;5-10yrs;;Office areas;Two-way (divided with broken lines road marking);Tangent road with flat terrain;No junction;Asphalt roads;Dry;Daylight;Normal;Vehicle with vehicle collision;2;2;Going straight;na;na;na;na;;Normal;Not a Pedestrian;Driving carelessly;Slight Injury
13:30:00;Saturday;18-30;Male;Elementary school;Employee;Above 10yr;Long lorry;Owner;Below 1yr;; Church areas;other;Tangent road with flat terrain;No junction;Asphalt roads;Dry;Daylight;Normal;Vehicle with vehicle collision;2;2;Moving Backward;Driver or rider;Male;18-30;3;Employee;Normal;Not a Pedestrian;No distancing;Slight Injury
13:30:00;Saturday;Unknown;Female;Junior high school;Employee;1-2yr;Automobile;Owner;Unknown;No defect;Other;Two-way (divided with broken lines road marking);Tangent road with flat terrain;No junction;Asphalt roads;Dry;Daylight;Normal;Vehicle with vehicle collision;2;2;Going straight;Driver or rider;Female;31-50;3;;;Not a Pedestrian;Changing lane to the left;Slight Injury
12:15:00;Wednesday;18-30;Male;;;;Public (13?45 seats);Owner;;;Other;One way;Tangent road with flat terrain;No junction;Asphalt roads;Wet or damp;Daylight;Raining;Vehicle with vehicle collision;3;4;Going straight;na;na;na;na;Driver;Normal;Not a Pedestrian;No priority to pedestrian;Slight Injury
12:15:00;Wednesday;18-30;Male;High school;Owner;5-10yr;Lorry (41?100Q);Owner;;;Office areas;Double carriageway (median);Tangent road with flat terrain;No junction;Asphalt roads;Wet or damp;Daylight;Raining;Vehicle with vehicle collision;3;4;Turnover;na;na;na;na;Self-employed;Normal;Not a Pedestrian;No distancing;Slight Injury
12:15:00;Wednesday;18-30;Male;Elementary school;Employee;2-5yr;Public (13?45 seats);Owner;;;Office areas;One way;Tangent road with mild grade and flat terrain;No junction;Asphalt roads;Wet or damp;Daylight;Raining;Vehicle with vehicle collision;3;4;Going straight;Driver or rider;Female;18-30;3;Self-employed;Normal;Not a Pedestrian;No distancing;Slight Injury
12:15:00;Wednesday;18-30;Male;;;;Other;Owner;;;Office areas;Undivided Two way;Tangent road with flat terrain;No junction;Asphalt roads;Wet or damp;Daylight;Raining;Collision with pedestrians;3;4;Going straight;na;na;na;na;;;Not a Pedestrian;Changing lane to the left;Slight Injury
12:15:00;Wednesday;Unknown;Male;;;;Lorry (41?100Q);Owner;;No defect;Office areas;Double carriageway (median);Tangent road with flat terrain;No junction;Asphalt roads;Wet or damp;Daylight;Raining;Vehicle with vehicle collision;3;4;Going straight;Driver or rider;Male;18-30;3;Self-employed;Normal;Not a Pedestrian;No distancing;Slight Injury
12:15:00;Wednesday;Unknown;Female;High school;Owner;1-2yr;Lorry (41?100Q);Owner;Unknown;;;Two-way (divided with broken lines road marking);Tangent road with flat terrain;No junction;Asphalt roads;Wet or damp;Daylight;Raining;Vehicle with vehicle collision;3;4;Going straight;Passenger;Male;18-30;3;;;Not a Pedestrian;Changing lane to the left;Slight Injury
17:42:00;Thursday;Over 51;Male;Junior high school;Employee;1-2yr;Long lorry;Owner;Below 1yr;;Office areas;Undivided Two way;Tangent road with flat terrain;No junction;Asphalt roads;Dry;Daylight;Normal;Vehicle with vehicle collision;1;4;Going straight;na;na;na;na;Self-employed;Normal;Not a Pedestrian;No distancing;Slight Injury
17:42:00;Thursday;Over 51;Male;Junior high school;Employee;1-2yr;Pick up upto 10Q;Owner;Unknown;;Other;;Tangent road with flat terrain;No junction;Asphalt roads;Dry;Daylight;Normal;Vehicle with vehicle collision;1;4;Going straight;Driver or rider;Male;18-30;3;Driver;Normal;Not a Pedestrian;No distancing;Slight Injury
17:42:00;Thursday;Over 51;Male;Junior high school;Employee;Above 10yr;Pick up upto 10Q;Owner;;;Other;Double carriageway (median);Tangent road with flat terrain;No junction;Asphalt roads;Dry;Daylight;Normal;Collision with roadside objects;1;4;Moving Backward;Driver or rider;Male;Over 51;3;Self-employed;Normal;Not a Pedestrian;No distancing;Slight Injury
17:42:00;Thursday;Over 51;Male;Junior high school;Employee;1-2yr;Lorry (41?100Q);Governmental;Unknown;;Other;Two-way (divided with broken lines road marking);Tangent road with flat terrain;No junction;Asphalt roads;Dry;Daylight;Normal;Vehicle with vehicle collision;1;4;Going straight;Passenger;Female;Over 51;3;Self-employed;Normal;Not a Pedestrian;Changing lane to the left;Slight Injury
13:17:00;Saturday;31-50;Male;High school;Owner;Above 10yr;Lorry (41?100Q);Owner;;;Office areas;;Tangent road with flat terrain;Y Shape;Asphalt roads;Dry;Daylight;Normal;Vehicle with vehicle collision;3;2;Going straight;na;na;na;na;Self-employed;Normal;Not a Pedestrian;Changing lane to the right;Slight Injury
13:17:00;Saturday;18-30;Male;Junior high school;Employee;Above 10yr;Automobile;Owner;;;Office areas;;Tangent road with flat terrain;Y Shape;Asphalt roads;Dry;Daylight;Normal;Vehicle with vehicle collision;3;2;Going straight;na;na;na;na;Driver;Normal;Not a Pedestrian;Moving Backward;Slight Injury
13:17:00;Saturday;31-50;Male;Junior high school;Employee;1-2yr;Other;Owner;;;Office areas;Two-way (divided with broken lines road marking);Tangent road with flat terrain;Y Shape;Asphalt roads;Dry;Daylight;Normal;Vehicle with vehicle collision;3;2;Going straight;Driver or rider;Male;18-30;3;Employee;Normal;Not a Pedestrian;Changing lane to the right;Slight Injury
18:55:00;Saturday;31-50;Male;Junior high school;Employee;1-2yr;;Governmental;;No defect;Office areas;Two-way (divided with broken lines road marking);Tangent road with flat terrain;Y Shape;Asphalt roads;Dry;Darkness - lights lit;Normal;Vehicle with vehicle collision;3;1;Moving Backward;na;na;na;na;;Normal;Not a Pedestrian;No distancing;Slight Injury
18:55:00;Saturday;18-30;Male;High school;Employee;2-5yr;Other;Owner;2-5yrs;; Church areas;Undivided Two way;Tangent road with flat terrain;Y Shape;Asphalt roads;Dry;Darkness - lights lit;Normal;Vehicle with vehicle collision;3;1;Going straight;Driver or rider;Male;Over 51;2;;;Not a Pedestrian;Overtaking;Slight Injury
18:55:00;Saturday;Unknown;Male;Junior high school;Employee;2-5yr;Automobile;Governmental;;;Office areas;Two-way (divided with broken lines road marking);Tangent road with flat terrain;Y Shape;Asphalt roads;Dry;Darkness - lights lit;Normal;Vehicle with vehicle collision;3;1;Other;na;na;na;na;;;Not a Pedestrian;Other;Slight Injury
16:12:00;Saturday;Over 51;Male;Junior high school;Employee;1-2yr;Pick up upto 10Q;Governmental;Unknown;;Residential areas;Two-way (divided with broken lines road marking);Tangent road with flat terrain;Crossing;Asphalt roads;Wet or damp;Daylight;Other;Collision with roadside objects;2;2;Other;Passenger;Female;Under 18;3;;;Not a Pedestrian;Other;Slight Injury
16:12:00;Saturday;31-50;Male;Elementary school;Employee;5-10yr;Automobile;Owner;;;School areas;Two-way (divided with broken lines road marking);Tangent road with flat terrain;Crossing;Asphalt roads;Wet or damp;Daylight;Other;Vehicle with vehicle collision;2;2;Going straight;Pedestrian;Male;Over 51;3;Self-employed;Normal;Not a Pedestrian;Changing lane to the right;Slight Injury
10:29:00;Wednesday;31-50;Male;Junior high school;Employee;5-10yr;Public (12 seats);Owner;Unknown;;Office areas;Undivided Two way;Tangent road with flat terrain;Unknown;Asphalt roads;Wet or damp;Daylight;Normal;Vehicle with vehicle collision;2;1;Going straight;na;na;na;na;Driver;Normal;Not a Pedestrian;No priority to pedestrian;Slight Injury
10:29:00;Wednesday;Over 51;Male;Junior high school;Employee;1-2yr;Automobile;Owner;5-10yrs;;Other;Undivided Two way;Tangent road with flat terrain;Unknown;Asphalt roads;Wet or damp;Daylight;Normal;Vehicle with vehicle collision;2;1;Going straight;Driver or rider;Male;31-50;3;;;Not a Pedestrian;No priority to vehicle;Slight Injury
10:55:00;Sunday;18-30;Male;Elementary school;Other;5-10yr;Other;Owner;;;Other;Double carriageway (median);Tangent road with flat terrain;No junction;Asphalt roads;Dry;Daylight;Normal;Vehicle with vehicle collision;2;2;Going straight;Driver or rider;Male;18-30;3;;;Not a Pedestrian;Changing lane to the left;Slight Injury
10:55:00;Sunday;18-30;Male;Junior high school;Employee;2-5yr;Public (12 seats);Governmental;;No defect;Other;Double carriageway (median);Tangent road with flat terrain;No junction;Asphalt roads;Dry;Daylight;Normal;Rollover;2;2;Other;na;na;na;na;Driver;Normal;Not a Pedestrian;Changing lane to the left;Slight Injury
10:55:00;Sunday;18-30;Male;Elementary school;Employee;5-10yr;Stationwagen;Owner;5-10yrs;No defect;Other;Two-way (divided with broken lines road marking);Tangent road with flat terrain;No junction;Asphalt roads with some distress;Dry;Daylight;Normal;Vehicle with vehicle collision;2;2;Going straight;Driver or rider;Male;18-30;3;Driver;Normal;Not a Pedestrian;Overtaking;Slight Injury
20:57:00;Sunday;18-30;Male;Junior high school;Employee;Above 10yr;Lorry (41?100Q);Owner;Unknown;No defect;Office areas;Double carriageway (median);Tangent road with mild grade and flat terrain;Y Shape;Asphalt roads;Dry;Darkness - lights lit;Normal;Vehicle with vehicle collision;3;2;Getting off;na;na;na;na;Self-employed;Normal;Not a Pedestrian;No distancing;Slight Injury
20:57:00;Sunday;18-30;Male;Junior high school;Employee;Above 10yr;Lorry (41?100Q);Owner;;;Office areas;Two-way (divided with broken lines road marking);Tangent road with flat terrain;Y Shape;Asphalt roads;Dry;Darkness - lights lit;Normal;Collision with roadside objects;3;2;Going straight;Driver or rider;Male;5;3;Driver;Normal;Not a Pedestrian;No priority to vehicle;Slight Injury
20:57:00;Sunday;31-50;Male;Elementary school;Owner;2-5yr;Lorry (41?100Q);Owner;;;Office areas;;Tangent road with mild grade and flat terrain;Y Shape;Asphalt roads;Dry;Darkness - lights lit;Normal;Vehicle with vehicle collision;3;2;Going straight;Driver or rider;Male;Over 51;3;Driver;Normal;Not a Pedestrian;Changing lane to the right;Slight Injury
18:59:00;Saturday;Unknown;Female;Elementary school;Employee;5-10yr;Automobile;Owner;;;Office areas;;Tangent road with mild grade and flat terrain;Y Shape;Asphalt roads;Dry;Daylight;Unknown;Vehicle with vehicle collision;1;1;Going straight;Passenger;Male;31-50;3;Self-employed;Normal;Not a Pedestrian;Changing lane to the left;Slight Injury
13:30:00;Tuesday;Unknown;Male;Junior high school;Owner;1-2yr;Lorry (41?100Q);Owner;;;Office areas;One way;Tangent road with flat terrain;Y Shape;Gravel roads;Dry;Daylight;Normal;Vehicle with vehicle collision;2;1;Going straight;Passenger;Female;18-30;3;Self-employed;Normal;Not a Pedestrian;No distancing;Slight Injury
13:30:00;Tuesday;18-30;Male;Elementary school;Employee;Above 10yr;;;;;Office areas;Two-way (divided with broken lines road marking);Tangent road with flat terrain;Y Shape;Asphalt roads;Dry;Daylight;Normal;Collision with roadside objects;2;1;Going straight;Driver or rider;Male;18-30;3;Driver;Normal;Not a Pedestrian;Driving carelessly;Slight Injury
07:25:00;Thursday;31-50;Male;Junior high school;Employee;5-10yr;Public (12 seats);Owner;;;Office areas;;Tangent road with flat terrain;T Shape;Asphalt roads;Dry;Daylight;Normal;Collision with roadside objects;2;1;Going straight;na;na;na;na;Self-employed;Normal;Not a Pedestrian;No priority to pedestrian;Slight Injury
07:25:00;Thursday;Unknown;Male;Junior high school;Employee;2-5yr;Automobile;Owner;5-10yrs;;Other;Undivided Two way;Tangent road with flat terrain;T Shape;Asphalt roads;Dry;Daylight;Normal;Vehicle with vehicle collision;2;1;Moving Backward;Driver or rider;Male;31-50;3;;;Not a Pedestrian;Driving carelessly;Slight Injury
21:54:00;Thursday;31-50;Male;Elementary school;Employee;Above 10yr;Stationwagen;Owner;;No defect;Other;Two-way (divided with broken lines road marking);Tangent road with flat terrain;No junction;Asphalt roads;Dry;Darkness - lights lit;Normal;Vehicle with vehicle collision;2;1;Going straight;na;na;na;na;;;Not a Pedestrian;Moving Backward;Slight Injury
21:54:00;Thursday;Unknown;Female;Junior high school;Employee;2-5yr;Automobile;;2-5yrs;No defect;Residential areas;Two-way (divided with broken lines road marking);Tangent road with flat terrain;No junction;Asphalt roads;Dry;Darkness - lights lit;Normal;Collision with roadside objects;2;1;Other;Passenger;Male;31-50;3;;;Not a Pedestrian;No distancing;Slight Injury
12:46:00;Friday;18-30;Male;Elementary school;Employee;Above 10yr;Lorry (41?100Q);Owner;;No defect;Other;Two-way (divided with broken lines road marking);Tangent road with flat terrain;Y Shape;Asphalt roads;Wet or damp;Daylight;Raining;Collision with roadside objects;1;1;Going straight;Passenger;Female;18-30;3;Self-employed;Normal;Not a Pedestrian;No distancing;Slight Injury
19:47:00;Friday;18-30;Male;Junior high school;Employee;Above 10yr;Other;Owner;5-10yrs;No defect;Other;Two-way (divided with broken lines road marking);Tangent road with flat terrain;Y Shape;Asphalt roads;Wet or damp;Darkness - lights lit;Normal;Vehicle with vehicle collision;4;4;Going straight;Passenger;Female;18-30;3;Driver;Normal;Not a Pedestrian;No distancing;Slight Injury
19:47:00;Friday;18-30;Male;Junior high school;Employee;2-5yr;Pick up upto 10Q;Governmental;;No defect;Other;Two-way (divided with broken lines road marking);Tangent road with flat terrain;Y Shape;Asphalt roads;Wet or damp;Darkness - lights lit;Normal;Vehicle with vehicle collision;4;4;Going straight;Passenger;Male;18-30;3;Employee;Normal;Not a Pedestrian;Changing lane to the left;Slight Injury
19:47:00;Friday;18-30;Male;Junior high school;Employee;Above 10yr;;Owner;5-10yrs;;Other;Undivided Two way;Tangent road with flat terrain;Y Shape;Asphalt roads;Wet or damp;Darkness - lights lit;Normal;Vehicle with vehicle collision;4;4;Going straight;Driver or rider;Male;18-30;3;Driver;Normal;Not a Pedestrian;Changing lane to the left;Slight Injury
19:47:00;Friday;18-30;Male;Junior high school;Employee;Above 10yr;Lorry (41?100Q);Owner;;; Industrial areas;Undivided Two way;Tangent road with flat terrain;Y Shape;Asphalt roads;Wet or damp;Darkness - lights lit;Normal;Collision with roadside objects;4;4;;na;na;na;na;Driver;Normal;Not a Pedestrian;Moving Backward;Slight Injury
19:47:00;Friday;Unknown;Female;Junior high school;Employee;Below 1yr;Automobile;Owner;5-10yrs;; Industrial areas;Undivided Two way;Tangent road with flat terrain;Y Shape;Asphalt roads;Wet or damp;Darkness - lights lit;Normal;Vehicle with vehicle collision;4;4;Moving Backward;Driver or rider;Male;18-30;3;Driver;Normal;Not a Pedestrian;Changing lane to the right;Slight Injury
19:47:00;Friday;Unknown;Female;Junior high school;Owner;Above 10yr;Public (13?45 seats);Owner;;No defect; Church areas;Double carriageway (median);Tangent road with flat terrain;Y Shape;Asphalt roads;Wet or damp;Darkness - lights lit;Normal;Collision with roadside-parked vehicles;4;4;;Passenger;Female;Over 51;3;Driver;Normal;Not a Pedestrian;No priority to vehicle;Slight Injury
17:21:00;Tuesday;Over 51;Male;High school;Other;Above 10yr;Automobile;Owner;;No defect;Other;Undivided Two way;Tangent road with flat terrain;No junction;Asphalt roads;Dry;Daylight;Normal;Vehicle with vehicle collision;2;1;Going straight;Driver or rider;Male;18-30;3;Driver;Normal;Not a Pedestrian;Moving Backward;Slight Injury
17:21:00;Tuesday;31-50;Male;Junior high school;Employee;5-10yr;Lorry (41?100Q);Owner;Above 10yr;;Other;Undivided Two way;Tangent road with flat terrain;No junction;Earth roads;Dry;Daylight;Normal;Collision with roadside objects;2;1;Going straight;na;na;na;na;Driver;Normal;Not a Pedestrian;Driving carelessly;Slight Injury
17:25:00;Friday;31-50;Male;Elementary school;;;Public (12 seats);Owner;Unknown;No defect;Office areas;Undivided Two way;Tangent road with flat terrain;No junction;Asphalt roads;Dry;Daylight;Unknown;Vehicle with vehicle collision;3;3;;na;na;na;na;Employee;Normal;Not a Pedestrian;Driving carelessly;Slight Injury
17:25:00;Friday;31-50;Male;Junior high school;Employee;5-10yr;Motorcycle;Owner;Unknown;No defect;Office areas;Undivided Two way;Tangent road with flat terrain;No junction;;Dry;Daylight;Unknown;Vehicle with vehicle collision;3;3;Going straight;Driver or rider;Male;31-50;3;Driver;Normal;Not a Pedestrian;Driving under the influence of drugs;Slight Injury
17:25:00;Friday;31-50;Male;Junior high school;Employee;5-10yr;Public (12 seats);Governmental;Below 1yr;;Residential areas;Two-way (divided with broken lines road marking);Tangent road with flat terrain;No junction;;Dry;Daylight;Unknown;Vehicle with vehicle collision;3;3;Going straight;Driver or rider;Male;31-50;2;Employee;Normal;Not a Pedestrian;No priority to pedestrian;Slight Injury
17:25:00;Friday;31-50;Male;Junior high school;Owner;Below 1yr;Lorry (41?100Q);Owner;Unknown;No defect; Industrial areas;Undivided Two way;Tangent road with flat terrain;No junction;Asphalt roads;Dry;Daylight;Unknown;Vehicle with vehicle collision;3;3;Going straight;na;na;na;na;Self-employed;Normal;Not a Pedestrian;No priority to vehicle;Slight Injury
17:25:00;Friday;31-50;Male;Junior high school;Employee;5-10yr;Automobile;Owner;;No defect;Office areas;Undivided Two way;Tangent road with flat terrain;No junction;Earth roads;Dry;Daylight;Unknown;Vehicle with vehicle collision;3;3;Going straight;Pedestrian;Male;Under 18;3;Driver;Normal;Not a Pedestrian;Driving carelessly;Slight Injury
07:35:00;Wednesday;31-50;Male;Elementary school;Employee;2-5yr;Lorry (41?100Q);Owner;;No defect;Other;Undivided Two way;Tangent road with flat terrain;No junction;Asphalt roads;Wet or damp;Daylight;Raining;Collision with roadside-parked vehicles;3;1;Going straight;Pedestrian;Male;Over 51;3;Driver;Normal;Crossing from nearside - masked by parked or statioNot a Pedestrianry vehicle;Moving Backward;Slight Injury
07:35:00;Wednesday;31-50;Male;Junior high school;Owner;2-5yr;Stationwagen;Owner;;;Other;Two-way (divided with broken lines road marking);Tangent road with flat terrain;No junction;Asphalt roads;Wet or damp;Daylight;Raining;Collision with roadside-parked vehicles;3;1;Going straight;Driver or rider;Male;18-30;3;Self-employed;Normal;Not a Pedestrian;Driving carelessly;Slight Injury
07:35:00;Wednesday;31-50;Male;Elementary school;Employee;2-5yr;Pick up upto 10Q;Owner;;No defect;Residential areas;Undivided Two way;Tangent road with flat terrain;No junction;Earth roads;Wet or damp;Daylight;Raining;Collision with animals;3;1;Going straight;Pedestrian;Female;18-30;3;Self-employed;Normal;Not a Pedestrian;No priority to vehicle;Slight Injury
15:20:00;Wednesday;Unknown;Male;Junior high school;Owner;2-5yr;Automobile;Owner;;;Office areas;Two-way (divided with broken lines road marking);Tangent road with flat terrain;No junction;Asphalt roads;Dry;Daylight;Normal;Collision with animals;1;1;Other;na;na;na;na;Driver;Normal;Not a Pedestrian;Changing lane to the right;Serious Injury
06:40:00;Thursday;31-50;Male;Junior high school;Employee;Above 10yr;Automobile;Organization;;;Residential areas;other;Tangent road with flat terrain;Crossing;Asphalt roads;Dry;Darkness - lights lit;Normal;Collision with animals;2;1;Going straight;Driver or rider;Male;18-30;3;Driver;Normal;Not a Pedestrian;Changing lane to the left;Slight Injury
06:40:00;Thursday;18-30;Male;Junior high school;Employee;2-5yr;;Owner;;;Office areas;Two-way (divided with broken lines road marking);Tangent road with flat terrain;Crossing;Asphalt roads;Dry;Darkness - lights lit;Normal;Collision with animals;2;1;Going straight;Driver or rider;Male;31-50;3;Self-employed;Normal;Not a Pedestrian;No priority to vehicle;Slight Injury
14:33:00;Sunday;31-50;Male;Junior high school;Employee;1-2yr;Other;;;; Church areas;Two-way (divided with broken lines road marking);Tangent road with flat terrain;Y Shape;Asphalt roads;Dry;Daylight;Normal;Collision with animals;3;2;Going straight;na;na;na;na;Self-employed;Normal;Not a Pedestrian;Driving carelessly;Slight Injury
14:33:00;Sunday;31-50;Male;Junior high school;Employee;2-5yr;Automobile;Organization;5-10yrs;;Residential areas;Two-way (divided with broken lines road marking);Tangent road with flat terrain;Y Shape;Asphalt roads;Dry;Daylight;Normal;Collision with animals;3;2;Going straight;Passenger;Female;Under 18;3;Driver;Normal;Not a Pedestrian;Moving Backward;Slight Injury
14:33:00;Sunday;Over 51;Male;Junior high school;Employee;1-2yr;Public (13?45 seats);Owner;Above 10yr;;School areas;other;Tangent road with flat terrain;Y Shape;Asphalt roads;Dry;Daylight;Normal;Collision with animals;3;2;Going straight;Pedestrian;Male;31-50;3;Driver;Normal;Not a Pedestrian;Overtaking;Slight Injury
14:33:00;Sunday;Over 51;Male;Junior high school;Employee;5-10yr;Public (13?45 seats);Owner;5-10yrs;; Hospital areas;other;Steep grade downward with mountainous terrain;Y Shape;Asphalt roads;Dry;Daylight;Normal;Collision with animals;3;2;Going straight;na;na;na;na;Driver;Normal;Not a Pedestrian;Changing lane to the left;Slight Injury
14:33:00;Sunday;18-30;Male;Junior high school;Employee;5-10yr;Automobile;Owner;2-5yrs;;Other;Undivided Two way;Tangent road with flat terrain;Y Shape;Asphalt roads;Dry;Daylight;Normal;Collision with animals;3;2;Moving Backward;Driver or rider;Female;18-30;3;Driver;Normal;Not a Pedestrian;Changing lane to the right;Slight Injury
14:33:00;Sunday;Unknown;Male;Elementary school;Owner;2-5yr;Public (12 seats);Owner;;;School areas;Double carriageway (median);Tangent road with flat terrain;Y Shape;Asphalt roads;Dry;Daylight;Normal;Collision with animals;3;2;Going straight;na;na;na;na;;;Not a Pedestrian;Overtaking;Slight Injury
07:20:00;Wednesday;18-30;Male;Elementary school;Employee;Below 1yr;Public (12 seats);Owner;Above 10yr;No defect;Other;other;Tangent road with flat terrain;Y Shape;Asphalt roads;Wet or damp;Daylight;Normal;Collision with animals;1;1;Going straight;Driver or rider;Male;31-50;3;;Normal;Not a Pedestrian;Overloading;Serious Injury
10:04:00;Thursday;Over 51;Male;;;;Lorry (41?100Q);Owner;5-10yrs;; Industrial areas;Undivided Two way;Tangent road with flat terrain;Unknown;Asphalt roads;Dry;Daylight;Normal;Collision with animals;1;1;Going straight;Passenger;Female;18-30;3;Driver;Normal;Not a Pedestrian;Other;Serious Injury
14:20:00;Saturday;18-30;Male;Junior high school;Employee;Above 10yr;Automobile;Owner;Unknown;No defect; Church areas;Two-way (divided with broken lines road marking);Tangent road with flat terrain;Other;Asphalt roads;Wet or damp;Daylight;Other;Other;2;1;Going straight;Pedestrian;Female;31-50;3;;;Not a Pedestrian;No priority to vehicle;Slight Injury
14:20:00;Saturday;Unknown;Female;High school;Employee;1-2yr;Pick up upto 10Q;Owner;;No defect;Office areas;Two-way (divided with broken lines road marking);Tangent road with flat terrain;Other;Asphalt roads with some distress;Wet or damp;Daylight;Other;Rollover;2;1;Going straight;Driver or rider;Male;18-30;3;;;Not a Pedestrian;Changing lane to the right;Slight Injury
19:50:00;Monday;Unknown;Female;Junior high school;Owner;5-10yr;Pick up upto 10Q;Owner;;No defect;Other;Two-way (divided with broken lines road marking);Tangent road with flat terrain;No junction;Asphalt roads;Wet or damp;Darkness - lights lit;Raining;Collision with animals;2;2;Going straight;na;na;na;na;;;Not a Pedestrian;Moving Backward;Slight Injury
19:50:00;Monday;18-30;Male;Junior high school;Employee;1-2yr;Lorry (41?100Q);Owner;;No defect;Office areas;Double carriageway (median);Tangent road with flat terrain;No junction;Asphalt roads;Wet or damp;Darkness - lights lit;Raining;Rollover;2;2;Going straight;Driver or rider;Male;Under 18;3;Driver;Normal;Not a Pedestrian;Changing lane to the left;Slight Injury
19:50:00;Monday;18-30;Male;Junior high school;Employee;Above 10yr;Automobile;Owner;;No defect;Office areas;Double carriageway (median);Tangent road with flat terrain;No junction;Asphalt roads;Wet or damp;Darkness - lights lit;Raining;Collision with animals;2;2;Going straight;na;na;na;na;;;Not a Pedestrian;No priority to pedestrian;Slight Injury
10:20:00;Tuesday;Unknown;Male;Junior high school;Employee;Below 1yr;Stationwagen;Governmental;;No defect;Office areas;Double carriageway (median);Tangent road with flat terrain;No junction;Asphalt roads;Dry;Daylight;Normal;Collision with animals;2;1;Going straight;Pedestrian;Female;Over 51;3;;;Not a Pedestrian;No distancing;Slight Injury
10:20:00;Tuesday;18-30;Male;Elementary school;Employee;2-5yr;Motorcycle;Owner;;No defect;Residential areas;Double carriageway (median);Tangent road with flat terrain;No junction;Asphalt roads;Dry;Daylight;Normal;Vehicle with vehicle collision;2;1;Going straight;Passenger;Female;18-30;3;Driver;Normal;Not a Pedestrian;No priority to vehicle;Slight Injury
15:20:00;Wednesday;31-50;Male;Junior high school;Employee;5-10yr;;Owner;;No defect;Office areas;Double carriageway (median);Tangent road with flat terrain;No junction;Asphalt roads;Dry;Daylight;Normal;Fall from vehicles;1;1;Going straight;na;na;na;na;Driver;Normal;Not a Pedestrian;No distancing;Slight Injury
11:53:00;Saturday;18-30;Male;Elementary school;Employee;5-10yr;Other;Owner;2-5yrs;;Other;Undivided Two way;Tangent road with flat terrain;No junction;Asphalt roads;Dry;Daylight;Normal;Collision with roadside-parked vehicles;1;1;Going straight;Pedestrian;Male;Over 51;3;Driver;Normal;Not a Pedestrian;No distancing;Slight Injury
06:46:00;Tuesday;18-30;Male;Junior high school;Owner;1-2yr;Automobile;Owner;2-5yrs;; Industrial areas;One way;;Other;Asphalt roads;Dry;Daylight;Normal;Collision with roadside-parked vehicles;2;1;Other;na;na;na;na;Driver;Normal;Not a Pedestrian;Moving Backward;Slight Injury
06:46:00;Tuesday;31-50;Male;Junior high school;Employee;5-10yr;Automobile;Owner;;No defect;Other;One way;Tangent road with flat terrain;Other;Asphalt roads;Dry;Daylight;Normal;Rollover;2;1;Going straight;Pedestrian;Male;Under 18;3;;;Not a Pedestrian;Changing lane to the right;Slight Injury
01:10:00;Wednesday;31-50;Male;Unknown;Other;;;Owner;;No defect;Office areas;Double carriageway (median);Tangent road with flat terrain;Y Shape;Asphalt roads;Wet or damp;Darkness - lights lit;Normal;Collision with animals;2;1;Going straight;Pedestrian;Male;18-30;3;Driver;Normal;Crossing from nearside - masked by parked or statioNot a Pedestrianry vehicle;No priority to pedestrian;Slight Injury
01:10:00;Wednesday;Unknown;Male;High school;Employee;2-5yr;Public (> 45 seats);Governmental;Unknown;;Office areas;Two-way (divided with broken lines road marking);Tangent road with flat terrain;Y Shape;Asphalt roads;Wet or damp;Darkness - lights lit;Normal;Collision with animals;2;1;Going straight;na;na;na;na;;;Not a Pedestrian;Moving Backward;Slight Injury
08:50:00;Monday;Under 18;Male;Junior high school;Employee;1-2yr;Automobile;Governmental;;No defect;;Double carriageway (median);Tangent road with flat terrain;O Shape;Asphalt roads;Wet or damp;Daylight;Raining;Fall from vehicles;2;1;Going straight;Driver or rider;Male;18-30;3;;;Not a Pedestrian;Getting off the vehicle improperly;Slight Injury
08:50:00;Monday;Unknown;Male;Junior high school;Employee;5-10yr;Other;Owner;;;Other;;Tangent road with flat terrain;O Shape;Asphalt roads;Wet or damp;Daylight;Raining;Collision with roadside-parked vehicles;2;1;Going straight;Driver or rider;Male;18-30;3;;;Not a Pedestrian;Overtaking;Slight Injury