Time;Day_of_week;Age_band_of_driver;Sex_of_driver;Educational_level;Vehicle_driver_relation;Driving_experience;Type_of_vehicle;Owner_of_vehicle;Service_year_of_vehicle;Defect_of_vehicle;Area_accident_occured;Lanes_or_Medians;Road_allignment;Types_of_Junction;Road_surface_type;Road_surface_conditions;Light_conditions;Weather_conditions;Type_of_collision;Number_of_vehicles_involved;Number_of_casualties;Vehicle_movement;Casualty_class;Sex_of_casualty;Age_band_of_casualty;Casualty_severity;Work_of_casuality;Fitness_of_casuality;Pedestrian_movement;Cause_of_accident;Accident_severity
16:50:00;Friday;18-30;Male;Junior high school;Employee;Above 10yr;Automobile;Owner;;;Other;Two-way (divided with broken lines road marking);Tangent road with flat terrain;Y Shape;Asphalt roads;Dry;Daylight;Normal;Vehicle with vehicle collision;2;2;;Pedestrian;Female;Under 18;3;Driver;Normal;Crossing from nearside - masked by parked or statioNot a Pedestrianry vehicle;No distancing;Slight Injury
16:50:00;Friday;18-30;Male;Junior high school;Employee;No Licence;;Owner;;;Other;Undivided Two way;Tangent road with flat terrain;Y Shape;Asphalt roads;Dry;Daylight;Normal;Vehicle with vehicle collision;2;2;Going straight;Driver or rider;Male;31-50;3;Self-employed;Normal;Not a Pedestrian;No priority to vehicle;Slight Injury
16:50:00;Friday;Unknown;Male;Junior high school;Employee;1-2yr;;;;;Other;Double carriageway (median);Tangent road with flat terrain;Y Shape;Asphalt roads;Dry;Daylight;Normal;Collision with roadside objects;2;2;;na;na;na;na;;;Not a Pedestrian;No distancing;Slight Injury
14:00:00;Sunday;18-30;Male;Illiterate;Owner;1-2yr;Pick up upto 10Q;Governmental;;No defect;Other;Two-way (divided with broken lines road marking);Tangent road with mild grade and flat terrain;Other;Asphalt roads;Wet or damp;Daylight;Raining;Vehicle with vehicle collision;4;2;Going straight;Driver or rider;Male;18-30;3;Self-employed;Normal;Not a Pedestrian;No distancing;Slight Injury
14:00:00;Sunday;Under 18;Male;Junior high school;Owner;Below 1yr;Turbo;Owner;Above 10yr;No defect; Hospital areas;Two-way (divided with broken lines road marking);Tangent road with flat terrain;Other;Earth roads;Wet or damp;Daylight;Raining;Vehicle with vehicle collision;4;2;Going straight;na;na;na;na;Driver;Normal;Not a Pedestrian;Moving Backward;Slight Injury
14:00:00;Sunday;18-30;Male;Junior high school;Owner;1-2yr;Pick up upto 10Q;;Above 10yr;No defect;Other;Two-way (divided with broken lines road marking);Tangent road with flat terrain;Other;Asphalt roads;Wet or damp;Daylight;Raining;Vehicle with vehicle collision;4;2;Going straight;na;na;na;na;;;Not a Pedestrian;Changing lane to the right;Slight Injury
14:00:00;Sunday;Over 51;Male;Junior high school;Owner;2-5yr;Other;Owner;;No defect;Other;One way;Tangent road with flat terrain;Other;Asphalt roads;Wet or damp;Daylight;Raining;Collision with roadside objects;4;2;Going straight;Driver or rider;Male;31-50;3;;;Not a Pedestrian;No priority to pedestrian;Slight Injury
13:34:00;Friday;31-50;Male;Unknown;Owner;5-10yr;Stationwagen;Owner;2-5yrs;No defect;Other;Two-way (divided with broken lines road marking);Tangent road with mild grade and flat terrain;Other;Asphalt roads;Wet or damp;Daylight;Normal;Vehicle with vehicle collision;2;1;Going straight;Passenger;Female;5;3;Driver;Normal;Not a Pedestrian;Moving Backward;Serious Injury
13:34:00;Friday;Under 18;Male;Unknown;Owner;Above 10yr;Pick up upto 10Q;Owner;;;Office areas;Two-way (divided with broken lines road marking);Tangent road with flat terrain;Other;Asphalt roads;Wet or damp;Daylight;Normal;Vehicle with vehicle collision;2;1;Other;Driver or rider;Male;Under 18;3;Driver;Normal;Not a Pedestrian;Getting off the vehicle improperly;Serious Injury
08:20:00;Tuesday;Unknown;Male;Junior high school;Owner;2-5yr;Lorry (41?100Q);Owner;Unknown;;Residential areas;Two-way (divided with broken lines road marking);Tangent road with flat terrain;No junction;Asphalt roads;Dry;Daylight;Normal;Vehicle with vehicle collision;1;1;Other;Driver or rider;Male;Under 18;3;Driver;Normal;Not a Pedestrian;Overtaking;Slight Injury
18:20:00;Monday;Over 51;Male;Elementary school;Owner;Above 10yr;Lorry (41?100Q);Owner;2-5yrs;No defect;Other;Two-way (divided with broken lines road marking);Tangent road with flat terrain;Y Shape;Asphalt roads;Dry;Darkness - lights lit;Normal;Vehicle with vehicle collision;2;1;Going straight;Passenger;Male;31-50;3;Self-employed;Normal;Not a Pedestrian;Overloading;Slight Injury
18:20:00;Monday;31-50;Male;Writing & reading;Owner;5-10yr;Automobile;Owner;Unknown;;Residential areas;Two-way (divided with broken lines road marking);Tangent road with flat terrain;Y Shape;Asphalt roads;Dry;Darkness - lights lit;Normal;Collision with roadside objects;2;1;Going straight;na;na;na;na;Driver;Normal;Not a Pedestrian;Changing lane to the right;Slight Injury
11:45:00;Tuesday;Unknown;Male;;Owner;;Automobile;Owner;Unknown;;Other;Undivided Two way;Tangent road with flat terrain;Crossing;Asphalt roads;Dry;Daylight;Normal;Vehicle with vehicle collision;2;1;Getting off;Passenger;Female;Over 51;3;Self-employed;Normal;Not a Pedestrian;Improper parking;Slight Injury
11:45:00;Tuesday;18-30;Male;Junior high school;Owner;5-10yr;Pick up upto 10Q;Owner;2-5yrs;;Residential areas;Double carriageway (median);Tangent road with flat terrain;Crossing;Other;Dry;Daylight;Normal;Vehicle with vehicle collision;2;1;Going straight;Passenger;Male;5;3;Driver;Normal;Not a Pedestrian;Other;Slight Injury
06:25:00;Wednesday;Unknown;Female;Junior high school;Owner;Below 1yr;Pick up upto 10Q;Owner;;;Office areas;Two-way (divided with broken lines road marking);Tangent road with flat terrain;No junction;Asphalt roads;Dry;Daylight;Normal;Vehicle with vehicle collision;2;1;Going straight;Passenger;Female;18-30;3;Driver;Normal;Not a Pedestrian;Changing lane to the left;Serious Injury
06:25:00;Wednesday;18-30;Male;Junior high school;Owner;2-5yr;Lorry (41?100Q);Owner;5-10yrs;;Office areas;Two-way (divided with broken lines road marking);Tangent road with mild grade and flat terrain;No junction;Asphalt roads;Dry;Daylight;Normal;Vehicle with vehicle collision;2;1;Going straight;na;na;na;na;;;Not a Pedestrian;Changing lane to the right;Serious Injury
13:55:00;Wednesday;31-50;Male;Elementary school;Employee;2-5yr;Public (12 seats);Owner;Unknown;;Office areas;Double carriageway (median);Tangent road with flat terrain;T Shape;Asphalt roads;Dry;Daylight;Unknown;Vehicle with vehicle collision;2;1;Going straight;na;na;na;na;;;Not a Pedestrian;No priority to pedestrian;Serious Injury
13:55:00;Wednesday;18-30;Male;Junior high school;Employee;2-5yr;Other;Owner;;;  Recreational areas;Two-way (divided with broken lines road marking);Tangent road with flat terrain;T Shape;Asphalt roads;Dry;Daylight;Unknown;Collision with pedestrians;2;1;Going straight;Driver or rider;Male;18-30;3;Self-employed;Normal;Not a Pedestrian;Overspeed;Serious Injury
09:30:00;Wednesday;Unknown;Male;Junior high school;Employee;2-5yr;Stationwagen;Owner;;;Other;Two-way (divided with broken lines road marking);Tangent road with flat terrain;Y Shape;Asphalt roads;Dry;Daylight;Unknown;Vehicle with vehicle collision;2;1;Getting off;Driver or rider;Male;31-50;3;Driver;Normal;Not a Pedestrian;Changing lane to the left;Slight Injury
09:30:00;Wednesday;18-30;Male;Junior high school;Employee;5-10yr;Automobile;Owner;;;Other;other;Tangent road with flat terrain;Y Shape;Asphalt roads;Dry;Daylight;Unknown;Vehicle with vehicle collision;2;1;Going straight;Pedestrian;Female;31-50;3;Driver;Normal;Not a Pedestrian;No priority to vehicle;Slight Injury
13:00:00;Friday;Over 51;Male;Junior high school;Employee;5-10yr;Automobile;Owner;5-10yrs;;Other;Two-way (divided with broken lines road marking);Tangent road with flat terrain;Y Shape;Asphalt roads;Wet or damp;Daylight;Raining;Collision with roadside objects;2;1;Going straight;na;na;na;na;Self-employed;Normal;Not a Pedestrian;Changing lane to the right;Slight Injury
13:00:00;Friday;Unknown;Female;Junior high school;Employee;Above 10yr;Lorry (41?100Q);Owner;;;Other;Double carriageway (median);Tangent road with flat terrain;Y Shape;Earth roads;Wet or damp;Daylight;Raining;Vehicle with vehicle collision;2;1;Other;Passenger;Female;Over 51;3;Driver;Normal;Not a Pedestrian;No distancing;Slight Injury
01:29:00;Sunday;Over 51;Male;Elementary school;Employee;5-10yr;Stationwagen;Owner;2-5yrs;No defect;Other;Undivided Two way;Tangent road with mountainous terrain and;No junction;Asphalt roads;Dry;Darkness - lights lit;Normal;Vehicle with vehicle collision;2;2;Going straight;Driver or rider;Male;18-30;3;Driver;Normal;Not a Pedestrian;No priority to pedestrian;Slight Injury
01:29:00;Sunday;31-50;Male;Junior high school;Employee;5-10yr;Lorry (41?100Q);Owner;2-5yrs;No defect;Office areas;Two-way (divided with broken lines road marking);Tangent road with flat terrain;No junction;Asphalt roads;Dry;Darkness - lights lit;Normal;Collision with pedestrians;2;2;Going straight;na;na;na;na;;Normal;Not a Pedestrian;No distancing;Slight Injury
01:29:00;Sunday;31-50;Male;Junior high school;Employee;Above 10yr;Public (> 45 seats);Owner;Above 10yr;No defect;Office areas;Two-way (divided with broken lines road marking);Tangent road with flat terrain;No junction;Asphalt roads;Dry;Darkness - lights lit;Normal;Vehicle with vehicle collision;2;2;Going straight;Driver or rider;Male;18-30;3;Driver;Normal;Not a Pedestrian;No priority to vehicle;Slight Injury
08:29:00;Friday;Over 51;Male;Elementary school;Owner;;Automobile;Owner;Unknown;No defect;Office areas;One way;Tangent road with flat terrain;Y Shape;Asphalt roads;Dry;Daylight;Normal;Vehicle with vehicle collision;1;1;Going straight;na;na;na;na;Self-employed;Normal;Not a Pedestrian;Other;Slight Injury
12:00:00;Tuesday;Unknown;Male;Junior high school;Owner;5-10yr;Automobile;Owner;Above 10yr;No defect;Residential areas;Double carriageway (median);Tangent road with flat terrain;No junction;Asphalt roads;Dry;Daylight;Normal;Collision with pedestrians;2;1;Going straight;Pedestrian;Male;31-50;3;Self-employed;Normal;Not a Pedestrian;Driving carelessly;Slight Injury
12:00:00;Tuesday;31-50;Male;Junior high school;Employee;5-10yr;Automobile;Governmental;Below 1yr;No defect;  Recreational areas;Two-way (divided with broken lines road marking);Tangent road with flat terrain;No junction;Asphalt roads;Dry;Daylight;Normal;Collision with pedestrians;2;1;Reversing;na;na;na;na;;Normal;Not a Pedestrian;Changing lane to the left;Slight Injury
10:23:00;Thursday;Under 18;Male;Junior high school;Employee;Below 1yr;;Owner;Unknown;No defect; Church areas;Double carriageway (median);Tangent road with flat terrain;Y Shape;Asphalt roads;Dry;Daylight;Normal;Collision with pedestrians;2;1;Other;Driver or rider;Male;18-30;3;Self-employed;Normal;Not a Pedestrian;Driving carelessly;Serious Injury
10:23:00;Thursday;Over 51;Male;;;;Lorry (41?100Q);Owner;Unknown;No defect;Office areas;Undivided Two way;Tangent road with flat terrain;Y Shape;Asphalt roads;Dry;Daylight;Normal;Collision with roadside objects;2;1;Going straight;Driver or rider;Male;31-50;3;Driver;Normal;Not a Pedestrian;Changing lane to the left;Serious Injury
14:00:00;Sunday;31-50;Male;Junior high school;Employee;5-10yr;Lorry (41?100Q);Owner;Unknown;No defect;Other;Two-way (divided with broken lines road marking);Tangent road with flat terrain;Unknown;Asphalt roads;Dry;Daylight;Normal;Vehicle with vehicle collision;3;2;Going straight;Pedestrian;Female;Over 51;2;Driver;Normal;Not a Pedestrian;No priority to vehicle;Slight Injury
14:00:00;Sunday;Over 51;Male;Junior high school;Employee;5-10yr;Automobile;Owner;;;Residential areas;other;Steep grade downward with mountainous terrain;Unknown;Asphalt roads;Dry;Daylight;Normal;Vehicle with vehicle collision;3;2;Going straight;Driver or rider;Female;18-30;3;;Normal;Not a Pedestrian;No distancing;Slight Injury
14:00:00;Sunday;31-50;Male;Junior high school;Employee;Above 10yr;Stationwagen;Owner;;No defect;School areas;other;Tangent road with flat terrain;Unknown;Asphalt roads;Dry;Daylight;Normal;Vehicle with vehicle collision;3;2;Going straight;Passenger;Female;18-30;3;Driver;Normal;Not a Pedestrian;Changing lane to the right;Slight Injury
14:00:00;Sunday;31-50;Male;High school;Employee;Above 10yr;Public (12 seats);Owner;1-2yr;No defect;Office areas;Two-way (divided with broken lines road marking);Tangent road with flat terrain;Unknown;Asphalt roads;Dry;Daylight;Normal;Vehicle with vehicle collision;3;2;Going straight;Passenger;Female;18-30;3;Driver;Normal;Not a Pedestrian;Changing lane to the right;Slight Injury
12:14:00;Tuesday;31-50;Male;Junior high school;Employee;Above 10yr;Public (12 seats);Owner;Above 10yr;No defect;Other;other;Tangent road with flat terrain;Crossing;Asphalt roads;Dry;Daylight;Normal;Vehicle with vehicle collision;1;1;Going straight;na;na;na;na;Driver;Normal;Not a Pedestrian;Driving at high speed;Slight Injury
17:15:00;Tuesday;Unknown;Male;Junior high school;Employee;Above 10yr;Automobile;Owner;Unknown;No defect;Other;Two-way (divided with broken lines road marking);Tangent road with flat terrain;No junction;Asphalt roads;Dry;Daylight;Unknown;Vehicle with vehicle collision;1;1;Going straight;na;na;na;na;Self-employed;Normal;Not a Pedestrian;No distancing;Slight Injury
14:30:00;Saturday;18-30;Male;Junior high school;Employee;Above 10yr;Public (12 seats);Organization;2-5yrs;;Office areas;Two-way (divided with broken lines road marking);Tangent road with mountainous terrain and;Y Shape;Asphalt roads;Dry;Daylight;Normal;Collision with pedestrians;3;1;Going straight;Driver or rider;Male;Over 51;3;Driver;Normal;Not a Pedestrian;Changing lane to the right;Slight Injury
14:30:00;Saturday;18-30;Male;Junior high school;Employee;Above 10yr;Public (12 seats);Owner;;;Office areas;Two-way (divided with broken lines road marking);Tangent road with flat terrain;Y Shape;Earth roads;Dry;Daylight;Normal;Collision with roadside objects;3;1;Going straight;Driver or rider;Male;18-30;3;Driver;Normal;Not a Pedestrian;Changing lane to the left;Slight Injury
14:30:00;Saturday;18-30;Male;Junior high school;Employee;5-10yr;Lorry (41?100Q);Owner;5-10yrs;;Other;Undivided Two way;Tangent road with flat terrain;Y Shape;Asphalt roads;Dry;Daylight;Normal;Vehicle with vehicle collision;3;1;Moving Backward;na;na;na;na;;Normal;Not a Pedestrian;Getting off the vehicle improperly;Slight Injury
18:32:00;Saturday;Under 18;Male;Junior high school;Employee;2-5yr;Automobile;Owner;5-10yrs;No defect;Office areas;Two-way (divided with broken lines road marking);Tangent road with flat terrain;No junction;;Dry;Daylight;Normal;Vehicle with vehicle collision;1;1;Moving Backward;na;na;na;na;Driver;Normal;Not a Pedestrian;Other;Slight Injury
16:00:00;Saturday;Unknown;Male;Junior high school;Employee;Below 1yr;Lorry (41?100Q);Owner;2-5yrs;No defect; Industrial areas;Two-way (divided with broken lines road marking);Tangent road with flat terrain;No junction;Asphalt roads;Dry;Daylight;Unknown;Vehicle with vehicle collision;1;1;Turnover;Driver or rider;Male;18-30;2;;;Not a Pedestrian;Other;Serious Injury
16:02:00;Sunday;18-30;Male;Junior high school;Employee;Below 1yr;;Owner;Unknown;No defect;Office areas;Undivided Two way;Tangent road with flat terrain;No junction;Asphalt roads;Dry;Daylight;Normal;Vehicle with vehicle collision;2;2;Other;Driver or rider;Male;Over 51;3;;;Not a Pedestrian;No distancing;Slight Injury
16:02:00;Sunday;31-50;Male;Junior high school;Employee;2-5yr;Automobile;Owner;;;Other;Undivided Two way;Tangent road with flat terrain;No junction;Asphalt roads;Dry;Daylight;Normal;With Train;2;2;Other;na;na;na;na;;;Not a Pedestrian;No priority to vehicle;Slight Injury
06:09:00;Wednesday;31-50;Male;Elementary school;Employee;Below 1yr;Stationwagen;Owner;Above 10yr;;Other;Two-way (divided with broken lines road marking);Tangent road with flat terrain;No junction;Asphalt roads;Dry;Daylight;Normal;Vehicle with vehicle collision;2;1;Going straight;Driver or rider;Male;18-30;3;Self-employed;Normal;Not a Pedestrian;Overtaking;Serious Injury
06:09:00;Wednesday;Over 51;Male;Junior high school;Employee;Below 1yr;;Owner;Unknown;;Office areas;Two-way (divided with broken lines road marking);Tangent road with flat terrain;No junction;Asphalt roads;Dry;Daylight;Normal;Vehicle with vehicle collision;2;1;Going straight;na;na;na;na;Self-employed;Normal;Not a Pedestrian;No priority to pedestrian;Serious Injury
15:10:00;Monday;31-50;Male;Junior high school;Employee;;;;;; Church areas;;Tangent road with flat terrain;Unknown;Asphalt roads;Wet or damp;Daylight;Normal;Vehicle with vehicle collision;3;1;Other;na;na;na;na;Driver;Normal;Not a Pedestrian;No distancing;Slight Injury
15:10:00;Monday;31-50;Male;;Employee;5-10yr;Automobile;Owner;;;Office areas;other;Tangent road with flat terrain;Unknown;Asphalt roads;Wet or damp;Daylight;Normal;Vehicle with vehicle collision;3;1;Other;Driver or rider;Male;18-30;2;Self-employed;Normal;Not a Pedestrian;Changing lane to the right;Slight Injury
15:10:00;Monday;18-30;Male;Writing & reading;Employee;Below 1yr;Stationwagen;Owner;;;Residential areas;other;Tangent road with flat terrain;Unknown;Asphalt roads;Wet or damp;Daylight;Normal;Vehicle with vehicle collision;3;1;Going straight;Pedestrian;Male;Over 51;3;Driver;Normal;Unknown or other;Driving carelessly;Slight Injury
19:02:00;Thursday;Over 51;Male;Junior high school;Employee;Below 1yr;Automobile;Owner;Unknown;No defect;  Recreational areas;Two-way (divided with broken lines road marking);Tangent road with flat terrain;Y Shape;Asphalt roads;Wet or damp;Daylight;Raining;Vehicle with vehicle collision;2;1;Reversing;Driver or rider;Male;18-30;3;Self-employed;Normal;Not a Pedestrian;Changing lane to the right;Slight Injury
19:02:00;Thursday;18-30;Male;Junior high school;Employee;1-2yr;Other;Governmental;5-10yrs;;Other;other;Tangent road with flat terrain;Y Shape;Gravel roads;Wet or damp;Daylight;Raining;Vehicle with vehicle collision;2;1;Other;na;na;na;na;Employee;Normal;Not a Pedestrian;Overtaking;Slight Injury
15:33:00;Sunday;18-30;Male;Elementary school;Employee;Above 10yr;Other;Owner;Unknown;No defect; Church areas;Undivided Two way;Tangent road with flat terrain;No junction;Asphalt roads;Dry;Daylight;Normal;Vehicle with vehicle collision;1;2;Turnover;Pedestrian;Female;31-50;3;Driver;Normal;Not a Pedestrian;Other;Serious Injury
15:33:00;Sunday;18-30;Male;Elementary school;Employee;Above 10yr;Automobile;Owner;Unknown;No defect;Other;One way;Tangent road with flat terrain;No junction;Asphalt roads;Dry;Daylight;Normal;Vehicle with vehicle collision;1;2;Going straight;na;na;na;na;Driver;Normal;Not a Pedestrian;Driving to the left;Serious Injury
18:28:00;Tuesday;18-30;Male;Elementary school;Employee;Below 1yr;Lorry (41?100Q);Owner;Above 10yr;No defect;Other;Two-way (divided with broken lines road marking);Tangent road with flat terrain;Y Shape;Asphalt roads;Dry;Daylight;Normal;Collision with pedestrians;2;1;Going straight;Driver or rider;Female;31-50;3;Driver;Normal;Not a Pedestrian;Driving at high speed;Slight Injury
18:28:00;Tuesday;Over 51;Male;High school;Employee;2-5yr;Lorry (41?100Q);Owner;5-10yrs;; Church areas;Undivided Two way;Tangent road with flat terrain;Y Shape;Asphalt roads;Dry;Daylight;Normal;Collision with roadside objects;2;1;Going straight;Driver or rider;Male;18-30;2;Driver;Normal;Not a Pedestrian;Unknown;Slight Injury
15:22:00;Monday;Under 18;Male;Junior high school;Employee;2-5yr;Lorry (41?100Q);Owner;Unknown;;Office areas;Two-way (divided with broken lines road marking);Tangent road with mild grade and flat terrain;Y Shape;Asphalt roads;Dry;Daylight;Normal;Collision with roadside objects;1;1;Going straight;na;na;na;na;Driver;Normal;Not a Pedestrian;Changing lane to the right;Slight Injury
22:20:00;Sunday;18-30;Male;Above high school;Employee;Above 10yr;Automobile;Owner;Unknown;;Office areas;Double carriageway (median);Tangent road with flat terrain;No junction;Asphalt roads;Dry;Darkness - lights lit;Normal;Vehicle with vehicle collision;4;2;Going straight;Pedestrian;Female;Under 18;2;Driver;Normal;Not a Pedestrian;No distancing;Slight Injury
22:20:00;Sunday;Unknown;Male;Junior high school;Employee;2-5yr;Automobile;Organization;5-10yrs;No defect; Church areas;Two-way (divided with broken lines road marking);Tangent road with flat terrain;No junction;Asphalt roads;Dry;Darkness - lights lit;Normal;Vehicle with vehicle collision;4;2;Going straight;na;na;na;na;Self-employed;Normal;Not a Pedestrian;Other;Slight Injury
22:20:00;Sunday;18-30;Male;Junior high school;Employee;2-5yr;Public (13?45 seats);Organization;2-5yrs;No defect;Other;Undivided Two way;Tangent road with mountainous terrain and;No junction;Asphalt roads;Dry;Darkness - lights lit;Normal;Vehicle with vehicle collision;4;2;Going straight;Driver or rider;Male;31-50;3;Self-employed;Normal;Not a Pedestrian;No priority to vehicle;Slight Injury
22:20:00;Sunday;Unknown;Male;High school;Employee;1-2yr;Public (13?45 seats);Owner;Unknown;No defect;Other;Undivided Two way;Tangent road with flat terrain;No junction;Asphalt roads;Dry;Darkness - lights lit;Normal;Vehicle with vehicle collision;4;2;Going straight;na;na;na;na;Self-employed;Normal;Not a Pedestrian;Changing lane to the left;Slight Injury
08:10:00;Monday;Under 18;Male;Junior high school;Employee;5-10yr;Lorry (41?100Q);Owner;Unknown;No defect; Church areas;Undivided Two way;Tangent road with flat terrain;Other;Asphalt roads;Dry;Daylight;Unknown;Vehicle with vehicle collision;2;2;Going straight;na;na;na;na;Driver;Normal;Not a Pedestrian;No priority to pedestrian;Slight Injury
08:10:00;Monday;18-30;Male;Junior high school;Employee;Below 1yr;Lorry (41?100Q);Owner;5-10yrs;No defect; Industrial areas;Two-way (divided with broken lines road marking);Tangent road with mild grade and flat terrain;Other;Asphalt roads;Dry;Daylight;Unknown;Collision with roadside objects;2;2;Other;Driver or rider;Male;Under 18;3;;Normal;Not a Pedestrian;Overtaking;Slight Injury
08:10:00;Monday;18-30;Male;Junior high school;Employee;Below 1yr;Public (12 seats);Owner;Unknown;No defect;Office areas;Undivided Two way;Tangent road with flat terrain;Other;Asphalt roads;Dry;Daylight;Unknown;Vehicle with vehicle collision;2;2;Going straight;na;na;na;na;;Normal;Not a Pedestrian;Driving carelessly;Slight Injury
16:38:00;Thursday;31-50;Male;Elementary school;Employee;;Other;Owner;Unknown;No defect;School areas;Undivided Two way;Tangent road with flat terrain;No junction;Asphalt roads;Dry;Daylight;Normal;Vehicle with vehicle collision;1;1;Going straight;Driver or rider;Male;18-30;3;Self-employed;Normal;Not a Pedestrian;No priority to vehicle;Slight Injury
07:20:00;Thursday;Unknown;Male;Junior high school;Employee;Below 1yr;Lorry (41?100Q);Owner;Unknown;No defect;Other;Undivided Two way;Tangent road with flat terrain;Crossing;Asphalt roads;Dry;Daylight;Unknown;Vehicle with vehicle collision;2;1;Moving Backward;Driver or rider;Female;18-30;3;Driver;Normal;Not a Pedestrian;No priority to pedestrian;Slight Injury
07:20:00;Thursday;Over 51;Male;Junior high school;Employee;1-2yr;Automobile;Owner;Unknown;No defect; Church areas;One way;Tangent road with flat terrain;Crossing;Asphalt roads;Dry;Daylight;Unknown;Vehicle with vehicle collision;2;1;Going straight;na;na;na;na;Employee;Normal;Not a Pedestrian;Changing lane to the right;Slight Injury
09:13:00;Saturday;18-30;Male;Elementary school;Employee;2-5yr;Other;Owner;Unknown;No defect;Office areas;Undivided Two way;Tangent road with flat terrain;No junction;Asphalt roads;Dry;Daylight;Normal;Vehicle with vehicle collision;2;1;Moving Backward;Driver or rider;Female;Under 18;3;Other;Normal;Not a Pedestrian;Driving carelessly;Slight Injury
09:13:00;Saturday;Over 51;Male;High school;Employee;1-2yr;Motorcycle;Owner;Unknown;No defect;Other;other;Steep grade downward with mountainous terrain;No junction;Asphalt roads;Dry;Daylight;Normal;Vehicle with vehicle collision;2;1;Other;na;na;na;na;Driver;Normal;Not a Pedestrian;Changing lane to the right;Slight Injury
17:55:00;Thursday;31-50;Male;Junior high school;Employee;5-10yr;Automobile;Owner;2-5yrs;No defect;Other;other;Tangent road with flat terrain;No junction;Other;Dry;Daylight;Normal;Collision with pedestrians;3;2;Going straight;Driver or rider;Male;18-30;2;Driver;Normal;Not a Pedestrian;Changing lane to the right;Slight Injury
17:55:00;Thursday;31-50;Male;Junior high school;Employee;Below 1yr;Automobile;Owner;Unknown;;Other;Two-way (divided with broken lines road marking);Tangent road with flat terrain;No junction;Asphalt roads;Dry;Daylight;Normal;Collision with pedestrians;3;2;Reversing;na;na;na;na;Driver;Normal;Not a Pedestrian;Changing lane to the left;Slight Injury
17:55:00;Thursday;Over 51;Male;High school;Employee;Above 10yr;Lorry (41?100Q);Owner;2-5yrs;;Other;One way;Tangent road with flat terrain;No junction;Asphalt roads;Dry;Daylight;Normal;Collision with roadside objects;3;2;Going straight;Driver or rider;Female;31-50;3;;Normal;Not a Pedestrian;Overturning;Slight Injury
20:08:00;Sunday;18-30;Male;Elementary school;Owner;5-10yr;Automobile;Owner;Above 10yr;No defect; Church areas;Two-way (divided with broken lines road marking);Tangent road with mild grade and flat terrain;No junction;Asphalt roads;Dry;Darkness - lights lit;Unknown;Collision with pedestrians;2;2;Other;Passenger;Female;Over 51;3;Employee;Normal;Not a Pedestrian;Driving carelessly;Slight Injury
20:08:00;Sunday;31-50;Male;Elementary school;Employee;Below 1yr;Public (> 45 seats);Governmental;2-5yrs;No defect;Residential areas;Two-way (divided with broken lines road marking);Tangent road with flat terrain;No junction;Asphalt roads;Dry;Darkness - lights lit;Unknown;Vehicle with vehicle collision;2;2;Other;Driver or rider;Male;Under 18;3;;Normal;Not a Pedestrian;No distancing;Slight Injury
15:30:00;Thursday;Unknown;Male;Junior high school;Employee;5-10yr;Lorry (41?100Q);Owner;2-5yrs;No defect;Office areas;Two-way (divided with broken lines road marking);Tangent road with mild grade and flat terrain;No junction;Asphalt roads;Dry;Daylight;Normal;Vehicle with vehicle collision;2;5;Other;na;na;na;na;;Normal;Not a Pedestrian;Driving carelessly;Slight Injury
15:30:00;Thursday;31-50;Male;Elementary school;Owner;5-10yr;Public (> 45 seats);Owner;2-5yrs;No defect;Other;Two-way (divided with broken lines road marking);Tangent road with flat terrain;No junction;Asphalt roads;Dry;Daylight;Normal;Vehicle with vehicle collision;2;5;Stopping;Driver or rider;Female;18-30;2;;Normal;Not a Pedestrian;Changing lane to the left;Slight Injury
15:30:00;Thursday;31-50;Male;Junior high school;Employee;2-5yr;Lorry (41?100Q);Owner;2-5yrs;No defect;Office areas;Two-way (divided with broken lines road marking);Tangent road with mild grade and flat terrain;No junction;Asphalt roads;Dry;Daylight;Normal;Collision with roadside objects;2;5;Other;na;na;na;na;;;Not a Pedestrian;No priority to vehicle;Slight Injury
15:30:00;Thursday;31-50;Male;Junior high school;Employee;Above 10yr;Lorry (41?100Q);Owner;2-5yrs;No defect;Other;Two-way (divided with broken lines road marking);Tangent road with flat terrain;No junction;Other;Dry;Daylight;Normal;Collision with roadside objects;2;5;Other;na;na;na;na;Driver;Normal;Not a Pedestrian;Changing lane to the right;Slight Injury
15:30:00;Thursday;31-50;Male;Junior high school;Employee;5-10yr;Lorry (41?100Q);Owner;1-2yr;No defect; Church areas;Undivided Two way;Tangent road with flat terrain;No junction;Asphalt roads;Dry;Daylight;Normal;Vehicle with vehicle collision;2;5;Other;Driver or rider;Male;18-30;3;Self-employed;Normal;Not a Pedestrian;No distancing;Slight Injury
15:30:00;Thursday;31-50;Male;High school;Employee;1-2yr;Public (12 seats);Owner;Unknown;No defect;Office areas;Two-way (divided with broken lines road marking);Tangent road with flat terrain;No junction;Asphalt roads;Dry;Daylight;Normal;Vehicle with vehicle collision;2;5;Going straight;Pedestrian;Female;18-30;3;;;Not a Pedestrian;Moving Backward;Slight Injury
13:28:00;Sunday;Over 51;Male;Elementary school;Employee;5-10yr;Public (12 seats);Owner;Unknown;No defect;Other;Two-way (divided with broken lines road marking);Tangent road with flat terrain;Y Shape;Asphalt roads;Wet or damp;Daylight;Raining;Vehicle with vehicle collision;2;1;Going straight;na;na;na;na;Driver;Normal;Not a Pedestrian;Moving Backward;Slight Injury