Time;Day_of_week;Age_band_of_driver;Sex_of_driver;Educational_level;Vehicle_driver_relation;Driving_experience;Type_of_vehicle;Owner_of_vehicle;Service_year_of_vehicle;Defect_of_vehicle;Area_accident_occured;Lanes_or_Medians;Road_allignment;Types_of_Junction;Road_surface_type;Road_surface_conditions;Light_conditions;Weather_conditions;Type_of_collision;Number_of_vehicles_involved;Number_of_casualties;Vehicle_movement;Casualty_class;Sex_of_casualty;Age_band_of_casualty;Casualty_severity;Work_of_casuality;Fitness_of_casuality;Pedestrian_movement;Cause_of_accident;Accident_severity
13:28:00;Sunday;31-50;Male;Elementary school;Employee;2-5yr;Stationwagen;Owner;Unknown;No defect;Other;Two-way (divided with broken lines road marking);Tangent road with flat terrain;Y Shape;Asphalt roads;Wet or damp;Daylight;Raining;Vehicle with vehicle collision;2;1;Going straight;na;na;na;na;Driver;Normal;Not a Pedestrian;No distancing;Slight Injury
20:15:00;Thursday;Unknown;Male;Junior high school;Employee;Below 1yr;Lorry (41?100Q);Owner;Above 10yr;;School areas;Two-way (divided with broken lines road marking);Tangent road with flat terrain;No junction;Asphalt roads;Dry;Darkness - lights lit;Normal;Vehicle with vehicle collision;2;1;Going straight;Driver or rider;Male;31-50;3;Driver;Normal;Not a Pedestrian;No distancing;Slight Injury
20:15:00;Thursday;18-30;Male;Junior high school;Employee;Below 1yr;Automobile;Owner;Unknown;No defect; Church areas;Double carriageway (median);Tangent road with mild grade and flat terrain;No junction;Asphalt roads;Dry;Darkness - lights lit;Normal;Vehicle with vehicle collision;2;1;Going straight;na;na;na;na;Driver;Normal;Not a Pedestrian;No distancing;Slight Injury
16:00:00;Friday;31-50;Male;Junior high school;Employee;5-10yr;Pick up upto 10Q;Owner;Unknown;;School areas;Undivided Two way;Tangent road with flat terrain;No junction;Asphalt roads;Dry;Daylight;Normal;Vehicle with vehicle collision;1;2;Going straight;Passenger;Female;18-30;3;Self-employed;Normal;Not a Pedestrian;No priority to pedestrian;Slight Injury
16:00:00;Friday;31-50;Male;Junior high school;Owner;5-10yr;Automobile;Owner;2-5yrs;No defect;Residential areas;Double carriageway (median);Tangent road with flat terrain;No junction;Asphalt roads;Dry;Daylight;Normal;Vehicle with vehicle collision;1;2;Going straight;na;na;na;na;;;Not a Pedestrian;Driving carelessly;Slight Injury
09:50:00;Tuesday;18-30;Male;Elementary school;Employee;1-2yr;Public (13?45 seats);;;;Office areas;Two-way (divided with broken lines road marking);Tangent road with flat terrain;Y Shape;;Dry;Daylight;Cloudy;Vehicle with vehicle collision;1;2;Going straight;Driver or rider;Male;31-50;3;;;Not a Pedestrian;Changing lane to the right;Slight Injury
09:50:00;Tuesday;18-30;Male;Junior high school;Employee;;Public (> 45 seats);Owner;Unknown;;Office areas;Undivided Two way;Tangent road with flat terrain;Y Shape;Other;Dry;Daylight;Cloudy;Collision with roadside objects;1;2;Going straight;Driver or rider;Female;18-30;3;Driver;Normal;Not a Pedestrian;Changing lane to the left;Slight Injury
08:20:00;Friday;18-30;Male;Elementary school;Employee;Above 10yr;Stationwagen;Governmental;5-10yrs;No defect; Church areas;Two-way (divided with broken lines road marking);Tangent road with flat terrain;Y Shape;Asphalt roads;Dry;Daylight;Cloudy;Collision with roadside objects;1;1;Going straight;na;na;na;na;Driver;Normal;Not a Pedestrian;Driving carelessly;Serious Injury
21:35:00;Tuesday;31-50;Male;Junior high school;Owner;1-2yr;;Owner;2-5yrs;;Residential areas;Undivided Two way;Tangent road with flat terrain;No junction;Asphalt roads;Dry;Darkness - no lighting;Normal;Collision with pedestrians;2;5;Going straight;Driver or rider;Male;18-30;3;;;Not a Pedestrian;Driving carelessly;Slight Injury
21:35:00;Tuesday;31-50;Male;;;;Lorry (41?100Q);Owner;Unknown;No defect;Office areas;other;Tangent road with flat terrain;No junction;Asphalt roads;Dry;Darkness - no lighting;Normal;Vehicle with vehicle collision;2;5;Reversing;na;na;na;na;Self-employed;Normal;Not a Pedestrian;No distancing;Slight Injury
21:35:00;Tuesday;31-50;Male;Junior high school;Employee;Above 10yr;Stationwagen;Owner;2-5yrs;No defect;Residential areas;One way;Tangent road with flat terrain;No junction;Asphalt roads;Dry;Darkness - no lighting;Normal;Vehicle with vehicle collision;2;5;Going straight;Passenger;Female;18-30;3;;;Not a Pedestrian;Other;Slight Injury
21:35:00;Tuesday;18-30;Male;Elementary school;Owner;2-5yr;Lorry (41?100Q);Owner;2-5yrs;No defect;Other;Two-way (divided with broken lines road marking);Tangent road with flat terrain;No junction;Asphalt roads with some distress;Dry;Darkness - no lighting;Normal;Vehicle with vehicle collision;2;5;Other;Passenger;Male;18-30;3;;;Not a Pedestrian;Changing lane to the right;Slight Injury
21:35:00;Tuesday;18-30;Male;Junior high school;Employee;5-10yr;Public (12 seats);Governmental;2-5yrs;No defect;Other;Two-way (divided with broken lines road marking);Tangent road with flat terrain;No junction;;Dry;Darkness - no lighting;Normal;Vehicle with vehicle collision;2;5;;Passenger;Female;Under 18;3;Driver;Normal;Not a Pedestrian;Changing lane to the right;Slight Injury
13:10:00;Wednesday;31-50;Male;Junior high school;Employee;Below 1yr;Lorry (41?100Q);Owner;Unknown;No defect;Residential areas;Two-way (divided with broken lines road marking);Tangent road with flat terrain;No junction;Asphalt roads;Dry;Daylight;Normal;Vehicle with vehicle collision;2;1;Getting off;Passenger;Female;18-30;3;Driver;Normal;Not a Pedestrian;No distancing;Slight Injury
13:10:00;Wednesday;31-50;Male;Junior high school;Employee;5-10yr;Other;Owner;5-10yrs;No defect; Industrial areas;Undivided Two way;Tangent road with flat terrain;No junction;Asphalt roads;Dry;Daylight;Normal;Vehicle with vehicle collision;2;1;Going straight;Driver or rider;Female;31-50;3;Driver;Normal;Not a Pedestrian;No distancing;Slight Injury
15:10:00;Thursday;31-50;Male;High school;Employee;Above 10yr;Stationwagen;Owner;2-5yrs;No defect;Other;Undivided Two way;Steep grade downward with mountainous terrain;Y Shape;Asphalt roads;Dry;Daylight;Normal;Vehicle with vehicle collision;1;1;Going straight;na;na;na;na;Driver;Normal;Not a Pedestrian;Overturning;Slight Injury
19:30:00;Tuesday;Unknown;Male;Junior high school;Employee;5-10yr;Automobile;Owner;1-2yr;No defect;Office areas;Undivided Two way;Tangent road with flat terrain;Y Shape;Asphalt roads;Dry;Darkness - lights lit;Normal;Vehicle with vehicle collision;2;1;Going straight;na;na;na;na;Driver;Normal;Not a Pedestrian;Driving at high speed;Serious Injury
19:30:00;Tuesday;31-50;Male;Elementary school;Employee;1-2yr;Public (> 45 seats);Organization;2-5yrs;No defect;Other;Two-way (divided with broken lines road marking);Tangent road with mountainous terrain and;Y Shape;Earth roads;Dry;Darkness - lights lit;Normal;Vehicle with vehicle collision;2;1;Going straight;Driver or rider;Male;31-50;3;Driver;Normal;Not a Pedestrian;No priority to vehicle;Serious Injury
17:45:00;Wednesday;Unknown;Male;Junior high school;Employee;;Other;Governmental;1-2yr;;Other;Undivided Two way;Tangent road with flat terrain;Y Shape;Asphalt roads;Dry;Daylight;Normal;Collision with pedestrians;2;1;Turnover;na;na;na;na;Self-employed;Normal;Not a Pedestrian;No priority to pedestrian;Slight Injury
17:45:00;Wednesday;31-50;Male;Elementary school;Employee;1-2yr;Lorry (41?100Q);Owner;Unknown;No defect;Other;Two-way (divided with broken lines road marking);Tangent road with flat terrain;Y Shape;Asphalt roads;Dry;Daylight;Normal;Collision with pedestrians;2;1;Entering a junction;Pedestrian;Female;Over 51;2;Driver;Normal;Not a Pedestrian;No priority to vehicle;Slight Injury
15:55:00;Friday;18-30;Male;Junior high school;Owner;1-2yr;Automobile;Owner;2-5yrs;No defect;Other;Double carriageway (median);Tangent road with flat terrain;No junction;Asphalt roads;Dry;Daylight;Normal;Vehicle with vehicle collision;1;1;Entering a junction;Driver or rider;Male;18-30;3;Driver;Normal;Not a Pedestrian;Other;Slight Injury
07:40:00;Monday;18-30;Male;Above high school;Owner;1-2yr;Public (> 45 seats);Owner;Unknown;7;Office areas;Undivided Two way;Tangent road with flat terrain;No junction;Asphalt roads;Wet or damp;Daylight;Raining;Vehicle with vehicle collision;2;1;Entering a junction;na;na;na;na;;;Not a Pedestrian;Other;Slight Injury
07:40:00;Monday;18-30;Male;Junior high school;Owner;5-10yr;;Governmental;1-2yr;No defect;Other;Two-way (divided with broken lines road marking);Tangent road with flat terrain;No junction;Asphalt roads;Wet or damp;Daylight;Raining;Vehicle with vehicle collision;2;1;Entering a junction;Driver or rider;Male;31-50;3;Driver;Normal;Not a Pedestrian;Moving Backward;Slight Injury
14:30:00;Thursday;18-30;Male;Junior high school;Employee;5-10yr;Automobile;;;;;other;Tangent road with flat terrain;Y Shape;Asphalt roads;Wet or damp;Daylight;Raining;Vehicle with vehicle collision;2;1;Other;na;na;na;na;Driver;Normal;Not a Pedestrian;No distancing;Slight Injury
14:30:00;Thursday;Over 51;Male;Elementary school;Employee;5-10yr;Pick up upto 10Q;Organization;Unknown;No defect;Other;Two-way (divided with broken lines road marking);Tangent road with flat terrain;Y Shape;Asphalt roads;Wet or damp;Daylight;Raining;Vehicle with vehicle collision;2;1;Entering a junction;Driver or rider;Male;31-50;3;Employee;Normal;Not a Pedestrian;Moving Backward;Slight Injury
18:06:00;Saturday;31-50;Male;High school;Owner;Below 1yr;Public (12 seats);Owner;Above 10yr;;Other;other;Steep grade downward with mountainous terrain;Y Shape;Asphalt roads;Dry;Daylight;Normal;Vehicle with vehicle collision;2;1;Turnover;Passenger;Male;18-30;3;;;Not a Pedestrian;No priority to vehicle;Slight Injury
18:06:00;Saturday;18-30;Male;Junior high school;Employee;Above 10yr;Lorry (41?100Q);Owner;Unknown;;Office areas;Undivided Two way;Tangent road with flat terrain;Y Shape;Asphalt roads;Dry;Daylight;Normal;Vehicle with vehicle collision;2;1;Entering a junction;na;na;na;na;Driver;Normal;Not a Pedestrian;Driving carelessly;Slight Injury
20:27:00;Sunday;Under 18;Male;Junior high school;Employee;5-10yr;Lorry (41?100Q);Owner;Unknown;No defect;Office areas;One way;Tangent road with flat terrain;Y Shape;Asphalt roads;Wet or damp;Darkness - lights lit;Normal;Vehicle with vehicle collision;2;3;Entering a junction;na;na;na;na;Self-employed;Normal;Not a Pedestrian;No distancing;Slight Injury
20:27:00;Sunday;Under 18;Male;Junior high school;Employee;Below 1yr;Lorry (41?100Q);Owner;Above 10yr;No defect; Church areas;other;Tangent road with flat terrain;Y Shape;Asphalt roads;Wet or damp;Darkness - lights lit;Normal;Vehicle with vehicle collision;2;3;Entering a junction;Driver or rider;Male;31-50;3;Self-employed;Normal;Not a Pedestrian;Other;Slight Injury
20:27:00;Sunday;Under 18;Male;Junior high school;Employee;Above 10yr;Public (13?45 seats);Owner;;No defect;Office areas;Double carriageway (median);Tangent road with flat terrain;Y Shape;Gravel roads;Wet or damp;Darkness - lights lit;Normal;Vehicle with vehicle collision;2;3;Entering a junction;Pedestrian;Female;31-50;3;Employee;Normal;Crossing from nearside - masked by parked or statioNot a Pedestrianry vehicle;Changing lane to the right;Slight Injury
20:27:00;Sunday;Unknown;Male;Junior high school;Employee;5-10yr;Lorry (41?100Q);Owner;Above 10yr;No defect;Office areas;other;Tangent road with flat terrain;Y Shape;Asphalt roads;Wet or damp;Darkness - lights lit;Normal;Vehicle with vehicle collision;2;3;Entering a junction;na;na;na;na;Driver;Normal;Not a Pedestrian;No distancing;Slight Injury
13:25:00;Thursday;31-50;Male;Junior high school;Owner;Above 10yr;Lorry (41?100Q);Owner;Unknown;No defect;Office areas;Two-way (divided with broken lines road marking);Tangent road with flat terrain;Y Shape;Asphalt roads;Dry;Daylight;Normal;Vehicle with vehicle collision;1;1;Other;Driver or rider;Male;31-50;3;Driver;Normal;Not a Pedestrian;Driving carelessly;Slight Injury
22:20:00;Thursday;Over 51;Male;Junior high school;Employee;5-10yr;Motorcycle;Owner;Unknown;No defect;Office areas;One way;Tangent road with flat terrain;No junction;Asphalt roads;Dry;Darkness - no lighting;Normal;Vehicle with vehicle collision;1;1;Going straight;Pedestrian;Female;Over 51;3;Employee;Normal;Not a Pedestrian;No distancing;Slight Injury
16:35:00;Friday;Unknown;Male;Junior high school;Employee;1-2yr;Lorry (41?100Q);Owner;2-5yrs;No defect;Residential areas;Undivided Two way;Tangent road with flat terrain;No junction;Asphalt roads;Dry;Daylight;Normal;Vehicle with vehicle collision;2;1;Going straight;Driver or rider;Male;31-50;3;Self-employed;Normal;Not a Pedestrian;No priority to vehicle;Slight Injury
16:35:00;Friday;18-30;Male;Junior high school;Employee;1-2yr;Ridden horse;Owner;Above 10yr;No defect;Residential areas;other;Tangent road with flat terrain;No junction;Asphalt roads;Dry;Daylight;Normal;Vehicle with vehicle collision;2;1;Other;na;na;na;na;Driver;Normal;Not a Pedestrian;Changing lane to the right;Slight Injury
08:22:00;Saturday;31-50;Male;Junior high school;Employee;1-2yr;Automobile;Owner;5-10yrs;;Residential areas;Undivided Two way;Tangent road with flat terrain;No junction;Asphalt roads;Dry;Daylight;Normal;Vehicle with vehicle collision;2;1;Going straight;na;na;na;na;Driver;Normal;Not a Pedestrian;No priority to pedestrian;Slight Injury
08:22:00;Saturday;18-30;Male;High school;Employee;2-5yr;Lorry (41?100Q);Owner;5-10yrs;;Office areas;Double carriageway (median);Tangent road with flat terrain;No junction;Asphalt roads;Dry;Daylight;Normal;Vehicle with vehicle collision;2;1;Going straight;Driver or rider;Female;31-50;3;Self-employed;Normal;Not a Pedestrian;No priority to vehicle;Slight Injury
16:00:00;Tuesday;Over 51;Male;High school;Owner;Above 10yr;Pick up upto 10Q;Owner;Unknown;No defect;Residential areas;Two-way (divided with broken lines road marking);Steep grade downward with mountainous terrain;No junction;Asphalt roads;Dry;Daylight;Normal;Vehicle with vehicle collision;2;1;Going straight;na;na;na;na;Driver;Normal;Not a Pedestrian;Changing lane to the left;Slight Injury
16:00:00;Tuesday;Under 18;Male;Elementary school;Employee;2-5yr;Public (> 45 seats);Governmental;Unknown;No defect;Other;Two-way (divided with broken lines road marking);Tangent road with flat terrain;No junction;Asphalt roads;Dry;Daylight;Normal;Vehicle with vehicle collision;2;1;Going straight;Driver or rider;Male;31-50;3;Driver;Normal;Not a Pedestrian;Turnover;Slight Injury
02:13:00;Saturday;18-30;Male;Junior high school;Employee;Above 10yr;Stationwagen;Governmental;Below 1yr;No defect;Other;Two-way (divided with broken lines road marking);Tangent road with flat terrain;Other;Asphalt roads;Dry;Darkness - lights lit;Other;Vehicle with vehicle collision;2;1;Going straight;na;na;na;na;Driver;Normal;Not a Pedestrian;Driving to the left;Slight Injury
02:13:00;Saturday;31-50;Male;High school;Employee;2-5yr;Automobile;Owner;;;Other;Two-way (divided with broken lines road marking);;Other;Asphalt roads;Dry;Darkness - lights lit;Other;Vehicle with vehicle collision;2;1;Reversing;Driver or rider;Male;31-50;3;Self-employed;Normal;Not a Pedestrian;Driving carelessly;Slight Injury
20:10:00;Sunday;18-30;Male;Junior high school;Other;No Licence;Public (12 seats);Owner;Unknown;No defect;School areas;Double carriageway (median);Tangent road with flat terrain;Other;Asphalt roads;Wet or damp;Daylight;Normal;Collision with roadside objects;2;1;Moving Backward;na;na;na;na;Employee;Normal;Not a Pedestrian;Driving to the left;Slight Injury
20:10:00;Sunday;Under 18;Male;Junior high school;Employee;1-2yr;Automobile;Owner;Unknown;No defect;School areas;Double carriageway (median);Tangent road with flat terrain;Other;Asphalt roads;Wet or damp;Daylight;Normal;Collision with roadside objects;2;1;Overtaking;Driver or rider;Male;18-30;3;;;Not a Pedestrian;Driving carelessly;Slight Injury
23:53:00;Thursday;Unknown;Female;Junior high school;Owner;5-10yr;Automobile;Owner;2-5yrs;No defect;School areas;Undivided Two way;Tangent road with flat terrain;Y Shape;Asphalt roads;Dry;Darkness - no lighting;Normal;Vehicle with vehicle collision;2;1;Going straight;na;na;na;na;Self-employed;Normal;Not a Pedestrian;No priority to pedestrian;Slight Injury
23:53:00;Thursday;31-50;Male;Junior high school;Employee;1-2yr;Automobile;Owner;Unknown;No defect;Residential areas;One way;Tangent road with flat terrain;Y Shape;Asphalt roads;Dry;Darkness - no lighting;Normal;Vehicle with vehicle collision;2;1;Going straight;Driver or rider;Female;31-50;3;Driver;Normal;Not a Pedestrian;Driving carelessly;Slight Injury
11:30:00;Wednesday;Unknown;Male;Junior high school;Employee;Above 10yr;Lorry (41?100Q);Owner;Unknown;No defect;Other;Undivided Two way;Tangent road with flat terrain;Y Shape;Asphalt roads;Dry;Daylight;Normal;Vehicle with vehicle collision;2;1;Going straight;na;na;na;na;Driver;Normal;Not a Pedestrian;Changing lane to the right;Slight Injury
11:30:00;Wednesday;31-50;Male;Junior high school;Employee;1-2yr;Automobile;Owner;Unknown;No defect;Office areas;Two-way (divided with broken lines road marking);Tangent road with flat terrain;Y Shape;Asphalt roads;Dry;Daylight;Normal;Vehicle with vehicle collision;2;1;Reversing;Driver or rider;Male;Under 18;3;Driver;Normal;Not a Pedestrian;Moving Backward;Slight Injury
09:15:00;Tuesday;18-30;Male;Junior high school;Employee;1-2yr;Automobile;Owner;5-10yrs;No defect;Other;Two-way (divided with broken lines road marking);Tangent road with flat terrain;No junction;Asphalt roads;Dry;Daylight;Cloudy;Collision with roadside objects;2;1;Going straight;Pedestrian;Male;Under 18;3;Driver;Normal;Not a Pedestrian;Driving carelessly;Slight Injury
09:15:00;Tuesday;Over 51;Male;Junior high school;Employee;2-5yr;Public (12 seats);Owner;Above 10yr;No defect;School areas;Undivided Two way;Tangent road with flat terrain;No junction;Asphalt roads;Dry;Daylight;Cloudy;Vehicle with vehicle collision;2;1;Going straight;Passenger;Female;Over 51;3;Self-employed;Normal;Not a Pedestrian;Changing lane to the right;Slight Injury
08:38:00;Tuesday;18-30;Male;High school;Employee;1-2yr;Taxi;Owner;5-10yrs;No defect;Other;Double carriageway (median);Tangent road with flat terrain;No junction;Asphalt roads;Dry;Daylight;Normal;Collision with roadside objects;1;1;Going straight;Pedestrian;Male;31-50;3;Driver;Normal;Not a Pedestrian;Driving carelessly;Slight Injury
13:00:00;Thursday;18-30;Male;Junior high school;Employee;1-2yr;Automobile;Owner;2-5yrs;No defect; Industrial areas;Two-way (divided with broken lines road marking);Tangent road with flat terrain;No junction;Asphalt roads;Dry;Daylight;Normal;Collision with roadside objects;2;1;Going straight;Driver or rider;Female;31-50;3;Driver;Normal;Not a Pedestrian;Driving carelessly;Slight Injury
13:00:00;Thursday;Over 51;Male;Elementary school;Employee;Above 10yr;Public (12 seats);Owner;2-5yrs;No defect;Other;Two-way (divided with broken lines road marking);Tangent road with flat terrain;No junction;Other;Dry;Daylight;Normal;Collision with pedestrians;2;1;Reversing;Passenger;Male;31-50;3;;;Not a Pedestrian;Driving carelessly;Slight Injury
08:00:00;Thursday;Unknown;Male;Junior high school;Employee;Above 10yr;Stationwagen;Owner;Unknown;No defect;Office areas;Two-way (divided with broken lines road marking);Tangent road with flat terrain;No junction;;Dry;Daylight;Normal;Vehicle with vehicle collision;2;1;Going straight;Passenger;Male;31-50;3;Self-employed;Normal;Not a Pedestrian;Changing lane to the right;Slight Injury
08:00:00;Thursday;18-30;Male;Elementary school;Employee;Above 10yr;Stationwagen;Owner;Unknown;No defect;Other;Two-way (divided with broken lines road marking);Tangent road with flat terrain;No junction;Asphalt roads;Dry;Daylight;Normal;Collision with roadside objects;2;1;Going straight;na;na;na;na;Driver;Normal;Not a Pedestrian;Changing lane to the right;Slight Injury
13:13:00;Wednesday;31-50;Male;Junior high school;Employee;Above 10yr;Automobile;Owner;Unknown;No defect;Other;Two-way (divided with broken lines road marking);Tangent road with flat terrain;No junction;Asphalt roads;Dry;Daylight;Normal;Vehicle with vehicle collision;2;1;Other;na;na;na;na;Driver;Normal;Not a Pedestrian;Driving carelessly;Slight Injury
13:13:00;Wednesday;Unknown;Female;Junior high school;Employee;1-2yr;Lorry (41?100Q);Organization;Above 10yr;No defect; Outside rural areas;Undivided Two way;Tangent road with flat terrain;No junction;Asphalt roads;Dry;Daylight;Normal;Vehicle with vehicle collision;2;1;Entering a junction;Driver or rider;Male;5;3;Driver;Normal;Not a Pedestrian;Overtaking;Slight Injury
17:51:00;Tuesday;18-30;Male;Junior high school;Employee;5-10yr;Automobile;Owner;Unknown;No defect;Other;other;Tangent road with flat terrain;No junction;Asphalt roads;Dry;Daylight;Normal;Vehicle with vehicle collision;2;1;Turnover;na;na;na;na;Other;Normal;Not a Pedestrian;Changing lane to the right;Slight Injury
17:51:00;Tuesday;31-50;Male;High school;Owner;2-5yr;Public (12 seats);Owner;Above 10yr;No defect;Residential areas;Two-way (divided with broken lines road marking);Tangent road with flat terrain;No junction;Asphalt roads;Dry;Daylight;Normal;Vehicle with vehicle collision;2;1;Going straight;Driver or rider;Female;Over 51;3;Employee;Normal;Not a Pedestrian;No distancing;Slight Injury
15:50:00;Monday;31-50;Male;Junior high school;Employee;2-5yr;Automobile;Owner;Above 10yr;;Office areas;Two-way (divided with broken lines road marking);Tangent road with flat terrain;No junction;Asphalt roads;Dry;Daylight;Normal;Vehicle with vehicle collision;4;1;Going straight;na;na;na;na;Driver;Normal;Not a Pedestrian;Other;Slight Injury
15:50:00;Monday;31-50;Male;Junior high school;Employee;5-10yr;Automobile;Owner;Unknown;;Office areas;Double carriageway (median);Tangent road with flat terrain;No junction;Asphalt roads;Dry;Daylight;Normal;Vehicle with vehicle collision;4;1;Going straight;Driver or rider;Male;18-30;3;Self-employed;Normal;Not a Pedestrian;Changing lane to the right;Slight Injury
15:50:00;Monday;31-50;Male;Junior high school;Employee;5-10yr;Lorry (41?100Q);;2-5yrs;; Hospital areas;One way;;No junction;Asphalt roads;Dry;Daylight;Normal;Collision with roadside objects;4;1;Going straight;Pedestrian;Female;31-50;3;Driver;Normal;Crossing from driver's nearside;Changing lane to the right;Slight Injury
15:50:00;Monday;18-30;Male;Junior high school;Employee;2-5yr;Automobile;Owner;Unknown;; Industrial areas;Two-way (divided with broken lines road marking);Tangent road with flat terrain;No junction;Asphalt roads;Dry;Daylight;Normal;Vehicle with vehicle collision;4;1;Going straight;Pedestrian;Male;5;3;;;Not a Pedestrian;Overtaking;Slight Injury
15:45:00;Tuesday;Unknown;Male;High school;Employee;Above 10yr;Motorcycle;Owner;2-5yrs;No defect;Other;Undivided Two way;Tangent road with flat terrain;No junction;Asphalt roads;Dry;Daylight;Normal;Collision with roadside objects;2;3;Going straight;Passenger;Female;31-50;2;Driver;Normal;Not a Pedestrian;Other;Slight Injury
15:45:00;Tuesday;18-30;Male;Elementary school;Employee;5-10yr;;Owner;;;Office areas;Undivided Two way;Tangent road with flat terrain;No junction;Asphalt roads;Dry;Daylight;Normal;Vehicle with vehicle collision;2;3;Going straight;na;na;na;na;Driver;Normal;Not a Pedestrian;Driving to the left;Slight Injury
15:45:00;Tuesday;18-30;Male;Junior high school;Employee;Above 10yr;Automobile;Owner;Unknown;No defect;Office areas;other;Tangent road with flat terrain;No junction;Asphalt roads;Dry;Daylight;Normal;Vehicle with vehicle collision;2;3;Going straight;Driver or rider;Male;31-50;3;Self-employed;Normal;Not a Pedestrian;Overtaking;Slight Injury
15:45:00;Tuesday;18-30;Male;Writing & reading;Employee;2-5yr;Automobile;Owner;Unknown;;Residential areas;Two-way (divided with broken lines road marking);Tangent road with flat terrain;No junction;Other;Dry;Daylight;Normal;Vehicle with vehicle collision;2;3;Getting off;Driver or rider;Male;18-30;3;Self-employed;Normal;Not a Pedestrian;No priority to vehicle;Slight Injury
15:30:00;Monday;18-30;Male;Junior high school;Employee;2-5yr;Automobile;Owner;Unknown;;Residential areas;;Tangent road with flat terrain;No junction;Asphalt roads;Dry;Daylight;Normal;Collision with roadside objects;2;1;Getting off;Pedestrian;Female;31-50;3;Driver;Normal;Crossing from nearside - masked by parked or statioNot a Pedestrianry vehicle;Moving Backward;Slight Injury
15:30:00;Monday;Over 51;Male;High school;Employee;2-5yr;Public (> 45 seats);Owner;Unknown;No defect;School areas;Two-way (divided with broken lines road marking);Tangent road with flat terrain;No junction;Asphalt roads;Dry;Daylight;Normal;Collision with roadside objects;2;1;Getting off;na;na;na;na;Driver;Normal;Not a Pedestrian;Other;Slight Injury
13:37:00;Friday;31-50;Male;Junior high school;Employee;1-2yr;;Governmental;Unknown;No defect;Other;Two-way (divided with broken lines road marking);Tangent road with flat terrain;Y Shape;Asphalt roads;Dry;Daylight;Unknown;Vehicle with vehicle collision;2;1;Moving Backward;Driver or rider;Male;31-50;3;Self-employed;Normal;Not a Pedestrian;No priority to vehicle;Slight Injury
13:37:00;Friday;31-50;Male;High school;Employee;5-10yr;Automobile;Governmental;Unknown;No defect;  Market areas;Undivided Two way;Tangent road with flat terrain;Y Shape;Asphalt roads;Dry;Daylight;Unknown;Vehicle with vehicle collision;2;1;Going straight;Pedestrian;Female;18-30;3;Driver;Normal;Crossing from offside - masked by  parked or statioNot a Pedestrianry vehicle;No priority to pedestrian;Slight Injury
05:42:00;Monday;Over 51;Male;Elementary school;Employee;2-5yr;Automobile;Owner;Unknown;No defect;Office areas;other;Tangent road with flat terrain;No junction;Asphalt roads;Dry;Daylight;Normal;Vehicle with vehicle collision;2;1;Going straight;Driver or rider;Female;31-50;3;Self-employed;Normal;Not a Pedestrian;Changing lane to the right;Slight Injury
05:42:00;Monday;Under 18;Male;Junior high school;Employee;1-2yr;Other;Owner;Unknown;No defect; Church areas;Two-way (divided with broken lines road marking);Tangent road with flat terrain;No junction;Asphalt roads;Dry;Daylight;Normal;Vehicle with vehicle collision;2;1;Waiting to go;Passenger;Female;31-50;3;Driver;Normal;Not a Pedestrian;Changing lane to the right;Slight Injury
08:30:00;Tuesday;Unknown;Male;Elementary school;Employee;1-2yr;Stationwagen;Governmental;Unknown;No defect; Church areas;Two-way (divided with broken lines road marking);Tangent road with flat terrain;No junction;Asphalt roads;Dry;Daylight;Unknown;Vehicle with vehicle collision;2;1;Going straight;na;na;na;na;Driver;Normal;Not a Pedestrian;Changing lane to the right;Slight Injury
08:30:00;Tuesday;31-50;Male;High school;Employee;No Licence;Lorry (41?100Q);Owner;Unknown;No defect;Residential areas;Double carriageway (median);Tangent road with flat terrain;No junction;Asphalt roads;Dry;Daylight;Unknown;Vehicle with vehicle collision;2;1;Going straight;Driver or rider;Male;31-50;3;Driver;Normal;Not a Pedestrian;Driving to the left;Slight Injury
21:08:00;Saturday;31-50;Male;Junior high school;Owner;5-10yr;Taxi;Owner;Above 10yr;No defect;Residential areas;Two-way (divided with broken lines road marking);Tangent road with flat terrain;Y Shape;Asphalt roads;Dry;Darkness - lights lit;Normal;Vehicle with vehicle collision;2;1;Going straight;na;na;na;na;Driver;Normal;Not a Pedestrian;Changing lane to the left;Slight Injury
21:08:00;Saturday;Unknown;Female;Junior high school;Employee;1-2yr;Other;Owner;Unknown;No defect;Residential areas;Double carriageway (median);Tangent road with flat terrain;Y Shape;Other;Dry;Darkness - lights lit;Normal;Collision with roadside objects;2;1;Reversing;Pedestrian;Male;Over 51;3;Driver;Normal;Not a Pedestrian;Moving Backward;Slight Injury
15:48:00;Monday;31-50;Male;Junior high school;Employee;2-5yr;Public (12 seats);Owner;Above 10yr;No defect;Residential areas;Two-way (divided with broken lines road marking);Tangent road with flat terrain;Other;Asphalt roads;Dry;Daylight;Normal;Collision with roadside objects;2;2;Going straight;na;na;na;na;;;Not a Pedestrian;Driving at high speed;Slight Injury
15:48:00;Monday;Under 18;Male;Junior high school;Employee;5-10yr;Automobile;Owner;1-2yr;No defect;Other;Double carriageway (median);Tangent road with flat terrain;Other;Asphalt roads;Dry;Daylight;Normal;Collision with roadside objects;2;2;Going straight;Driver or rider;Male;31-50;2;Driver;Normal;Not a Pedestrian;Moving Backward;Slight Injury