Time;Day_of_week;Age_band_of_driver;Sex_of_driver;Educational_level;Vehicle_driver_relation;Driving_experience;Type_of_vehicle;Owner_of_vehicle;Service_year_of_vehicle;Defect_of_vehicle;Area_accident_occured;Lanes_or_Medians;Road_allignment;Types_of_Junction;Road_surface_type;Road_surface_conditions;Light_conditions;Weather_conditions;Type_of_collision;Number_of_vehicles_involved;Number_of_casualties;Vehicle_movement;Casualty_class;Sex_of_casualty;Age_band_of_casualty;Casualty_severity;Work_of_casuality;Fitness_of_casuality;Pedestrian_movement;Cause_of_accident;Accident_severity
19:15:00;Wednesday;31-50;Male;;;;Long lorry;Owner;Unknown;No defect;Other;other;Tangent road with flat terrain;Other;Asphalt roads;Dry;Daylight;Normal;Collision with roadside objects;2;1;Going straight;Pedestrian;Male;18-30;3;Driver;Normal;Not a Pedestrian;Driving carelessly;Slight Injury
19:15:00;Wednesday;Unknown;Male;;;;Long lorry;Owner;Unknown;;Other;other;Tangent road with flat terrain;Other;Asphalt roads;Dry;Daylight;Normal;Collision with pedestrians;2;1;Turnover;na;na;na;na;Driver;Normal;Not a Pedestrian;No distancing;Slight Injury
06:28:00;Wednesday;31-50;Male;Junior high school;Employee;2-5yr;Automobile;Owner;5-10yrs;;Other;One way;Tangent road with flat terrain;No junction;Asphalt roads;Dry;Daylight;Normal;Vehicle with vehicle collision;2;1;Going straight;na;na;na;na;;;Not a Pedestrian;Getting off the vehicle improperly;Slight Injury
06:28:00;Wednesday;31-50;Male;Junior high school;Employee;Above 10yr;Stationwagen;Owner;Unknown;No defect;Other;Two-way (divided with broken lines road marking);Tangent road with flat terrain;No junction;Asphalt roads;Dry;Daylight;Normal;Vehicle with vehicle collision;2;1;Going straight;Driver or rider;Male;31-50;3;Driver;Normal;Not a Pedestrian;Driving under the influence of drugs;Slight Injury
13:15:00;Monday;18-30;Male;Junior high school;Owner;Above 10yr;;Owner;2-5yrs;No defect;Other;other;Tangent road with flat terrain;No junction;Asphalt roads;Dry;Daylight;Normal;Collision with roadside objects;2;2;Going straight;Driver or rider;Female;31-50;3;Driver;Normal;Not a Pedestrian;Changing lane to the right;Slight Injury
13:15:00;Monday;18-30;Male;;;;Other;Owner;Unknown;No defect;School areas;Undivided Two way;Tangent road with flat terrain;No junction;Asphalt roads;Dry;Daylight;Normal;Vehicle with vehicle collision;2;2;Going straight;na;na;na;na;Self-employed;Normal;Not a Pedestrian;Driving carelessly;Slight Injury
13:15:00;Monday;18-30;Male;Elementary school;Owner;Above 10yr;Special vehicle;Owner;;No defect;Office areas;Two-way (divided with broken lines road marking);Tangent road with flat terrain;No junction;Asphalt roads;Dry;Daylight;Normal;Vehicle with vehicle collision;2;2;Reversing;Pedestrian;Male;Over 51;3;Driver;Normal;Not a Pedestrian;Moving Backward;Slight Injury
14:30:00;Monday;Over 51;Male;;;;Lorry (41?100Q);Owner;Unknown;No defect;Office areas;Two-way (divided with broken lines road marking);Tangent road with flat terrain;No junction;Asphalt roads;Dry;Daylight;Normal;Vehicle with vehicle collision;2;1;Going straight;na;na;na;na;;;Not a Pedestrian;Turnover;Slight Injury
14:30:00;Monday;Over 51;Male;Junior high school;Owner;5-10yr;Pick up upto 10Q;Owner;5-10yrs;No defect;Office areas;Two-way (divided with broken lines road marking);Tangent road with flat terrain;No junction;Asphalt roads;Dry;Daylight;Normal;Vehicle with vehicle collision;2;1;Turnover;Driver or rider;Female;Under 18;3;Unknown;Normal;Not a Pedestrian;Changing lane to the right;Slight Injury
20:20:00;Wednesday;31-50;Male;Junior high school;Owner;Above 10yr;Lorry (11?40Q);Owner;Unknown;No defect;School areas;;Tangent road with flat terrain;Y Shape;Asphalt roads;Dry;Daylight;Normal;Vehicle with vehicle collision;2;1;Going straight;na;na;na;na;Driver;Normal;Not a Pedestrian;Driving carelessly;Serious Injury
20:20:00;Wednesday;31-50;Male;High school;Owner;Above 10yr;Lorry (41?100Q);Governmental;;No defect;School areas;Undivided Two way;Tangent road with flat terrain;Y Shape;Gravel roads;Dry;Daylight;Normal;Vehicle with vehicle collision;2;1;Going straight;na;na;na;na;;;Not a Pedestrian;No priority to vehicle;Serious Injury
06:15:00;Tuesday;31-50;Male;;;;Motorcycle;Owner;;No defect;Office areas;Two-way (divided with broken lines road marking);Tangent road with flat terrain;Crossing;Asphalt roads;Dry;Daylight;Unknown;Vehicle with vehicle collision;2;1;Going straight;Driver or rider;Male;31-50;3;Driver;Normal;Not a Pedestrian;Moving Backward;Slight Injury
06:15:00;Tuesday;31-50;Male;Elementary school;Employee;5-10yr;Automobile;Owner;;No defect;Office areas;Two-way (divided with broken lines road marking);Tangent road with flat terrain;Crossing;Asphalt roads;Dry;Daylight;Unknown;Vehicle with vehicle collision;2;1;Going straight;na;na;na;na;Other;Normal;Not a Pedestrian;Changing lane to the left;Slight Injury
14:45:00;Saturday;Over 51;Male;Elementary school;Owner;Above 10yr;Automobile;Governmental;Above 10yr;No defect;School areas;Two-way (divided with broken lines road marking);Tangent road with flat terrain;Y Shape;Asphalt roads;Dry;Daylight;Normal;Collision with roadside objects;2;1;Going straight;na;na;na;na;Other;Normal;Not a Pedestrian;Overturning;Slight Injury
14:45:00;Saturday;31-50;Male;Junior high school;Owner;Below 1yr;Automobile;Owner;1-2yr;No defect;;Two-way (divided with broken lines road marking);Tangent road with flat terrain;Y Shape;Other;Dry;Daylight;Normal;Collision with roadside objects;2;1;Getting off;Driver or rider;Female;18-30;3;Self-employed;Normal;Not a Pedestrian;No distancing;Slight Injury
12:10:00;Saturday;18-30;Male;Junior high school;Owner;2-5yr;Stationwagen;Owner;Above 10yr;No defect;Other;Two-way (divided with broken lines road marking);Tangent road with flat terrain;No junction;Asphalt roads;Dry;Daylight;Normal;Collision with roadside objects;1;1;Moving Backward;Pedestrian;Female;Over 51;2;Driver;Normal;Unknown or other;Driving carelessly;Fatal injury
18:10:00;Tuesday;18-30;Male;Junior high school;Owner;2-5yr;;Owner;Below 1yr;No defect;Other;Undivided Two way;Tangent road with flat terrain;No junction;Other;Dry;Daylight;Normal;Vehicle with vehicle collision;2;1;Going straight;na;na;na;na;Driver;Normal;Not a Pedestrian;No distancing;Slight Injury
18:10:00;Tuesday;Unknown;Male;High school;Owner;5-10yr;Public (> 45 seats);Owner;Above 10yr;No defect;Other;Two-way (divided with broken lines road marking);Tangent road with flat terrain;No junction;Asphalt roads;Dry;Daylight;Normal;Collision with pedestrians;2;1;Turnover;na;na;na;na;Driver;Normal;Not a Pedestrian;Changing lane to the left;Slight Injury
06:51:00;Monday;18-30;Male;Junior high school;Owner;;Public (> 45 seats);Owner;Unknown;No defect;Residential areas;Undivided Two way;Tangent road with flat terrain;No junction;Asphalt roads;Dry;Daylight;Normal;Vehicle with vehicle collision;2;1;Going straight;Driver or rider;Male;31-50;3;;;Not a Pedestrian;No priority to pedestrian;Slight Injury
06:51:00;Monday;31-50;Male;;Owner;Below 1yr;Stationwagen;Governmental;1-2yr;No defect;Other;Undivided Two way;Tangent road with flat terrain;No junction;Asphalt roads;Dry;Daylight;Normal;Collision with pedestrians;2;1;;Pedestrian;Female;Over 51;3;;;Crossing from nearside - masked by parked or statioNot a Pedestrianry vehicle;No distancing;Slight Injury
14:30:00;Wednesday;Unknown;Male;Elementary school;Owner;Above 10yr;Automobile;Owner;1-2yr;No defect;Other;Undivided Two way;Tangent road with flat terrain;No junction;Asphalt roads;Dry;Daylight;Normal;Vehicle with vehicle collision;2;2;Going straight;Pedestrian;Female;31-50;3;Driver;Normal;Not a Pedestrian;No distancing;Slight Injury
14:30:00;Wednesday;Over 51;Male;Elementary school;Owner;Below 1yr;Bicycle;Owner;;No defect; Industrial areas;Undivided Two way;Tangent road with flat terrain;No junction;Asphalt roads;Dry;Daylight;Normal;Collision with pedestrians;2;2;Going straight;Driver or rider;Male;18-30;3;Other;Normal;Not a Pedestrian;Changing lane to the left;Slight Injury
14:30:00;Wednesday;Over 51;Male;Junior high school;Owner;5-10yr;Automobile;Owner;;No defect;  Recreational areas;Undivided Two way;Tangent road with flat terrain;No junction;Asphalt roads;Dry;Daylight;Normal;Vehicle with vehicle collision;2;2;Going straight;na;na;na;na;Driver;Normal;Not a Pedestrian;No distancing;Slight Injury
15:40:00;Saturday;Unknown;Female;Junior high school;Owner;5-10yr;Lorry (41?100Q);Owner;Above 10yr;No defect; Church areas;Two-way (divided with broken lines road marking);Tangent road with flat terrain;Y Shape;Asphalt roads;Dry;Daylight;Normal;Vehicle with vehicle collision;2;1;Going straight;Driver or rider;Female;18-30;3;;;Not a Pedestrian;Changing lane to the left;Slight Injury
15:40:00;Saturday;18-30;Male;;Owner;;Automobile;Owner;;;Office areas;Two-way (divided with broken lines road marking);Tangent road with flat terrain;Y Shape;Asphalt roads;Dry;Daylight;Normal;Vehicle with vehicle collision;2;1;Turnover;na;na;na;na;Driver;Normal;Not a Pedestrian;No distancing;Slight Injury
16:17:00;Wednesday;18-30;Male;Junior high school;Employee;1-2yr;Public (13?45 seats);Owner;;;Other;Two-way (divided with broken lines road marking);Tangent road with flat terrain;No junction;Asphalt roads;Wet or damp;Daylight;Raining;Vehicle with vehicle collision;2;1;Turnover;Driver or rider;Male;18-30;3;Driver;Normal;Not a Pedestrian;No distancing;Slight Injury
16:17:00;Wednesday;31-50;Male;High school;Owner;5-10yr;Special vehicle;Owner;;;Office areas;Undivided Two way;Tangent road with flat terrain;No junction;Asphalt roads;Wet or damp;Daylight;Raining;Vehicle with vehicle collision;2;1;Going straight;Pedestrian;Male;18-30;3;Employee;Normal;Not a Pedestrian;No distancing;Slight Injury
18:16:00;Thursday;31-50;Male;Junior high school;Employee;5-10yr;Automobile;Owner;;;Office areas;Two-way (divided with broken lines road marking);Tangent road with flat terrain;No junction;Asphalt roads;Dry;Daylight;Normal;Vehicle with vehicle collision;2;1;Getting off;Passenger;Female;Over 51;3;;;Not a Pedestrian;Changing lane to the left;Slight Injury
18:16:00;Thursday;31-50;Male;Junior high school;Employee;5-10yr;Public (13?45 seats);Owner;;;Other;Two-way (divided with broken lines road marking);Tangent road with flat terrain;No junction;Asphalt roads;Dry;Daylight;Normal;Vehicle with vehicle collision;2;1;Getting off;Passenger;Female;Over 51;3;Student;Normal;Not a Pedestrian;Changing lane to the right;Slight Injury
12:05:00;Thursday;18-30;Male;Junior high school;Employee;5-10yr;;Owner;Above 10yr;;Residential areas;Undivided Two way;Tangent road with flat terrain;Crossing;Asphalt roads;Dry;Daylight;Normal;Vehicle with vehicle collision;2;2;Going straight;Pedestrian;Male;18-30;3;Driver;Normal;Unknown or other;Moving Backward;Slight Injury
12:05:00;Thursday;31-50;Male;Junior high school;Employee;Above 10yr;Lorry (41?100Q);Owner;Above 10yr;;Office areas;other;Tangent road with mountainous terrain and;Crossing;Asphalt roads;Dry;Daylight;Normal;Vehicle with vehicle collision;2;2;Overtaking;na;na;na;na;Self-employed;Normal;Not a Pedestrian;Changing lane to the right;Slight Injury
12:15:00;Saturday;Over 51;Male;Junior high school;Employee;5-10yr;Lorry (41?100Q);Owner;Above 10yr;No defect;Residential areas;other;Tangent road with flat terrain;Y Shape;Asphalt roads;Dry;Daylight;Normal;Vehicle with vehicle collision;2;2;Reversing;Pedestrian;Female;31-50;3;Self-employed;Normal;Not a Pedestrian;No distancing;Slight Injury
12:15:00;Saturday;31-50;Male;Junior high school;Employee;No Licence;Public (12 seats);;;;School areas;Two-way (divided with broken lines road marking);Tangent road with flat terrain;Y Shape;Asphalt roads;Dry;Daylight;Normal;Vehicle with vehicle collision;2;2;Going straight;na;na;na;na;Driver;Normal;Not a Pedestrian;Overtaking;Slight Injury
12:15:00;Saturday;31-50;Male;Above high school;Employee;Below 1yr;Lorry (41?100Q);Owner;Above 10yr;No defect;Office areas;Two-way (divided with broken lines road marking);Sharp reverse curve;Y Shape;Asphalt roads;Dry;Daylight;Normal;Vehicle with vehicle collision;2;2;Getting off;Driver or rider;Male;31-50;3;;;Not a Pedestrian;Other;Slight Injury
07:21:00;Thursday;18-30;Male;Elementary school;Employee;5-10yr;Lorry (41?100Q);Owner;5-10yrs;No defect;Other;other;Tangent road with flat terrain;Crossing;Asphalt roads;Dry;Daylight;Normal;Rollover;1;1;Getting off;na;na;na;na;Driver;Normal;Not a Pedestrian;Other;Slight Injury
17:51:00;Friday;31-50;Male;Elementary school;Employee;5-10yr;Public (12 seats);Owner;Above 10yr;No defect;Other;Undivided Two way;Tangent road with flat terrain;Y Shape;Asphalt roads;Dry;Daylight;Normal;Collision with roadside objects;2;1;Reversing;Driver or rider;Male;31-50;3;Driver;Normal;Not a Pedestrian;Changing lane to the right;Slight Injury
17:51:00;Friday;31-50;Male;Junior high school;Employee;5-10yr;Public (> 45 seats);Owner;Above 10yr;No defect; Church areas;other;Tangent road with flat terrain;Y Shape;Asphalt roads;Dry;Daylight;Normal;Vehicle with vehicle collision;2;1;Turnover;Driver or rider;Male;18-30;2;Self-employed;Normal;Not a Pedestrian;No priority to pedestrian;Slight Injury
11:37:00;Saturday;31-50;Male;High school;Employee;5-10yr;Automobile;Owner;;No defect;Office areas;Two-way (divided with broken lines road marking);Tangent road with flat terrain;No junction;Asphalt roads;Dry;Daylight;Normal;Vehicle with vehicle collision;2;1;Moving Backward;na;na;na;na;Driver;Normal;Not a Pedestrian;No priority to vehicle;Slight Injury
11:37:00;Saturday;31-50;Male;Junior high school;Employee;5-10yr;Pick up upto 10Q;Owner;;No defect;Other;Two-way (divided with broken lines road marking);Tangent road with flat terrain;No junction;Earth roads;Dry;Daylight;Normal;Vehicle with vehicle collision;2;1;Going straight;Driver or rider;Male;18-30;3;;Normal;Not a Pedestrian;Changing lane to the left;Slight Injury
20:58:00;Saturday;Over 51;Male;Junior high school;Employee;2-5yr;Stationwagen;Owner;;No defect;Office areas;Two-way (divided with broken lines road marking);Tangent road with mild grade and flat terrain;Crossing;Asphalt roads;Dry;Darkness - lights lit;Normal;Collision with pedestrians;1;1;Going straight;na;na;na;na;Driver;Normal;Not a Pedestrian;Changing lane to the left;Serious Injury
18:40:00;Friday;Unknown;Male;Writing & reading;Employee;5-10yr;Other;Owner;;No defect;Office areas;Two-way (divided with broken lines road marking);Tangent road with flat terrain;Y Shape;Asphalt roads;Dry;Daylight;Normal;Collision with pedestrians;2;2;Going straight;Pedestrian;Male;18-30;3;;;Unknown or other;Overtaking;Slight Injury
18:40:00;Friday;18-30;Male;Junior high school;Employee;Above 10yr;;Owner;Above 10yr;No defect;Office areas;Two-way (divided with broken lines road marking);Sharp reverse curve;Y Shape;Asphalt roads;Dry;Daylight;Normal;Vehicle with vehicle collision;2;2;Going straight;Pedestrian;Male;18-30;3;Driver;Normal;Crossing from driver's nearside;No distancing;Slight Injury
18:40:00;Friday;18-30;Male;Junior high school;Employee;1-2yr;Automobile;Owner;Above 10yr;No defect; Church areas;Undivided Two way;Sharp reverse curve;Y Shape;Asphalt roads;Dry;Daylight;Normal;Vehicle with vehicle collision;2;2;Reversing;Passenger;Female;18-30;3;;;Not a Pedestrian;No priority to vehicle;Slight Injury
17:17:00;Friday;Unknown;Male;Writing & reading;Employee;Below 1yr;Stationwagen;Owner;Above 10yr;No defect;Office areas;Undivided Two way;Gentle horizontal curve;Crossing;Asphalt roads;Dry;Daylight;Other;Collision with pedestrians;2;1;Going straight;Driver or rider;Male;31-50;3;Self-employed;NormalNormal;Not a Pedestrian;Changing lane to the right;Slight Injury
17:17:00;Friday;Over 51;Male;Elementary school;Employee;1-2yr;Pick up upto 10Q;Owner;5-10yrs;No defect;Other;Double carriageway (median);Gentle horizontal curve;Crossing;Asphalt roads;Dry;Daylight;Other;Collision with pedestrians;2;1;Going straight;na;na;na;na;Driver;Normal;Not a Pedestrian;Changing lane to the left;Slight Injury
03:30:00;Saturday;18-30;Male;Junior high school;Employee;5-10yr;Lorry (41?100Q);Owner;;;Other;Two-way (divided with broken lines road marking);Tangent road with flat terrain;No junction;Asphalt roads;Dry;Darkness - lights lit;Normal;Collision with pedestrians;1;1;Going straight;Passenger;Male;Over 51;2;Driver;Normal;Not a Pedestrian;No distancing;Slight Injury
18:48:00;Friday;18-30;Male;Junior high school;Employee;1-2yr;Automobile;Owner;5-10yrs;No defect; Church areas;Unknown;Tangent road with mountainous terrain and;No junction;Asphalt roads;Dry;Daylight;Normal;Vehicle with vehicle collision;2;1;Going straight;Driver or rider;Male;18-30;3;Other;Normal;Not a Pedestrian;Driving carelessly;Slight Injury
18:48:00;Friday;Unknown;Male;Elementary school;Owner;5-10yr;;Owner;1-2yr;;School areas;Undivided Two way;Tangent road with flat terrain;No junction;Asphalt roads;Dry;Daylight;Normal;Collision with roadside objects;2;1;Getting off;na;na;na;na;;;Not a Pedestrian;No priority to pedestrian;Slight Injury
18:33:00;Saturday;18-30;Male;Junior high school;Employee;2-5yr;Lorry (41?100Q);;;; Church areas;Two-way (divided with broken lines road marking);Tangent road with flat terrain;No junction;Asphalt roads;Dry;Daylight;Normal;Vehicle with vehicle collision;2;1;Going straight;Pedestrian;Female;31-50;3;;;Not a Pedestrian;Driving carelessly;Slight Injury
18:33:00;Saturday;31-50;Male;Junior high school;Owner;Below 1yr;Lorry (41?100Q);Owner;Above 10yr;;Office areas;Undivided Two way;Tangent road with flat terrain;No junction;Gravel roads;Dry;Daylight;Normal;Vehicle with vehicle collision;2;1;Going straight;Driver or rider;Male;31-50;3;Other;Normal;Not a Pedestrian;Moving Backward;Slight Injury
09:51:00;Sunday;31-50;Male;Writing & reading;Employee;5-10yr;Lorry (41?100Q);Owner;2-5yrs;No defect;Other;other;Tangent road with flat terrain;No junction;Asphalt roads;Dry;Daylight;Normal;Collision with roadside objects;2;1;Going straight;na;na;na;na;Driver;Normal;Not a Pedestrian;No distancing;Slight Injury
09:51:00;Sunday;Over 51;Male;Writing & reading;Employee;5-10yr;Pick up upto 10Q;Owner;Above 10yr;; Church areas;Two-way (divided with broken lines road marking);Steep grade upward with mountainous terrain;No junction;Earth roads;Dry;Daylight;Normal;Vehicle with vehicle collision;2;1;Going straight;na;na;na;na;Driver;Normal;Not a Pedestrian;No distancing;Slight Injury
10:49:00;Wednesday;Under 18;Male;Junior high school;Employee;5-10yr;Pick up upto 10Q;Governmental;1-2yr;No defect;Other;Double carriageway (median);Tangent road with flat terrain;Other;Asphalt roads;Dry;Daylight;Normal;Vehicle with vehicle collision;2;1;Reversing;Driver or rider;Male;18-30;3;;;Not a Pedestrian;No distancing;Slight Injury
10:49:00;Wednesday;18-30;Male;Junior high school;Employee;2-5yr;Automobile;Governmental;Above 10yr;;Other;Double carriageway (median);Tangent road with flat terrain;Other;Asphalt roads;Dry;Daylight;Normal;Vehicle with vehicle collision;2;1;Moving Backward;na;na;na;na;Driver;Normal;Not a Pedestrian;Changing lane to the left;Slight Injury
12:30:00;Saturday;31-50;Male;Junior high school;Employee;Above 10yr;Other;Organization;5-10yrs;No defect;Office areas;Two-way (divided with broken lines road marking);Gentle horizontal curve;No junction;Asphalt roads;Dry;Daylight;Normal;Vehicle with vehicle collision;1;1;Going straight;Driver or rider;Male;31-50;3;;;Not a Pedestrian;Changing lane to the left;Slight Injury
08:59:00;Thursday;31-50;Male;Junior high school;Employee;5-10yr;;Organization;Above 10yr;No defect;Other;Two-way (divided with broken lines road marking);Tangent road with flat terrain;Y Shape;Earth roads;Dry;Daylight;Normal;Collision with pedestrians;2;1;Going straight;na;na;na;na;Driver;Normal;Not a Pedestrian;Moving Backward;Slight Injury
08:59:00;Thursday;31-50;Male;Junior high school;Employee;Above 10yr;Automobile;Owner;2-5yrs;No defect;Other;Two-way (divided with broken lines road marking);Tangent road with flat terrain;Y Shape;Asphalt roads;Dry;Daylight;Normal;Rollover;2;1;Going straight;Driver or rider;Male;Under 18;3;Driver;Normal;Not a Pedestrian;Changing lane to the right;Slight Injury
10:40:00;Monday;Unknown;Male;Junior high school;Employee;2-5yr;Motorcycle;Governmental;;No defect;Residential areas;Two-way (divided with broken lines road marking);Tangent road with flat terrain;No junction;Asphalt roads;Dry;Daylight;Normal;Vehicle with vehicle collision;1;1;Going straight;na;na;na;na;;;Not a Pedestrian;No priority to vehicle;Slight Injury
15:45:00;Thursday;18-30;Male;Junior high school;Employee;Below 1yr;Automobile;Owner;2-5yrs;No defect;Office areas;Two-way (divided with broken lines road marking);Tangent road with flat terrain;No junction;Asphalt roads;Dry;Daylight;Unknown;Vehicle with vehicle collision;1;1;Going straight;na;na;na;na;;;Not a Pedestrian;Moving Backward;Slight Injury
16:00:00;Thursday;18-30;Male;Junior high school;Employee;Below 1yr;Automobile;Owner;2-5yrs;No defect; Church areas;One way;Tangent road with flat terrain;No junction;Asphalt roads;Dry;Daylight;Normal;Vehicle with vehicle collision;2;1;Going straight;Pedestrian;Male;31-50;3;;;Not a Pedestrian;Driving carelessly;Slight Injury
16:00:00;Thursday;18-30;Male;Junior high school;Owner;5-10yr;Public (12 seats);Owner;1-2yr;No defect;;Undivided Two way;Tangent road with flat terrain;No junction;Asphalt roads;Dry;Daylight;Normal;Collision with roadside objects;2;1;Turnover;na;na;na;na;;;Not a Pedestrian;Driving carelessly;Slight Injury
22:40:00;Friday;31-50;Male;Junior high school;Employee;2-5yr;Long lorry;Owner;Above 10yr;;  Market areas;other;Steep grade downward with mountainous terrain;No junction;Asphalt roads;Dry;Darkness - lights lit;Normal;Vehicle with vehicle collision;1;2;Going straight;Driver or rider;Male;18-30;3;Other;Normal;Not a Pedestrian;Driving under the influence of drugs;Slight Injury
22:40:00;Friday;31-50;Male;Elementary school;Employee;Below 1yr;;Owner;Above 10yr;;Other;Two-way (divided with broken lines road marking);Tangent road with mountainous terrain and;No junction;Asphalt roads;Dry;Darkness - lights lit;Normal;Rollover;1;2;Other;Driver or rider;Male;31-50;3;Self-employed;Normal;Not a Pedestrian;No priority to pedestrian;Slight Injury
11:20:00;Monday;Over 51;Male;Junior high school;Employee;2-5yr;Automobile;Owner;;No defect;Other;Undivided Two way;Tangent road with mountainous terrain and;No junction;Asphalt roads;Dry;Daylight;Normal;Collision with roadside objects;2;1;Going straight;na;na;na;na;;;Not a Pedestrian;No priority to vehicle;Serious Injury
11:20:00;Monday;Over 51;Male;Junior high school;Employee;5-10yr;Public (> 45 seats);Owner;;No defect; Church areas;Undivided Two way;Tangent road with flat terrain;No junction;Asphalt roads;Dry;Daylight;Normal;Vehicle with vehicle collision;2;1;Going straight;Pedestrian;Female;18-30;3;Student;Normal;Not a Pedestrian;Driving carelessly;Serious Injury
20:16:00;Sunday;31-50;Male;High school;Employee;Above 10yr;Pick up upto 10Q;Governmental;1-2yr;No defect;Residential areas;Undivided Two way;Tangent road with flat terrain;No junction;Asphalt roads;Dry;Darkness - lights lit;Normal;Vehicle with vehicle collision;2;2;Going straight;Driver or rider;Male;31-50;2;Other;Normal;Not a Pedestrian;Moving Backward;Slight Injury
20:16:00;Sunday;31-50;Male;High school;Employee;Above 10yr;Lorry (41?100Q);Owner;Unknown;No defect;Other;Undivided Two way;Tangent road with flat terrain;No junction;Asphalt roads;Dry;Darkness - lights lit;Normal;Vehicle with vehicle collision;2;2;Going straight;Passenger;Female;Under 18;3;Driver;Normal;Not a Pedestrian;Driving carelessly;Slight Injury
20:16:00;Sunday;31-50;Male;Junior high school;Employee;5-10yr;Automobile;Owner;Unknown;No defect;Other;Two-way (divided with broken lines road marking);Tangent road with flat terrain;No junction;Asphalt roads;Dry;Darkness - lights lit;Normal;Collision with pedestrians;2;2;Going straight;Driver or rider;Male;18-30;3;Other;Normal;Not a Pedestrian;No priority to vehicle;Slight Injury
06:20:00;Friday;Unknown;Male;Elementary school;Employee;1-2yr;Public (13?45 seats);Owner;Unknown;No defect;Other;Double carriageway (median);Tangent road with flat terrain;No junction;Asphalt roads;Dry;Daylight;Normal;Vehicle with vehicle collision;2;1;Moving Backward;Passenger;Male;31-50;3;Driver;Normal;Not a Pedestrian;Changing lane to the right;Slight Injury
06:20:00;Friday;31-50;Male;Elementary school;Employee;5-10yr;Automobile;Owner;;No defect;  Recreational areas;Two-way (divided with broken lines road marking);Tangent road with flat terrain;No junction;Asphalt roads;Dry;Daylight;Normal;Vehicle with vehicle collision;2;1;Moving Backward;Driver or rider;Male;18-30;2;Other;Normal;Not a Pedestrian;Changing lane to the left;Slight Injury
15:00:00;Saturday;31-50;Male;Junior high school;Employee;5-10yr;Public (> 45 seats);Owner;Unknown;No defect;  Recreational areas;One way;Tangent road with flat terrain;No junction;Asphalt roads;Dry;Daylight;Other;Vehicle with vehicle collision;2;1;Moving Backward;na;na;na;na;;Normal;Not a Pedestrian;No priority to vehicle;Slight Injury
15:00:00;Saturday;Under 18;Male;Junior high school;Employee;1-2yr;Public (12 seats);Owner;;No defect;Other;Two-way (divided with broken lines road marking);Tangent road with flat terrain;No junction;Asphalt roads;Dry;Daylight;Other;Vehicle with vehicle collision;2;1;Other;Driver or rider;Male;18-30;3;Driver;Normal;Not a Pedestrian;Driving carelessly;Slight Injury
00:43:00;Thursday;Unknown;Female;Junior high school;Owner;5-10yr;Automobile;Organization;1-2yr;No defect;Office areas;Two-way (divided with broken lines road marking);Tangent road with flat terrain;No junction;Asphalt roads;Dry;Darkness - lights lit;Normal;Vehicle with vehicle collision;1;1;Going straight;Pedestrian;Female;5;3;Driver;Normal;Unknown or other;Moving Backward;Slight Injury
05:15:00;Monday;18-30;Male;High school;Owner;Above 10yr;Lorry (41?100Q);Owner;2-5yrs;No defect;Residential areas;Two-way (divided with broken lines road marking);Tangent road with flat terrain;Crossing;Asphalt roads;Wet or damp;Darkness - lights lit;Raining;Collision with roadside objects;2;1;Unknown;Driver or rider;Female;31-50;3;Self-employed;Normal;Not a Pedestrian;No distancing;Slight Injury
05:15:00;Monday;18-30;Male;;Owner;Below 1yr;Automobile;Owner;2-5yrs;No defect;Other;Two-way (divided with broken lines road marking);Tangent road with flat terrain;Crossing;Asphalt roads;Wet or damp;Darkness - lights lit;Raining;Collision with roadside objects;2;1;Turnover;Passenger;Male;Under 18;3;;;Not a Pedestrian;Changing lane to the left;Slight Injury
21:48:00;Tuesday;31-50;Male;Writing & reading;Owner;5-10yr;Pick up upto 10Q;;1-2yr;;Residential areas;Undivided Two way;Steep grade downward with mountainous terrain;Y Shape;Asphalt roads;Wet or damp;Darkness - lights lit;Raining;Vehicle with vehicle collision;1;1;Getting off;na;na;na;na;;;Not a Pedestrian;Changing lane to the left;Serious Injury
18:30:00;Wednesday;Unknown;Male;Above high school;Employee;Above 10yr;Public (12 seats);Owner;;No defect; Church areas;Double carriageway (median);Tangent road with flat terrain;Y Shape;Earth roads;Dry;Darkness - lights lit;Normal;Vehicle with vehicle collision;2;1;Going straight;Passenger;Female;Over 51;3;Employee;Normal;Not a Pedestrian;No distancing;Slight Injury
18:30:00;Wednesday;Under 18;Male;High school;Employee;Below 1yr;Automobile;Owner;2-5yrs;;Other;One way;Tangent road with flat terrain;Y Shape;Asphalt roads;Dry;Darkness - lights lit;Normal;Vehicle with vehicle collision;2;1;Going straight;na;na;na;na;Driver;Normal;Not a Pedestrian;Changing lane to the left;Slight Injury
07:30:00;Tuesday;31-50;Male;Junior high school;Employee;1-2yr;Automobile;Owner;5-10yrs;No defect;Office areas;Two-way (divided with broken lines road marking);Tangent road with mountainous terrain and;No junction;Asphalt roads;Dry;Daylight;Normal;Vehicle with vehicle collision;2;1;Going straight;Driver or rider;Male;18-30;3;Other;Normal;Not a Pedestrian;Driving carelessly;Slight Injury