Time;Day_of_week;Age_band_of_driver;Sex_of_driver;Educational_level;Vehicle_driver_relation;Driving_experience;Type_of_vehicle;Owner_of_vehicle;Service_year_of_vehicle;Defect_of_vehicle;Area_accident_occured;Lanes_or_Medians;Road_allignment;Types_of_Junction;Road_surface_type;Road_surface_conditions;Light_conditions;Weather_conditions;Type_of_collision;Number_of_vehicles_involved;Number_of_casualties;Vehicle_movement;Casualty_class;Sex_of_casualty;Age_band_of_casualty;Casualty_severity;Work_of_casuality;Fitness_of_casuality;Pedestrian_movement;Cause_of_accident;Accident_severity
07:30:00;Tuesday;Unknown;Female;Junior high school;Employee;Above 10yr;Automobile;Owner;2-5yrs;;Other;Undivided Two way;Tangent road with flat terrain;No junction;Other;Dry;Daylight;Normal;Vehicle with vehicle collision;2;1;Turnover;Pedestrian;Male;Under 18;2;Driver;Normal;Not a Pedestrian;Changing lane to the left;Slight Injury
16:00:00;Thursday;Over 51;Male;Junior high school;Owner;Above 10yr;Stationwagen;Owner;Unknown;;  Recreational areas;Two-way (divided with broken lines road marking);Steep grade downward with mountainous terrain;T Shape;Asphalt roads;Dry;Daylight;Normal;Vehicle with vehicle collision;2;1;Reversing;Driver or rider;Male;Under 18;3;Driver;Normal;Not a Pedestrian;No distancing;Slight Injury
16:00:00;Thursday;18-30;Male;Junior high school;Employee;Above 10yr;Other;Owner;;No defect;Other;Undivided Two way;Tangent road with flat terrain;T Shape;Asphalt roads;Dry;Daylight;Normal;Vehicle with vehicle collision;2;1;Moving Backward;na;na;na;na;Driver;Normal;Not a Pedestrian;Changing lane to the right;Slight Injury
15:16:00;Wednesday;18-30;Male;Junior high school;Employee;No Licence;Other;Owner;1-2yr;No defect;Office areas;Two-way (divided with broken lines road marking);Tangent road with flat terrain;No junction;Asphalt roads;Dry;Daylight;Normal;Vehicle with vehicle collision;2;2;Other;Pedestrian;Male;31-50;3;Driver;Normal;Unknown or other;No distancing;Serious Injury
15:16:00;Wednesday;Over 51;Male;Junior high school;Employee;1-2yr;Other;Governmental;;No defect;Residential areas;Undivided Two way;Tangent road with flat terrain;No junction;Asphalt roads;Dry;Daylight;Normal;Vehicle with vehicle collision;2;2;Going straight;Pedestrian;Male;Over 51;3;Driver;Normal;Crossing from driver's nearside;Driving to the left;Serious Injury
15:16:00;Wednesday;Over 51;Male;Illiterate;Owner;1-2yr;Public (13?45 seats);Owner;Unknown;No defect;Office areas;One way;Tangent road with flat terrain;No junction;Asphalt roads;Dry;Daylight;Normal;Vehicle with vehicle collision;2;2;Going straight;na;na;na;na;Driver;Normal;Not a Pedestrian;No distancing;Serious Injury
15:40:00;Thursday;Over 51;Male;Junior high school;Owner;Below 1yr;Lorry (41?100Q);Owner;;No defect;Office areas;Two-way (divided with broken lines road marking);Tangent road with flat terrain;No junction;Asphalt roads;Dry;Daylight;Normal;Other;2;1;Going straight;Driver or rider;Male;18-30;3;Driver;Normal;Not a Pedestrian;Overtaking;Slight Injury
15:40:00;Thursday;Over 51;Male;Junior high school;Owner;1-2yr;Public (12 seats);Owner;Unknown;No defect; Church areas;Double carriageway (median);Tangent road with flat terrain;No junction;Asphalt roads;Dry;Daylight;Normal;Vehicle with vehicle collision;2;1;Going straight;na;na;na;na;Driver;Normal;Not a Pedestrian;Driving under the influence of drugs;Slight Injury
22:04:00;Saturday;31-50;Male;Junior high school;Owner;2-5yr;Automobile;Owner;;No defect; Church areas;Undivided Two way;Tangent road with flat terrain;No junction;Asphalt roads;Dry;Darkness - lights lit;Normal;Collision with roadside objects;2;3;Going straight;Driver or rider;Male;31-50;3;;Normal;Not a Pedestrian;No priority to pedestrian;Serious Injury
22:04:00;Saturday;18-30;Male;Unknown;Owner;5-10yr;Automobile;Owner;;No defect;Residential areas;Undivided Two way;Tangent road with flat terrain;No junction;Asphalt roads;Dry;Darkness - lights lit;Normal;Vehicle with vehicle collision;2;3;Going straight;Pedestrian;Female;18-30;3;;Normal;Not a Pedestrian;Moving Backward;Serious Injury
22:04:00;Saturday;18-30;Male;Unknown;Owner;Above 10yr;Stationwagen;Owner;;No defect;Other;Undivided Two way;Tangent road with flat terrain;No junction;Asphalt roads;Dry;Darkness - lights lit;Normal;Vehicle with vehicle collision;2;3;Going straight;Driver or rider;Male;Over 51;3;;Normal;Not a Pedestrian;Changing lane to the right;Serious Injury
08:10:00;Friday;31-50;Male;Junior high school;Owner;2-5yr;Lorry (41?100Q);Owner;Unknown;;Other;other;Tangent road with flat terrain;Other;Asphalt roads;Dry;Daylight;Normal;Vehicle with vehicle collision;3;2;Going straight;na;na;na;na;;Normal;Not a Pedestrian;Changing lane to the left;Slight Injury
08:10:00;Friday;31-50;Male;Elementary school;Owner;Above 10yr;Lorry (41?100Q);Owner;;No defect;;Undivided Two way;Tangent road with flat terrain;Other;Asphalt roads;Dry;Daylight;Normal;Vehicle with vehicle collision;3;2;Going straight;na;na;na;na;;Normal;Not a Pedestrian;Changing lane to the right;Slight Injury
08:10:00;Friday;31-50;Male;Writing & reading;Owner;5-10yr;Lorry (41?100Q);Owner;2-5yrs;;Residential areas;Undivided Two way;Tangent road with flat terrain;Other;Asphalt roads;Dry;Daylight;Normal;Vehicle with vehicle collision;3;2;Other;na;na;na;na;;Normal;Not a Pedestrian;Driving under the influence of drugs;Slight Injury
11:16:00;Sunday;18-30;Male;;Owner;;Public (> 45 seats);Owner;Unknown;;Office areas;Undivided Two way;Tangent road with flat terrain;No junction;Asphalt roads;Dry;Daylight;Normal;Vehicle with vehicle collision;2;5;Moving Backward;Driver or rider;Male;18-30;3;;Normal;Not a Pedestrian;No priority to vehicle;Fatal injury
11:16:00;Sunday;18-30;Male;Junior high school;Owner;5-10yr;Public (12 seats);Owner;Unknown;;Residential areas;Undivided Two way;Tangent road with flat terrain;No junction;Asphalt roads;Dry;Daylight;Normal;Collision with roadside objects;2;5;Going straight;na;na;na;na;;Normal;Not a Pedestrian;No priority to vehicle;Fatal injury
11:16:00;Sunday;18-30;Male;Junior high school;Owner;Below 1yr;Other;Owner;Unknown;No defect;Other;Two-way (divided with broken lines road marking);Tangent road with flat terrain;No junction;Asphalt roads;Dry;Daylight;Normal;Collision with roadside objects;2;5;Moving Backward;Pedestrian;Female;31-50;3;Driver;;Not a Pedestrian;Changing lane to the left;Fatal injury
11:16:00;Sunday;18-30;Male;Junior high school;Owner;2-5yr;Public (12 seats);Owner;;No defect;Other;Two-way (divided with broken lines road marking);Tangent road with flat terrain;No junction;Asphalt roads;Dry;Daylight;Normal;Vehicle with vehicle collision;2;5;Going straight;Driver or rider;Male;31-50;3;Driver;;Not a Pedestrian;Changing lane to the right;Fatal injury
11:16:00;Sunday;18-30;Male;Elementary school;Employee;2-5yr;Other;Owner;;No defect;  Recreational areas;Two-way (divided with broken lines road marking);Tangent road with flat terrain;No junction;Asphalt roads;Dry;Daylight;Normal;Collision with roadside objects;2;5;Moving Backward;Pedestrian;Male;31-50;3;Driver;Normal;Unknown or other;Changing lane to the right;Fatal injury
11:16:00;Sunday;18-30;Male;Junior high school;Employee;2-5yr;Public (12 seats);Owner;5-10yrs;; Church areas;One way;Tangent road with flat terrain;No junction;Asphalt roads;Dry;Daylight;Normal;Collision with roadside objects;2;5;;Driver or rider;Male;Under 18;3;Driver;Normal;Not a Pedestrian;Changing lane to the left;Fatal injury
20:35:00;Monday;Under 18;Male;Junior high school;Employee;2-5yr;Stationwagen;Owner;;;School areas;Two-way (divided with broken lines road marking);Tangent road with flat terrain;Y Shape;Asphalt roads;Dry;Darkness - lights lit;Normal;Vehicle with vehicle collision;2;1;Going straight;na;na;na;na;Driver;Normal;Not a Pedestrian;Changing lane to the left;Slight Injury
20:35:00;Monday;Under 18;Male;Junior high school;Employee;5-10yr;Automobile;Owner;2-5yrs;;Office areas;Undivided Two way;Tangent road with flat terrain;Y Shape;Gravel roads;Dry;Darkness - lights lit;Normal;Vehicle with vehicle collision;2;1;Going straight;na;na;na;na;;Normal;Not a Pedestrian;Getting off the vehicle improperly;Slight Injury
09:26:00;Wednesday;31-50;Male;Junior high school;Employee;5-10yr;Lorry (41?100Q);Owner;1-2yr;;Other;;Tangent road with flat terrain;Crossing;Asphalt roads;Dry;Daylight;Normal;Collision with roadside objects;2;1;Going straight;Driver or rider;Male;Under 18;3;Driver;Normal;Not a Pedestrian;Overtaking;Serious Injury
09:26:00;Wednesday;18-30;Male;Junior high school;Employee;Above 10yr;Special vehicle;Owner;5-10yrs;;Residential areas;Undivided Two way;Tangent road with flat terrain;Crossing;Asphalt roads;Dry;Daylight;Normal;Vehicle with vehicle collision;2;1;Going straight;na;na;na;na;Driver;Normal;Not a Pedestrian;Changing lane to the left;Serious Injury
12:15:00;Wednesday;Over 51;Male;Elementary school;Employee;5-10yr;Lorry (41?100Q);Owner;Above 10yr;;Other;Undivided Two way;Tangent road with flat terrain;No junction;Asphalt roads;Dry;Daylight;Normal;Vehicle with vehicle collision;2;1;Other;Driver or rider;Male;31-50;3;Self-employed;Normal;Not a Pedestrian;Driving under the influence of drugs;Slight Injury
12:15:00;Wednesday;Over 51;Male;Junior high school;Employee;5-10yr;Lorry (41?100Q);Owner;1-2yr;No defect;Other;other;Steep grade downward with mountainous terrain;No junction;Asphalt roads;Dry;Daylight;Normal;Vehicle with vehicle collision;2;1;Going straight;Pedestrian;Male;18-30;3;Driver;Normal;Not a Pedestrian;Driving carelessly;Slight Injury
14:45:00;Monday;Unknown;Male;Junior high school;Employee;Above 10yr;Public (> 45 seats);Owner;2-5yrs;;Office areas;One way;Steep grade downward with mountainous terrain;No junction;Asphalt roads;Wet or damp;Daylight;Raining;Vehicle with vehicle collision;2;1;Moving Backward;Driver or rider;Female;Under 18;3;Driver;Normal;Not a Pedestrian;Moving Backward;Slight Injury
14:45:00;Monday;31-50;Male;Elementary school;Owner;;Automobile;Owner;;No defect;Residential areas;Two-way (divided with broken lines road marking);Tangent road with flat terrain;No junction;Asphalt roads;Wet or damp;Daylight;Raining;Vehicle with vehicle collision;2;1;Moving Backward;na;na;na;na;Self-employed;Normal;Not a Pedestrian;No distancing;Slight Injury
09:25:00;Tuesday;Unknown;Male;Junior high school;Owner;5-10yr;Automobile;Owner;;No defect;Other;Two-way (divided with broken lines road marking);Tangent road with flat terrain;No junction;Asphalt roads;Dry;Daylight;Normal;Vehicle with vehicle collision;2;1;Moving Backward;Driver or rider;Male;31-50;3;;;Not a Pedestrian;No priority to vehicle;Slight Injury
09:25:00;Tuesday;31-50;Male;Junior high school;Employee;5-10yr;Automobile;Organization;2-5yrs;;Residential areas;Undivided Two way;Tangent road with flat terrain;No junction;Asphalt roads;Dry;Daylight;Normal;Collision with pedestrians;2;1;Going straight;na;na;na;na;Driver;Normal;Not a Pedestrian;Overturning;Slight Injury
14:20:00;Thursday;18-30;Male;Junior high school;Employee;Below 1yr;Public (> 45 seats);Owner;;No defect; Church areas;Two-way (divided with broken lines road marking);Tangent road with flat terrain;No junction;Asphalt roads;Wet or damp;Daylight;Raining;Vehicle with vehicle collision;2;2;Going straight;Passenger;Female;Under 18;3;Other;Normal;Not a Pedestrian;Changing lane to the left;Slight Injury
14:20:00;Thursday;18-30;Male;;;;Lorry (11?40Q);Governmental;;No defect;Residential areas;Two-way (divided with broken lines road marking);Tangent road with flat terrain;No junction;Asphalt roads;Wet or damp;Daylight;Raining;Collision with roadside objects;2;2;Going straight;na;na;na;na;Driver;Normal;Not a Pedestrian;No distancing;Slight Injury
17:30:00;Sunday;18-30;Male;Junior high school;Employee;5-10yr;Pick up upto 10Q;Owner;;No defect;Office areas;One way;Tangent road with flat terrain;Other;Asphalt roads;Dry;Daylight;Normal;Vehicle with vehicle collision;2;1;Going straight;Pedestrian;Female;18-30;2;Self-employed;Normal;Unknown or other;Moving Backward;Slight Injury
17:30:00;Sunday;18-30;Male;Junior high school;Employee;5-10yr;Lorry (11?40Q);Governmental;Below 1yr;No defect;Residential areas;Two-way (divided with broken lines road marking);Tangent road with flat terrain;Other;Asphalt roads;Dry;Daylight;Normal;Vehicle with vehicle collision;2;1;Other;Driver or rider;Male;18-30;2;Driver;Normal;Not a Pedestrian;No priority to vehicle;Slight Injury
20:31:00;Saturday;18-30;Male;Junior high school;Employee;Above 10yr;Pick up upto 10Q;Owner;Unknown;No defect;Other;One way;Tangent road with flat terrain;No junction;Asphalt roads;Dry;Darkness - lights lit;Normal;Vehicle with vehicle collision;1;1;Going straight;na;na;na;na;Driver;Normal;Not a Pedestrian;No priority to vehicle;Slight Injury
17:18:00;Wednesday;31-50;Male;High school;Employee;Above 10yr;Special vehicle;Owner;Unknown;; Industrial areas;Two-way (divided with broken lines road marking);Tangent road with flat terrain;Other;Asphalt roads;Dry;Darkness - lights lit;Normal;Vehicle with vehicle collision;2;1;Going straight;Pedestrian;Male;18-30;3;;;Unknown or other;No distancing;Slight Injury
17:18:00;Wednesday;31-50;Male;Junior high school;Employee;Above 10yr;Lorry (11?40Q);Owner;Unknown;; Church areas;Two-way (divided with broken lines road marking);Tangent road with flat terrain;Other;Asphalt roads;Dry;Darkness - lights lit;Normal;Vehicle with vehicle collision;2;1;Going straight;Pedestrian;Female;Over 51;3;Driver;Normal;Crossing from nearside - masked by parked or statioNot a Pedestrianry vehicle;No distancing;Slight Injury
15:34:00;Monday;Unknown;Male;Junior high school;Employee;Above 10yr;;Owner;2-5yrs;No defect;Residential areas;Undivided Two way;Steep grade downward with mountainous terrain;Crossing;Asphalt roads;Dry;Daylight;Normal;Vehicle with vehicle collision;3;1;Reversing;Driver or rider;Male;18-30;3;Driver;Normal;Not a Pedestrian;Overtaking;Serious Injury
15:34:00;Monday;18-30;Male;Junior high school;Employee;Above 10yr;;;;;;Two-way (divided with broken lines road marking);Tangent road with flat terrain;Crossing;Asphalt roads;Dry;Daylight;Normal;Vehicle with vehicle collision;3;1;Moving Backward;na;na;na;na;;;Not a Pedestrian;Driving under the influence of drugs;Serious Injury
15:34:00;Monday;31-50;Male;Junior high school;Employee;Above 10yr;Lorry (41?100Q);;;;;Two-way (divided with broken lines road marking);Tangent road with flat terrain;Crossing;Gravel roads;Dry;Daylight;Normal;Vehicle with vehicle collision;3;1;Going straight;Driver or rider;Male;18-30;3;;;Not a Pedestrian;Changing lane to the right;Serious Injury
08:46:00;Wednesday;Unknown;Male;Junior high school;Employee;5-10yr;Other;Owner;1-2yr;No defect;Office areas;Undivided Two way;Tangent road with flat terrain;No junction;Asphalt roads;Dry;Daylight;Normal;Vehicle with vehicle collision;1;1;Going straight;na;na;na;na;Driver;Normal;Not a Pedestrian;Changing lane to the left;Slight Injury
16:59:00;Saturday;Over 51;Male;Junior high school;Employee;2-5yr;Other;Owner;Above 10yr;No defect; Outside rural areas;Two-way (divided with broken lines road marking);Tangent road with mountainous terrain and;No junction;Gravel roads;Wet or damp;Darkness - lights lit;Other;Collision with roadside objects;1;1;Reversing;Driver or rider;Female;18-30;3;Driver;Normal;Not a Pedestrian;Driving carelessly;Serious Injury
21:30:00;Monday;Under 18;Male;Junior high school;Employee;Below 1yr;Automobile;Owner;Above 10yr;No defect; Church areas;Two-way (divided with broken lines road marking);Steep grade downward with mountainous terrain;No junction;Asphalt roads;Dry;Darkness - lights lit;Normal;Vehicle with vehicle collision;2;2;Going straight;na;na;na;na;;;Not a Pedestrian;Moving Backward;Slight Injury
21:30:00;Monday;Under 18;Male;Junior high school;Employee;Below 1yr;Other;Owner;;No defect;Office areas;other;Tangent road with mountainous terrain and;No junction;Asphalt roads;Dry;Darkness - lights lit;Normal;Collision with roadside objects;2;2;Reversing;Driver or rider;Male;31-50;3;;;Not a Pedestrian;Moving Backward;Slight Injury
21:30:00;Monday;Unknown;Male;Junior high school;Employee;2-5yr;Automobile;Owner;Above 10yr;; Church areas;Two-way (divided with broken lines road marking);Steep grade downward with mountainous terrain;No junction;Asphalt roads;Dry;Darkness - lights lit;Normal;Vehicle with vehicle collision;2;2;Other;na;na;na;na;Driver;Normal;Not a Pedestrian;Changing lane to the right;Slight Injury
09:30:00;Tuesday;31-50;Male;Elementary school;Employee;Below 1yr;Public (13?45 seats);;;;Office areas;other;Tangent road with mountainous terrain and;No junction;Asphalt roads;Dry;Daylight;Normal;Vehicle with vehicle collision;2;1;;na;na;na;na;Driver;Normal;Not a Pedestrian;No priority to vehicle;Slight Injury
09:30:00;Tuesday;Unknown;Male;Junior high school;Employee;Below 1yr;Lorry (41?100Q);Governmental;;No defect;Office areas;Undivided Two way;Tangent road with flat terrain;No junction;Asphalt roads;Dry;Daylight;Normal;;2;1;Going straight;Driver or rider;Male;5;3;;;Not a Pedestrian;Driving at high speed;Slight Injury
20:55:00;Saturday;31-50;Male;Junior high school;Employee;;;Owner;1-2yr;No defect;School areas;Two-way (divided with broken lines road marking);Tangent road with flat terrain;Y Shape;Asphalt roads;Wet or damp;Daylight;Normal;Collision with pedestrians;2;1;Going straight;Passenger;Male;Under 18;3;;;Not a Pedestrian;Driving under the influence of drugs;Slight Injury
20:55:00;Saturday;31-50;Male;;Employee;5-10yr;Automobile;Owner;Below 1yr;No defect;Residential areas;Two-way (divided with broken lines road marking);Tangent road with flat terrain;Y Shape;Asphalt roads;Wet or damp;Daylight;Normal;Vehicle with vehicle collision;2;1;Going straight;Driver or rider;Female;Over 51;3;Driver;Normal;Not a Pedestrian;Changing lane to the right;Slight Injury
18:10:00;Tuesday;Unknown;Female;Writing & reading;Employee;Below 1yr;;Owner;;No defect;Office areas;other;Tangent road with mountainous terrain and;Crossing;Asphalt roads;Wet or damp;Darkness - lights lit;Cloudy;Vehicle with vehicle collision;2;1;Going straight;na;na;na;na;Driver;Normal;Not a Pedestrian;Driving carelessly;Slight Injury
18:10:00;Tuesday;Under 18;Male;Junior high school;Employee;Below 1yr;Lorry (41?100Q);Owner;Unknown;No defect;Rural village areasOffice areas;other;Tangent road with flat terrain;Crossing;Asphalt roads;Wet or damp;Darkness - lights lit;Cloudy;Vehicle with vehicle collision;2;1;Going straight;na;na;na;na;;;Not a Pedestrian;No distancing;Slight Injury
13:15:00;Friday;31-50;Male;Junior high school;Employee;1-2yr;;Owner;Unknown;No defect;Other;Two-way (divided with broken lines road marking);Tangent road with flat terrain;Crossing;Asphalt roads;Wet or damp;Daylight;Normal;Collision with pedestrians;2;1;Going straight;na;na;na;na;Driver;;Not a Pedestrian;Changing lane to the left;Slight Injury
13:15:00;Friday;18-30;Male;Elementary school;Employee;Above 10yr;Lorry (41?100Q);Owner;Unknown;No defect;Residential areas;Undivided Two way;Tangent road with flat terrain;Crossing;Asphalt roads;Wet or damp;Daylight;Normal;Collision with roadside objects;2;1;Going straight;Driver or rider;Female;31-50;3;Driver;Normal;Not a Pedestrian;No distancing;Slight Injury
17:15:00;Tuesday;31-50;Male;Elementary school;Employee;Above 10yr;Taxi;Owner;Unknown;No defect;Office areas;Undivided Two way;Tangent road with flat terrain;Y Shape;Asphalt roads;Wet or damp;Darkness - lights lit;Normal;;4;1;Going straight;Passenger;Female;18-30;3;Driver;Normal;Not a Pedestrian;No distancing;Slight Injury
17:15:00;Tuesday;18-30;Male;Elementary school;Employee;Below 1yr;Lorry (41?100Q);Owner;Unknown;No defect;Office areas;Undivided Two way;Tangent road with flat terrain;Y Shape;Asphalt roads;Wet or damp;Darkness - lights lit;Normal;Vehicle with vehicle collision;4;1;Going straight;Driver or rider;Female;31-50;3;Driver;Normal;Not a Pedestrian;Getting off the vehicle improperly;Slight Injury
17:15:00;Tuesday;31-50;Male;High school;Employee;2-5yr;Lorry (41?100Q);Owner;Unknown;No defect;Residential areas;Undivided Two way;Tangent road with flat terrain;Y Shape;Asphalt roads;Wet or damp;Darkness - lights lit;Normal;;4;1;Going straight;na;na;na;na;Driver;Normal;Not a Pedestrian;Overtaking;Slight Injury
17:15:00;Tuesday;31-50;Male;Junior high school;Employee;2-5yr;Other;Owner;Unknown;No defect;Office areas;Undivided Two way;Tangent road with flat terrain;Y Shape;Asphalt roads;Wet or damp;Darkness - lights lit;Normal;;4;1;Going straight;Driver or rider;Male;31-50;3;;;Not a Pedestrian;Driving carelessly;Slight Injury
17:55:00;Tuesday;Over 51;Male;Above high school;Employee;Above 10yr;Stationwagen;Owner;Unknown;No defect;Office areas;Undivided Two way;Tangent road with flat terrain;No junction;Asphalt roads;Dry;Darkness - lights lit;Normal;;2;1;Going straight;na;na;na;na;Driver;;Not a Pedestrian;Driving under the influence of drugs;Fatal injury
17:55:00;Tuesday;18-30;Male;Junior high school;Employee;2-5yr;Stationwagen;Owner;Unknown;No defect;Office areas;;Tangent road with flat terrain;No junction;Asphalt roads;Dry;Darkness - lights lit;Normal;Vehicle with vehicle collision;2;1;Going straight;Pedestrian;Female;Over 51;3;Driver;Normal;Unknown or other;Moving Backward;Fatal injury
07:54:00;Wednesday;Under 18;Male;Junior high school;Employee;2-5yr;Lorry (41?100Q);Owner;Unknown;No defect;Office areas;Two-way (divided with broken lines road marking);Tangent road with flat terrain;Other;Asphalt roads;Wet or damp;Daylight;Normal;Vehicle with vehicle collision;2;1;Going straight;na;na;na;na;Self-employed;Normal;Not a Pedestrian;Overturning;Slight Injury
07:54:00;Wednesday;18-30;Male;High school;Employee;1-2yr;Lorry (41?100Q);Owner;Unknown;No defect;Other;Undivided Two way;Tangent road with flat terrain;Other;Asphalt roads;Wet or damp;Daylight;Normal;Collision with roadside objects;2;1;Going straight;Driver or rider;Male;Under 18;3;Employee;Normal;Not a Pedestrian;Driving under the influence of drugs;Slight Injury
12:43:00;Wednesday;18-30;Male;Junior high school;Employee;5-10yr;Other;Owner;Unknown;No defect;Other;Two-way (divided with broken lines road marking);Tangent road with flat terrain;No junction;Asphalt roads;Dry;Daylight;Normal;Collision with roadside objects;1;1;Moving Backward;Passenger;Female;Over 51;3;Driver;Normal;Not a Pedestrian;Changing lane to the right;Serious Injury
17:25:00;Wednesday;31-50;Male;Junior high school;Employee;Below 1yr;Automobile;Owner;2-5yrs;;Other;Two-way (divided with broken lines road marking);Tangent road with flat terrain;Y Shape;Asphalt roads;Wet or damp;Daylight;Other;Vehicle with vehicle collision;2;1;Going straight;na;na;na;na;Other;Normal;Not a Pedestrian;Changing lane to the left;Serious Injury
17:25:00;Wednesday;Unknown;Male;Junior high school;Employee;Below 1yr;;Owner;2-5yrs;;Residential areas;One way;Tangent road with flat terrain;Y Shape;Asphalt roads;Wet or damp;Daylight;Other;Vehicle with vehicle collision;2;1;Going straight;Driver or rider;Male;18-30;3;Self-employed;Normal;Not a Pedestrian;No distancing;Serious Injury
10:35:00;Sunday;31-50;Male;Elementary school;Employee;;Taxi;Owner;2-5yrs;;School areas;Undivided Two way;Tangent road with mild grade and flat terrain;Other;Asphalt roads;Dry;Daylight;Normal;Vehicle with vehicle collision;2;1;Going straight;Passenger;Male;Over 51;3;Self-employed;Normal;Not a Pedestrian;No distancing;Serious Injury
10:35:00;Sunday;18-30;Male;Junior high school;Employee;Below 1yr;Lorry (41?100Q);Owner;2-5yrs;;Residential areas;Undivided Two way;Tangent road with mild grade and flat terrain;Other;Asphalt roads;Dry;Daylight;Normal;Vehicle with vehicle collision;2;1;;Passenger;Male;Over 51;3;Employee;Normal;Not a Pedestrian;No priority to vehicle;Serious Injury
07:45:00;Monday;Unknown;Female;Junior high school;Employee;1-2yr;Other;Owner;2-5yrs;No defect;Office areas;Two-way (divided with broken lines road marking);Tangent road with flat terrain;No junction;Asphalt roads;Dry;Daylight;Other;Vehicle with vehicle collision;2;1;Turnover;na;na;na;na;Self-employed;Normal;Not a Pedestrian;Moving Backward;Slight Injury
07:45:00;Monday;18-30;Male;Elementary school;Employee;2-5yr;Automobile;Owner;;No defect; Church areas;One way;Tangent road with flat terrain;No junction;Asphalt roads;Dry;Daylight;Other;Rollover;2;1;Going straight;Driver or rider;Male;18-30;3;;;Not a Pedestrian;Moving Backward;Slight Injury
08:40:00;Wednesday;Unknown;Female;High school;Employee;1-2yr;Public (> 45 seats);Owner;;No defect;Other;Undivided Two way;Tangent road with flat terrain;No junction;Asphalt roads;Dry;Daylight;Normal;Vehicle with vehicle collision;1;1;Going straight;Passenger;Female;5;3;Driver;Normal;Not a Pedestrian;Getting off the vehicle improperly;Slight Injury
07:45:00;Thursday;18-30;Male;Junior high school;Employee;5-10yr;Stationwagen;Owner;2-5yrs;No defect;Other;One way;Tangent road with flat terrain;Crossing;Asphalt roads;Dry;Daylight;Normal;Collision with roadside objects;1;1;Going straight;na;na;na;na;Driver;Normal;Not a Pedestrian;Changing lane to the left;Slight Injury
15:50:00;Wednesday;18-30;Male;Junior high school;Employee;Below 1yr;Automobile;Owner;5-10yrs;No defect;Other;Two-way (divided with broken lines road marking);Tangent road with flat terrain;Y Shape;Asphalt roads;Dry;Daylight;Normal;Collision with pedestrians;2;3;Going straight;na;na;na;na;Driver;Normal;Not a Pedestrian;Changing lane to the left;Slight Injury
15:50:00;Wednesday;31-50;Male;High school;Employee;Above 10yr;Lorry (41?100Q);Owner;;No defect;Other;Two-way (divided with broken lines road marking);Tangent road with flat terrain;Y Shape;Asphalt roads;Dry;Daylight;Normal;Vehicle with vehicle collision;2;3;Going straight;Driver or rider;Male;18-30;3;Driver;Normal;Not a Pedestrian;No priority to vehicle;Slight Injury
15:50:00;Wednesday;31-50;Male;Elementary school;Owner;5-10yr;Other;Owner;;No defect;Office areas;Undivided Two way;Tangent road with flat terrain;Y Shape;Asphalt roads;Dry;Daylight;Normal;Vehicle with vehicle collision;2;3;Going straight;Pedestrian;Female;18-30;3;;;Crossing from driver's nearside;Changing lane to the right;Slight Injury
15:50:00;Wednesday;31-50;Male;Elementary school;Employee;Below 1yr;Public (13?45 seats);Owner;;No defect;Office areas;Two-way (divided with solid lines road marking);Tangent road with flat terrain;Y Shape;Asphalt roads;Dry;Daylight;Normal;Vehicle with vehicle collision;2;3;Going straight;na;na;na;na;Driver;Normal;Not a Pedestrian;Changing lane to the right;Slight Injury
17:00:00;Tuesday;Unknown;Male;Junior high school;Employee;5-10yr;Other;Owner;Unknown;No defect;Residential areas;Undivided Two way;Tangent road with flat terrain;No junction;Asphalt roads;Wet or damp;Darkness - lights lit;Normal;Vehicle with vehicle collision;2;1;Going straight;Driver or rider;Male;18-30;3;;;Not a Pedestrian;Driving carelessly;Slight Injury
17:00:00;Tuesday;18-30;Male;Elementary school;Owner;5-10yr;Other;Owner;Unknown;No defect;Office areas;One way;Tangent road with flat terrain;No junction;Asphalt roads;Wet or damp;Darkness - lights lit;Normal;Vehicle with vehicle collision;2;1;Going straight;na;na;na;na;Driver;Normal;Not a Pedestrian;Changing lane to the left;Slight Injury
17:55:00;Sunday;31-50;Male;Junior high school;Employee;2-5yr;Ridden horse;Owner;Unknown;No defect;Residential areas;Two-way (divided with broken lines road marking);Tangent road with flat terrain;Y Shape;Asphalt roads;Dry;Darkness - lights lit;Normal;Vehicle with vehicle collision;1;1;Turnover;Driver or rider;Male;31-50;3;Self-employed;Normal;Not a Pedestrian;Changing lane to the right;Serious Injury
11:10:00;Saturday;18-30;Male;Junior high school;Employee;Above 10yr;Lorry (41?100Q);Owner;Unknown;No defect;Office areas;Undivided Two way;Tangent road with flat terrain;Crossing;Asphalt roads;Wet or damp;Daylight;Raining;Vehicle with vehicle collision;2;3;;na;na;na;na;Driver;Normal;Not a Pedestrian;Driving under the influence of drugs;Slight Injury
11:10:00;Saturday;18-30;Male;Junior high school;Employee;5-10yr;Lorry (41?100Q);Owner;Unknown;No defect;Other;Two-way (divided with broken lines road marking);Tangent road with flat terrain;Crossing;Asphalt roads;Wet or damp;Daylight;Raining;Collision with roadside objects;2;3;Reversing;Driver or rider;Male;18-30;3;Driver;Normal;Not a Pedestrian;Driving carelessly;Slight Injury