Time;Day_of_week;Age_band_of_driver;Sex_of_driver;Educational_level;Vehicle_driver_relation;Driving_experience;Type_of_vehicle;Owner_of_vehicle;Service_year_of_vehicle;Defect_of_vehicle;Area_accident_occured;Lanes_or_Medians;Road_allignment;Types_of_Junction;Road_surface_type;Road_surface_conditions;Light_conditions;Weather_conditions;Type_of_collision;Number_of_vehicles_involved;Number_of_casualties;Vehicle_movement;Casualty_class;Sex_of_casualty;Age_band_of_casualty;Casualty_severity;Work_of_casuality;Fitness_of_casuality;Pedestrian_movement;Cause_of_accident;Accident_severity
11:10:00;Saturday;31-50;Male;High school;Employee;1-2yr;Pick up upto 10Q;Owner;Unknown;No defect;Office areas;One way;Tangent road with flat terrain;Crossing;Asphalt roads;Wet or damp;Daylight;Raining;Rollover;2;3;Other;Pedestrian;Male;Over 51;3;Self-employed;Normal;Crossing from nearside - masked by parked or statioNot a Pedestrianry vehicle;No distancing;Slight Injury
18:00:00;Tuesday;Unknown;Male;Junior high school;Employee;Above 10yr;Lorry (11?40Q);Owner;Unknown;No defect;School areas;Undivided Two way;Tangent road with flat terrain;T Shape;Asphalt roads;Dry;Darkness - lights lit;Normal;Vehicle with vehicle collision;2;5;Going straight;Pedestrian;Male;Over 51;3;Driver;Normal;Not a Pedestrian;No priority to vehicle;Slight Injury
18:00:00;Tuesday;Under 18;Male;Elementary school;Owner;2-5yr;Automobile;Owner;;;Residential areas;One way;Tangent road with flat terrain;T Shape;Asphalt roads;Dry;Darkness - lights lit;Normal;Collision with pedestrians;2;5;Going straight;Pedestrian;Female;Over 51;3;Driver;Normal;Not a Pedestrian;No priority to vehicle;Slight Injury
18:00:00;Tuesday;Under 18;Male;Junior high school;Employee;5-10yr;Automobile;Owner;;;Office areas;Undivided Two way;Tangent road with flat terrain;T Shape;Asphalt roads;Dry;Darkness - lights lit;Normal;Vehicle with vehicle collision;2;5;Turnover;na;na;na;na;Self-employed;Normal;Not a Pedestrian;No priority to vehicle;Slight Injury
18:00:00;Tuesday;Under 18;Male;Junior high school;Employee;Below 1yr;Pick up upto 10Q;Owner;Unknown;No defect;Residential areas;Undivided Two way;Tangent road with flat terrain;T Shape;Asphalt roads;Dry;Darkness - lights lit;Normal;Vehicle with vehicle collision;2;5;Other;Driver or rider;Female;5;2;;;Not a Pedestrian;Changing lane to the left;Slight Injury
18:00:00;Tuesday;Under 18;Male;Junior high school;Employee;5-10yr;Automobile;Owner;Above 10yr;;Office areas;Undivided Two way;Tangent road with flat terrain;T Shape;Asphalt roads;Dry;Darkness - lights lit;Normal;Collision with pedestrians;2;5;Going straight;Driver or rider;Male;Over 51;3;Self-employed;Normal;Not a Pedestrian;Moving Backward;Slight Injury
18:00:00;Tuesday;Under 18;Male;High school;Employee;Above 10yr;Other;Owner;Above 10yr;;Residential areas;One way;Tangent road with flat terrain;T Shape;Asphalt roads;Dry;Darkness - lights lit;Normal;Collision with pedestrians;2;5;Going straight;na;na;na;na;Self-employed;Normal;Not a Pedestrian;Driving carelessly;Slight Injury
15:35:00;Friday;Unknown;Male;Junior high school;Employee;5-10yr;Lorry (41?100Q);Owner;Unknown;No defect;Other;other;Tangent road with flat terrain;Other;Asphalt roads;Dry;Daylight;Normal;Vehicle with vehicle collision;2;1;Other;na;na;na;na;Self-employed;Normal;Not a Pedestrian;Driving under the influence of drugs;Slight Injury
15:35:00;Friday;18-30;Male;Elementary school;Employee;1-2yr;Public (13?45 seats);Other;Unknown;;Other;Two-way (divided with broken lines road marking);Tangent road with flat terrain;Other;Asphalt roads;Dry;Daylight;Normal;Vehicle with vehicle collision;2;1;Going straight;Driver or rider;Male;31-50;3;Driver;Normal;Not a Pedestrian;Changing lane to the right;Slight Injury
18:30:00;Thursday;Unknown;Male;Junior high school;Employee;;Pick up upto 10Q;Owner;5-10yrs;;Office areas;Two-way (divided with broken lines road marking);Tangent road with flat terrain;Y Shape;Asphalt roads;Dry;Darkness - lights lit;Normal;Vehicle with vehicle collision;2;2;Turnover;Pedestrian;Female;Over 51;3;;;Crossing from nearside - masked by parked or statioNot a Pedestrianry vehicle;No priority to vehicle;Slight Injury
18:30:00;Thursday;31-50;Male;Above high school;Employee;1-2yr;Stationwagen;Owner;Above 10yr;No defect;Office areas;Two-way (divided with broken lines road marking);Tangent road with flat terrain;Y Shape;Asphalt roads;Dry;Darkness - lights lit;Normal;Vehicle with vehicle collision;2;2;Going straight;Pedestrian;Male;Under 18;3;Student;Normal;Not a Pedestrian;Changing lane to the right;Slight Injury
18:30:00;Thursday;31-50;Male;Junior high school;Employee;Above 10yr;Other;Owner;2-5yrs;No defect;Residential areas;Two-way (divided with broken lines road marking);Tangent road with flat terrain;Y Shape;Asphalt roads;Dry;Darkness - lights lit;Normal;Vehicle with vehicle collision;2;2;Turnover;Driver or rider;Male;18-30;3;Driver;Normal;Not a Pedestrian;Driving to the left;Slight Injury
13:50:00;Wednesday;Unknown;Male;Junior high school;Employee;1-2yr;Pick up upto 10Q;Owner;;No defect;Other;Two-way (divided with broken lines road marking);Tangent road with flat terrain;Y Shape;Asphalt roads;Dry;Daylight;Normal;Collision with roadside objects;2;2;Going straight;Pedestrian;Male;18-30;3;;;Crossing from offside - masked by  parked or statioNot a Pedestrianry vehicle;Moving Backward;Serious Injury
13:50:00;Wednesday;Under 18;Male;Junior high school;Employee;5-10yr;Public (13?45 seats);Governmental;;No defect;Other;Undivided Two way;Tangent road with flat terrain;Y Shape;Asphalt roads;Dry;Daylight;Normal;Vehicle with vehicle collision;2;2;Moving Backward;Driver or rider;Male;31-50;3;Self-employed;Normal;Not a Pedestrian;No priority to vehicle;Serious Injury
13:50:00;Wednesday;Under 18;Male;Junior high school;Employee;2-5yr;Public (12 seats);Owner;;No defect;Office areas;Two-way (divided with broken lines road marking);Tangent road with flat terrain;Y Shape;Asphalt roads;Dry;Daylight;Normal;Vehicle with vehicle collision;2;2;;na;na;na;na;Self-employed;Normal;Not a Pedestrian;No distancing;Serious Injury
18:15:00;Tuesday;Unknown;Male;;;;Lorry (41?100Q);Owner;;No defect;Office areas;Two-way (divided with broken lines road marking);Tangent road with flat terrain;No junction;Asphalt roads;Dry;Darkness - lights lit;Normal;Vehicle with vehicle collision;2;1;Going straight;Driver or rider;Male;31-50;3;Driver;Normal;Not a Pedestrian;Driving carelessly;Slight Injury
18:15:00;Tuesday;18-30;Male;Junior high school;Employee;2-5yr;Pick up upto 10Q;Owner;Unknown;No defect; Church areas;Undivided Two way;Tangent road with flat terrain;No junction;Asphalt roads;Dry;Darkness - lights lit;Normal;Vehicle with vehicle collision;2;1;Going straight;na;na;na;na;;Normal;Not a Pedestrian;Changing lane to the left;Slight Injury
15:45:00;Friday;31-50;Male;Junior high school;Employee;2-5yr;Lorry (41?100Q);Governmental;Unknown;No defect;Other;One way;Tangent road with flat terrain;No junction;Asphalt roads;Dry;Daylight;Normal;Vehicle with vehicle collision;2;2;Reversing;Driver or rider;Male;18-30;3;;;Not a Pedestrian;No priority to vehicle;Slight Injury
15:45:00;Friday;18-30;Male;Junior high school;Employee;Above 10yr;Pick up upto 10Q;Owner;Unknown;No defect;Office areas;Undivided Two way;Tangent road with flat terrain;No junction;Asphalt roads;Dry;Daylight;Normal;Vehicle with vehicle collision;2;2;Reversing;na;na;na;na;Self-employed;Normal;Not a Pedestrian;No priority to vehicle;Slight Injury
14:20:00;Tuesday;Unknown;Male;Junior high school;Employee;1-2yr;Long lorry;Owner;1-2yr;;Office areas;Two-way (divided with broken lines road marking);Tangent road with flat terrain;Y Shape;Asphalt roads;Wet or damp;Daylight;Other;Vehicle with vehicle collision;2;1;Reversing;Passenger;Male;31-50;3;Driver;Normal;Not a Pedestrian;No distancing;Slight Injury
14:20:00;Tuesday;18-30;Male;Above high school;Owner;1-2yr;;Owner;Below 1yr;;Residential areas;Two-way (divided with broken lines road marking);Tangent road with flat terrain;Y Shape;Asphalt roads;Wet or damp;Daylight;Other;Vehicle with vehicle collision;2;1;Going straight;Driver or rider;Male;18-30;3;;Normal;Not a Pedestrian;Driving to the left;Slight Injury
22:04:00;Monday;Unknown;Male;Above high school;Employee;No Licence;Other;;;;Other;Undivided Two way;Tangent road with flat terrain;Crossing;Asphalt roads;Snow;Darkness - lights lit;Snow;Vehicle with vehicle collision;2;2;Going straight;na;na;na;na;;Normal;Not a Pedestrian;Driving carelessly;Serious Injury
22:04:00;Monday;31-50;Male;Junior high school;Employee;1-2yr;;Owner;5-10yrs;;Residential areas;Two-way (divided with broken lines road marking);Tangent road with flat terrain;Crossing;Asphalt roads;Snow;Darkness - lights lit;Snow;Vehicle with vehicle collision;2;2;Going straight;na;na;na;na;Self-employed;Normal;Not a Pedestrian;Driving carelessly;Serious Injury
22:04:00;Monday;31-50;Male;Junior high school;Employee;5-10yr;Public (13?45 seats);Governmental;;;Office areas;Two-way (divided with broken lines road marking);Tangent road with flat terrain;Crossing;Asphalt roads;Snow;Darkness - lights lit;Snow;Vehicle with vehicle collision;2;2;Going straight;Driver or rider;Male;18-30;3;Self-employed;Normal;Not a Pedestrian;Changing lane to the right;Serious Injury
17:10:00;Tuesday;Unknown;Female;Junior high school;Employee;Above 10yr;Special vehicle;Owner;5-10yrs;;Office areas;Undivided Two way;Tangent road with flat terrain;Y Shape;Asphalt roads;Dry;Darkness - lights lit;Normal;Vehicle with vehicle collision;2;1;Moving Backward;Driver or rider;Male;31-50;3;;Normal;Not a Pedestrian;Driving carelessly;Slight Injury
17:10:00;Tuesday;31-50;Male;Junior high school;Employee;Above 10yr;Lorry (41?100Q);Owner;Above 10yr;;Other;Undivided Two way;Tangent road with flat terrain;Y Shape;Asphalt roads;Dry;Darkness - lights lit;Normal;Vehicle with vehicle collision;2;1;Going straight;na;na;na;na;Driver;Normal;Not a Pedestrian;Changing lane to the left;Slight Injury
09:00:00;Wednesday;Under 18;Male;Junior high school;Owner;5-10yr;Lorry (41?100Q);Owner;1-2yr;No defect;Other;other;Steep grade downward with mountainous terrain;No junction;Asphalt roads;Wet or damp;Daylight;Normal;Vehicle with vehicle collision;2;1;Moving Backward;Driver or rider;Male;31-50;3;Other;Normal;Not a Pedestrian;Driving carelessly;Slight Injury
09:00:00;Wednesday;31-50;Male;Elementary school;Employee;2-5yr;Public (> 45 seats);Owner;2-5yrs;;Office areas;One way;Steep grade downward with mountainous terrain;No junction;Asphalt roads;Wet or damp;Daylight;Normal;Vehicle with vehicle collision;2;1;Moving Backward;na;na;na;na;Employee;Normal;Not a Pedestrian;Driving carelessly;Slight Injury
03:59:00;Sunday;18-30;Male;Junior high school;Employee;2-5yr;Automobile;Owner;;No defect;Residential areas;Two-way (divided with broken lines road marking);Tangent road with flat terrain;Crossing;Asphalt roads;Dry;Darkness - lights lit;Other;Collision with roadside objects;2;2;Going straight;Pedestrian;Female;18-30;3;Driver;Normal;Not a Pedestrian;Driving under the influence of drugs;Slight Injury
03:59:00;Sunday;18-30;Male;Junior high school;Employee;Below 1yr;Automobile;Owner;;No defect;Other;Two-way (divided with broken lines road marking);Tangent road with flat terrain;Crossing;Asphalt roads;Dry;Darkness - lights lit;Other;Vehicle with vehicle collision;2;2;Other;Pedestrian;Male;18-30;3;Driver;Normal;Crossing from nearside - masked by parked or statioNot a Pedestrianry vehicle;Driving carelessly;Slight Injury
15:15:00;Sunday;18-30;Male;Junior high school;Employee;2-5yr;Automobile;Organization;2-5yrs;;Residential areas;Undivided Two way;Tangent road with flat terrain;No junction;Asphalt roads;Wet or damp;Daylight;Windy;Vehicle with vehicle collision;2;3;Going straight;na;na;na;na;Employee;Normal;Not a Pedestrian;No distancing;Serious Injury
15:15:00;Sunday;18-30;Male;Junior high school;Employee;2-5yr;Public (> 45 seats);Owner;;No defect; Church areas;Two-way (divided with broken lines road marking);Tangent road with flat terrain;No junction;Asphalt roads;Wet or damp;Daylight;Windy;Vehicle with vehicle collision;2;3;Other;Driver or rider;Male;Over 51;3;Driver;Normal;Not a Pedestrian;Driving carelessly;Serious Injury
15:15:00;Sunday;18-30;Male;Elementary school;Employee;5-10yr;Lorry (11?40Q);Governmental;;No defect;Residential areas;Two-way (divided with broken lines road marking);Tangent road with flat terrain;No junction;Asphalt roads;Wet or damp;Daylight;Windy;Vehicle with vehicle collision;2;3;Going straight;Pedestrian;Male;Over 51;3;Driver;Normal;Not a Pedestrian;Driving to the left;Serious Injury
15:15:00;Sunday;Unknown;Male;Junior high school;Employee;Above 10yr;Pick up upto 10Q;Owner;;No defect;Office areas;One way;Tangent road with flat terrain;No junction;Asphalt roads;Wet or damp;Daylight;Windy;Collision with pedestrians;2;3;Reversing;Pedestrian;Female;31-50;3;Driver;Normal;Crossing from nearside - masked by parked or statioNot a Pedestrianry vehicle;Overtaking;Serious Injury
08:39:00;Wednesday;18-30;Male;;;;Lorry (11?40Q);Governmental;Below 1yr;No defect;Residential areas;Two-way (divided with broken lines road marking);Tangent road with flat terrain;Y Shape;Asphalt roads;Dry;Daylight;Normal;Vehicle with vehicle collision;2;2;;Driver or rider;Male;18-30;3;Driver;Normal;Not a Pedestrian;No distancing;Serious Injury
08:39:00;Wednesday;Under 18;Male;Junior high school;Employee;2-5yr;Pick up upto 10Q;Owner;Unknown;No defect;Other;One way;Tangent road with flat terrain;Y Shape;Asphalt roads;Dry;Daylight;Normal;Vehicle with vehicle collision;2;2;Going straight;Pedestrian;Male;Over 51;3;;Normal;Crossing from nearside - masked by parked or statioNot a Pedestrianry vehicle;Driving carelessly;Serious Injury
13:52:00;Wednesday;Unknown;Male;Junior high school;Employee;5-10yr;Special vehicle;Owner;Unknown;; Industrial areas;Two-way (divided with broken lines road marking);Tangent road with flat terrain;No junction;Asphalt roads;Dry;Daylight;Normal;Vehicle with vehicle collision;2;1;Going straight;Passenger;Female;Over 51;3;;Normal;Not a Pedestrian;No priority to vehicle;Slight Injury
13:52:00;Wednesday;31-50;Male;Above high school;Employee;2-5yr;Lorry (11?40Q);Owner;Unknown;; Church areas;Two-way (divided with broken lines road marking);Tangent road with flat terrain;No junction;Asphalt roads;Dry;Daylight;Normal;Vehicle with vehicle collision;2;1;Going straight;Passenger;Female;31-50;3;;Normal;Not a Pedestrian;No priority to vehicle;Slight Injury
13:15:00;Friday;Unknown;Male;;;;;Owner;2-5yrs;No defect;Residential areas;Undivided Two way;Steep grade downward with mountainous terrain;Y Shape;Asphalt roads;Wet or damp;Daylight;Other;Vehicle with vehicle collision;1;1;Going straight;Driver or rider;Male;18-30;3;;Normal;Not a Pedestrian;No priority to vehicle;Slight Injury
17:45:00;Wednesday;Unknown;Male;;Employee;1-2yr;;;;;;Two-way (divided with broken lines road marking);Tangent road with flat terrain;No junction;Asphalt roads;Dry;Darkness - lights lit;Normal;Vehicle with vehicle collision;1;1;Going straight;Pedestrian;Male;18-30;3;;Normal;Not a Pedestrian;No priority to vehicle;Slight Injury
08:45:00;Monday;Unknown;Male;Junior high school;Employee;2-5yr;Lorry (41?100Q);;;;;Two-way (divided with broken lines road marking);Tangent road with flat terrain;Y Shape;Asphalt roads;Dry;Daylight;Normal;Vehicle with vehicle collision;1;1;Going straight;Driver or rider;Female;31-50;2;;Normal;Not a Pedestrian;No distancing;Slight Injury
01:25:00;Saturday;18-30;Male;Junior high school;Employee;Above 10yr;Other;Owner;1-2yr;No defect;Office areas;Undivided Two way;Tangent road with flat terrain;No junction;Asphalt roads;Dry;Darkness - lights lit;Cloudy;Vehicle with vehicle collision;3;1;Other;na;na;na;na;;;Not a Pedestrian;Moving Backward;Slight Injury
01:25:00;Saturday;18-30;Male;Junior high school;Employee;Below 1yr;Other;Owner;Above 10yr;No defect; Outside rural areas;Two-way (divided with broken lines road marking);Tangent road with mountainous terrain and;No junction;Asphalt roads;Dry;Darkness - lights lit;Cloudy;Collision with pedestrians;3;1;Going straight;Driver or rider;Male;Under 18;3;Self-employed;;Not a Pedestrian;No distancing;Slight Injury
01:25:00;Saturday;Unknown;Male;Junior high school;Employee;2-5yr;Automobile;Owner;Above 10yr;No defect; Church areas;Two-way (divided with broken lines road marking);Steep grade downward with mountainous terrain;No junction;Asphalt roads;Dry;Darkness - lights lit;Cloudy;Vehicle with vehicle collision;3;1;Going straight;na;na;na;na;Self-employed;Normal;Not a Pedestrian;Changing lane to the left;Slight Injury
05:02:00;Saturday;18-30;Male;Junior high school;Employee;Below 1yr;Other;Owner;;No defect;Office areas;other;Tangent road with mountainous terrain and;No junction;Asphalt roads;Wet or damp;Darkness - lights lit;Raining;Vehicle with vehicle collision;1;1;Going straight;Driver or rider;Male;18-30;3;;Normal;Not a Pedestrian;Changing lane to the left;Slight Injury
08:40:00;Wednesday;Unknown;Male;High school;Employee;5-10yr;Automobile;Owner;Above 10yr;; Church areas;Two-way (divided with broken lines road marking);Steep grade downward with mountainous terrain;No junction;Asphalt roads;Dry;Daylight;Normal;Vehicle with vehicle collision;1;1;Going straight;Pedestrian;Male;31-50;3;;;Not a Pedestrian;No priority to pedestrian;Slight Injury
17:55:00;Tuesday;Over 51;Male;Above high school;Employee;1-2yr;Public (13?45 seats);;;;Office areas;other;Tangent road with mountainous terrain and;No junction;Asphalt roads;Dry;Darkness - lights lit;Normal;Vehicle with vehicle collision;2;1;Reversing;Driver or rider;Male;31-50;3;Driver;Normal;Not a Pedestrian;Moving Backward;Slight Injury
17:55:00;Tuesday;18-30;Male;Junior high school;Employee;Below 1yr;Lorry (41?100Q);Governmental;;No defect;Office areas;Undivided Two way;Tangent road with flat terrain;No junction;Asphalt roads;Dry;Darkness - lights lit;Normal;Collision with roadside objects;2;1;Going straight;Driver or rider;Male;31-50;3;;;Not a Pedestrian;Changing lane to the left;Slight Injury
14:20:00;Saturday;Unknown;Male;;;;;Owner;1-2yr;No defect;School areas;Two-way (divided with broken lines road marking);Tangent road with flat terrain;No junction;Asphalt roads;Dry;Daylight;Normal;Vehicle with vehicle collision;3;2;Going straight;Driver or rider;Male;18-30;3;;;Not a Pedestrian;No distancing;Slight Injury
14:20:00;Saturday;31-50;Male;High school;Employee;Below 1yr;Automobile;Owner;Below 1yr;No defect;Residential areas;Two-way (divided with broken lines road marking);Tangent road with flat terrain;No junction;Asphalt roads;Dry;Daylight;Normal;Vehicle with vehicle collision;3;2;Other;na;na;na;na;;;Not a Pedestrian;No priority to vehicle;Slight Injury
14:20:00;Saturday;31-50;Male;High school;Employee;Below 1yr;;Owner;;No defect;Office areas;other;Tangent road with mountainous terrain and;No junction;Asphalt roads;Dry;Daylight;Normal;Vehicle with vehicle collision;3;2;Going straight;Driver or rider;Female;31-50;3;Other;Normal;Not a Pedestrian;Changing lane to the right;Slight Injury
14:20:00;Saturday;Unknown;Male;;;;Lorry (41?100Q);Owner;Unknown;No defect;Rural village areasOffice areas;other;Tangent road with flat terrain;No junction;Asphalt roads;Dry;Daylight;Normal;Vehicle with vehicle collision;3;2;Going straight;na;na;na;na;Employee;Normal;Not a Pedestrian;No distancing;Slight Injury
07:10:00;Tuesday;31-50;Male;High school;Employee;2-5yr;;Owner;Unknown;No defect;Other;Two-way (divided with broken lines road marking);Tangent road with flat terrain;No junction;Asphalt roads;Dry;Darkness - lights lit;Normal;Vehicle with vehicle collision;2;1;Going straight;Driver or rider;Female;18-30;2;Self-employed;Normal;Not a Pedestrian;No distancing;Slight Injury
07:10:00;Tuesday;18-30;Male;Junior high school;Employee;Above 10yr;Lorry (41?100Q);Owner;Unknown;No defect;Residential areas;Undivided Two way;Tangent road with flat terrain;No junction;Asphalt roads;Dry;Darkness - lights lit;Normal;Vehicle with vehicle collision;2;1;Turnover;na;na;na;na;Driver;Normal;Not a Pedestrian;Getting off the vehicle improperly;Slight Injury
19:42:00;Saturday;31-50;Male;Junior high school;Employee;Above 10yr;Taxi;Owner;Unknown;No defect;Office areas;Undivided Two way;Tangent road with flat terrain;No junction;Asphalt roads;Dry;Darkness - lights lit;Normal;Vehicle with vehicle collision;1;1;Going straight;Driver or rider;Male;18-30;3;;;Not a Pedestrian;No priority to pedestrian;Serious Injury
07:45:00;Tuesday;31-50;Male;Junior high school;Employee;5-10yr;Lorry (41?100Q);Owner;Unknown;No defect;Office areas;Undivided Two way;Tangent road with flat terrain;No junction;Asphalt roads;Wet or damp;Daylight;Normal;Collision with roadside objects;2;1;Going straight;Driver or rider;Male;Over 51;3;Other;Normal;Not a Pedestrian;Changing lane to the left;Serious Injury
07:45:00;Tuesday;18-30;Male;Junior high school;Employee;1-2yr;Lorry (41?100Q);Owner;Unknown;No defect;Residential areas;Undivided Two way;Tangent road with flat terrain;No junction;Asphalt roads;Wet or damp;Daylight;Normal;Vehicle with vehicle collision;2;1;Reversing;na;na;na;na;;;Not a Pedestrian;No distancing;Serious Injury
14:35:00;Wednesday;Unknown;Male;Unknown;Employee;Below 1yr;Other;Owner;Unknown;No defect;Office areas;Undivided Two way;Tangent road with flat terrain;No junction;Asphalt roads;Dry;Daylight;Normal;Vehicle with vehicle collision;2;1;Other;Driver or rider;Male;18-30;3;Driver;Normal;Not a Pedestrian;Driving carelessly;Slight Injury
14:35:00;Wednesday;31-50;Male;Junior high school;Employee;Below 1yr;Stationwagen;Owner;Unknown;No defect;Office areas;Undivided Two way;Tangent road with flat terrain;No junction;Asphalt roads;Dry;Daylight;Normal;Vehicle with vehicle collision;2;1;Going straight;na;na;na;na;Driver;Normal;Not a Pedestrian;No distancing;Slight Injury
16:16:00;Saturday;18-30;Male;High school;Employee;2-5yr;Stationwagen;Owner;Unknown;No defect;Office areas;;Tangent road with flat terrain;No junction;Asphalt roads;Wet or damp;Daylight;Normal;Vehicle with vehicle collision;2;1;Going straight;Driver or rider;Male;Over 51;3;Driver;Normal;Not a Pedestrian;Changing lane to the right;Slight Injury
16:16:00;Saturday;Unknown;Male;Junior high school;Owner;1-2yr;Lorry (41?100Q);Owner;Unknown;No defect;Office areas;Two-way (divided with broken lines road marking);Tangent road with flat terrain;No junction;Asphalt roads;Wet or damp;Daylight;Normal;Rollover;2;1;Moving Backward;Driver or rider;Female;18-30;3;Driver;Normal;Not a Pedestrian;Overtaking;Slight Injury
02:25:00;Thursday;Unknown;Male;Junior high school;Employee;5-10yr;Lorry (41?100Q);Owner;Unknown;No defect;Other;Undivided Two way;Tangent road with flat terrain;Y Shape;Asphalt roads;Dry;Darkness - lights lit;Normal;Vehicle with vehicle collision;1;1;Reversing;na;na;na;na;Driver;Normal;Not a Pedestrian;Driving carelessly;Slight Injury
17:55:00;Wednesday;31-50;Male;Elementary school;Employee;2-5yr;Other;Owner;Unknown;No defect;Other;Two-way (divided with broken lines road marking);Tangent road with flat terrain;Y Shape;Asphalt roads;Wet or damp;Darkness - lights lit;Normal;Vehicle with vehicle collision;2;1;Going straight;Pedestrian;Female;18-30;3;Driver;Normal;Not a Pedestrian;Moving Backward;Slight Injury
17:55:00;Wednesday;18-30;Male;Elementary school;Owner;5-10yr;Automobile;Owner;2-5yrs;;Other;Two-way (divided with broken lines road marking);Tangent road with flat terrain;Y Shape;Asphalt roads;Wet or damp;Darkness - lights lit;Normal;Collision with roadside objects;2;1;Going straight;na;na;na;na;Driver;Normal;Not a Pedestrian;No distancing;Slight Injury
18:30:00;Thursday;Unknown;Male;Junior high school;Employee;Above 10yr;;Owner;2-5yrs;;Residential areas;One way;Tangent road with flat terrain;T Shape;Asphalt roads;Wet or damp;Darkness - lights lit;Raining;Vehicle with vehicle collision;2;1;Moving Backward;Driver or rider;Male;18-30;3;Driver;Normal;Not a Pedestrian;Overtaking;Slight Injury
18:30:00;Thursday;31-50;Male;Junior high school;Employee;5-10yr;Taxi;Owner;2-5yrs;;School areas;Undivided Two way;Tangent road with mild grade and flat terrain;T Shape;Asphalt roads;Wet or damp;Darkness - lights lit;Raining;Vehicle with vehicle collision;2;1;Going straight;Pedestrian;Male;Under 18;3;Self-employed;Normal;Unknown or other;Driving carelessly;Slight Injury
09:55:00;Thursday;18-30;Male;High school;Employee;5-10yr;Lorry (41?100Q);Owner;2-5yrs;;Residential areas;Undivided Two way;Tangent road with mild grade and flat terrain;Y Shape;Asphalt roads;Dry;Daylight;Other;Vehicle with vehicle collision;1;1;Going straight;na;na;na;na;Other;Normal;Not a Pedestrian;Driving carelessly;Slight Injury
13:58:00;Friday;31-50;Male;Junior high school;Employee;5-10yr;Other;Owner;2-5yrs;No defect;Office areas;Two-way (divided with broken lines road marking);Tangent road with flat terrain;Other;;Dry;Daylight;Normal;Collision with roadside objects;1;1;Going straight;Driver or rider;Male;18-30;3;Driver;Normal;Not a Pedestrian;Moving Backward;Slight Injury
17:00:00;Tuesday;Under 18;Male;Junior high school;Employee;Above 10yr;Automobile;Owner;;No defect; Church areas;One way;Tangent road with flat terrain;No junction;Asphalt roads;Wet or damp;Daylight;Raining;Collision with roadside objects;1;1;Going straight;na;na;na;na;Driver;Normal;Not a Pedestrian;Driving carelessly;Slight Injury
09:15:00;Friday;Unknown;Male;Junior high school;;1-2yr;Public (> 45 seats);Owner;;No defect;Other;Undivided Two way;Tangent road with flat terrain;Y Shape;Asphalt roads;Dry;Daylight;Normal;Vehicle with vehicle collision;2;1;Going straight;Driver or rider;Male;31-50;3;Self-employed;Normal;Not a Pedestrian;Driving to the left;Slight Injury
09:15:00;Friday;Under 18;Male;Junior high school;Employee;2-5yr;Stationwagen;Owner;2-5yrs;No defect;Other;One way;Tangent road with flat terrain;Y Shape;Asphalt roads;Dry;Daylight;Normal;Vehicle with vehicle collision;2;1;Going straight;Pedestrian;Male;Over 51;3;Driver;Normal;Not a Pedestrian;Changing lane to the left;Slight Injury
21:40:00;Wednesday;31-50;Male;Junior high school;Employee;1-2yr;Automobile;Owner;5-10yrs;No defect;Other;Two-way (divided with broken lines road marking);Tangent road with flat terrain;No junction;Asphalt roads;Wet or damp;Darkness - lights lit;Windy;Collision with roadside objects;2;1;;Pedestrian;Female;Over 51;3;Driver;Normal;Not a Pedestrian;No distancing;Slight Injury
21:40:00;Wednesday;18-30;Male;;;;Lorry (41?100Q);Owner;;No defect;Other;Two-way (divided with broken lines road marking);Tangent road with flat terrain;No junction;Asphalt roads;Wet or damp;Darkness - lights lit;Windy;Collision with roadside objects;2;1;Going straight;na;na;na;na;Driver;Normal;Not a Pedestrian;No distancing;Slight Injury
13:49:00;Monday;Over 51;Male;Elementary school;Employee;5-10yr;Other;Owner;;No defect;Office areas;Undivided Two way;Tangent road with flat terrain;No junction;Asphalt roads;Wet or damp;Daylight;Raining;Vehicle with vehicle collision;2;1;Reversing;Driver or rider;Male;18-30;3;Other;Normal;Not a Pedestrian;Changing lane to the right;Slight Injury
13:49:00;Monday;31-50;Male;Junior high school;Employee;5-10yr;Public (13?45 seats);Owner;;No defect;Office areas;Two-way (divided with solid lines road marking);Tangent road with flat terrain;No junction;Asphalt roads;Wet or damp;Daylight;Raining;Vehicle with vehicle collision;2;1;Going straight;Driver or rider;Female;18-30;3;;Normal;Not a Pedestrian;Driving under the influence of drugs;Slight Injury
11:55:00;Saturday;18-30;Male;Junior high school;Employee;Above 10yr;Other;Owner;Unknown;No defect;Residential areas;Undivided Two way;Tangent road with flat terrain;Crossing;Asphalt roads;Dry;Daylight;Normal;Vehicle with vehicle collision;2;1;Going straight;na;na;na;na;Driver;Normal;Not a Pedestrian;Changing lane to the right;Slight Injury
11:55:00;Saturday;31-50;Male;Junior high school;Employee;2-5yr;Other;Owner;Unknown;No defect;Office areas;One way;Tangent road with flat terrain;Crossing;Asphalt roads;Dry;Daylight;Normal;Collision with roadside objects;2;1;Going straight;na;na;na;na;Driver;Normal;Not a Pedestrian;Changing lane to the left;Slight Injury