Time;Day_of_week;Age_band_of_driver;Sex_of_driver;Educational_level;Vehicle_driver_relation;Driving_experience;Type_of_vehicle;Owner_of_vehicle;Service_year_of_vehicle;Defect_of_vehicle;Area_accident_occured;Lanes_or_Medians;Road_allignment;Types_of_Junction;Road_surface_type;Road_surface_conditions;Light_conditions;Weather_conditions;Type_of_collision;Number_of_vehicles_involved;Number_of_casualties;Vehicle_movement;Casualty_class;Sex_of_casualty;Age_band_of_casualty;Casualty_severity;Work_of_casuality;Fitness_of_casuality;Pedestrian_movement;Cause_of_accident;Accident_severity
19:57:00;Saturday;31-50;Male;Elementary school;Employee;5-10yr;Pick up upto 10Q;Owner;Unknown;;Residential areas;other;Tangent road with flat terrain;Y Shape;Asphalt roads;Wet or damp;Darkness - lights lit;Raining;Vehicle with vehicle collision;1;2;Going straight;na;na;na;na;Driver;Normal;Not a Pedestrian;No distancing;Serious Injury
19:57:00;Saturday;31-50;Male;;Owner;5-10yr;Automobile;Governmental;2-5yrs;;  Recreational areas;Undivided Two way;Tangent road with flat terrain;Y Shape;Asphalt roads;Wet or damp;Darkness - lights lit;Raining;Vehicle with vehicle collision;1;2;Going straight;Pedestrian;Male;18-30;3;Driver;Normal;Crossing from nearside - masked by parked or statioNot a Pedestrianry vehicle;Drunk driving;Serious Injury
18:00:00;Monday;18-30;Male;Junior high school;Employee;5-10yr;Automobile;Owner;1-2yr;No defect;Other;other;Tangent road with flat terrain;Y Shape;Asphalt roads;Wet or damp;Darkness - lights lit;Raining;Vehicle with vehicle collision;2;1;Going straight;Driver or rider;Female;18-30;3;Driver;Normal;Not a Pedestrian;Moving Backward;Slight Injury
18:00:00;Monday;18-30;Male;Junior high school;Owner;5-10yr;Automobile;Owner;Above 10yr;No defect;Residential areas;other;Tangent road with flat terrain;Y Shape;Asphalt roads;Wet or damp;Darkness - lights lit;Raining;Vehicle with vehicle collision;2;1;Going straight;Passenger;Male;5;3;Driver;Normal;Not a Pedestrian;No priority to pedestrian;Slight Injury
13:25:00;Tuesday;Over 51;Male;Illiterate;Employee;2-5yr;Long lorry;Owner;Unknown;No defect;Other;other;Tangent road with flat terrain;Y Shape;Asphalt roads;Dry;Daylight;Normal;Vehicle with vehicle collision;1;1;Moving Backward;na;na;na;na;Driver;Normal;Not a Pedestrian;Changing lane to the left;Slight Injury
14:44:00;Tuesday;Over 51;Male;Junior high school;Employee;5-10yr;Long lorry;Owner;Unknown;;Other;other;Tangent road with flat terrain;Y Shape;Asphalt roads;Dry;Daylight;Normal;Other;2;1;Going straight;Driver or rider;Male;18-30;3;Driver;Normal;Not a Pedestrian;Changing lane to the left;Slight Injury
14:44:00;Tuesday;31-50;Male;Junior high school;Employee;Below 1yr;Automobile;Owner;5-10yrs;;Other;One way;Tangent road with flat terrain;Y Shape;Asphalt roads;Dry;Daylight;Normal;Vehicle with vehicle collision;2;1;Going straight;na;na;na;na;;;Not a Pedestrian;Getting off the vehicle improperly;Slight Injury
17:13:00;Sunday;Over 51;Male;Junior high school;Employee;1-2yr;Stationwagen;Owner;Unknown;No defect;Other;Two-way (divided with broken lines road marking);Tangent road with flat terrain;No junction;Asphalt roads;Wet or damp;Daylight;Raining;Collision with roadside objects;1;2;Moving Backward;Driver or rider;Male;18-30;3;Driver;Normal;Not a Pedestrian;No distancing;Serious Injury
17:13:00;Sunday;Over 51;Male;Elementary school;Employee;2-5yr;;Owner;2-5yrs;No defect;Other;other;Tangent road with flat terrain;No junction;Asphalt roads;Wet or damp;Daylight;Raining;Vehicle with vehicle collision;1;2;Moving Backward;na;na;na;na;Driver;Normal;Not a Pedestrian;Changing lane to the right;Serious Injury
10:45:00;Friday;31-50;Male;Elementary school;Employee;2-5yr;Other;Owner;Unknown;No defect;School areas;Undivided Two way;Tangent road with flat terrain;No junction;Asphalt roads;Dry;Daylight;Normal;Vehicle with vehicle collision;2;1;Going straight;na;na;na;na;Self-employed;Normal;Not a Pedestrian;Changing lane to the right;Slight Injury
10:45:00;Friday;Over 51;Male;Elementary school;Employee;5-10yr;Special vehicle;Owner;;No defect;Office areas;Two-way (divided with broken lines road marking);Tangent road with flat terrain;No junction;Asphalt roads;Dry;Daylight;Normal;Vehicle with vehicle collision;2;1;Turnover;Driver or rider;Male;Over 51;3;Driver;Normal;Not a Pedestrian;Moving Backward;Slight Injury
19:20:00;Monday;31-50;Male;Junior high school;Employee;5-10yr;Lorry (41?100Q);Owner;Unknown;No defect;Office areas;Two-way (divided with broken lines road marking);Tangent road with flat terrain;No junction;Asphalt roads;Wet or damp;Darkness - lights lit;Normal;Vehicle with vehicle collision;2;1;Turnover;na;na;na;na;;;Not a Pedestrian;Driving at high speed;Slight Injury
19:20:00;Monday;18-30;Male;;;;Pick up upto 10Q;Owner;5-10yrs;No defect;Office areas;Two-way (divided with broken lines road marking);Tangent road with flat terrain;No junction;Asphalt roads;Wet or damp;Darkness - lights lit;Normal;Vehicle with vehicle collision;2;1;Going straight;Driver or rider;Male;31-50;3;Unknown;Normal;Not a Pedestrian;Changing lane to the left;Slight Injury
00:06:00;Tuesday;Under 18;Male;Junior high school;Employee;Above 10yr;Lorry (11?40Q);Owner;Unknown;No defect;School areas;;Tangent road with flat terrain;No junction;Asphalt roads;Dry;Darkness - lights lit;Other;Vehicle with vehicle collision;1;1;Going straight;Driver or rider;Male;18-30;3;Driver;Normal;Not a Pedestrian;Changing lane to the right;Slight Injury
01:15:00;Friday;Unknown;Female;Junior high school;Employee;Above 10yr;Lorry (41?100Q);Governmental;;No defect;School areas;Undivided Two way;Tangent road with flat terrain;Y Shape;Asphalt roads;Dry;Darkness - lights lit;Unknown;Collision with roadside objects;2;1;Going straight;na;na;na;na;;;Not a Pedestrian;No distancing;Slight Injury
01:15:00;Friday;31-50;Male;Junior high school;Owner;Above 10yr;Motorcycle;Owner;;No defect;Office areas;Two-way (divided with broken lines road marking);Tangent road with flat terrain;Y Shape;Asphalt roads with some distress;Dry;Darkness - lights lit;Unknown;Collision with roadside objects;2;1;Going straight;Driver or rider;Male;31-50;2;Driver;Normal;Not a Pedestrian;Changing lane to the right;Slight Injury
18:22:00;Wednesday;Unknown;Male;Junior high school;Employee;unknown;Automobile;Owner;;No defect;Office areas;Two-way (divided with broken lines road marking);Tangent road with flat terrain;No junction;Asphalt roads;Dry;Daylight;Normal;Vehicle with vehicle collision;2;1;Going straight;na;na;na;na;Other;Normal;Not a Pedestrian;Changing lane to the right;Slight Injury
18:22:00;Wednesday;31-50;Male;Junior high school;Employee;5-10yr;Automobile;Governmental;Above 10yr;No defect;School areas;Two-way (divided with broken lines road marking);Tangent road with flat terrain;No junction;Asphalt roads;Dry;Daylight;Normal;Collision with roadside objects;2;1;Going straight;Driver or rider;Male;18-30;3;Other;Normal;Not a Pedestrian;No distancing;Slight Injury
14:45:00;Monday;31-50;Male;Junior high school;Employee;2-5yr;Automobile;Owner;1-2yr;No defect;;Two-way (divided with broken lines road marking);Tangent road with flat terrain;No junction;Asphalt roads;Dry;Daylight;Normal;Collision with roadside objects;1;1;Getting off;Driver or rider;Female;18-30;3;Self-employed;Normal;Not a Pedestrian;Changing lane to the right;Slight Injury
10:50:00;Monday;Unknown;Male;Elementary school;Employee;5-10yr;Stationwagen;Owner;Above 10yr;No defect;Other;Two-way (divided with broken lines road marking);Tangent road with flat terrain;Y Shape;Asphalt roads;Dry;Daylight;Normal;Vehicle with vehicle collision;2;1;Moving Backward;Driver or rider;Male;18-30;3;Driver;Normal;Not a Pedestrian;Driving carelessly;Slight Injury
10:50:00;Monday;Unknown;Female;Junior high school;Employee;2-5yr;;Owner;Below 1yr;No defect;Other;Undivided Two way;Tangent road with flat terrain;Y Shape;Gravel roads;Dry;Daylight;Normal;Vehicle with vehicle collision;2;1;Other;na;na;na;na;Driver;Normal;Not a Pedestrian;Driving carelessly;Slight Injury
16:41:00;Tuesday;Unknown;Male;High school;Owner;5-10yr;Public (> 45 seats);Owner;Above 10yr;No defect;Other;Two-way (divided with broken lines road marking);Tangent road with flat terrain;Y Shape;Asphalt roads;Dry;Daylight;Normal;Collision with roadside objects;2;1;Going straight;Pedestrian;Female;31-50;3;Driver;Normal;Not a Pedestrian;Changing lane to the right;Slight Injury
16:41:00;Tuesday;18-30;Male;Junior high school;Employee;Above 10yr;Public (> 45 seats);Owner;Unknown;No defect;Residential areas;Undivided Two way;Tangent road with flat terrain;Y Shape;Asphalt roads;Dry;Daylight;Normal;Vehicle with vehicle collision;2;1;Going straight;Pedestrian;Male;Under 18;3;;;Not a Pedestrian;Overturning;Slight Injury
14:45:00;Thursday;Under 18;Male;Junior high school;Employee;2-5yr;Stationwagen;Governmental;1-2yr;No defect;Other;Undivided Two way;Tangent road with flat terrain;Y Shape;Asphalt roads;Dry;Daylight;Normal;Vehicle with vehicle collision;2;1;Going straight;Pedestrian;Male;Under 18;3;;;Not a Pedestrian;Changing lane to the right;Slight Injury
14:45:00;Thursday;18-30;Male;Elementary school;Employee;2-5yr;Automobile;Owner;1-2yr;No defect;Other;Undivided Two way;Tangent road with flat terrain;Y Shape;Asphalt roads;Dry;Daylight;Normal;Vehicle with vehicle collision;2;1;Going straight;Driver or rider;Male;31-50;3;Driver;Normal;Not a Pedestrian;Moving Backward;Slight Injury
16:55:00;Friday;Over 51;Male;High school;Owner;Above 10yr;Bicycle;Owner;;No defect; Industrial areas;Undivided Two way;Tangent road with flat terrain;No junction;Asphalt roads;Wet or damp;Darkness - lights lit;Normal;Vehicle with vehicle collision;2;2;Going straight;na;na;na;na;Other;Normal;Not a Pedestrian;No distancing;Slight Injury
16:55:00;Friday;18-30;Male;Elementary school;Employee;1-2yr;Automobile;Owner;;No defect;  Recreational areas;Undivided Two way;Tangent road with flat terrain;No junction;Asphalt roads;Wet or damp;Darkness - lights lit;Normal;Vehicle with vehicle collision;2;2;Going straight;Pedestrian;Female;31-50;3;Driver;Normal;Not a Pedestrian;Overturning;Slight Injury
14:40:00;Saturday;18-30;Male;Junior high school;Employee;Above 10yr;Lorry (41?100Q);Owner;Above 10yr;No defect; Church areas;Two-way (divided with broken lines road marking);Tangent road with flat terrain;Y Shape;Asphalt roads;Wet or damp;Daylight;Normal;Vehicle with vehicle collision;2;2;Going straight;Pedestrian;Male;Over 51;3;;;Not a Pedestrian;Driving carelessly;Slight Injury
14:40:00;Saturday;18-30;Male;;;;Automobile;Owner;;;Office areas;Two-way (divided with broken lines road marking);Tangent road with flat terrain;Y Shape;Asphalt roads;Wet or damp;Daylight;Normal;Collision with pedestrians;2;2;Going straight;Driver or rider;Male;31-50;3;Driver;Normal;Not a Pedestrian;Changing lane to the right;Slight Injury
11:05:00;Friday;31-50;Male;Junior high school;Owner;5-10yr;Public (13?45 seats);Owner;;;Other;Two-way (divided with broken lines road marking);Tangent road with flat terrain;T Shape;Asphalt roads;Dry;Daylight;Normal;Vehicle with vehicle collision;3;1;Going straight;na;na;na;na;Driver;Normal;Not a Pedestrian;Driving at high speed;Slight Injury
11:05:00;Friday;31-50;Male;Above high school;Employee;5-10yr;Special vehicle;Owner;;;Office areas;Undivided Two way;Tangent road with flat terrain;T Shape;Asphalt roads;Dry;Daylight;Normal;Collision with roadside objects;3;1;Going straight;Pedestrian;Male;31-50;2;Employee;Normal;Unknown or other;Changing lane to the left;Slight Injury
11:05:00;Friday;Unknown;Female;Junior high school;Employee;5-10yr;Automobile;Owner;;;Office areas;Two-way (divided with broken lines road marking);Tangent road with flat terrain;T Shape;Asphalt roads;Dry;Daylight;Normal;Vehicle with vehicle collision;3;1;Going straight;Pedestrian;Male;Under 18;3;;;Crossing from nearside - masked by parked or statioNot a Pedestrianry vehicle;Driving carelessly;Slight Injury
17:23:00;Thursday;Under 18;Male;Junior high school;Employee;Above 10yr;Public (13?45 seats);Owner;;;Other;Two-way (divided with broken lines road marking);Tangent road with flat terrain;T Shape;Asphalt roads;Dry;Darkness - lights lit;Normal;Vehicle with vehicle collision;2;1;Going straight;na;na;na;na;Student;Normal;Not a Pedestrian;No distancing;Slight Injury
17:23:00;Thursday;18-30;Male;Junior high school;Employee;1-2yr;;Owner;Above 10yr;;Residential areas;Undivided Two way;Tangent road with flat terrain;T Shape;Asphalt roads;Dry;Darkness - lights lit;Normal;Vehicle with vehicle collision;2;1;Moving Backward;Driver or rider;Male;31-50;3;Driver;Normal;Not a Pedestrian;Moving Backward;Slight Injury
09:15:00;Tuesday;31-50;Male;Junior high school;Employee;2-5yr;Lorry (41?100Q);Owner;Above 10yr;;Office areas;other;Tangent road with mountainous terrain and;Y Shape;Asphalt roads;Dry;Daylight;Normal;Vehicle with vehicle collision;2;1;Going straight;na;na;na;na;Self-employed;Normal;Not a Pedestrian;No priority to pedestrian;Slight Injury
09:15:00;Tuesday;31-50;Male;Junior high school;Employee;Below 1yr;Lorry (41?100Q);Owner;Above 10yr;No defect;Residential areas;other;Tangent road with flat terrain;Y Shape;Asphalt roads;Dry;Daylight;Normal;Vehicle with vehicle collision;2;1;Moving Backward;Driver or rider;Male;18-30;3;Self-employed;Normal;Not a Pedestrian;Moving Backward;Slight Injury
12:40:00;Wednesday;31-50;Male;Junior high school;Employee;Above 10yr;Public (12 seats);;;;School areas;Two-way (divided with broken lines road marking);Tangent road with flat terrain;Y Shape;Asphalt roads;Wet or damp;Daylight;Raining;Vehicle with vehicle collision;2;1;Moving Backward;Passenger;Male;Over 51;3;Driver;Normal;Not a Pedestrian;Moving Backward;Slight Injury
12:40:00;Wednesday;Over 51;Male;Junior high school;Employee;1-2yr;Lorry (41?100Q);Owner;Above 10yr;No defect;Office areas;Two-way (divided with broken lines road marking);Sharp reverse curve;Y Shape;Asphalt roads;Wet or damp;Daylight;Raining;Vehicle with vehicle collision;2;1;Going straight;Driver or rider;Male;18-30;3;;;Not a Pedestrian;Overtaking;Slight Injury
04:30:00;Saturday;Unknown;Female;Above high school;Employee;5-10yr;Lorry (41?100Q);Owner;5-10yrs;No defect;Other;other;Tangent road with flat terrain;Y Shape;Asphalt roads;Dry;Darkness - lights lit;Normal;Vehicle with vehicle collision;2;1;Going straight;na;na;na;na;Driver;Normal;Not a Pedestrian;Changing lane to the left;Slight Injury
04:30:00;Saturday;31-50;Male;Junior high school;Employee;5-10yr;Public (12 seats);Owner;Above 10yr;No defect;Other;Undivided Two way;Tangent road with flat terrain;Y Shape;Asphalt roads;Dry;Darkness - lights lit;Normal;Vehicle with vehicle collision;2;1;Going straight;Driver or rider;Male;18-30;3;Driver;Normal;Not a Pedestrian;Changing lane to the right;Slight Injury
17:52:00;Saturday;18-30;Male;Elementary school;Owner;Below 1yr;Public (> 45 seats);Owner;Above 10yr;No defect; Church areas;other;Tangent road with flat terrain;Unknown;Asphalt roads;Dry;Darkness - lights lit;Normal;Collision with roadside objects;3;2;Going straight;na;na;na;na;Self-employed;Normal;Not a Pedestrian;Overtaking;Slight Injury
17:52:00;Saturday;18-30;Male;;;;Automobile;Owner;;No defect;Office areas;Two-way (divided with broken lines road marking);Tangent road with flat terrain;Unknown;Earth roads;Dry;Darkness - lights lit;Normal;Vehicle with vehicle collision;3;2;Going straight;Passenger;Female;Over 51;3;Driver;Normal;Not a Pedestrian;Overloading;Slight Injury
17:52:00;Saturday;31-50;Male;Junior high school;Employee;Above 10yr;Pick up upto 10Q;Owner;;No defect;Other;Two-way (divided with broken lines road marking);Tangent road with flat terrain;Unknown;Asphalt roads;Dry;Darkness - lights lit;Normal;Collision with roadside objects;3;2;Going straight;Passenger;Male;Under 18;3;;Normal;Not a Pedestrian;Other;Slight Injury
23:39:00;Sunday;18-30;Male;Junior high school;;;Stationwagen;Owner;;No defect;Office areas;Two-way (divided with broken lines road marking);Tangent road with mild grade and flat terrain;No junction;Asphalt roads;Dry;Darkness - lights lit;Normal;Vehicle with vehicle collision;2;1;;na;na;na;na;Driver;Normal;Not a Pedestrian;No priority to vehicle;Serious Injury
23:39:00;Sunday;31-50;Male;Junior high school;Employee;1-2yr;Other;Owner;;No defect;Office areas;Two-way (divided with broken lines road marking);Tangent road with flat terrain;No junction;Asphalt roads;Dry;Darkness - lights lit;Normal;Vehicle with vehicle collision;2;1;Other;Driver or rider;Male;18-30;3;;;Not a Pedestrian;Changing lane to the right;Serious Injury
14:43:00;Thursday;Unknown;Male;Junior high school;Owner;2-5yr;;Owner;Above 10yr;No defect;Office areas;Two-way (divided with broken lines road marking);Sharp reverse curve;No junction;Asphalt roads;Dry;Daylight;Normal;;2;1;Going straight;Pedestrian;Male;31-50;3;Driver;Normal;Unknown or other;Moving Backward;Slight Injury
14:43:00;Thursday;31-50;Male;;Employee;unknown;Automobile;Owner;Above 10yr;No defect; Church areas;Undivided Two way;Sharp reverse curve;No junction;Asphalt roads;Dry;Daylight;Normal;Collision with pedestrians;2;1;;Pedestrian;Male;18-30;2;;;Not a Pedestrian;Changing lane to the left;Slight Injury
16:10:00;Monday;Under 18;Male;Junior high school;Employee;Above 10yr;Stationwagen;Owner;Above 10yr;No defect;Office areas;Undivided Two way;Gentle horizontal curve;Y Shape;Asphalt roads;Dry;Daylight;Normal;Vehicle with vehicle collision;2;5;Overtaking;na;na;na;na;Self-employed;NormalNormal;Not a Pedestrian;No priority to pedestrian;Slight Injury
16:10:00;Monday;31-50;Male;Junior high school;Owner;2-5yr;Pick up upto 10Q;Owner;5-10yrs;No defect;Other;Double carriageway (median);Gentle horizontal curve;Y Shape;Asphalt roads;Dry;Daylight;Normal;Vehicle with vehicle collision;2;5;Reversing;Driver or rider;Male;31-50;3;Driver;Normal;Not a Pedestrian;No distancing;Slight Injury
16:10:00;Monday;31-50;Male;Junior high school;Employee;5-10yr;Lorry (41?100Q);Owner;;;Other;Two-way (divided with broken lines road marking);Tangent road with flat terrain;Y Shape;Asphalt roads;Dry;Daylight;Normal;Vehicle with vehicle collision;2;5;Going straight;na;na;na;na;Driver;Normal;Not a Pedestrian;No priority to vehicle;Slight Injury
16:10:00;Monday;31-50;Male;Junior high school;Employee;2-5yr;Automobile;Owner;5-10yrs;No defect; Church areas;Unknown;Tangent road with mountainous terrain and;Y Shape;Asphalt roads;Dry;Daylight;Normal;Collision with pedestrians;2;5;Other;na;na;na;na;Other;Normal;Not a Pedestrian;No distancing;Slight Injury
16:10:00;Monday;31-50;Male;Junior high school;Employee;1-2yr;;Owner;1-2yr;;School areas;Undivided Two way;Tangent road with flat terrain;Y Shape;Asphalt roads with some distress;Dry;Daylight;Normal;Collision with roadside objects;2;5;Moving Backward;Driver or rider;Male;18-30;3;;;Not a Pedestrian;No distancing;Slight Injury
00:45:00;Thursday;18-30;Male;Junior high school;Employee;5-10yr;Lorry (41?100Q);;;; Church areas;Two-way (divided with broken lines road marking);Tangent road with flat terrain;No junction;Asphalt roads;Wet or damp;Darkness - no lighting;Other;;2;1;Going straight;na;na;na;na;;;Not a Pedestrian;Moving Backward;Slight Injury
00:45:00;Thursday;Over 51;Male;Junior high school;Employee;2-5yr;Lorry (41?100Q);Owner;Above 10yr;;Office areas;Undivided Two way;Tangent road with flat terrain;No junction;Asphalt roads;Wet or damp;Darkness - no lighting;Other;Vehicle with vehicle collision;2;1;Other;Passenger;Male;31-50;3;Other;Normal;Not a Pedestrian;Changing lane to the right;Slight Injury
15:15:00;Wednesday;18-30;Male;Elementary school;Employee;5-10yr;Lorry (41?100Q);Owner;2-5yrs;No defect;Other;other;Tangent road with flat terrain;No junction;Asphalt roads;Dry;Daylight;Normal;;2;1;Moving Backward;Driver or rider;Male;18-30;3;Driver;Normal;Not a Pedestrian;No priority to pedestrian;Serious Injury
15:15:00;Wednesday;31-50;Male;Above high school;Owner;5-10yr;Pick up upto 10Q;Owner;Above 10yr;; Church areas;Two-way (divided with broken lines road marking);Steep grade upward with mountainous terrain;No junction;Asphalt roads;Dry;Daylight;Normal;;2;1;Going straight;na;na;na;na;Driver;Normal;Not a Pedestrian;Moving Backward;Serious Injury
03:00:00;Saturday;18-30;Male;Junior high school;Employee;2-5yr;Pick up upto 10Q;Governmental;1-2yr;No defect;Other;Double carriageway (median);Tangent road with flat terrain;No junction;Asphalt roads;Dry;Darkness - lights lit;Normal;;2;1;Going straight;Pedestrian;Male;18-30;3;;;Unknown or other;Getting off the vehicle improperly;Slight Injury
03:00:00;Saturday;18-30;Male;Junior high school;Employee;2-5yr;Automobile;Governmental;Above 10yr;;Other;Double carriageway (median);Tangent road with flat terrain;No junction;Asphalt roads;Dry;Darkness - lights lit;Normal;Vehicle with vehicle collision;2;1;Moving Backward;na;na;na;na;Driver;Normal;Not a Pedestrian;Overtaking;Slight Injury
22:17:00;Saturday;18-30;Male;Junior high school;Employee;2-5yr;Other;Organization;5-10yrs;No defect;Office areas;Two-way (divided with broken lines road marking);Gentle horizontal curve;Other;Asphalt roads;Dry;Darkness - lights lit;Normal;Vehicle with vehicle collision;3;6;Going straight;Driver or rider;Male;18-30;3;;;Not a Pedestrian;Overloading;Slight Injury
22:17:00;Saturday;18-30;Male;Junior high school;Employee;5-10yr;;Organization;Above 10yr;No defect;Other;Two-way (divided with broken lines road marking);Tangent road with flat terrain;Other;Asphalt roads;Dry;Darkness - lights lit;Normal;Collision with roadside objects;3;6;Getting off;Pedestrian;Female;31-50;3;Driver;Normal;Not a Pedestrian;Changing lane to the right;Slight Injury
22:17:00;Saturday;Unknown;Male;Junior high school;Employee;1-2yr;Automobile;Owner;2-5yrs;No defect;Other;Two-way (divided with broken lines road marking);Tangent road with flat terrain;Other;Asphalt roads;Dry;Darkness - lights lit;Normal;Collision with roadside objects;3;6;Going straight;Driver or rider;Female;18-30;3;Driver;Normal;Not a Pedestrian;Improper parking;Slight Injury
22:17:00;Saturday;Unknown;Male;Junior high school;Owner;2-5yr;Automobile;Governmental;;No defect;Residential areas;Two-way (divided with broken lines road marking);Tangent road with flat terrain;Other;Asphalt roads;Dry;Darkness - lights lit;Normal;Vehicle with vehicle collision;3;6;Going straight;na;na;na;na;;;Not a Pedestrian;Other;Slight Injury
22:17:00;Saturday;Unknown;Male;High school;Owner;2-5yr;Public (> 45 seats);Owner;2-5yrs;No defect;Office areas;Two-way (divided with broken lines road marking);Tangent road with flat terrain;Other;Asphalt roads;Dry;Darkness - lights lit;Normal;Vehicle with vehicle collision;3;6;Moving Backward;Pedestrian;Female;Over 51;3;;;Unknown or other;Changing lane to the left;Slight Injury
22:17:00;Saturday;Unknown;Male;;Employee;;Lorry (41?100Q);Owner;2-5yrs;No defect; Church areas;One way;Tangent road with flat terrain;Other;Asphalt roads;Dry;Darkness - lights lit;Normal;Vehicle with vehicle collision;3;6;Going straight;Pedestrian;Female;Under 18;3;;;Not a Pedestrian;Changing lane to the right;Slight Injury
22:17:00;Saturday;Unknown;Male;Junior high school;Owner;1-2yr;Public (> 45 seats);Owner;1-2yr;No defect;;Undivided Two way;Tangent road with flat terrain;Other;Asphalt roads;Dry;Darkness - lights lit;Normal;Vehicle with vehicle collision;3;6;Going straight;Driver or rider;Male;31-50;2;;;Not a Pedestrian;No priority to pedestrian;Slight Injury
17:14:00;Tuesday;Under 18;Male;Junior high school;;Below 1yr;;Owner;Above 10yr;;  Market areas;other;Steep grade downward with mountainous terrain;No junction;Asphalt roads;Dry;Daylight;Normal;Vehicle with vehicle collision;1;1;Going straight;na;na;na;na;Other;Normal;Not a Pedestrian;Overspeed;Serious Injury
20:20:00;Thursday;Over 51;Male;High school;Employee;1-2yr;;Owner;Above 10yr;No defect;Residential areas;;Tangent road with flat terrain;Y Shape;Asphalt roads;Wet or damp;Darkness - lights lit;Normal;Rollover;2;2;Going straight;Driver or rider;Male;18-30;3;Self-employed;Normal;Not a Pedestrian;Changing lane to the left;Slight Injury
20:20:00;Thursday;18-30;Male;Above high school;Employee;1-2yr;Automobile;Owner;5-10yrs;No defect;Office areas;Undivided Two way;Tangent road with flat terrain;Y Shape;Asphalt roads;Wet or damp;Darkness - lights lit;Normal;Vehicle with vehicle collision;2;2;Going straight;na;na;na;na;;;Not a Pedestrian;No priority to vehicle;Slight Injury
16:00:00;Monday;Over 51;Male;Junior high school;Employee;Above 10yr;Automobile;Owner;;No defect;  Recreational areas;other;;Y Shape;Asphalt roads;Dry;Daylight;Normal;Collision with roadside objects;1;1;Moving Backward;na;na;na;na;Student;Normal;Not a Pedestrian;Changing lane to the right;Slight Injury
17:00:00;Wednesday;Unknown;Male;High school;Employee;1-2yr;Lorry (41?100Q);Governmental;;No defect;Office areas;other;Tangent road with mild grade and flat terrain;No junction;Asphalt roads;Dry;Daylight;Normal;Collision with pedestrians;2;1;Going straight;Driver or rider;Male;18-30;3;Other;Normal;Not a Pedestrian;No distancing;Slight Injury
17:00:00;Wednesday;18-30;Male;Junior high school;Employee;2-5yr;Automobile;Owner;5-10yrs;No defect; Industrial areas;other;Tangent road with flat terrain;No junction;;Dry;Daylight;Normal;Vehicle with vehicle collision;2;1;Going straight;Driver or rider;Male;31-50;3;Driver;Normal;Not a Pedestrian;No priority to pedestrian;Slight Injury
09:01:00;Friday;31-50;Male;Above high school;Other;2-5yr;Public (13?45 seats);;;;;;;Crossing;Asphalt roads;Dry;Daylight;Normal;Vehicle with vehicle collision;1;1;Moving Backward;Pedestrian;Female;31-50;3;Other;Normal;Unknown or other;No distancing;Serious Injury
07:55:00;Thursday;31-50;Male;High school;Employee;Above 10yr;Automobile;Owner;;No defect;Residential areas;Undivided Two way;Tangent road with flat terrain;No junction;Asphalt roads;Dry;Daylight;Normal;Vehicle with vehicle collision;2;1;Moving Backward;Pedestrian;Male;18-30;3;Driver;Normal;Not a Pedestrian;No priority to vehicle;Slight Injury
07:55:00;Thursday;31-50;Male;Elementary school;Employee;5-10yr;Public (> 45 seats);Governmental;Above 10yr;No defect;Residential areas;other;Tangent road with flat terrain;No junction;Asphalt roads;Dry;Daylight;Normal;Vehicle with vehicle collision;2;1;Going straight;Driver or rider;Female;18-30;3;Other;Normal;Not a Pedestrian;Other;Slight Injury
08:50:00;Monday;Unknown;Male;High school;Employee;1-2yr;Lorry (41?100Q);Owner;1-2yr;No defect; Industrial areas;other;Tangent road with flat terrain;No junction;Asphalt roads;Dry;Daylight;Normal;Vehicle with vehicle collision;1;1;Going straight;na;na;na;na;;Normal;Not a Pedestrian;Driving carelessly;Slight Injury
18:12:00;Friday;Under 18;Male;High school;Employee;5-10yr;Automobile;Owner;2-5yrs;No defect;Residential areas;Undivided Two way;Tangent road with flat terrain;No junction;Asphalt roads;Dry;Daylight;Normal;Vehicle with vehicle collision;2;1;Going straight;Pedestrian;Male;Under 18;3;Driver;Normal;Crossing from nearside - masked by parked or statioNot a Pedestrianry vehicle;Changing lane to the left;Slight Injury
18:12:00;Friday;31-50;Male;High school;Employee;2-5yr;Lorry (11?40Q);Owner;Unknown;No defect;Residential areas;other;Tangent road with flat terrain;No junction;Asphalt roads;Dry;Daylight;Normal;Vehicle with vehicle collision;2;1;Going straight;Pedestrian;Male;31-50;3;Driver;Normal;Not a Pedestrian;Driving carelessly;Slight Injury
10:35:00;Saturday;Unknown;Male;Junior high school;Employee;1-2yr;Public (13?45 seats);Owner;;No defect;Office areas;Undivided Two way;Tangent road with flat terrain;Y Shape;Asphalt roads;Dry;Daylight;Normal;Collision with roadside objects;2;1;Going straight;Pedestrian;Male;31-50;3;Self-employed;Normal;Walking along in carriageway, facing traffic;Changing lane to the left;Slight Injury
10:35:00;Saturday;Over 51;Male;Above high school;Employee;Above 10yr;Public (13?45 seats);Owner;2-5yrs;No defect;Office areas;Double carriageway (median);Escarpments;Y Shape;Asphalt roads;Dry;Daylight;Normal;Rollover;2;1;Going straight;Pedestrian;Female;Over 51;3;;;Walking along in carriageway, back to traffic;No priority to vehicle;Slight Injury
23:30:00;Sunday;Unknown;Female;Above high school;Employee;2-5yr;;Owner;Above 10yr;No defect;Office areas;other;Tangent road with flat terrain;No junction;Asphalt roads;Dry;Darkness - lights lit;Normal;Vehicle with vehicle collision;2;1;Going straight;Passenger;Female;31-50;3;;;Not a Pedestrian;No distancing;Slight Injury