Time;Day_of_week;Age_band_of_driver;Sex_of_driver;Educational_level;Vehicle_driver_relation;Driving_experience;Type_of_vehicle;Owner_of_vehicle;Service_year_of_vehicle;Defect_of_vehicle;Area_accident_occured;Lanes_or_Medians;Road_allignment;Types_of_Junction;Road_surface_type;Road_surface_conditions;Light_conditions;Weather_conditions;Type_of_collision;Number_of_vehicles_involved;Number_of_casualties;Vehicle_movement;Casualty_class;Sex_of_casualty;Age_band_of_casualty;Casualty_severity;Work_of_casuality;Fitness_of_casuality;Pedestrian_movement;Cause_of_accident;Accident_severity
23:30:00;Sunday;Under 18;Unknown;Elementary school;Employee;5-10yr;Long lorry;Owner;1-2yr;No defect;Office areas;Undivided Two way;Escarpments;No junction;Asphalt roads;Dry;Darkness - lights lit;Normal;Collision with pedestrians;2;1;Going straight;Driver or rider;Male;18-30;3;Employee;Normal;Not a Pedestrian;Changing lane to the right;Slight Injury
13:36:00;Wednesday;31-50;Male;Elementary school;Employee;1-2yr;Lorry (41?100Q);Owner;;No defect;Office areas;One way;Tangent road with flat terrain;No junction;Asphalt roads;Dry;Daylight;Normal;Vehicle with vehicle collision;4;2;Going straight;na;na;na;na;Driver;Normal;Not a Pedestrian;Changing lane to the right;Slight Injury
13:36:00;Wednesday;Under 18;Male;Junior high school;Employee;;Lorry (11?40Q);Owner;;No defect;Office areas;Undivided Two way;Tangent road with flat terrain;No junction;Asphalt roads;Dry;Daylight;Normal;Vehicle with vehicle collision;4;2;Going straight;Driver or rider;Male;31-50;3;Other;Normal;Not a Pedestrian;Driving at high speed;Slight Injury
13:36:00;Wednesday;Over 51;Male;;;;Lorry (41?100Q);Owner;;No defect;Office areas;other;Tangent road with flat terrain;No junction;Asphalt roads;Dry;Daylight;Normal;Collision with pedestrians;4;2;Other;na;na;na;na;Driver;Normal;Not a Pedestrian;No distancing;Slight Injury
13:36:00;Wednesday;Unknown;Unknown;Elementary school;Employee;5-10yr;Public (12 seats);Owner;Above 10yr;No defect;Residential areas;other;Tangent road with flat terrain;No junction;Asphalt roads;Dry;Daylight;Normal;Collision with pedestrians;4;2;Going straight;Driver or rider;Male;18-30;3;Driver;Normal;Not a Pedestrian;Changing lane to the right;Slight Injury
19:45:00;Thursday;Unknown;Male;Junior high school;Employee;2-5yr;;Owner;5-10yrs;No defect;Residential areas;One way;Tangent road with flat terrain;Other;Asphalt roads;Dry;Daylight;Normal;Vehicle with vehicle collision;2;1;Reversing;na;na;na;na;Driver;Normal;Not a Pedestrian;Changing lane to the left;Slight Injury
19:45:00;Thursday;Under 18;Male;Junior high school;Employee;5-10yr;Taxi;Owner;;No defect;Other;One way;Tangent road with flat terrain;Other;Asphalt roads;Dry;Daylight;Normal;Vehicle with vehicle collision;2;1;Going straight;Driver or rider;Male;18-30;3;Driver;Normal;Not a Pedestrian;Getting off the vehicle improperly;Slight Injury
06:27:00;Friday;Over 51;Male;High school;Employee;2-5yr;;Owner;5-10yrs;No defect; Church areas;Undivided Two way;Tangent road with flat terrain;Other;Asphalt roads;Dry;Daylight;Normal;Vehicle with vehicle collision;2;1;Reversing;na;na;na;na;Driver;Normal;Not a Pedestrian;Other;Slight Injury
06:27:00;Friday;31-50;Male;Junior high school;Employee;1-2yr;Automobile;Owner;;No defect;  Recreational areas;other;Tangent road with flat terrain;Other;Asphalt roads;Dry;Daylight;Normal;Vehicle with vehicle collision;2;1;Going straight;Driver or rider;Male;31-50;3;Driver;Normal;Not a Pedestrian;Other;Slight Injury
18:20:00;Thursday;31-50;Male;Junior high school;Employee;1-2yr;;Owner;;; Industrial areas;Undivided Two way;Tangent road with flat terrain;No junction;Asphalt roads;Dry;Darkness - lights lit;Normal;Vehicle with vehicle collision;2;2;Reversing;na;na;na;na;Driver;Normal;Not a Pedestrian;No distancing;Slight Injury
18:20:00;Thursday;18-30;Male;Junior high school;Employee;5-10yr;Lorry (41?100Q);;;;Residential areas;other;;No junction;Asphalt roads;Dry;Darkness - lights lit;Normal;Collision with roadside objects;2;2;;Driver or rider;Male;31-50;3;Driver;Normal;Not a Pedestrian;No priority to vehicle;Slight Injury
17:00:00;Saturday;Over 51;Male;Illiterate;Employee;unknown;Automobile;Owner;Above 10yr;No defect;Residential areas;other;Tangent road with rolling terrain;No junction;Asphalt roads;Dry;Daylight;Unknown;Vehicle with vehicle collision;1;1;Going straight;na;na;na;na;;Normal;Not a Pedestrian;Overtaking;Slight Injury
11:00:00;Sunday;Unknown;Male;Junior high school;Employee;5-10yr;Automobile;Owner;2-5yrs;No defect;Office areas;Double carriageway (median);Tangent road with flat terrain;No junction;Asphalt roads;Dry;Daylight;Normal;Vehicle with vehicle collision;2;3;Reversing;Pedestrian;Female;31-50;3;;Normal;Walking along in carriageway, facing traffic;No priority to pedestrian;Slight Injury
11:00:00;Sunday;18-30;Male;Junior high school;Employee;1-2yr;Lorry (41?100Q);Owner;2-5yrs;No defect;  Market areas;Undivided Two way;Tangent road with flat terrain;No junction;Asphalt roads;Dry;Daylight;Normal;Vehicle with vehicle collision;2;3;Other;na;na;na;na;;Normal;Not a Pedestrian;No distancing;Slight Injury
11:00:00;Sunday;18-30;Male;Junior high school;Employee;2-5yr;Automobile;;;;Unknown;other;Tangent road with flat terrain;No junction;Asphalt roads;Dry;Daylight;Normal;Vehicle with vehicle collision;2;3;Going straight;Driver or rider;Male;18-30;3;;Normal;Not a Pedestrian;Changing lane to the right;Slight Injury
11:00:00;Sunday;18-30;Male;Junior high school;Employee;Above 10yr;Automobile;Owner;;No defect; Industrial areas;other;Tangent road with flat terrain;No junction;Asphalt roads;Dry;Daylight;Normal;Vehicle with vehicle collision;2;3;Going straight;Passenger;Female;Over 51;3;;Normal;Not a Pedestrian;Driving carelessly;Slight Injury
17:21:00;Thursday;18-30;Male;Junior high school;Owner;5-10yr;Automobile;Owner;;No defect;Residential areas;Two-way (divided with solid lines road marking);Tangent road with flat terrain;Y Shape;Asphalt roads;Dry;Daylight;Normal;Vehicle with vehicle collision;4;2;Going straight;Passenger;Female;Under 18;3;;Normal;Not a Pedestrian;Changing lane to the right;Slight Injury
17:21:00;Thursday;31-50;Male;High school;Employee;1-2yr;Taxi;Governmental;Below 1yr;No defect;Residential areas;Undivided Two way;Tangent road with flat terrain;Y Shape;Asphalt roads;Dry;Daylight;Normal;Vehicle with vehicle collision;4;2;Moving Backward;Driver or rider;Male;18-30;3;;Normal;Not a Pedestrian;Overtaking;Slight Injury
17:21:00;Thursday;Over 51;Male;Junior high school;Employee;Above 10yr;;Owner;5-10yrs;No defect;Other;Undivided Two way;Tangent road with flat terrain;Y Shape;Asphalt roads;Dry;Daylight;Normal;Vehicle with vehicle collision;4;2;Going straight;na;na;na;na;;Normal;Not a Pedestrian;Other;Slight Injury
17:21:00;Thursday;18-30;Male;Junior high school;Employee;1-2yr;;Governmental;;No defect;Residential areas;other;Tangent road with flat terrain;Y Shape;Asphalt roads;Dry;Daylight;Normal;Vehicle with vehicle collision;4;2;Going straight;Driver or rider;Male;18-30;3;Driver;;Not a Pedestrian;Driving to the left;Slight Injury
22:15:00;Friday;Unknown;Female;Junior high school;Employee;2-5yr;Automobile;Owner;1-2yr;No defect;Rural village areas;Undivided Two way;Gentle horizontal curve;No junction;Asphalt roads;Dry;Darkness - lights lit;Normal;Vehicle with vehicle collision;1;1;Going straight;Passenger;Female;31-50;3;Driver;;Not a Pedestrian;Driving at high speed;Slight Injury
08:45:00;Tuesday;Unknown;Male;Junior high school;Employee;Above 10yr;Pick up upto 10Q;Owner;2-5yrs;No defect;Rural village areas;Undivided Two way;Gentle horizontal curve;Y Shape;Asphalt roads;Dry;Daylight;Normal;Vehicle with vehicle collision;1;1;Going straight;Pedestrian;Female;31-50;3;Driver;Normal;Not a Pedestrian;Unknown;Slight Injury
09:43:00;Thursday;31-50;Male;Junior high school;Employee;2-5yr;;Owner;;No defect;Office areas;Double carriageway (median);Tangent road with flat terrain;Crossing;Asphalt roads;Dry;Daylight;Normal;Vehicle with vehicle collision;2;2;Other;Driver or rider;Male;18-30;3;Driver;Normal;Not a Pedestrian;Changing lane to the right;Slight Injury
09:43:00;Thursday;Unknown;Male;Elementary school;Employee;5-10yr;Automobile;Owner;2-5yrs;No defect;Residential areas;Undivided Two way;Gentle horizontal curve;Crossing;Asphalt roads;Dry;Daylight;Normal;Vehicle with vehicle collision;2;2;;Pedestrian;Female;Under 18;3;Driver;Normal;Not a Pedestrian;No distancing;Slight Injury
09:43:00;Thursday;Unknown;Male;;;;Public (12 seats);Owner;;;Residential areas;other;Tangent road with flat terrain;Crossing;Asphalt roads;Dry;Daylight;Normal;Vehicle with vehicle collision;2;2;Going straight;Passenger;Male;Over 51;3;;Normal;Not a Pedestrian;Other;Slight Injury
09:00:00;Friday;Unknown;Female;Elementary school;Employee;1-2yr;Public (13?45 seats);Owner;;7; Outside rural areas;other;Tangent road with flat terrain;Y Shape;Asphalt roads;Dry;Daylight;Normal;Vehicle with vehicle collision;1;1;Turnover;Passenger;Female;Over 51;3;Driver;Normal;Not a Pedestrian;No priority to vehicle;Slight Injury
17:29:00;Wednesday;31-50;Male;Elementary school;Employee;5-10yr;Lorry (11?40Q);Owner;Above 10yr;;Residential areas;other;Tangent road with flat terrain;Other;Asphalt roads;Dry;Daylight;Normal;Collision with roadside objects;1;1;Going straight;Driver or rider;Male;18-30;3;Driver;Normal;Not a Pedestrian;Changing lane to the left;Slight Injury
08:49:00;Wednesday;Under 18;Male;Elementary school;Employee;5-10yr;Stationwagen;Owner;5-10yrs;5; Church areas;other;Tangent road with flat terrain;No junction;Asphalt roads;Wet or damp;Daylight;Normal;Vehicle with vehicle collision;2;1;Moving Backward;Passenger;Male;18-30;3;Self-employed;Normal;Not a Pedestrian;No priority to pedestrian;Slight Injury
08:49:00;Wednesday;18-30;Male;Junior high school;Employee;1-2yr;Ridden horse;Owner;;No defect;Office areas;Undivided Two way;Tangent road with flat terrain;No junction;Asphalt roads;Wet or damp;Daylight;Normal;Vehicle with vehicle collision;2;1;Moving Backward;na;na;na;na;Driver;Normal;Not a Pedestrian;Overtaking;Slight Injury
16:50:00;Saturday;Unknown;Male;Junior high school;Employee;5-10yr;Stationwagen;Owner;Unknown;No defect;Office areas;Two-way (divided with broken lines road marking);Tangent road with mountainous terrain and;No junction;Asphalt roads;Dry;Daylight;Normal;Vehicle with vehicle collision;2;1;Going straight;Driver or rider;Male;18-30;3;Driver;Normal;Not a Pedestrian;Driving carelessly;Slight Injury
16:50:00;Saturday;Under 18;Male;Junior high school;Employee;5-10yr;Automobile;Governmental;;No defect;Office areas;Two-way (divided with broken lines road marking);Escarpments;No junction;Asphalt roads;Dry;Daylight;Normal;Vehicle with vehicle collision;2;1;Other;na;na;na;na;Self-employed;Normal;Not a Pedestrian;No priority to vehicle;Slight Injury
20:40:00;Sunday;Unknown;Male;Junior high school;Employee;2-5yr;Automobile;Owner;2-5yrs;;Other;Undivided Two way;Tangent road with mountainous terrain and;Y Shape;Asphalt roads;Dry;Daylight;Normal;Collision with pedestrians;2;1;Going straight;na;na;na;na;;;Not a Pedestrian;No priority to pedestrian;Slight Injury
20:40:00;Sunday;18-30;Male;Junior high school;Employee;1-2yr;Other;Owner;2-5yrs;;Other;Undivided Two way;Tangent road with flat terrain;Y Shape;Asphalt roads;Dry;Daylight;Normal;Vehicle with vehicle collision;2;1;Going straight;Driver or rider;Male;31-50;3;Driver;Normal;Not a Pedestrian;Changing lane to the right;Slight Injury
10:30:00;Monday;18-30;Male;Junior high school;Employee;5-10yr;Taxi;Owner;Unknown;No defect;Residential areas;Two-way (divided with broken lines road marking);Tangent road with flat terrain;No junction;Asphalt roads;Dry;Daylight;Normal;Vehicle with vehicle collision;1;1;Going straight;Driver or rider;Male;18-30;3;Other;Normal;Not a Pedestrian;Driving carelessly;Serious Injury
19:45:00;Tuesday;Unknown;Male;Junior high school;Employee;Below 1yr;Automobile;Owner;;;Other;Two-way (divided with broken lines road marking);Tangent road with flat terrain;No junction;Asphalt roads;Wet or damp;Darkness - lights unlit;Windy;Vehicle with vehicle collision;1;1;Going straight;na;na;na;na;Driver;Normal;Not a Pedestrian;Changing lane to the right;Slight Injury
09:00:00;Tuesday;18-30;Male;Junior high school;Employee;5-10yr;Stationwagen;Owner;Below 1yr;;Other;Undivided Two way;Tangent road with mild grade and flat terrain;Y Shape;Asphalt roads;Wet or damp;Daylight;Normal;Vehicle with vehicle collision;3;1;Going straight;Driver or rider;Male;18-30;3;Self-employed;Normal;Not a Pedestrian;Changing lane to the right;Slight Injury
09:00:00;Tuesday;Over 51;Male;Junior high school;Owner;5-10yr;Automobile;Owner;5-10yrs;;Other;Two-way (divided with broken lines road marking);Tangent road with flat terrain;Y Shape;Asphalt roads;Wet or damp;Daylight;Normal;Vehicle with vehicle collision;3;1;Going straight;na;na;na;na;Driver;Normal;Not a Pedestrian;Changing lane to the left;Slight Injury
09:00:00;Tuesday;18-30;Male;;Owner;5-10yr;Public (12 seats);Governmental;5-10yrs;No defect;Other;Undivided Two way;Tangent road with flat terrain;Y Shape;Asphalt roads;Wet or damp;Daylight;Normal;Vehicle with vehicle collision;3;1;Going straight;Driver or rider;Male;18-30;3;Driver;Normal;Not a Pedestrian;Overturning;Slight Injury
18:00:00;Sunday;18-30;Male;Junior high school;Employee;5-10yr;;Owner;2-5yrs;No defect;Other;Double carriageway (median);Tangent road with mild grade and flat terrain;Y Shape;Asphalt roads;Dry;Daylight;Normal;Vehicle with vehicle collision;2;1;Going straight;na;na;na;na;;;Not a Pedestrian;Driving carelessly;Slight Injury
18:00:00;Sunday;Under 18;Male;High school;Employee;2-5yr;Automobile;Owner;;No defect;Other;Two-way (divided with broken lines road marking);Tangent road with flat terrain;Y Shape;Asphalt roads;Dry;Daylight;Normal;Vehicle with vehicle collision;2;1;Other;Driver or rider;Male;18-30;3;Driver;Normal;Not a Pedestrian;No distancing;Slight Injury
03:00:00;Sunday;18-30;Male;Above high school;Employee;5-10yr;Lorry (41?100Q);Owner;2-5yrs;; Church areas;Two-way (divided with broken lines road marking);Tangent road with flat terrain;No junction;Asphalt roads;Wet or damp;Darkness - lights lit;Normal;Collision with pedestrians;1;2;Going straight;na;na;na;na;Driver;Normal;Not a Pedestrian;Driving carelessly;Serious Injury
03:00:00;Sunday;18-30;Male;Junior high school;Employee;Above 10yr;;Owner;5-10yrs;;Other;Undivided Two way;Tangent road with flat terrain;No junction;Asphalt roads;Wet or damp;Darkness - lights lit;Normal;Vehicle with vehicle collision;1;2;Overtaking;Driver or rider;Male;31-50;3;;;Not a Pedestrian;Changing lane to the left;Serious Injury
12:05:00;Monday;Over 51;Male;Junior high school;Employee;Below 1yr;Public (> 45 seats);Organization;2-5yrs;; Industrial areas;Two-way (divided with broken lines road marking);Tangent road with flat terrain;Crossing;Asphalt roads;Wet or damp;Daylight;Windy;Vehicle with vehicle collision;2;1;Going straight;Pedestrian;Male;31-50;3;;;Not a Pedestrian;No priority to vehicle;Slight Injury
12:05:00;Monday;31-50;Male;Elementary school;Employee;5-10yr;;Owner;;No defect;Residential areas;Double carriageway (median);Tangent road with flat terrain;Crossing;Asphalt roads;Wet or damp;Daylight;Windy;Vehicle with vehicle collision;2;1;Going straight;Driver or rider;Male;31-50;3;Driver;Normal;Not a Pedestrian;Changing lane to the right;Slight Injury
12:14:00;Saturday;18-30;Male;Elementary school;Employee;2-5yr;Public (12 seats);Governmental;Above 10yr;No defect;Other;Two-way (divided with broken lines road marking);Tangent road with flat terrain;No junction;Asphalt roads;Dry;Daylight;Normal;Vehicle with vehicle collision;2;3;Going straight;Pedestrian;Female;Over 51;3;Driver;Normal;Not a Pedestrian;No distancing;Serious Injury
12:14:00;Saturday;31-50;Male;Junior high school;Employee;2-5yr;Public (12 seats);Owner;;No defect;Office areas;Two-way (divided with broken lines road marking);Tangent road with flat terrain;No junction;Asphalt roads;Dry;Daylight;Normal;Collision with roadside objects;2;3;U-Turn;Driver or rider;Female;18-30;3;;;Not a Pedestrian;Moving Backward;Serious Injury
12:14:00;Saturday;31-50;Male;Junior high school;Employee;1-2yr;Automobile;Owner;;No defect; Industrial areas;Unknown;Tangent road with flat terrain;No junction;Asphalt roads;Dry;Daylight;Normal;Vehicle with vehicle collision;2;3;Going straight;na;na;na;na;;;Not a Pedestrian;Moving Backward;Serious Injury
06:45:00;Tuesday;Unknown;Female;Junior high school;Employee;2-5yr;;Owner;1-2yr;No defect; Industrial areas;Double carriageway (median);Tangent road with flat terrain;No junction;Asphalt roads;Dry;Daylight;Normal;Vehicle with vehicle collision;2;1;Going straight;Driver or rider;Male;31-50;3;Driver;Normal;Not a Pedestrian;No distancing;Slight Injury
06:45:00;Tuesday;18-30;Male;Junior high school;Employee;2-5yr;Automobile;Owner;;No defect;Other;Two-way (divided with broken lines road marking);Tangent road with flat terrain;No junction;Asphalt roads;Dry;Daylight;Normal;Vehicle with vehicle collision;2;1;Going straight;na;na;na;na;Driver;Normal;Not a Pedestrian;No distancing;Slight Injury
15:45:00;Friday;18-30;Male;Junior high school;Employee;Above 10yr;Lorry (41?100Q);Organization;Above 10yr;; Hospital areas;Two-way (divided with broken lines road marking);Tangent road with flat terrain;No junction;Asphalt roads;Dry;Daylight;Normal;Vehicle with vehicle collision;2;1;Going straight;Driver or rider;Male;18-30;3;;;Not a Pedestrian;No distancing;Slight Injury
15:45:00;Friday;Over 51;Male;High school;Employee;Below 1yr;Public (12 seats);Owner;Unknown;;Office areas;One way;Tangent road with flat terrain;No junction;Asphalt roads;Dry;Daylight;Normal;Vehicle with vehicle collision;2;1;Turnover;na;na;na;na;;;Not a Pedestrian;No priority to pedestrian;Slight Injury
06:21:00;Friday;Over 51;Male;Junior high school;Employee;2-5yr;Lorry (11?40Q);Owner;2-5yrs;No defect; Church areas;Undivided Two way;Tangent road with flat terrain;No junction;Asphalt roads;Wet or damp;Darkness - lights lit;Normal;Vehicle with vehicle collision;2;1;Going straight;na;na;na;na;Driver;Normal;Not a Pedestrian;Driving carelessly;Slight Injury
06:21:00;Friday;31-50;Male;High school;Employee;Above 10yr;Automobile;Organization;5-10yrs;No defect; Hospital areas;Undivided Two way;Tangent road with mountainous terrain and;No junction;Asphalt roads;Wet or damp;Darkness - lights lit;Normal;Vehicle with vehicle collision;2;1;Going straight;Driver or rider;Male;Under 18;3;Driver;Normal;Not a Pedestrian;Changing lane to the right;Slight Injury
08:21:00;Tuesday;Under 18;Male;Junior high school;Employee;Above 10yr;Automobile;Owner;Above 10yr;No defect;Office areas;other;Tangent road with flat terrain;Y Shape;Asphalt roads;Wet or damp;Daylight;Raining;Collision with roadside objects;3;1;Moving Backward;Driver or rider;Male;18-30;3;;;Not a Pedestrian;Changing lane to the left;Slight Injury
08:21:00;Tuesday;18-30;Male;High school;Employee;5-10yr;Automobile;Owner;2-5yrs;No defect;Other;Two-way (divided with broken lines road marking);Escarpments;Y Shape;Asphalt roads;Wet or damp;Daylight;Raining;Vehicle with vehicle collision;3;1;Going straight;Driver or rider;Male;18-30;3;Driver;;Not a Pedestrian;Driving carelessly;Slight Injury
08:21:00;Tuesday;18-30;Male;Junior high school;Employee;Above 10yr;Bajaj;Owner;1-2yr;;Office areas;Undivided Two way;Tangent road with flat terrain;Y Shape;Asphalt roads;Wet or damp;Daylight;Raining;Vehicle with vehicle collision;3;1;Moving Backward;Driver or rider;Female;31-50;2;Driver;Normal;Not a Pedestrian;Driving carelessly;Slight Injury
13:30:00;Sunday;Unknown;Female;Junior high school;Employee;1-2yr;Public (12 seats);Owner;2-5yrs;;Office areas;Two-way (divided with broken lines road marking);Tangent road with mountainous terrain and;Y Shape;Asphalt roads;Dry;Daylight;Unknown;Vehicle with vehicle collision;1;1;Going straight;Driver or rider;Male;31-50;3;Driver;Normal;Not a Pedestrian;No distancing;Slight Injury
09:30:00;Thursday;Unknown;Female;Junior high school;Employee;2-5yr;Lorry (11?40Q);Owner;;No defect;Other;Double carriageway (median);Steep grade downward with mountainous terrain;No junction;Asphalt roads;Dry;Daylight;Normal;Vehicle with vehicle collision;2;1;Going straight;na;na;na;na;Driver;Normal;Not a Pedestrian;Other;Slight Injury
09:30:00;Thursday;31-50;Male;Elementary school;Employee;2-5yr;;Owner;1-2yr;No defect;Office areas;Undivided Two way;Tangent road with mild grade and flat terrain;No junction;Asphalt roads;Dry;Daylight;Normal;Rollover;2;1;Going straight;Driver or rider;Male;18-30;3;Driver;Normal;Not a Pedestrian;Changing lane to the right;Slight Injury
16:20:00;Monday;18-30;Male;Elementary school;Other;5-10yr;;Owner;;No defect;Residential areas;Undivided Two way;Tangent road with flat terrain;No junction;Asphalt roads;Wet or damp;Daylight;Normal;Vehicle with vehicle collision;2;3;Going straight;Driver or rider;Male;Under 18;3;;;Not a Pedestrian;Changing lane to the right;Serious Injury
16:20:00;Monday;18-30;Male;Junior high school;Employee;5-10yr;Automobile;Owner;Unknown;;Other;Two-way (divided with broken lines road marking);Tangent road with flat terrain;No junction;Asphalt roads;Wet or damp;Daylight;Normal;Vehicle with vehicle collision;2;3;U-Turn;na;na;na;na;Student;Normal;Not a Pedestrian;No distancing;Serious Injury
16:20:00;Monday;31-50;Male;High school;Owner;5-10yr;Lorry (11?40Q);Owner;2-5yrs;;Office areas;Double carriageway (median);Tangent road with flat terrain;No junction;Asphalt roads;Wet or damp;Daylight;Normal;Collision with roadside objects;2;3;Going straight;na;na;na;na;;;Not a Pedestrian;No distancing;Serious Injury
17:30:00;Thursday;31-50;Male;Junior high school;Employee;Above 10yr;Lorry (41?100Q);Owner;5-10yrs;;Office areas;Undivided Two way;Tangent road with mountainous terrain and;Y Shape;Asphalt roads;Dry;Daylight;Normal;Vehicle with vehicle collision;1;1;Going straight;Driver or rider;Male;18-30;3;;;Not a Pedestrian;Overturning;Serious Injury
06:26:00;Friday;31-50;Male;Junior high school;Employee;Below 1yr;Pick up upto 10Q;;;;Office areas;other;Tangent road with flat terrain;No junction;Asphalt roads;Wet or damp;Darkness - lights lit;Normal;Vehicle with vehicle collision;3;1;Going straight;Driver or rider;Male;31-50;3;;Normal;Not a Pedestrian;Driving at high speed;Slight Injury
06:26:00;Friday;Over 51;Male;Junior high school;Other;Below 1yr;Lorry (11?40Q);Owner;5-10yrs;No defect;Other;Two-way (divided with broken lines road marking);Tangent road with mild grade and flat terrain;No junction;Earth roads;Wet or damp;Darkness - lights lit;Normal;Vehicle with vehicle collision;3;1;Going straight;Pedestrian;Female;18-30;3;Driver;Normal;Not a Pedestrian;No priority to vehicle;Slight Injury
06:26:00;Friday;31-50;Male;Junior high school;Employee;Above 10yr;Stationwagen;Owner;;No defect; Church areas;Undivided Two way;Tangent road with flat terrain;No junction;Asphalt roads;Wet or damp;Darkness - lights lit;Normal;Collision with roadside objects;3;1;Going straight;na;na;na;na;Driver;Normal;Not a Pedestrian;No priority to pedestrian;Slight Injury
06:26:00;Friday;18-30;Male;High school;Owner;5-10yr;Other;Owner;Unknown;No defect; Industrial areas;Undivided Two way;Tangent road with flat terrain;No junction;Asphalt roads;Wet or damp;Darkness - lights lit;Normal;Collision with roadside objects;3;1;Going straight;Driver or rider;Male;31-50;3;;;Not a Pedestrian;No priority to vehicle;Slight Injury
06:26:00;Friday;31-50;Male;Elementary school;Owner;5-10yr;Other;Owner;1-2yr;No defect;Office areas;Double carriageway (median);Tangent road with flat terrain;No junction;Asphalt roads;Wet or damp;Darkness - lights lit;Normal;Vehicle with vehicle collision;3;1;Stopping;Pedestrian;Female;Under 18;3;;;Not a Pedestrian;Other;Slight Injury
08:45:00;Thursday;Unknown;Female;Junior high school;Employee;2-5yr;Lorry (11?40Q);Owner;Unknown;No defect; Church areas;Undivided Two way;Tangent road with flat terrain;No junction;Asphalt roads;Wet or damp;Daylight;Raining;Vehicle with vehicle collision;2;1;Turnover;Driver or rider;Female;Over 51;3;;;Not a Pedestrian;Other;Slight Injury
08:45:00;Thursday;31-50;Male;Junior high school;Employee;2-5yr;;Owner;;;Office areas;Undivided Two way;Tangent road with flat terrain;No junction;Asphalt roads;Wet or damp;Daylight;Raining;Collision with roadside objects;2;1;Getting off;na;na;na;na;;;Not a Pedestrian;Moving Backward;Slight Injury
20:05:00;Saturday;31-50;Male;Above high school;Employee;5-10yr;Automobile;Owner;;No defect;Office areas;other;Tangent road with flat terrain;Y Shape;Asphalt roads;Dry;Darkness - lights lit;Normal;Collision with roadside objects;2;2;Moving Backward;Pedestrian;Female;Over 51;3;Driver;Normal;Crossing from nearside - masked by parked or statioNot a Pedestrianry vehicle;No distancing;Slight Injury
20:05:00;Saturday;31-50;Male;Junior high school;Owner;2-5yr;Lorry (41?100Q);Owner;;;Residential areas;Two-way (divided with broken lines road marking);Tangent road with flat terrain;Y Shape;Asphalt roads;Dry;Darkness - lights lit;Normal;Vehicle with vehicle collision;2;2;Moving Backward;Pedestrian;Female;Under 18;3;Driver;Normal;Not a Pedestrian;Moving Backward;Slight Injury
10:00:00;Saturday;18-30;Male;;;;Other;Owner;5-10yrs;;Office areas;Two-way (divided with broken lines road marking);Tangent road with flat terrain;No junction;Asphalt roads;Dry;Daylight;Normal;Vehicle with vehicle collision;1;1;Going straight;Driver or rider;Female;18-30;3;Driver;Normal;Not a Pedestrian;No priority to vehicle;Slight Injury
20:10:00;Saturday;18-30;Male;Junior high school;Employee;2-5yr;Lorry (41?100Q);Owner;5-10yrs;;Residential areas;Undivided Two way;Tangent road with flat terrain;No junction;Asphalt roads;Dry;Daylight;Normal;Vehicle with vehicle collision;3;5;Turnover;na;na;na;na;Other;Normal;Not a Pedestrian;Driving carelessly;Serious Injury
20:10:00;Saturday;18-30;Male;Junior high school;Employee;5-10yr;Automobile;Owner;2-5yrs;;Office areas;Double carriageway (median);Tangent road with flat terrain;No junction;Asphalt roads;Dry;Daylight;Normal;Collision with roadside objects;3;5;Going straight;na;na;na;na;Driver;Normal;Not a Pedestrian;No distancing;Serious Injury
20:10:00;Saturday;18-30;Male;Junior high school;Employee;2-5yr;Pick up upto 10Q;Owner;2-5yrs;No defect;Office areas;Double carriageway (median);Tangent road with flat terrain;No junction;Asphalt roads;Dry;Daylight;Normal;Vehicle with vehicle collision;3;5;Going straight;Pedestrian;Male;18-30;3;;;Not a Pedestrian;Other;Serious Injury
20:10:00;Saturday;18-30;Male;Elementary school;Employee;1-2yr;Lorry (41?100Q);;;No defect;Other;Two-way (divided with broken lines road marking);Tangent road with flat terrain;No junction;Asphalt roads;Dry;Daylight;Normal;Vehicle with vehicle collision;3;5;U-Turn;na;na;na;na;Driver;Normal;Not a Pedestrian;Changing lane to the right;Serious Injury
20:10:00;Saturday;18-30;Male;High school;Employee;;Public (13?45 seats);Owner;Unknown;No defect;Other;Two-way (divided with broken lines road marking);Tangent road with flat terrain;No junction;Asphalt roads;Dry;Daylight;Normal;Vehicle with vehicle collision;3;5;Going straight;Driver or rider;Male;18-30;3;Driver;Normal;Not a Pedestrian;No distancing;Serious Injury
20:10:00;Saturday;Unknown;Male;Junior high school;Owner;1-2yr;Long lorry;Owner;Above 10yr;No defect;Residential areas;Two-way (divided with broken lines road marking);Tangent road with flat terrain;No junction;Asphalt roads;Dry;Daylight;Normal;Rollover;3;5;Going straight;na;na;na;na;Unemployed;Normal;Not a Pedestrian;Driving carelessly;Serious Injury
20:10:00;Saturday;Unknown;Male;Junior high school;Employee;2-5yr;Automobile;Owner;Unknown;; Church areas;Two-way (divided with broken lines road marking);Tangent road with flat terrain;No junction;Asphalt roads;Dry;Daylight;Normal;Vehicle with vehicle collision;3;5;U-Turn;Driver or rider;Male;Over 51;3;Driver;Normal;Not a Pedestrian;No distancing;Serious Injury