Time;Day_of_week;Age_band_of_driver;Sex_of_driver;Educational_level;Vehicle_driver_relation;Driving_experience;Type_of_vehicle;Owner_of_vehicle;Service_year_of_vehicle;Defect_of_vehicle;Area_accident_occured;Lanes_or_Medians;Road_allignment;Types_of_Junction;Road_surface_type;Road_surface_conditions;Light_conditions;Weather_conditions;Type_of_collision;Number_of_vehicles_involved;Number_of_casualties;Vehicle_movement;Casualty_class;Sex_of_casualty;Age_band_of_casualty;Casualty_severity;Work_of_casuality;Fitness_of_casuality;Pedestrian_movement;Cause_of_accident;Accident_severity
08:15:00;Monday;31-50;Male;Elementary school;Employee;5-10yr;Other;Owner;;No defect;Other;Two-way (divided with broken lines road marking);Tangent road with flat terrain;Crossing;Asphalt roads;Dry;Daylight;Normal;Vehicle with vehicle collision;2;1;Going straight;Driver or rider;Male;31-50;3;Driver;Normal;Not a Pedestrian;No distancing;Slight Injury
13:54:00;Tuesday;Unknown;Female;Junior high school;Employee;Above 10yr;Pick up upto 10Q;Owner;Unknown;;Other;other;Tangent road with flat terrain;No junction;Asphalt roads;Dry;Daylight;Normal;Vehicle with vehicle collision;1;1;Other;Passenger;Female;31-50;3;Driver;Normal;Not a Pedestrian;No distancing;Slight Injury
21:34:00;Friday;18-30;Male;Junior high school;Employee;1-2yr;Stationwagen;Owner;5-10yrs;No defect; Church areas;other;Tangent road with flat terrain;No junction;Asphalt roads;Dry;Darkness - lights lit;Normal;Vehicle with vehicle collision;1;3;Other;na;na;na;na;Driver;Normal;Not a Pedestrian;No distancing;Slight Injury
21:34:00;Friday;18-30;Male;High school;Employee;Below 1yr;Other;Owner;5-10yrs;No defect; Church areas;Undivided Two way;Tangent road with flat terrain;No junction;Asphalt roads;Dry;Darkness - lights lit;Normal;Collision with roadside objects;1;3;Other;Driver or rider;Male;Under 18;3;;;Not a Pedestrian;Changing lane to the left;Slight Injury
21:34:00;Friday;18-30;Male;Elementary school;Employee;Above 10yr;Pick up upto 10Q;Owner;;No defect;Other;Two-way (divided with broken lines road marking);Tangent road with flat terrain;No junction;Asphalt roads;Dry;Darkness - lights lit;Normal;Vehicle with vehicle collision;1;3;Stopping;na;na;na;na;Driver;Normal;Not a Pedestrian;No priority to vehicle;Slight Injury
14:50:00;Friday;18-30;Male;High school;Owner;1-2yr;Stationwagen;Owner;;No defect;Other;One way;Tangent road with flat terrain;Y Shape;Asphalt roads;Dry;Daylight;Normal;Collision with pedestrians;2;1;Other;Driver or rider;Female;Over 51;3;Driver;Normal;Not a Pedestrian;Driving at high speed;Slight Injury
14:50:00;Friday;Unknown;Male;Junior high school;Employee;2-5yr;Lorry (41?100Q);Governmental;2-5yrs;;  Recreational areas;Two-way (divided with broken lines road marking);Tangent road with flat terrain;Y Shape;Asphalt roads;Dry;Daylight;Normal;Vehicle with vehicle collision;2;1;Other;Driver or rider;Female;31-50;3;Self-employed;Normal;Not a Pedestrian;Overtaking;Slight Injury
14:20:00;Sunday;18-30;Male;;Employee;5-10yr;Automobile;Owner;2-5yrs;;Other;Undivided Two way;Tangent road with flat terrain;Crossing;Asphalt roads;Dry;Daylight;Normal;Collision with roadside objects;2;1;Other;Driver or rider;Male;31-50;3;;Normal;Not a Pedestrian;Other;Slight Injury
14:20:00;Sunday;18-30;Male;High school;Owner;2-5yr;;Owner;5-10yrs;;Office areas;Undivided Two way;Tangent road with flat terrain;Crossing;Asphalt roads;Dry;Daylight;Normal;Vehicle with vehicle collision;2;1;Going straight;na;na;na;na;;;Not a Pedestrian;Changing lane to the left;Slight Injury
15:28:00;Thursday;31-50;Male;High school;Employee;Above 10yr;Automobile;Owner;5-10yrs;No defect; Church areas;Two-way (divided with broken lines road marking);Tangent road with flat terrain;No junction;Asphalt roads;Dry;Daylight;Normal;Vehicle with vehicle collision;1;1;Going straight;na;na;na;na;Driver;Normal;Not a Pedestrian;No priority to pedestrian;Serious Injury
13:46:00;Thursday;Over 51;Male;Junior high school;Employee;1-2yr;Automobile;Owner;2-5yrs;;Office areas;Two-way (divided with broken lines road marking);Tangent road with flat terrain;Y Shape;Asphalt roads;Dry;Daylight;Normal;Vehicle with vehicle collision;2;3;Going straight;Driver or rider;Female;18-30;2;Driver;Normal;Not a Pedestrian;Changing lane to the left;Serious Injury
13:46:00;Thursday;Over 51;Male;Elementary school;Employee;1-2yr;Turbo;;;No defect;Office areas;Undivided Two way;Tangent road with mountainous terrain and;Y Shape;Asphalt roads;Dry;Daylight;Normal;Vehicle with vehicle collision;2;3;Going straight;Driver or rider;Female;18-30;3;Driver;Normal;Not a Pedestrian;No distancing;Serious Injury
13:46:00;Thursday;Over 51;Male;High school;Employee;1-2yr;;Owner;2-5yrs;No defect;Other;Undivided Two way;Tangent road with flat terrain;Y Shape;Asphalt roads;Dry;Daylight;Normal;Vehicle with vehicle collision;2;3;Going straight;na;na;na;na;;;Not a Pedestrian;Moving Backward;Serious Injury
13:50:00;Monday;Unknown;Male;Above high school;Employee;5-10yr;Stationwagen;Governmental;;;Residential areas;Two-way (divided with broken lines road marking);Tangent road with flat terrain;No junction;Asphalt roads;Dry;Daylight;Normal;Rollover;2;1;Going straight;Driver or rider;Female;18-30;3;Driver;Normal;Not a Pedestrian;Changing lane to the left;Slight Injury
13:50:00;Monday;Under 18;Male;;;;Automobile;Owner;2-5yrs;No defect;Office areas;Two-way (divided with broken lines road marking);Tangent road with mild grade and flat terrain;No junction;Asphalt roads;Dry;Daylight;Normal;Collision with roadside objects;2;1;Going straight;na;na;na;na;Self-employed;Normal;Not a Pedestrian;Other;Slight Injury
15:27:00;Monday;31-50;Male;Junior high school;Employee;5-10yr;Automobile;Owner;2-5yrs;;Residential areas;other;Tangent road with flat terrain;No junction;Asphalt roads;Wet or damp;Daylight;Normal;Vehicle with vehicle collision;1;1;Going straight;na;na;na;na;Self-employed;Normal;Not a Pedestrian;No distancing;Serious Injury
08:29:00;Thursday;31-50;Male;Elementary school;Owner;5-10yr;Automobile;Owner;Unknown;No defect;Residential areas;Two-way (divided with broken lines road marking);Tangent road with flat terrain;No junction;Gravel roads;Dry;Daylight;Normal;Collision with roadside objects;2;1;Going straight;Driver or rider;Male;31-50;3;;;Not a Pedestrian;Moving Backward;Serious Injury
08:29:00;Thursday;Over 51;Male;Elementary school;Employee;5-10yr;Pick up upto 10Q;Owner;;No defect;Other;Double carriageway (median);Tangent road with flat terrain;No junction;Asphalt roads;Dry;Daylight;Normal;Vehicle with vehicle collision;2;1;Going straight;na;na;na;na;;Normal;Not a Pedestrian;No distancing;Serious Injury
18:10:00;Thursday;31-50;Male;High school;Owner;5-10yr;Lorry (41?100Q);Owner;;No defect; Hospital areas;One way;Tangent road with flat terrain;No junction;Asphalt roads;Dry;Daylight;Normal;Vehicle with vehicle collision;1;1;Going straight;Driver or rider;Female;18-30;3;Driver;Normal;Not a Pedestrian;Changing lane to the left;Slight Injury
05:05:00;Wednesday;Under 18;Male;Junior high school;Employee;5-10yr;Lorry (41?100Q);Governmental;;No defect;Other;Undivided Two way;Tangent road with flat terrain;Y Shape;Asphalt roads;Dry;Daylight;Normal;Vehicle with vehicle collision;2;4;Reversing;Driver or rider;Male;31-50;3;Driver;Normal;Not a Pedestrian;Changing lane to the left;Slight Injury
05:05:00;Wednesday;Under 18;Male;Junior high school;Owner;1-2yr;Automobile;Owner;;No defect;Other;Undivided Two way;Tangent road with flat terrain;Y Shape;Asphalt roads;Dry;Daylight;Normal;Vehicle with vehicle collision;2;4;Going straight;na;na;na;na;;;Not a Pedestrian;No priority to pedestrian;Slight Injury
05:05:00;Wednesday;Under 18;Male;Junior high school;Employee;2-5yr;Lorry (41?100Q);Owner;;No defect;  Recreational areas;One way;Tangent road with mild grade and flat terrain;Y Shape;Asphalt roads;Dry;Daylight;Normal;Vehicle with vehicle collision;2;4;Other;Driver or rider;Male;18-30;3;Driver;Normal;Not a Pedestrian;Changing lane to the left;Slight Injury
05:05:00;Wednesday;18-30;Male;Junior high school;Owner;5-10yr;Lorry (41?100Q);Owner;;No defect;Other;Undivided Two way;Tangent road with flat terrain;Y Shape;Asphalt roads;Dry;Daylight;Normal;Collision with roadside objects;2;4;;na;na;na;na;Self-employed;Normal;Not a Pedestrian;Driving carelessly;Slight Injury
08:44:00;Tuesday;18-30;Male;Junior high school;Owner;Above 10yr;Lorry (41?100Q);Owner;;No defect;Other;Undivided Two way;Tangent road with flat terrain;No junction;Asphalt roads;Wet or damp;Daylight;Cloudy;Vehicle with vehicle collision;2;1;Getting off;Driver or rider;Female;18-30;3;Self-employed;Normal;Not a Pedestrian;Driving carelessly;Slight Injury
08:44:00;Tuesday;Unknown;Female;High school;Employee;5-10yr;Lorry (41?100Q);Owner;;No defect;Other;Undivided Two way;Tangent road with flat terrain;No junction;Asphalt roads;Wet or damp;Daylight;Cloudy;Collision with roadside objects;2;1;Going straight;na;na;na;na;Self-employed;Normal;Not a Pedestrian;No priority to pedestrian;Slight Injury
17:30:00;Tuesday;18-30;Male;High school;Owner;2-5yr;Automobile;Owner;Below 1yr;No defect;Office areas;Two-way (divided with broken lines road marking);Tangent road with flat terrain;Y Shape;Asphalt roads;Dry;Daylight;Normal;Vehicle with vehicle collision;1;1;Going straight;Driver or rider;Male;31-50;3;;;Not a Pedestrian;Getting off the vehicle improperly;Slight Injury
19:50:00;Thursday;Unknown;Male;Junior high school;Employee;5-10yr;Automobile;Owner;2-5yrs;No defect;Other;Two-way (divided with broken lines road marking);Tangent road with mild grade and flat terrain;No junction;Asphalt roads with some distress;Dry;Darkness - lights lit;Normal;Vehicle with vehicle collision;2;1;Going straight;na;na;na;na;Self-employed;Normal;Not a Pedestrian;No distancing;Slight Injury
19:50:00;Thursday;18-30;Male;Elementary school;Employee;2-5yr;Automobile;Owner;;No defect;Residential areas;Two-way (divided with broken lines road marking);Tangent road with flat terrain;No junction;Asphalt roads;Dry;Darkness - lights lit;Normal;Vehicle with vehicle collision;2;1;Going straight;Driver or rider;Male;31-50;3;Self-employed;Normal;Not a Pedestrian;Changing lane to the left;Slight Injury
10:00:00;Tuesday;Under 18;Male;Elementary school;Employee;5-10yr;Public (13?45 seats);Owner;5-10yrs;No defect;Other;Undivided Two way;Tangent road with flat terrain;No junction;Asphalt roads;Dry;Daylight;Normal;Vehicle with vehicle collision;2;1;Turnover;na;na;na;na;Driver;Deaf;Not a Pedestrian;No priority to vehicle;Slight Injury
10:00:00;Tuesday;Unknown;Male;Junior high school;Employee;1-2yr;Automobile;Owner;Unknown;No defect;Other;Undivided Two way;Tangent road with flat terrain;No junction;Asphalt roads;Dry;Daylight;Normal;Vehicle with vehicle collision;2;1;Entering a junction;na;na;na;na;Driver;Normal;Not a Pedestrian;No distancing;Slight Injury
14:11:00;Monday;18-30;Male;Junior high school;Employee;5-10yr;Public (13?45 seats);Owner;;; Church areas;Undivided Two way;Tangent road with flat terrain;No junction;Asphalt roads;Wet or damp;Daylight;Normal;Vehicle with vehicle collision;1;1;Entering a junction;Driver or rider;Female;18-30;3;Self-employed;Normal;Not a Pedestrian;No priority to pedestrian;Serious Injury
22:00:00;Sunday;Under 18;Male;;;;Public (13?45 seats);Owner;1-2yr;5;Office areas;Undivided Two way;Tangent road with flat terrain;Other;Asphalt roads;Dry;Darkness - lights lit;Normal;Vehicle with vehicle collision;2;1;Entering a junction;Driver or rider;Male;18-30;3;Self-employed;Normal;Not a Pedestrian;No priority to pedestrian;Slight Injury
22:00:00;Sunday;Under 18;Male;Elementary school;Employee;Above 10yr;Automobile;Owner;Above 10yr;No defect;School areas;other;Tangent road with flat terrain;Other;Asphalt roads;Dry;Darkness - lights lit;Normal;Vehicle with vehicle collision;2;1;Entering a junction;na;na;na;na;Driver;Normal;Not a Pedestrian;No priority to vehicle;Slight Injury
23:00:00;Thursday;Unknown;Female;Elementary school;Employee;Below 1yr;Lorry (11?40Q);Owner;2-5yrs;No defect;Other;Undivided Two way;Tangent road with flat terrain;No junction;Asphalt roads;Dry;Darkness - lights lit;Normal;Vehicle with vehicle collision;2;4;Other;Driver or rider;Female;31-50;3;Driver;Normal;Not a Pedestrian;Driving carelessly;Slight Injury
23:00:00;Thursday;18-30;Male;Junior high school;Employee;2-5yr;Automobile;Owner;1-2yr;No defect;Office areas;Undivided Two way;Tangent road with flat terrain;No junction;Asphalt roads;Dry;Darkness - lights lit;Normal;Vehicle with vehicle collision;2;4;Entering a junction;na;na;na;na;;;Not a Pedestrian;Changing lane to the right;Slight Injury
23:00:00;Thursday;18-30;Male;Elementary school;Owner;1-2yr;Lorry (41?100Q);Owner;1-2yr;No defect;Residential areas;other;Steep grade downward with mountainous terrain;No junction;Asphalt roads;Dry;Darkness - lights lit;Normal;Vehicle with vehicle collision;2;4;Turnover;Driver or rider;Male;18-30;3;Driver;Normal;Not a Pedestrian;Changing lane to the left;Slight Injury
23:00:00;Thursday;18-30;Male;Junior high school;Owner;5-10yr;Other;Owner;1-2yr;No defect; Industrial areas;One way;Tangent road with flat terrain;No junction;Asphalt roads;Dry;Darkness - lights lit;Normal;Rollover;2;4;Entering a junction;Passenger;Male;18-30;3;Driver;Normal;Not a Pedestrian;Moving Backward;Slight Injury
23:00:00;Thursday;18-30;Male;Junior high school;Employee;2-5yr;Pick up upto 10Q;Owner;2-5yrs;No defect;Other;Undivided Two way;Tangent road with flat terrain;No junction;Asphalt roads;Dry;Darkness - lights lit;Normal;Collision with roadside objects;2;4;Entering a junction;na;na;na;na;Student;Normal;Not a Pedestrian;Driving carelessly;Slight Injury
08:10:00;Tuesday;Unknown;Male;Junior high school;Employee;2-5yr;Lorry (11?40Q);Owner;1-2yr;No defect;Residential areas;Undivided Two way;Tangent road with flat terrain;No junction;Asphalt roads;Dry;Daylight;Normal;Vehicle with vehicle collision;3;1;Entering a junction;na;na;na;na;Employee;Normal;Not a Pedestrian;Driving to the left;Slight Injury
08:10:00;Tuesday;18-30;Male;High school;Employee;2-5yr;Motorcycle;Owner;1-2yr;No defect;  Recreational areas;Two-way (divided with broken lines road marking);Tangent road with flat terrain;No junction;Asphalt roads;Dry;Daylight;Normal;Vehicle with vehicle collision;3;1;Entering a junction;Driver or rider;Male;18-30;3;Driver;Normal;Not a Pedestrian;Driving to the left;Slight Injury
08:10:00;Tuesday;Unknown;Male;Junior high school;Employee;Above 10yr;Pick up upto 10Q;Owner;Unknown;7;Office areas;other;Tangent road with flat terrain;No junction;Asphalt roads;Dry;Daylight;Normal;Collision with roadside objects;3;1;Entering a junction;Driver or rider;Male;Under 18;3;Other;Normal;Not a Pedestrian;No priority to pedestrian;Slight Injury
20:34:00;Monday;31-50;Male;Junior high school;Employee;2-5yr;Lorry (11?40Q);Owner;;No defect; Outside rural areas;Two-way (divided with broken lines road marking);Tangent road with flat terrain;Crossing;Asphalt roads;Wet or damp;Darkness - no lighting;Raining;Vehicle with vehicle collision;2;1;Other;Driver or rider;Male;31-50;3;;Normal;Not a Pedestrian;Changing lane to the left;Slight Injury
20:34:00;Monday;31-50;Male;Junior high school;Employee;1-2yr;Lorry (11?40Q);Owner;1-2yr;No defect; Outside rural areas;Two-way (divided with broken lines road marking);Tangent road with flat terrain;Crossing;Asphalt roads;Wet or damp;Darkness - no lighting;Raining;Vehicle with vehicle collision;2;1;Going straight;Passenger;Female;Under 18;3;;;Not a Pedestrian;Changing lane to the right;Slight Injury
14:50:00;Thursday;31-50;Male;Junior high school;Employee;2-5yr;Automobile;Owner;1-2yr;No defect; Outside rural areas;Undivided Two way;Tangent road with flat terrain;Crossing;Asphalt roads;Dry;Daylight;Normal;Vehicle with vehicle collision;2;1;Going straight;Passenger;Female;18-30;3;;;Not a Pedestrian;Driving carelessly;Slight Injury
14:50:00;Thursday;Under 18;Male;Junior high school;Employee;5-10yr;Automobile;Governmental;Below 1yr;No defect; Outside rural areas;Undivided Two way;Tangent road with flat terrain;Crossing;Asphalt roads;Dry;Daylight;Normal;Rollover;2;1;Other;Driver or rider;Male;18-30;3;Employee;;Not a Pedestrian;No distancing;Slight Injury
16:40:00;Tuesday;18-30;Male;Junior high school;Employee;1-2yr;Other;Owner;;No defect; Outside rural areas;other;Steep grade downward with mountainous terrain;Y Shape;Asphalt roads;Dry;Daylight;Cloudy;Rollover;1;2;Going straight;Driver or rider;Male;31-50;3;Driver;;Not a Pedestrian;Getting off the vehicle improperly;Slight Injury
16:40:00;Tuesday;18-30;Male;Elementary school;Employee;1-2yr;Other;Owner;;No defect;School areas;other;Steep grade downward with mountainous terrain;Y Shape;Asphalt roads;Dry;Daylight;Cloudy;Collision with pedestrians;1;2;Going straight;Driver or rider;Male;18-30;3;Driver;;Not a Pedestrian;Driving under the influence of drugs;Slight Injury
17:52:00;Monday;31-50;Male;Junior high school;Employee;2-5yr;Automobile;Owner;Above 10yr;No defect; Outside rural areas;Two-way (divided with broken lines road marking);Tangent road with flat terrain;No junction;Asphalt roads;Wet or damp;Daylight;Normal;Vehicle with vehicle collision;2;1;Going straight;Driver or rider;Male;Under 18;3;Driver;;Not a Pedestrian;Changing lane to the right;Slight Injury
17:52:00;Monday;Under 18;Male;Junior high school;Employee;Above 10yr;Taxi;Owner;;No defect; Outside rural areas;Undivided Two way;Tangent road with flat terrain;No junction;Asphalt roads;Wet or damp;Daylight;Normal;Vehicle with vehicle collision;2;1;Going straight;na;na;na;na;Self-employed;Normal;Not a Pedestrian;Driving carelessly;Slight Injury
19:07:00;Tuesday;18-30;Male;Junior high school;Employee;Below 1yr;Other;Owner;;No defect; Outside rural areas;Two-way (divided with broken lines road marking);Escarpments;No junction;Asphalt roads;Dry;Daylight;Normal;Vehicle with vehicle collision;1;1;Going straight;Driver or rider;Male;Under 18;2;Driver;Normal;Not a Pedestrian;Moving Backward;Slight Injury
10:10:00;Thursday;18-30;Male;Junior high school;Employee;Above 10yr;Taxi;Owner;2-5yrs;No defect; Outside rural areas;Two-way (divided with broken lines road marking);Tangent road with mountainous terrain and;Y Shape;Asphalt roads;Dry;Daylight;Normal;Collision with pedestrians;2;1;Reversing;na;na;na;na;Other;Normal;Not a Pedestrian;Turnover;Slight Injury
10:10:00;Thursday;31-50;Male;Elementary school;Owner;5-10yr;Lorry (11?40Q);Owner;2-5yrs;No defect;Office areas;Undivided Two way;Tangent road with mountainous terrain and;Y Shape;Asphalt roads;Dry;Daylight;Normal;Collision with pedestrians;2;1;Moving Backward;Pedestrian;Female;31-50;3;;;Not a Pedestrian;Changing lane to the right;Slight Injury
10:57:00;Sunday;18-30;Male;Elementary school;Employee;Above 10yr;Automobile;Owner;2-5yrs;No defect; Outside rural areas;Undivided Two way;Tangent road with mountainous terrain and;No junction;Asphalt roads;Dry;Daylight;Normal;Vehicle with vehicle collision;1;1;Overtaking;na;na;na;na;Driver;Normal;Not a Pedestrian;Driving carelessly;Serious Injury
13:14:00;Sunday;Unknown;Male;Junior high school;Employee;1-2yr;Other;Owner;;No defect; Outside rural areas;Undivided Two way;Tangent road with mountainous terrain and;No junction;Asphalt roads;Dry;Daylight;Normal;Vehicle with vehicle collision;1;1;Going straight;Driver or rider;Male;18-30;3;Self-employed;Normal;Not a Pedestrian;No priority to vehicle;Slight Injury
15:15:00;Friday;Unknown;Male;;;;Automobile;Owner;2-5yrs;No defect; Outside rural areas;Undivided Two way;Tangent road with flat terrain;No junction;Asphalt roads;Dry;Daylight;Normal;Vehicle with vehicle collision;2;1;Going straight;Pedestrian;Female;Over 51;3;Self-employed;Normal;Crossing from nearside - masked by parked or statioNot a Pedestrianry vehicle;Moving Backward;Serious Injury
15:15:00;Friday;Under 18;Male;High school;Owner;5-10yr;Automobile;Owner;;No defect;Office areas;Undivided Two way;Tangent road with flat terrain;No junction;Asphalt roads;Dry;Daylight;Normal;Collision with roadside objects;2;1;Going straight;na;na;na;na;Self-employed;Normal;Not a Pedestrian;Changing lane to the left;Serious Injury
15:00:00;Wednesday;Under 18;Male;Elementary school;Employee;2-5yr;Automobile;Owner;;No defect;  Recreational areas;Undivided Two way;Tangent road with flat terrain;Y Shape;Asphalt roads;Wet or damp;Daylight;Raining;Vehicle with vehicle collision;1;1;Going straight;Driver or rider;Male;31-50;3;;Other;Not a Pedestrian;Overturning;Serious Injury
15:30:00;Thursday;Unknown;Male;;;;Automobile;Owner;Above 10yr;No defect;Office areas;Undivided Two way;Tangent road with flat terrain;Y Shape;Asphalt roads;Dry;Daylight;Normal;Collision with roadside objects;2;1;Going straight;na;na;na;na;Driver;Blind;Not a Pedestrian;No distancing;Serious Injury
15:30:00;Thursday;18-30;Male;;;;Lorry (41?100Q);Owner;2-5yrs;No defect;Other;Two-way (divided with broken lines road marking);Tangent road with mild grade and flat terrain;Y Shape;Asphalt roads;Dry;Daylight;Normal;Vehicle with vehicle collision;2;1;Going straight;Driver or rider;Male;31-50;3;Driver;Normal;Not a Pedestrian;Driving carelessly;Serious Injury
23:30:00;Sunday;Over 51;Male;High school;Owner;1-2yr;Other;Owner;Above 10yr;No defect;Residential areas;Two-way (divided with broken lines road marking);Tangent road with flat terrain;Crossing;Asphalt roads;Dry;Darkness - lights lit;Normal;Vehicle with vehicle collision;3;1;Going straight;Pedestrian;Female;Over 51;3;Self-employed;Normal;Unknown or other;No distancing;Slight Injury
23:30:00;Sunday;Over 51;Male;Junior high school;Employee;1-2yr;Pick up upto 10Q;Owner;Above 10yr;No defect;Residential areas;other;Tangent road with flat terrain;Crossing;Asphalt roads;Dry;Darkness - lights lit;Normal;Collision with roadside objects;3;1;Going straight;Driver or rider;Male;18-30;3;Driver;Normal;Not a Pedestrian;Changing lane to the left;Slight Injury
23:30:00;Sunday;Unknown;Male;Junior high school;Employee;1-2yr;Pick up upto 10Q;Owner;;No defect;Residential areas;Undivided Two way;Tangent road with flat terrain;Crossing;Asphalt roads;Dry;Darkness - lights lit;Normal;Vehicle with vehicle collision;3;1;Going straight;na;na;na;na;Driver;Normal;Not a Pedestrian;No priority to pedestrian;Slight Injury
16:50:00;Monday;Unknown;Male;Junior high school;Employee;Above 10yr;Automobile;Owner;Above 10yr;No defect;Other;Undivided Two way;Tangent road with flat terrain;Y Shape;Asphalt roads;Wet or damp;Daylight;Raining;Vehicle with vehicle collision;2;1;Going straight;Passenger;Male;31-50;3;Driver;Normal;Not a Pedestrian;No distancing;Slight Injury
16:50:00;Monday;Under 18;Male;Junior high school;Employee;1-2yr;Long lorry;Owner;;No defect;Office areas;Two-way (divided with broken lines road marking);Tangent road with flat terrain;Y Shape;Asphalt roads;Wet or damp;Daylight;Raining;Collision with roadside objects;2;1;Going straight;Driver or rider;Male;18-30;3;Driver;Normal;Not a Pedestrian;No distancing;Slight Injury
17:11:00;Saturday;31-50;Male;High school;Owner;Above 10yr;Automobile;Owner;;;Other;Two-way (divided with broken lines road marking);Tangent road with flat terrain;Y Shape;Asphalt roads;Dry;Daylight;Normal;Collision with roadside objects;2;1;Other;na;na;na;na;Driver;Normal;Not a Pedestrian;Changing lane to the left;Slight Injury
17:11:00;Saturday;31-50;Male;Junior high school;Employee;Above 10yr;Public (13?45 seats);Owner;Above 10yr;;Other;other;Tangent road with flat terrain;Y Shape;Asphalt roads;Dry;Daylight;Normal;Vehicle with vehicle collision;2;1;Going straight;na;na;na;na;Driver;Normal;Not a Pedestrian;No distancing;Slight Injury
17:55:00;Wednesday;Under 18;Male;Junior high school;Employee;1-2yr;Lorry (41?100Q);Owner;5-10yrs;;Office areas;Two-way (divided with broken lines road marking);Tangent road with flat terrain;No junction;Asphalt roads;Dry;Daylight;Normal;Vehicle with vehicle collision;2;1;Moving Backward;Driver or rider;Male;31-50;3;;Normal;Not a Pedestrian;Changing lane to the left;Slight Injury
17:55:00;Wednesday;31-50;Male;Junior high school;Employee;1-2yr;Public (13?45 seats);Owner;Below 1yr;; Church areas;other;Tangent road with flat terrain;No junction;Asphalt roads;Dry;Daylight;Normal;Vehicle with vehicle collision;2;1;Other;na;na;na;na;Employee;Normal;Not a Pedestrian;No distancing;Slight Injury
23:18:00;Friday;18-30;Male;High school;Employee;2-5yr;Other;Owner;Unknown;No defect;Other;Two-way (divided with broken lines road marking);Tangent road with flat terrain;Crossing;Asphalt roads;Dry;Darkness - lights lit;Normal;Vehicle with vehicle collision;2;3;Going straight;Driver or rider;Male;31-50;3;;;Not a Pedestrian;No distancing;Slight Injury
23:18:00;Friday;18-30;Male;Junior high school;Employee;2-5yr;Lorry (41?100Q);Owner;;;Other;One way;Tangent road with flat terrain;Crossing;Asphalt roads;Dry;Darkness - lights lit;Normal;Vehicle with vehicle collision;2;3;Going straight;Driver or rider;Male;18-30;2;Driver;Normal;Not a Pedestrian;No distancing;Slight Injury
23:18:00;Friday;18-30;Male;Junior high school;Employee;1-2yr;Lorry (41?100Q);Owner;;;Office areas;Double carriageway (median);Tangent road with flat terrain;Crossing;Asphalt roads;Dry;Darkness - lights lit;Normal;Vehicle with vehicle collision;2;3;Going straight;na;na;na;na;Self-employed;Normal;Not a Pedestrian;Changing lane to the left;Slight Injury
20:24:00;Friday;Unknown;Female;Elementary school;Employee;5-10yr;Long lorry;Owner;;;Office areas;One way;Tangent road with mild grade and flat terrain;Y Shape;Asphalt roads;Dry;Daylight;Normal;Vehicle with vehicle collision;2;1;Going straight;Passenger;Female;18-30;3;Self-employed;Normal;Not a Pedestrian;Changing lane to the right;Slight Injury
20:24:00;Friday;31-50;Male;Junior high school;Employee;5-10yr;Pick up upto 10Q;Owner;;;Office areas;Undivided Two way;Tangent road with flat terrain;Y Shape;Asphalt roads;Dry;Daylight;Normal;Vehicle with vehicle collision;2;1;Going straight;na;na;na;na;;;Not a Pedestrian;Moving Backward;Slight Injury
13:07:00;Thursday;31-50;Male;Junior high school;Employee;1-2yr;Pick up upto 10Q;Owner;;No defect;Office areas;Double carriageway (median);Tangent road with flat terrain;No junction;Asphalt roads;Wet or damp;Daylight;Raining;Vehicle with vehicle collision;1;1;Going straight;Driver or rider;Female;18-30;3;Self-employed;Normal;Not a Pedestrian;Changing lane to the right;Slight Injury
08:05:00;Wednesday;Unknown;Male;Elementary school;Other;5-10yr;Lorry (41?100Q);Owner;Unknown;;;Two-way (divided with broken lines road marking);Tangent road with flat terrain;T Shape;Asphalt roads;Dry;Daylight;Normal;Vehicle with vehicle collision;3;1;Going straight;na;na;na;na;;;Not a Pedestrian;No distancing;Slight Injury
08:05:00;Wednesday;31-50;Male;Junior high school;Employee;2-5yr;Lorry (41?100Q);Owner;Below 1yr;;Office areas;Undivided Two way;Tangent road with flat terrain;T Shape;Asphalt roads;Dry;Daylight;Normal;Vehicle with vehicle collision;3;1;Going straight;Driver or rider;Male;31-50;3;Self-employed;Normal;Not a Pedestrian;Overtaking;Slight Injury
08:05:00;Wednesday;Unknown;Male;Elementary school;Employee;5-10yr;Automobile;Owner;Unknown;;Other;;Tangent road with flat terrain;T Shape;Asphalt roads;Dry;Daylight;Normal;Vehicle with vehicle collision;3;1;Going straight;Driver or rider;Male;Under 18;3;Driver;Normal;Not a Pedestrian;Other;Slight Injury
13:06:00;Friday;Under 18;Male;Junior high school;Employee;Above 10yr;Other;Owner;;;Other;Double carriageway (median);Tangent road with flat terrain;Other;Asphalt roads;Dry;Daylight;Normal;Vehicle with vehicle collision;2;1;Other;na;na;na;na;Self-employed;Normal;Not a Pedestrian;Other;Slight Injury
13:06:00;Friday;18-30;Male;Junior high school;Employee;Above 10yr;;Governmental;Unknown;;Other;Two-way (divided with broken lines road marking);Tangent road with flat terrain;Other;Asphalt roads;Dry;Daylight;Normal;Vehicle with vehicle collision;2;1;Reversing;Driver or rider;Male;Under 18;3;Self-employed;Normal;Not a Pedestrian;Changing lane to the right;Slight Injury
15:40:00;Thursday;31-50;Male;Elementary school;Owner;2-5yr;Other;Owner;;;Office areas;;Tangent road with flat terrain;No junction;Asphalt roads;Wet or damp;Daylight;Raining;Vehicle with vehicle collision;2;2;Other;na;na;na;na;Self-employed;Normal;Not a Pedestrian;No priority to pedestrian;Slight Injury