Time;Day_of_week;Age_band_of_driver;Sex_of_driver;Educational_level;Vehicle_driver_relation;Driving_experience;Type_of_vehicle;Owner_of_vehicle;Service_year_of_vehicle;Defect_of_vehicle;Area_accident_occured;Lanes_or_Medians;Road_allignment;Types_of_Junction;Road_surface_type;Road_surface_conditions;Light_conditions;Weather_conditions;Type_of_collision;Number_of_vehicles_involved;Number_of_casualties;Vehicle_movement;Casualty_class;Sex_of_casualty;Age_band_of_casualty;Casualty_severity;Work_of_casuality;Fitness_of_casuality;Pedestrian_movement;Cause_of_accident;Accident_severity
17:24:00;Tuesday;18-30;Male;Junior high school;Employee;5-10yr;Lorry (41?100Q);Owner;2-5yrs;No defect;Other;Undivided Two way;Steep grade downward with mountainous terrain;Y Shape;Asphalt roads;Dry;Daylight;Normal;Vehicle with vehicle collision;1;1;Going straight;Passenger;Male;31-50;3;Driver;Normal;Not a Pedestrian;Changing lane to the right;Slight Injury
22:30:00;Sunday;31-50;Male;Junior high school;Owner;Above 10yr;Automobile;Owner;1-2yr;No defect;Office areas;Undivided Two way;Tangent road with flat terrain;No junction;Asphalt roads with some distress;Wet or damp;Darkness - lights lit;Raining;Vehicle with vehicle collision;2;1;Other;na;na;na;na;Driver;Normal;Not a Pedestrian;Changing lane to the left;Slight Injury
22:30:00;Sunday;31-50;Male;Junior high school;Employee;5-10yr;Public (> 45 seats);Organization;2-5yrs;No defect;Other;Two-way (divided with broken lines road marking);Tangent road with mountainous terrain and;No junction;Asphalt roads;Wet or damp;Darkness - lights lit;Raining;Vehicle with vehicle collision;2;1;Other;Driver or rider;Male;18-30;3;Driver;Normal;Not a Pedestrian;No distancing;Slight Injury
16:32:00;Sunday;Unknown;Female;Junior high school;Employee;1-2yr;;Governmental;1-2yr;;Other;Undivided Two way;Tangent road with flat terrain;No junction;Asphalt roads;Dry;Daylight;Normal;Vehicle with vehicle collision;1;1;Other;na;na;na;na;Self-employed;Normal;Not a Pedestrian;Overturning;Slight Injury
09:34:00;Wednesday;31-50;Male;Junior high school;Employee;1-2yr;Automobile;Owner;Unknown;No defect;Other;Two-way (divided with broken lines road marking);Tangent road with flat terrain;No junction;Asphalt roads;Dry;Daylight;Normal;Vehicle with vehicle collision;3;1;Stopping;Pedestrian;Female;18-30;3;Driver;Normal;Not a Pedestrian;No priority to vehicle;Slight Injury
09:34:00;Wednesday;Unknown;Male;Junior high school;Employee;1-2yr;Pick up upto 10Q;Owner;2-5yrs;No defect;Other;Double carriageway (median);Tangent road with flat terrain;No junction;Asphalt roads;Dry;Daylight;Normal;Vehicle with vehicle collision;3;1;Other;Passenger;Male;18-30;3;Driver;Normal;Not a Pedestrian;Moving Backward;Slight Injury
09:34:00;Wednesday;31-50;Male;High school;Employee;2-5yr;Public (12 seats);Owner;Unknown;7;Office areas;Undivided Two way;Tangent road with flat terrain;No junction;Asphalt roads;Dry;Daylight;Normal;Vehicle with vehicle collision;3;1;Other;na;na;na;na;;;Not a Pedestrian;Driving under the influence of drugs;Slight Injury
21:40:00;Saturday;31-50;Male;High school;Owner;Above 10yr;Lorry (41?100Q);Governmental;1-2yr;No defect;Other;Two-way (divided with broken lines road marking);Tangent road with flat terrain;Y Shape;Asphalt roads;Dry;Darkness - lights lit;Normal;Collision with roadside objects;1;1;Other;Driver or rider;Female;18-30;3;Driver;Normal;Not a Pedestrian;Moving Backward;Slight Injury
16:10:00;Friday;18-30;Male;Elementary school;Employee;2-5yr;Lorry (41?100Q);;;;;other;Tangent road with flat terrain;Other;Asphalt roads;Dry;Daylight;Normal;Vehicle with vehicle collision;2;1;Going straight;Driver or rider;Male;31-50;3;Driver;Normal;Not a Pedestrian;Changing lane to the right;Slight Injury
16:10:00;Friday;18-30;Male;Junior high school;Employee;Above 10yr;Lorry (41?100Q);Organization;Unknown;No defect;Other;Two-way (divided with broken lines road marking);Tangent road with flat terrain;Other;Asphalt roads;Dry;Daylight;Normal;Vehicle with vehicle collision;2;1;Going straight;Driver or rider;Male;31-50;3;Employee;Normal;Not a Pedestrian;Overspeed;Slight Injury
16:45:00;Wednesday;18-30;Male;High school;Employee;2-5yr;Public (13?45 seats);Owner;Above 10yr;;Other;other;Steep grade downward with mountainous terrain;Y Shape;Asphalt roads;Dry;Daylight;Normal;Vehicle with vehicle collision;2;1;Going straight;Passenger;Male;Over 51;3;;;Not a Pedestrian;Driving under the influence of drugs;Slight Injury
16:45:00;Wednesday;31-50;Male;Junior high school;Other;No Licence;Lorry (41?100Q);Owner;Unknown;;Office areas;Undivided Two way;Tangent road with flat terrain;Y Shape;Asphalt roads;Dry;Daylight;Normal;Vehicle with vehicle collision;2;1;Going straight;na;na;na;na;Driver;Normal;Not a Pedestrian;Driving carelessly;Slight Injury
17:20:00;Saturday;31-50;Male;Junior high school;Employee;1-2yr;Lorry (41?100Q);Owner;Unknown;No defect;Office areas;One way;Tangent road with flat terrain;No junction;Asphalt roads;Wet or damp;Daylight;Raining;Collision with pedestrians;2;4;Going straight;na;na;na;na;Self-employed;Normal;Not a Pedestrian;No distancing;Slight Injury
17:20:00;Saturday;31-50;Male;Junior high school;Owner;5-10yr;Motorcycle;Owner;Above 10yr;No defect; Church areas;other;Tangent road with flat terrain;No junction;Asphalt roads;Wet or damp;Daylight;Raining;Vehicle with vehicle collision;2;4;Going straight;Driver or rider;Male;18-30;3;Self-employed;Normal;Not a Pedestrian;No priority to vehicle;Slight Injury
17:20:00;Saturday;18-30;Male;Junior high school;Employee;1-2yr;Lorry (41?100Q);Owner;;No defect;Office areas;Double carriageway (median);Tangent road with flat terrain;No junction;Asphalt roads;Wet or damp;Daylight;Raining;Vehicle with vehicle collision;2;4;Going straight;Pedestrian;Male;18-30;3;Employee;Normal;Crossing from nearside - masked by parked or statioNot a Pedestrianry vehicle;Overspeed;Slight Injury
17:20:00;Saturday;18-30;Male;Junior high school;Employee;Above 10yr;Ridden horse;Owner;Above 10yr;No defect;Office areas;other;Tangent road with flat terrain;No junction;Asphalt roads;Wet or damp;Daylight;Raining;Vehicle with vehicle collision;2;4;Going straight;Driver or rider;Female;18-30;3;Driver;Normal;Not a Pedestrian;Driving under the influence of drugs;Slight Injury
23:20:00;Sunday;Unknown;Female;Junior high school;Employee;1-2yr;Automobile;Owner;Unknown;No defect;Office areas;Two-way (divided with broken lines road marking);Tangent road with flat terrain;No junction;Asphalt roads;Dry;Darkness - lights lit;Normal;Vehicle with vehicle collision;2;1;Going straight;na;na;na;na;Driver;Normal;Not a Pedestrian;Changing lane to the right;Slight Injury
23:20:00;Sunday;Over 51;Male;Junior high school;Employee;1-2yr;Lorry (41?100Q);Owner;Unknown;No defect;Office areas;One way;Tangent road with flat terrain;No junction;Asphalt roads;Dry;Darkness - lights lit;Normal;Vehicle with vehicle collision;2;1;Going straight;Pedestrian;Female;18-30;3;Employee;Normal;Not a Pedestrian;Changing lane to the right;Slight Injury
15:48:00;Tuesday;18-30;Male;Junior high school;Employee;2-5yr;Pick up upto 10Q;Owner;2-5yrs;No defect;Residential areas;Undivided Two way;Tangent road with flat terrain;No junction;Asphalt roads;Dry;Daylight;Normal;Vehicle with vehicle collision;2;1;Going straight;na;na;na;na;Self-employed;Normal;Not a Pedestrian;Changing lane to the right;Slight Injury
15:48:00;Tuesday;Under 18;Male;High school;Employee;1-2yr;Public (> 45 seats);Owner;Above 10yr;No defect;Residential areas;other;Tangent road with flat terrain;No junction;Asphalt roads;Dry;Daylight;Normal;Collision with roadside objects;2;1;Reversing;Driver or rider;Male;18-30;3;Driver;Normal;Not a Pedestrian;Changing lane to the right;Slight Injury
00:55:00;Sunday;Unknown;Female;Junior high school;Employee;1-2yr;Stationwagen;Owner;5-10yrs;;Residential areas;Undivided Two way;Tangent road with flat terrain;No junction;Asphalt roads;Wet or damp;Darkness - lights lit;Raining;Vehicle with vehicle collision;2;1;Going straight;na;na;na;na;Driver;Normal;Not a Pedestrian;Moving Backward;Slight Injury
00:55:00;Sunday;31-50;Male;Elementary school;Employee;Above 10yr;Automobile;Owner;5-10yrs;;Office areas;Double carriageway (median);Tangent road with flat terrain;No junction;Gravel roads;Wet or damp;Darkness - lights lit;Raining;Vehicle with vehicle collision;2;1;Other;na;na;na;na;Self-employed;Normal;Not a Pedestrian;No distancing;Slight Injury
15:50:00;Saturday;31-50;Male;Junior high school;Employee;Above 10yr;Public (12 seats);Owner;Unknown;No defect;Residential areas;Two-way (divided with broken lines road marking);Steep grade downward with mountainous terrain;Other;Asphalt roads;Dry;Daylight;Normal;Vehicle with vehicle collision;2;1;;Driver or rider;Male;18-30;3;Driver;Normal;Not a Pedestrian;Overspeed;Slight Injury
15:50:00;Saturday;18-30;Male;Elementary school;Employee;Above 10yr;Automobile;Governmental;Unknown;No defect;Other;Two-way (divided with broken lines road marking);Tangent road with flat terrain;Other;Asphalt roads;Dry;Daylight;Normal;Vehicle with vehicle collision;2;1;Getting off;Pedestrian;Male;31-50;3;Driver;Normal;Crossing from nearside - masked by parked or statioNot a Pedestrianry vehicle;No distancing;Slight Injury
19:10:00;Friday;Unknown;Male;Junior high school;Employee;Above 10yr;Automobile;Governmental;Below 1yr;No defect;Other;Two-way (divided with broken lines road marking);Tangent road with flat terrain;No junction;Asphalt roads;Wet or damp;Daylight;Other;Vehicle with vehicle collision;1;1;Going straight;Pedestrian;Female;Under 18;3;Driver;Normal;Crossing from nearside - masked by parked or statioNot a Pedestrianry vehicle;Driving carelessly;Slight Injury
11:04:00;Sunday;31-50;Male;Junior high school;Employee;1-2yr;Automobile;Owner;;;Other;Two-way (divided with broken lines road marking);;Crossing;Asphalt roads;Wet or damp;Daylight;Raining;Vehicle with vehicle collision;2;1;Going straight;na;na;na;na;Self-employed;Normal;Not a Pedestrian;No distancing;Slight Injury
11:04:00;Sunday;31-50;Male;Junior high school;Employee;5-10yr;Lorry (41?100Q);Owner;Unknown;No defect;School areas;Double carriageway (median);Tangent road with flat terrain;Crossing;Asphalt roads;Wet or damp;Daylight;Raining;Vehicle with vehicle collision;2;1;Going straight;Driver or rider;Male;31-50;3;Employee;Normal;Not a Pedestrian;No distancing;Slight Injury
07:20:00;Monday;Unknown;Male;High school;Owner;2-5yr;Automobile;Owner;Unknown;No defect;School areas;Double carriageway (median);Tangent road with flat terrain;No junction;Asphalt roads;Dry;Daylight;Normal;Vehicle with vehicle collision;2;1;Going straight;Pedestrian;Female;18-30;2;;;Not a Pedestrian;No distancing;Slight Injury
07:20:00;Monday;18-30;Male;Junior high school;Employee;2-5yr;Automobile;Owner;2-5yrs;No defect;School areas;Undivided Two way;Tangent road with flat terrain;No junction;Asphalt roads;Dry;Daylight;Normal;Rollover;2;1;Turnover;na;na;na;na;Self-employed;Normal;Not a Pedestrian;Changing lane to the right;Slight Injury
13:57:00;Tuesday;18-30;Male;Junior high school;Employee;5-10yr;Public (12 seats);Owner;Unknown;No defect;Residential areas;One way;Tangent road with flat terrain;Y Shape;Asphalt roads;Dry;Daylight;Normal;Vehicle with vehicle collision;3;1;Entering a junction;Driver or rider;Male;18-30;3;Driver;Normal;Not a Pedestrian;No distancing;Slight Injury
13:57:00;Tuesday;Unknown;Male;Junior high school;Employee;5-10yr;Taxi;Owner;Unknown;No defect;Other;Undivided Two way;Tangent road with flat terrain;Y Shape;Asphalt roads;Dry;Daylight;Normal;Vehicle with vehicle collision;3;1;Entering a junction;na;na;na;na;Driver;Normal;Not a Pedestrian;No priority to vehicle;Slight Injury
13:57:00;Tuesday;Over 51;Male;Junior high school;Employee;2-5yr;Automobile;Owner;Unknown;No defect;Office areas;Two-way (divided with broken lines road marking);Tangent road with flat terrain;Y Shape;Asphalt roads;Dry;Daylight;Normal;Vehicle with vehicle collision;3;1;Entering a junction;Driver or rider;Male;18-30;3;Driver;Normal;Not a Pedestrian;Changing lane to the left;Slight Injury
18:14:00;Thursday;31-50;Male;High school;Employee;Above 10yr;Public (12 seats);Owner;5-10yrs;No defect;Other;Two-way (divided with broken lines road marking);Tangent road with flat terrain;Unknown;Asphalt roads;Dry;Daylight;Normal;Collision with roadside objects;2;1;Entering a junction;Pedestrian;Female;5;3;Driver;Normal;Not a Pedestrian;Moving Backward;Slight Injury
18:14:00;Thursday;18-30;Male;Elementary school;Employee;5-10yr;Stationwagen;Owner;Above 10yr;No defect;School areas;Undivided Two way;Tangent road with flat terrain;Unknown;Asphalt roads;Dry;Daylight;Normal;Vehicle with vehicle collision;2;1;Other;Driver or rider;Male;18-30;3;Self-employed;Normal;Not a Pedestrian;Driving carelessly;Slight Injury
12:20:00;Thursday;Unknown;Female;Junior high school;Employee;Above 10yr;Stationwagen;Owner;5-10yrs;No defect;Other;Double carriageway (median);Tangent road with flat terrain;Unknown;Asphalt roads;Dry;Daylight;Normal;Vehicle with vehicle collision;1;1;Entering a junction;na;na;na;na;Driver;Normal;Not a Pedestrian;Changing lane to the left;Slight Injury
14:20:00;Saturday;Unknown;Male;Writing & reading;Employee;2-5yr;Automobile;Owner;2-5yrs;No defect; Industrial areas;Two-way (divided with broken lines road marking);Tangent road with flat terrain;No junction;Asphalt roads;Dry;Daylight;Normal;Vehicle with vehicle collision;2;1;Turnover;na;na;na;na;Driver;Normal;Not a Pedestrian;No priority to pedestrian;Slight Injury
14:20:00;Saturday;18-30;Male;Junior high school;Employee;2-5yr;Lorry (41?100Q);Owner;2-5yrs;No defect;Other;Two-way (divided with broken lines road marking);Tangent road with flat terrain;No junction;Gravel roads;Dry;Daylight;Normal;Collision with roadside objects;2;1;Entering a junction;Driver or rider;Male;Over 51;3;;;Not a Pedestrian;No distancing;Slight Injury
15:20:00;Monday;18-30;Male;High school;Employee;2-5yr;Automobile;Owner;Unknown;No defect;Office areas;Two-way (divided with broken lines road marking);Tangent road with flat terrain;No junction;Asphalt roads;Dry;Daylight;Normal;Vehicle with vehicle collision;2;1;Entering a junction;na;na;na;na;Self-employed;Normal;Not a Pedestrian;No distancing;Slight Injury
15:20:00;Monday;31-50;Male;Junior high school;Employee;1-2yr;Public (12 seats);Owner;Unknown;No defect;Other;Two-way (divided with broken lines road marking);Tangent road with flat terrain;No junction;Asphalt roads;Dry;Daylight;Normal;Vehicle with vehicle collision;2;1;Entering a junction;Driver or rider;Female;31-50;3;Driver;Normal;Not a Pedestrian;Overturning;Slight Injury
06:05:00;Tuesday;18-30;Male;High school;Employee;5-10yr;Automobile;Owner;Unknown;No defect;Other;Two-way (divided with broken lines road marking);Tangent road with flat terrain;Y Shape;Asphalt roads;Dry;Daylight;Normal;Vehicle with vehicle collision;2;1;Entering a junction;na;na;na;na;Driver;Normal;Not a Pedestrian;No distancing;Slight Injury
06:05:00;Tuesday;Unknown;Female;Elementary school;Employee;2-5yr;Automobile;Organization;Above 10yr;No defect; Outside rural areas;Undivided Two way;Tangent road with flat terrain;Y Shape;Asphalt roads;Dry;Daylight;Normal;Vehicle with vehicle collision;2;1;Entering a junction;Driver or rider;Female;31-50;3;Driver;Normal;Not a Pedestrian;Drunk driving;Slight Injury
11:19:00;Friday;18-30;Male;Junior high school;Employee;1-2yr;Lorry (41?100Q);Owner;Unknown;No defect;Other;other;Tangent road with flat terrain;No junction;Earth roads;Dry;Daylight;Normal;Collision with roadside objects;1;1;Other;Pedestrian;Female;31-50;3;Other;Normal;Unknown or other;Moving Backward;Slight Injury
15:50:00;Saturday;31-50;Male;Elementary school;Employee;1-2yr;Automobile;Owner;Above 10yr;No defect;Residential areas;Two-way (divided with broken lines road marking);Tangent road with flat terrain;Y Shape;Asphalt roads;Dry;Daylight;Normal;Vehicle with vehicle collision;2;3;Going straight;Driver or rider;Male;18-30;3;Employee;Normal;Not a Pedestrian;No priority to pedestrian;Slight Injury
15:50:00;Saturday;31-50;Male;High school;Employee;No Licence;Motorcycle;Owner;Above 10yr;;Office areas;Two-way (divided with broken lines road marking);Tangent road with flat terrain;Y Shape;Asphalt roads;Dry;Daylight;Normal;Vehicle with vehicle collision;2;3;Going straight;na;na;na;na;Driver;Normal;Not a Pedestrian;Changing lane to the left;Slight Injury
15:50:00;Saturday;31-50;Male;Junior high school;Owner;5-10yr;;Owner;Unknown;;Office areas;Double carriageway (median);Tangent road with flat terrain;Y Shape;;Dry;Daylight;Normal;Vehicle with vehicle collision;2;3;Other;Driver or rider;Male;Over 51;3;Self-employed;Normal;Not a Pedestrian;Changing lane to the left;Slight Injury
15:50:00;Saturday;Unknown;Male;Junior high school;Employee;1-2yr;Automobile;;2-5yrs;; Hospital areas;One way;;Y Shape;Gravel roads;Dry;Daylight;Normal;Vehicle with vehicle collision;2;3;Going straight;na;na;na;na;Driver;Normal;Not a Pedestrian;Getting off the vehicle improperly;Slight Injury
06:41:00;Thursday;31-50;Male;Junior high school;Employee;2-5yr;Automobile;Owner;Unknown;; Industrial areas;Two-way (divided with broken lines road marking);Tangent road with flat terrain;No junction;Asphalt roads;Dry;Daylight;Normal;Vehicle with vehicle collision;2;3;Going straight;na;na;na;na;;;Not a Pedestrian;No distancing;Slight Injury
06:41:00;Thursday;18-30;Male;Junior high school;Employee;5-10yr;Automobile;Owner;2-5yrs;No defect;Other;Undivided Two way;Tangent road with flat terrain;No junction;;Dry;Daylight;Normal;Collision with pedestrians;2;3;Going straight;Driver or rider;Male;Over 51;3;Driver;Normal;Not a Pedestrian;Changing lane to the right;Slight Injury
06:41:00;Thursday;18-30;Male;;;;Public (> 45 seats);Owner;;;Office areas;Undivided Two way;Tangent road with flat terrain;No junction;Asphalt roads;Dry;Daylight;Normal;Vehicle with vehicle collision;2;3;Going straight;Driver or rider;Male;31-50;3;Driver;Normal;Not a Pedestrian;Changing lane to the right;Slight Injury
02:17:00;Friday;31-50;Male;;;;;Owner;Unknown;No defect;Office areas;other;Tangent road with flat terrain;No junction;Earth roads;Dry;Darkness - lights lit;Normal;Vehicle with vehicle collision;2;1;Going straight;Passenger;Female;Under 18;3;Self-employed;Normal;Not a Pedestrian;Moving Backward;Slight Injury
02:17:00;Friday;Unknown;Male;Junior high school;Employee;2-5yr;Automobile;Owner;Unknown;;Residential areas;Two-way (divided with broken lines road marking);Tangent road with flat terrain;No junction;Asphalt roads;Dry;Darkness - lights lit;Normal;Collision with roadside objects;2;1;Reversing;Driver or rider;Male;Over 51;3;Self-employed;Normal;Not a Pedestrian;Driving at high speed;Slight Injury
20:00:00;Saturday;18-30;Male;Junior high school;Employee;Above 10yr;Automobile;Owner;Unknown;;Residential areas;;Tangent road with flat terrain;Y Shape;Asphalt roads;Dry;Daylight;Normal;Vehicle with vehicle collision;2;1;Moving Backward;Driver or rider;Male;5;3;Driver;Normal;Not a Pedestrian;Changing lane to the left;Slight Injury
20:00:00;Saturday;18-30;Male;Junior high school;Owner;Above 10yr;Other;Owner;Unknown;No defect;School areas;Two-way (divided with broken lines road marking);Tangent road with flat terrain;Y Shape;Asphalt roads;Dry;Daylight;Normal;Vehicle with vehicle collision;2;1;Overtaking;na;na;na;na;Driver;Normal;Not a Pedestrian;Changing lane to the right;Slight Injury
20:03:00;Saturday;31-50;Male;;;;Stationwagen;Governmental;Unknown;No defect;Other;Two-way (divided with broken lines road marking);Tangent road with flat terrain;No junction;Asphalt roads;Dry;Daylight;Normal;Collision with pedestrians;2;3;Going straight;na;na;na;na;Self-employed;Normal;Not a Pedestrian;No distancing;Fatal injury
20:03:00;Saturday;31-50;Male;Elementary school;Owner;Above 10yr;Lorry (41?100Q);Governmental;Unknown;No defect;  Market areas;Undivided Two way;Tangent road with flat terrain;No junction;Asphalt roads;Dry;Daylight;Normal;Vehicle with vehicle collision;2;3;Going straight;Driver or rider;Male;18-30;3;Driver;Normal;Not a Pedestrian;Changing lane to the right;Fatal injury
20:03:00;Saturday;31-50;Male;;;;Taxi;Owner;Unknown;No defect;Office areas;other;Tangent road with flat terrain;No junction;Earth roads;Dry;Daylight;Normal;Vehicle with vehicle collision;2;3;Going straight;Pedestrian;Male;31-50;3;Self-employed;Normal;Not a Pedestrian;Changing lane to the right;Fatal injury
06:45:00;Friday;Unknown;Male;Junior high school;Owner;5-10yr;Other;Owner;Unknown;No defect; Church areas;Two-way (divided with broken lines road marking);Tangent road with flat terrain;Y Shape;Asphalt roads;Dry;Daylight;Normal;Collision with pedestrians;3;2;Going straight;Passenger;Male;18-30;3;Driver;Normal;Not a Pedestrian;No distancing;Slight Injury
06:45:00;Friday;Unknown;Male;Junior high school;Owner;Above 10yr;Public (12 seats);Governmental;Unknown;No defect; Church areas;Two-way (divided with broken lines road marking);Tangent road with flat terrain;Y Shape;Asphalt roads;Dry;Daylight;Normal;Collision with pedestrians;3;2;Going straight;Driver or rider;Male;18-30;3;Driver;Normal;Not a Pedestrian;Changing lane to the right;Slight Injury
06:45:00;Friday;18-30;Male;High school;Owner;Above 10yr;Automobile;Owner;Unknown;No defect;Residential areas;Double carriageway (median);Tangent road with flat terrain;Y Shape;Asphalt roads;Dry;Daylight;Normal;Collision with pedestrians;3;2;Going straight;na;na;na;na;Driver;Normal;Not a Pedestrian;Driving carelessly;Slight Injury
06:45:00;Friday;18-30;Male;;;;Automobile;Owner;Above 10yr;No defect;Residential areas;Two-way (divided with broken lines road marking);Tangent road with flat terrain;Y Shape;Asphalt roads;Dry;Daylight;Normal;Collision with roadside objects;3;2;Going straight;Pedestrian;Male;Under 18;3;Driver;Normal;Not a Pedestrian;Driving carelessly;Slight Injury
15:36:00;Saturday;18-30;Male;Elementary school;Employee;5-10yr;Public (13?45 seats);Owner;Unknown;No defect;Residential areas;Double carriageway (median);Tangent road with flat terrain;T Shape;Asphalt roads;Dry;Daylight;Normal;Vehicle with vehicle collision;2;1;Reversing;Driver or rider;Male;18-30;2;Driver;Normal;Not a Pedestrian;Changing lane to the right;Slight Injury
15:36:00;Saturday;31-50;Male;Elementary school;Owner;Above 10yr;Lorry (41?100Q);Owner;Above 10yr;No defect;Residential areas;Two-way (divided with broken lines road marking);Tangent road with flat terrain;T Shape;Asphalt roads;Dry;Daylight;Normal;Vehicle with vehicle collision;2;1;Going straight;na;na;na;na;;;Not a Pedestrian;Overturning;Slight Injury
16:20:00;Friday;18-30;Male;Junior high school;Owner;Below 1yr;Lorry (41?100Q);Owner;1-2yr;No defect;Other;Double carriageway (median);Tangent road with flat terrain;Y Shape;Asphalt roads;Dry;Daylight;Normal;Vehicle with vehicle collision;2;1;Going straight;Driver or rider;Male;18-30;3;Driver;Normal;Not a Pedestrian;Changing lane to the right;Slight Injury
16:20:00;Friday;18-30;Male;Junior high school;Owner;2-5yr;Lorry (11?40Q);Owner;Unknown;No defect;Other;Two-way (divided with broken lines road marking);Tangent road with flat terrain;Y Shape;Asphalt roads;Dry;Daylight;Normal;Vehicle with vehicle collision;2;1;Other;na;na;na;na;Driver;Normal;Not a Pedestrian;Moving Backward;Slight Injury
12:03:00;Sunday;31-50;Male;Junior high school;Owner;2-5yr;Motorcycle;Owner;2-5yrs;No defect;Residential areas;Two-way (divided with broken lines road marking);Tangent road with flat terrain;Crossing;Asphalt roads;Dry;Daylight;Normal;Vehicle with vehicle collision;2;3;Entering a junction;na;na;na;na;;;Not a Pedestrian;No distancing;Slight Injury
12:03:00;Sunday;Over 51;Male;High school;Owner;5-10yr;Lorry (41?100Q);Owner;Unknown;No defect;Other;other;Tangent road with flat terrain;Crossing;Asphalt roads;Dry;Daylight;Normal;Vehicle with vehicle collision;2;3;Turnover;na;na;na;na;Self-employed;Normal;Not a Pedestrian;Overturning;Slight Injury
12:03:00;Sunday;Over 51;Male;Junior high school;Owner;;Stationwagen;Owner;Unknown;No defect; Church areas;Undivided Two way;Tangent road with flat terrain;Crossing;Asphalt roads;Dry;Daylight;Normal;Collision with pedestrians;2;3;Going straight;Driver or rider;Male;31-50;3;Driver;Normal;Not a Pedestrian;Driving carelessly;Slight Injury
07:40:00;Friday;31-50;Male;;Owner;Below 1yr;Automobile;Owner;Unknown;No defect;Other;Undivided Two way;Tangent road with flat terrain;Other;Earth roads;Dry;Daylight;Normal;Collision with roadside objects;2;1;Going straight;Pedestrian;Male;18-30;3;Driver;Normal;Crossing from nearside - masked by parked or statioNot a Pedestrianry vehicle;Changing lane to the right;Slight Injury
07:40:00;Friday;Over 51;Male;Elementary school;Owner;Above 10yr;Other;Owner;Unknown;No defect;Office areas;Undivided Two way;Tangent road with flat terrain;Other;Asphalt roads;Dry;Daylight;Normal;Vehicle with vehicle collision;2;1;Going straight;na;na;na;na;Self-employed;Normal;Not a Pedestrian;Driving at high speed;Slight Injury
04:57:00;Monday;18-30;Male;Elementary school;Owner;Below 1yr;Other;Owner;2-5yrs;No defect;Office areas;Two-way (divided with broken lines road marking);Tangent road with flat terrain;No junction;Asphalt roads;Dry;Daylight;Normal;Vehicle with vehicle collision;1;1;Going straight;Driver or rider;Female;31-50;3;Driver;Normal;Not a Pedestrian;Changing lane to the left;Slight Injury
07:03:00;Monday;Under 18;Male;Junior high school;Owner;5-10yr;Taxi;Owner;;;Residential areas;Undivided Two way;Tangent road with flat terrain;No junction;Asphalt roads;Dry;Daylight;Normal;Vehicle with vehicle collision;2;1;Going straight;na;na;na;na;Employee;Normal;Not a Pedestrian;Driving carelessly;Slight Injury
07:03:00;Monday;18-30;Male;Junior high school;Owner;5-10yr;Automobile;Owner;Unknown;;Other;Two-way (divided with broken lines road marking);Tangent road with flat terrain;No junction;Asphalt roads;Dry;Daylight;Normal;Vehicle with vehicle collision;2;1;Going straight;Driver or rider;Male;31-50;3;Driver;Normal;Not a Pedestrian;No distancing;Slight Injury
17:28:00;Tuesday;18-30;Male;;Owner;;Long lorry;Owner;Above 10yr;; Industrial areas;Undivided Two way;Tangent road with flat terrain;Other;Other;Dry;Daylight;Normal;With Train;2;1;Going straight;Pedestrian;Male;18-30;3;Driver;Normal;Not a Pedestrian;Moving Backward;Serious Injury
17:28:00;Tuesday;18-30;Male;Junior high school;Employee;1-2yr;Long lorry;Owner;Unknown;;Office areas;Two-way (divided with broken lines road marking);Tangent road with flat terrain;Other;Gravel roads;Dry;Daylight;Normal;Vehicle with vehicle collision;2;1;Going straight;na;na;na;na;;;Not a Pedestrian;No priority to pedestrian;Serious Injury
13:00:00;Wednesday;18-30;Male;High school;Owner;5-10yr;Lorry (41?100Q);Organization;Unknown;;  Recreational areas;Two-way (divided with broken lines road marking);Tangent road with flat terrain;No junction;Gravel roads;Dry;Daylight;Normal;Vehicle with vehicle collision;1;1;Getting off;na;na;na;na;Driver;Normal;Not a Pedestrian;Moving Backward;Slight Injury
01:30:00;Monday;18-30;Male;Junior high school;Employee;5-10yr;Lorry (41?100Q);Owner;1-2yr;No defect;Residential areas;Two-way (divided with broken lines road marking);Tangent road with flat terrain;Y Shape;Asphalt roads;Dry;Darkness - lights lit;Normal;Vehicle with vehicle collision;3;2;Getting off;Pedestrian;Male;18-30;3;Driver;Normal;Not a Pedestrian;Changing lane to the right;Slight Injury
01:30:00;Monday;18-30;Male;Junior high school;Employee;5-10yr;Lorry (11?40Q);Owner;Above 10yr;;Residential areas;Undivided Two way;Tangent road with flat terrain;Y Shape;Asphalt roads;Dry;Darkness - lights lit;Normal;Vehicle with vehicle collision;3;2;Getting off;Driver or rider;Male;Under 18;3;Driver;Normal;Not a Pedestrian;No distancing;Slight Injury
01:30:00;Monday;Unknown;Male;Junior high school;Employee;5-10yr;Automobile;Owner;5-10yrs;; Church areas;Undivided Two way;Steep grade downward with mountainous terrain;Y Shape;Earth roads;Dry;Darkness - lights lit;Normal;Vehicle with vehicle collision;3;2;Moving Backward;na;na;na;na;Driver;Normal;Not a Pedestrian;Drunk driving;Slight Injury
01:30:00;Monday;Unknown;Male;Junior high school;Employee;Above 10yr;Taxi;Owner;5-10yrs;;Residential areas;Undivided Two way;Tangent road with flat terrain;Y Shape;Asphalt roads;Dry;Darkness - lights lit;Normal;Vehicle with vehicle collision;3;2;Going straight;na;na;na;na;;;Not a Pedestrian;Changing lane to the right;Slight Injury