Time;Day_of_week;Age_band_of_driver;Sex_of_driver;Educational_level;Vehicle_driver_relation;Driving_experience;Type_of_vehicle;Owner_of_vehicle;Service_year_of_vehicle;Defect_of_vehicle;Area_accident_occured;Lanes_or_Medians;Road_allignment;Types_of_Junction;Road_surface_type;Road_surface_conditions;Light_conditions;Weather_conditions;Type_of_collision;Number_of_vehicles_involved;Number_of_casualties;Vehicle_movement;Casualty_class;Sex_of_casualty;Age_band_of_casualty;Casualty_severity;Work_of_casuality;Fitness_of_casuality;Pedestrian_movement;Cause_of_accident;Accident_severity
01:30:00;Monday;Unknown;Male;Junior high school;Employee;5-10yr;Other;Owner;Unknown;No defect;;other;Tangent road with flat terrain;Y Shape;Asphalt roads;Dry;Darkness - lights lit;Normal;Vehicle with vehicle collision;3;2;Going straight;Driver or rider;Male;18-30;3;Driver;Normal;Not a Pedestrian;Driving carelessly;Slight Injury
01:30:00;Monday;Unknown;Male;Junior high school;Employee;No Licence;Automobile;Owner;5-10yrs;No defect;Other;Undivided Two way;Tangent road with flat terrain;Y Shape;Asphalt roads;Dry;Darkness - lights lit;Normal;Vehicle with vehicle collision;3;2;Waiting to go;na;na;na;na;Employee;Normal;Not a Pedestrian;Driving to the left;Slight Injury
19:45:00;Saturday;Over 51;Male;Above high school;Employee;Below 1yr;Automobile;Owner;Unknown;;Other;Two-way (divided with solid lines road marking);Tangent road with flat terrain;No junction;Asphalt roads;Dry;Daylight;Normal;Vehicle with vehicle collision;2;1;Going straight;Driver or rider;Male;31-50;3;;;Not a Pedestrian;Changing lane to the right;Slight Injury
19:45:00;Saturday;18-30;Male;Elementary school;Employee;5-10yr;Automobile;Owner;Unknown;No defect; Church areas;Two-way (divided with solid lines road marking);Tangent road with flat terrain;No junction;Earth roads;Dry;Daylight;Normal;Collision with pedestrians;2;1;Other;Passenger;Female;18-30;2;Driver;Normal;Not a Pedestrian;Changing lane to the right;Slight Injury
16:12:00;Saturday;18-30;Male;Elementary school;Employee;5-10yr;Automobile;Governmental;;No defect;Other;Two-way (divided with solid lines road marking);Tangent road with flat terrain;Y Shape;Asphalt roads;Dry;Daylight;Normal;Collision with roadside objects;2;1;Going straight;Passenger;Male;Under 18;3;;;Not a Pedestrian;Driving carelessly;Slight Injury
16:12:00;Saturday;18-30;Male;Junior high school;Employee;5-10yr;Public (> 45 seats);Owner;Unknown;No defect; Church areas;Two-way (divided with solid lines road marking);Tangent road with flat terrain;Y Shape;Asphalt roads;Dry;Daylight;Normal;Collision with roadside objects;2;1;Going straight;Driver or rider;Male;18-30;3;Driver;Normal;Not a Pedestrian;Changing lane to the left;Slight Injury
16:46:00;Wednesday;31-50;Male;High school;Employee;5-10yr;Lorry (11?40Q);Owner;Unknown;No defect; Church areas;Two-way (divided with broken lines road marking);Tangent road with flat terrain;O Shape;Asphalt roads;Dry;Daylight;Normal;Vehicle with vehicle collision;2;1;Going straight;na;na;na;na;Driver;Normal;Not a Pedestrian;No priority to vehicle;Slight Injury
16:46:00;Wednesday;31-50;Male;Junior high school;Employee;5-10yr;Lorry (41?100Q);Owner;Above 10yr;No defect;Other;Undivided Two way;Tangent road with flat terrain;O Shape;Asphalt roads;Dry;Daylight;Normal;Vehicle with vehicle collision;2;1;Going straight;na;na;na;na;Self-employed;Normal;Not a Pedestrian;Driving carelessly;Slight Injury
16:46:00;Wednesday;31-50;Male;Junior high school;Employee;2-5yr;Lorry (41?100Q);Governmental;5-10yrs;No defect;Other;Undivided Two way;Tangent road with flat terrain;O Shape;Asphalt roads;Dry;Daylight;Normal;Vehicle with vehicle collision;2;1;Overtaking;Driver or rider;Male;18-30;3;Driver;Normal;Not a Pedestrian;Changing lane to the right;Slight Injury
16:46:00;Wednesday;31-50;Male;Writing & reading;Employee;5-10yr;Stationwagen;Owner;5-10yrs;No defect;School areas;other;Tangent road with flat terrain;O Shape;Asphalt roads;Dry;Daylight;Normal;Vehicle with vehicle collision;2;1;Going straight;Pedestrian;Male;31-50;2;Employee;Normal;Not a Pedestrian;Driving carelessly;Slight Injury
17:15:00;Monday;Unknown;Female;Junior high school;Employee;Above 10yr;Other;Owner;Above 10yr;No defect;Residential areas;Undivided Two way;Tangent road with flat terrain;Y Shape;Asphalt roads;Dry;Daylight;Unknown;Vehicle with vehicle collision;2;1;Going straight;Driver or rider;Male;18-30;3;Driver;Normal;Not a Pedestrian;Driving under the influence of drugs;Slight Injury
17:15:00;Monday;31-50;Male;Junior high school;Employee;1-2yr;Automobile;;1-2yr;No defect;Other;Two-way (divided with broken lines road marking);Tangent road with flat terrain;Y Shape;Asphalt roads;Dry;Daylight;Unknown;Collision with roadside objects;2;1;Going straight;na;na;na;na;;;Not a Pedestrian;No distancing;Slight Injury
13:40:00;Sunday;18-30;Male;Writing & reading;Employee;Below 1yr;Pick up upto 10Q;Owner;Above 10yr;No defect;Office areas;Undivided Two way;Tangent road with flat terrain;Crossing;Asphalt roads;Dry;Daylight;Normal;Vehicle with vehicle collision;2;1;Turnover;Driver or rider;Male;31-50;3;Driver;Normal;Not a Pedestrian;Changing lane to the left;Slight Injury
13:40:00;Sunday;18-30;Male;Elementary school;Employee;1-2yr;Motorcycle;Owner;Above 10yr;No defect;Residential areas;Undivided Two way;Tangent road with flat terrain;Crossing;Asphalt roads;Dry;Daylight;Normal;Vehicle with vehicle collision;2;1;Going straight;na;na;na;na;Self-employed;Normal;Not a Pedestrian;No priority to vehicle;Slight Injury
18:10:00;Wednesday;Unknown;Male;Junior high school;Employee;5-10yr;Automobile;Owner;Above 10yr;No defect;Other;One way;Steep grade downward with mountainous terrain;Y Shape;Earth roads;Dry;Daylight;Unknown;Vehicle with vehicle collision;2;1;Going straight;na;na;na;na;;;Not a Pedestrian;Moving Backward;Slight Injury
18:10:00;Wednesday;31-50;Male;Elementary school;Employee;Above 10yr;Pick up upto 10Q;Owner;Above 10yr;No defect;Residential areas;Two-way (divided with broken lines road marking);Tangent road with flat terrain;Y Shape;Asphalt roads;Dry;Daylight;Unknown;Vehicle with vehicle collision;2;1;Getting off;Driver or rider;Male;31-50;3;Self-employed;Normal;Not a Pedestrian;Moving Backward;Slight Injury
02:20:00;Saturday;31-50;Male;Junior high school;Employee;5-10yr;Motorcycle;Owner;5-10yrs;No defect;Residential areas;Undivided Two way;Tangent road with flat terrain;No junction;Asphalt roads;Wet or damp;Darkness - lights lit;Normal;Vehicle with vehicle collision;2;1;Moving Backward;Driver or rider;Male;18-30;3;Self-employed;Normal;Not a Pedestrian;No distancing;Serious Injury
02:20:00;Saturday;31-50;Male;Elementary school;Employee;2-5yr;Stationwagen;Owner;;No defect;Residential areas;Two-way (divided with broken lines road marking);Tangent road with flat terrain;No junction;Asphalt roads;Wet or damp;Darkness - lights lit;Normal;Vehicle with vehicle collision;2;1;Getting off;na;na;na;na;;;Not a Pedestrian;Changing lane to the right;Serious Injury
13:50:00;Monday;31-50;Male;Junior high school;Employee;2-5yr;Lorry (41?100Q);Owner;1-2yr;No defect;Other;other;Tangent road with flat terrain;No junction;Asphalt roads;Dry;Daylight;Normal;Collision with pedestrians;2;1;Overtaking;na;na;na;na;Driver;Normal;Not a Pedestrian;Changing lane to the right;Slight Injury
13:50:00;Monday;Unknown;Male;Junior high school;Employee;Above 10yr;Taxi;Owner;5-10yrs;No defect;Other;Undivided Two way;Tangent road with flat terrain;No junction;Earth roads;Dry;Daylight;Normal;Collision with pedestrians;2;1;Going straight;Driver or rider;Male;31-50;3;Driver;Normal;Not a Pedestrian;Moving Backward;Slight Injury
00:17:00;Sunday;31-50;Male;Junior high school;Employee;2-5yr;Automobile;Owner;5-10yrs;No defect;Other;One way;Tangent road with flat terrain;Y Shape;Asphalt roads;Dry;Darkness - lights lit;Normal;Collision with roadside objects;2;2;Going straight;na;na;na;na;Other;Normal;Not a Pedestrian;Driving carelessly;Slight Injury
00:17:00;Sunday;31-50;Male;Junior high school;Owner;Below 1yr;Long lorry;Owner;1-2yr;No defect; Hospital areas;Undivided Two way;Tangent road with flat terrain;Y Shape;Asphalt roads;Dry;Darkness - lights lit;Normal;Collision with pedestrians;2;2;Going straight;Driver or rider;Female;18-30;3;Self-employed;Normal;Not a Pedestrian;Driving under the influence of drugs;Slight Injury
00:17:00;Sunday;Under 18;Male;Junior high school;Employee;2-5yr;Automobile;Owner;2-5yrs;No defect;Residential areas;Undivided Two way;Tangent road with flat terrain;Y Shape;Asphalt roads;Dry;Darkness - lights lit;Normal;Vehicle with vehicle collision;2;2;Reversing;Driver or rider;Male;31-50;3;Self-employed;Normal;Not a Pedestrian;No distancing;Slight Injury
17:30:00;Wednesday;Unknown;Male;Junior high school;Employee;Above 10yr;Public (12 seats);Owner;5-10yrs;No defect;Residential areas;One way;Tangent road with flat terrain;Unknown;Asphalt roads;Dry;Daylight;Normal;Vehicle with vehicle collision;2;1;Getting off;Driver or rider;Male;Under 18;3;Driver;Normal;Not a Pedestrian;No distancing;Slight Injury
17:30:00;Wednesday;18-30;Male;Junior high school;Employee;2-5yr;Lorry (11?40Q);Owner;5-10yrs;No defect;Residential areas;Undivided Two way;Tangent road with flat terrain;Unknown;Asphalt roads;Dry;Daylight;Normal;Vehicle with vehicle collision;2;1;Going straight;Pedestrian;Male;5;3;Employee;Normal;Crossing from nearside - masked by parked or statioNot a Pedestrianry vehicle;No priority to vehicle;Slight Injury
18:03:00;Wednesday;Unknown;Female;Elementary school;Employee;Above 10yr;Pick up upto 10Q;Owner;1-2yr;No defect;Other;Two-way (divided with broken lines road marking);Tangent road with flat terrain;No junction;Asphalt roads;Dry;Daylight;Normal;Collision with roadside objects;2;2;Going straight;Driver or rider;Male;18-30;3;;;Not a Pedestrian;Driving to the left;Slight Injury
18:03:00;Wednesday;18-30;Male;Elementary school;Employee;Above 10yr;Lorry (41?100Q);Owner;1-2yr;No defect;Office areas;Two-way (divided with broken lines road marking);Tangent road with flat terrain;No junction;Asphalt roads;Dry;Daylight;Normal;Collision with roadside objects;2;2;Going straight;na;na;na;na;Driver;Normal;Not a Pedestrian;No priority to vehicle;Slight Injury
18:03:00;Wednesday;18-30;Male;Elementary school;Other;Above 10yr;Other;Owner;2-5yrs;No defect;Other;other;Tangent road with flat terrain;No junction;Asphalt roads;Dry;Daylight;Normal;Vehicle with vehicle collision;2;2;Reversing;Driver or rider;Male;Over 51;2;Driver;Normal;Not a Pedestrian;No priority to vehicle;Slight Injury
16:50:00;Thursday;18-30;Male;Junior high school;Employee;Above 10yr;Automobile;Owner;Unknown;No defect;Office areas;Double carriageway (median);Tangent road with flat terrain;No junction;Other;Dry;Daylight;Normal;Vehicle with vehicle collision;2;1;Going straight;na;na;na;na;Driver;Normal;Not a Pedestrian;No priority to vehicle;Serious Injury
16:50:00;Thursday;31-50;Male;Junior high school;Employee;Below 1yr;Long lorry;Owner;Unknown;No defect;Residential areas;Two-way (divided with broken lines road marking);Tangent road with flat terrain;No junction;Asphalt roads;Dry;Daylight;Normal;Vehicle with vehicle collision;2;1;Stopping;Driver or rider;Female;18-30;3;Self-employed;Normal;Not a Pedestrian;No distancing;Serious Injury
21:18:00;Monday;18-30;Male;Elementary school;Employee;5-10yr;Lorry (11?40Q);Owner;Unknown;No defect;Office areas;Double carriageway (median);Gentle horizontal curve;Y Shape;Asphalt roads;Dry;Darkness - lights lit;Normal;Vehicle with vehicle collision;1;1;Overtaking;na;na;na;na;;Normal;Not a Pedestrian;Moving Backward;Fatal injury
18:10:00;Friday;Unknown;Male;Junior high school;Employee;2-5yr;Long lorry;Owner;;No defect;Office areas;Double carriageway (median);Tangent road with flat terrain;No junction;Asphalt roads;Wet or damp;Daylight;Raining;Vehicle with vehicle collision;1;1;Going straight;Driver or rider;Male;31-50;3;Other;Normal;Not a Pedestrian;Changing lane to the right;Slight Injury
10:20:00;Sunday;31-50;Male;Junior high school;Employee;Above 10yr;Automobile;Organization;Unknown;No defect;Other;Double carriageway (median);Tangent road with flat terrain;Y Shape;Asphalt roads;Dry;Daylight;Unknown;Vehicle with vehicle collision;2;1;Reversing;Passenger;Female;Over 51;3;Driver;Normal;Not a Pedestrian;Driving carelessly;Slight Injury
10:20:00;Sunday;18-30;Male;Junior high school;Employee;Below 1yr;Taxi;Owner;Unknown;No defect;Office areas;Two-way (divided with broken lines road marking);Tangent road with flat terrain;Y Shape;Asphalt roads;Dry;Daylight;Unknown;Vehicle with vehicle collision;2;1;Going straight;Pedestrian;Female;31-50;3;Driver;Normal;Not a Pedestrian;Changing lane to the left;Slight Injury
21:00:00;Friday;Under 18;Male;Junior high school;Owner;2-5yr;Taxi;Owner;Unknown;No defect;Office areas;;Tangent road with flat terrain;Crossing;Asphalt roads;Dry;Darkness - lights lit;Normal;Vehicle with vehicle collision;4;1;Going straight;Driver or rider;Male;18-30;3;Driver;Normal;Not a Pedestrian;No distancing;Slight Injury
21:00:00;Friday;18-30;Male;Junior high school;Employee;Above 10yr;Long lorry;Governmental;Unknown;;Office areas;One way;Tangent road with flat terrain;Crossing;Asphalt roads;Dry;Darkness - lights lit;Normal;Vehicle with vehicle collision;4;1;Reversing;na;na;na;na;;;Not a Pedestrian;Changing lane to the right;Slight Injury
21:00:00;Friday;31-50;Male;Writing & reading;Employee;2-5yr;Lorry (11?40Q);Owner;Unknown;;Other;Undivided Two way;Tangent road with flat terrain;Crossing;Earth roads;Dry;Darkness - lights lit;Normal;Collision with roadside objects;4;1;Going straight;Driver or rider;Male;18-30;3;Driver;Normal;Not a Pedestrian;Driving under the influence of drugs;Slight Injury
21:00:00;Friday;31-50;Male;Junior high school;Employee;2-5yr;Lorry (11?40Q);Owner;Unknown;;Residential areas;;Tangent road with flat terrain;Crossing;Asphalt roads;Dry;Darkness - lights lit;Normal;Collision with roadside objects;4;1;Waiting to go;na;na;na;na;Driver;Normal;Not a Pedestrian;No distancing;Slight Injury
18:00:00;Saturday;Under 18;Male;High school;Employee;2-5yr;Long lorry;Owner;2-5yrs;No defect;Residential areas;Two-way (divided with broken lines road marking);Gentle horizontal curve;No junction;Asphalt roads;Dry;Daylight;Normal;Collision with pedestrians;2;1;Going straight;Passenger;Female;18-30;3;;;Not a Pedestrian;Overturning;Serious Injury
18:00:00;Saturday;18-30;Male;Junior high school;Employee;1-2yr;Turbo;Owner;5-10yrs;; Church areas;Two-way (divided with broken lines road marking);Tangent road with flat terrain;No junction;Asphalt roads;Dry;Daylight;Normal;Vehicle with vehicle collision;2;1;Going straight;na;na;na;na;Driver;Normal;Not a Pedestrian;No distancing;Serious Injury
17:00:00;Thursday;Unknown;Male;High school;Employee;5-10yr;Long lorry;Owner;5-10yrs;;Other;Two-way (divided with broken lines road marking);Tangent road with flat terrain;Y Shape;Asphalt roads;Dry;Daylight;Normal;Vehicle with vehicle collision;2;1;Going straight;Driver or rider;Male;31-50;3;Driver;Normal;Not a Pedestrian;Changing lane to the right;Slight Injury
17:00:00;Thursday;18-30;Male;Elementary school;Employee;2-5yr;Long lorry;Owner;Unknown;;Residential areas;Two-way (divided with broken lines road marking);Tangent road with flat terrain;Y Shape;Asphalt roads;Dry;Daylight;Normal;Vehicle with vehicle collision;2;1;Going straight;na;na;na;na;Self-employed;Normal;Not a Pedestrian;No priority to vehicle;Slight Injury
18:53:00;Tuesday;Unknown;Female;Junior high school;Employee;1-2yr;Public (13?45 seats);Owner;2-5yrs;;Other;Undivided Two way;Tangent road with flat terrain;No junction;Asphalt roads;Dry;Daylight;Normal;Vehicle with vehicle collision;3;1;Getting off;Driver or rider;Female;18-30;3;Driver;Normal;Not a Pedestrian;Changing lane to the right;Slight Injury
18:53:00;Tuesday;31-50;Male;Elementary school;Employee;1-2yr;Automobile;Owner;2-5yrs;;Residential areas;Undivided Two way;Tangent road with flat terrain;No junction;Asphalt roads;Dry;Daylight;Normal;Vehicle with vehicle collision;3;1;Going straight;na;na;na;na;Driver;Normal;Not a Pedestrian;Changing lane to the left;Slight Injury
18:53:00;Tuesday;18-30;Male;High school;Employee;No Licence;Automobile;Owner;2-5yrs;;Residential areas;Two-way (divided with broken lines road marking);Tangent road with flat terrain;No junction;Asphalt roads;Dry;Daylight;Normal;Vehicle with vehicle collision;3;1;Going straight;Driver or rider;Male;31-50;3;Driver;Normal;Not a Pedestrian;No distancing;Slight Injury
13:19:00;Saturday;Unknown;Female;Junior high school;Owner;5-10yr;Pick up upto 10Q;Owner;5-10yrs;No defect;Other;Two-way (divided with broken lines road marking);Tangent road with flat terrain;No junction;Asphalt roads;Dry;Daylight;Normal;Vehicle with vehicle collision;2;1;Going straight;Passenger;Female;18-30;3;Driver;Normal;Not a Pedestrian;No priority to pedestrian;Slight Injury
13:19:00;Saturday;31-50;Male;Junior high school;Employee;1-2yr;;;;;Other;Two-way (divided with broken lines road marking);Tangent road with flat terrain;No junction;Asphalt roads;Dry;Daylight;Normal;Vehicle with vehicle collision;2;1;Reversing;Passenger;Male;Over 51;3;Driver;Normal;Not a Pedestrian;Driving carelessly;Slight Injury
10:10:00;Saturday;18-30;Male;Junior high school;Employee;2-5yr;Stationwagen;Owner;Unknown;No defect;Other;Undivided Two way;Tangent road with flat terrain;Crossing;Asphalt roads;Dry;Daylight;Normal;Vehicle with vehicle collision;2;2;Turnover;na;na;na;na;Driver;Normal;Not a Pedestrian;No distancing;Slight Injury
10:10:00;Saturday;Unknown;Male;Junior high school;Employee;5-10yr;;Owner;Unknown;No defect;Other;Double carriageway (median);Tangent road with flat terrain;Crossing;Asphalt roads;Dry;Daylight;Normal;Collision with pedestrians;2;2;Going straight;Driver or rider;Male;18-30;3;Driver;Normal;Not a Pedestrian;Driving carelessly;Slight Injury
21:55:00;Sunday;18-30;Male;;;;Automobile;Owner;Unknown;;Residential areas;Two-way (divided with broken lines road marking);Tangent road with flat terrain;Crossing;Asphalt roads;Dry;Darkness - lights lit;Normal;Collision with pedestrians;2;1;Going straight;Driver or rider;Female;Over 51;3;;;Not a Pedestrian;Driving carelessly;Slight Injury
21:55:00;Sunday;18-30;Male;;;;Automobile;Owner;2-5yrs;;  Recreational areas;Undivided Two way;Tangent road with flat terrain;Crossing;Asphalt roads;Dry;Darkness - lights lit;Normal;Vehicle with vehicle collision;2;1;Going straight;na;na;na;na;Driver;Normal;Not a Pedestrian;Moving Backward;Slight Injury
21:37:00;Monday;18-30;Male;Junior high school;Employee;2-5yr;Long lorry;Owner;;;Other;other;Tangent road with flat terrain;Y Shape;Asphalt roads;Dry;Darkness - lights lit;Normal;Vehicle with vehicle collision;1;2;Going straight;Pedestrian;Female;18-30;3;;;Not a Pedestrian;Overtaking;Slight Injury
21:37:00;Monday;18-30;Male;Junior high school;Employee;Above 10yr;Public (13?45 seats);Owner;;;Office areas;Undivided Two way;Tangent road with flat terrain;Y Shape;Earth roads;Dry;Darkness - lights lit;Normal;Vehicle with vehicle collision;1;2;Getting off;Driver or rider;Female;31-50;3;Driver;Normal;Not a Pedestrian;No priority to vehicle;Slight Injury
08:20:00;Wednesday;18-30;Male;Junior high school;Owner;Above 10yr;Public (13?45 seats);;;;Other;Undivided Two way;Tangent road with flat terrain;Crossing;Asphalt roads;Dry;Daylight;Normal;Vehicle with vehicle collision;2;1;Going straight;na;na;na;na;Other;Normal;Not a Pedestrian;No priority to vehicle;Slight Injury
08:20:00;Wednesday;18-30;Male;;;;Lorry (11?40Q);Owner;Unknown;;Office areas;Undivided Two way;Tangent road with flat terrain;Crossing;;Dry;Daylight;Normal;Vehicle with vehicle collision;2;1;Going straight;Pedestrian;Female;31-50;3;Self-employed;Normal;Unknown or other;Changing lane to the left;Slight Injury
16:49:00;Wednesday;18-30;Male;Elementary school;Owner;Above 10yr;Lorry (11?40Q);Owner;Unknown;;Office areas;One way;Tangent road with flat terrain;Crossing;Asphalt roads;Wet or damp;Daylight;Raining;Vehicle with vehicle collision;2;1;Going straight;na;na;na;na;Driver;Normal;Not a Pedestrian;No priority to vehicle;Slight Injury
16:49:00;Wednesday;31-50;Male;;;;Pick up upto 10Q;Owner;Unknown;;Office areas;Undivided Two way;Tangent road with flat terrain;Crossing;Asphalt roads;Wet or damp;Daylight;Raining;Vehicle with vehicle collision;2;1;Going straight;Driver or rider;Male;31-50;3;;;Not a Pedestrian;No distancing;Slight Injury
13:01:00;Thursday;18-30;Male;Junior high school;Owner;5-10yr;Automobile;Owner;Unknown;No defect;Other;Undivided Two way;Tangent road with flat terrain;Y Shape;Asphalt roads;Dry;Daylight;Normal;Vehicle with vehicle collision;2;1;Going straight;Passenger;Female;Under 18;3;Self-employed;Normal;Not a Pedestrian;Moving Backward;Slight Injury
13:01:00;Thursday;31-50;Male;Junior high school;Owner;Above 10yr;Automobile;Governmental;Unknown;;Other;Double carriageway (median);Tangent road with flat terrain;Y Shape;Asphalt roads;Dry;Daylight;Normal;Vehicle with vehicle collision;2;1;Going straight;Passenger;Female;Over 51;3;;;Not a Pedestrian;Changing lane to the right;Slight Injury
13:10:00;Tuesday;Over 51;Male;High school;Owner;Above 10yr;Automobile;Owner;Unknown;No defect;Office areas;Two-way (divided with solid lines road marking);Tangent road with flat terrain;Y Shape;Asphalt roads;Dry;Daylight;Normal;Vehicle with vehicle collision;2;1;Going straight;na;na;na;na;;;Not a Pedestrian;No distancing;Slight Injury
13:10:00;Tuesday;31-50;Male;;;;Long lorry;Owner;Unknown;;Residential areas;other;Tangent road with flat terrain;Y Shape;Asphalt roads;Dry;Daylight;Normal;Vehicle with vehicle collision;2;1;Going straight;Driver or rider;Female;18-30;3;Driver;;Not a Pedestrian;Overtaking;Slight Injury
15:43:00;Monday;Over 51;Male;Elementary school;Employee;5-10yr;Long lorry;Governmental;2-5yrs;;  Recreational areas;Undivided Two way;Tangent road with flat terrain;No junction;Asphalt roads;Dry;Daylight;Normal;Vehicle with vehicle collision;2;3;Going straight;na;na;na;na;;;Not a Pedestrian;No distancing;Serious Injury
15:43:00;Monday;Over 51;Male;Elementary school;Owner;Above 10yr;Automobile;Owner;1-2yr;No defect;Other;other;Tangent road with flat terrain;No junction;Asphalt roads;Dry;Daylight;Normal;Vehicle with vehicle collision;2;3;Going straight;Driver or rider;Male;31-50;3;Unemployed;Normal;Not a Pedestrian;Changing lane to the left;Serious Injury
15:43:00;Monday;Over 51;Male;Junior high school;Owner;Below 1yr;Stationwagen;Owner;Above 10yr;No defect;Residential areas;other;Tangent road with flat terrain;No junction;Asphalt roads;Dry;Daylight;Normal;Vehicle with vehicle collision;2;3;Reversing;Pedestrian;Male;31-50;3;Driver;Normal;Unknown or other;Driving under the influence of drugs;Serious Injury
15:43:00;Monday;Unknown;Female;Junior high school;Owner;2-5yr;;Owner;Unknown;No defect;Other;other;Tangent road with flat terrain;No junction;Gravel roads;Dry;Daylight;Normal;Vehicle with vehicle collision;2;3;Going straight;na;na;na;na;Driver;Normal;Not a Pedestrian;No distancing;Serious Injury
15:32:00;Friday;Over 51;Male;Junior high school;Owner;2-5yr;Other;Owner;Unknown;;Other;other;Tangent road with flat terrain;No junction;Asphalt roads;Wet or damp;Daylight;Other;Vehicle with vehicle collision;1;1;Turnover;Passenger;Female;31-50;3;Driver;Normal;Not a Pedestrian;No distancing;Serious Injury
20:11:00;Friday;31-50;Male;High school;Owner;5-10yr;Special vehicle;Owner;5-10yrs;;Other;One way;Tangent road with flat terrain;Y Shape;Asphalt roads;Dry;Daylight;Normal;Vehicle with vehicle collision;2;2;Going straight;na;na;na;na;;;Not a Pedestrian;Changing lane to the right;Serious Injury
20:11:00;Friday;31-50;Male;Junior high school;Owner;;Lorry (41?100Q);Owner;Unknown;No defect;Other;Two-way (divided with broken lines road marking);Tangent road with flat terrain;Y Shape;Asphalt roads;Dry;Daylight;Normal;Vehicle with vehicle collision;2;2;Going straight;Passenger;Female;Under 18;3;Driver;Normal;Not a Pedestrian;Changing lane to the left;Serious Injury
10:30:00;Monday;Unknown;Female;;Owner;Below 1yr;Pick up upto 10Q;Owner;2-5yrs;No defect;Other;other;Tangent road with flat terrain;Y Shape;Asphalt roads;Dry;Daylight;Normal;Vehicle with vehicle collision;2;1;Going straight;Driver or rider;Male;31-50;3;Driver;Normal;Not a Pedestrian;Moving Backward;Slight Injury
10:30:00;Monday;31-50;Male;Elementary school;Owner;Above 10yr;Lorry (11?40Q);Owner;Unknown;No defect;School areas;Undivided Two way;Tangent road with flat terrain;Y Shape;Asphalt roads;Dry;Daylight;Normal;Vehicle with vehicle collision;2;1;Going straight;na;na;na;na;Self-employed;Normal;Not a Pedestrian;No distancing;Slight Injury
17:46:00;Friday;18-30;Male;Elementary school;Owner;Below 1yr;Lorry (41?100Q);Owner;;No defect;Office areas;Two-way (divided with broken lines road marking);Tangent road with flat terrain;Crossing;Asphalt roads;Wet or damp;Daylight;Raining;Vehicle with vehicle collision;2;2;Reversing;Driver or rider;Female;31-50;3;Driver;Normal;Not a Pedestrian;No distancing;Slight Injury
17:46:00;Friday;31-50;Male;Junior high school;Owner;5-10yr;Motorcycle;Owner;Unknown;No defect;Office areas;Two-way (divided with broken lines road marking);Tangent road with flat terrain;Crossing;Asphalt roads;Wet or damp;Daylight;Raining;Collision with roadside objects;2;2;Going straight;Driver or rider;Male;Under 18;3;;;Not a Pedestrian;Driving carelessly;Slight Injury
17:46:00;Friday;31-50;Male;Junior high school;Owner;5-10yr;Automobile;Owner;5-10yrs;No defect;Office areas;Two-way (divided with broken lines road marking);Tangent road with flat terrain;Crossing;Asphalt roads;Wet or damp;Daylight;Raining;Collision with roadside objects;2;2;Turnover;Passenger;Female;18-30;3;Unknown;Normal;Not a Pedestrian;Moving Backward;Slight Injury
07:28:00;Wednesday;31-50;Male;;Owner;;Automobile;Owner;Unknown;No defect;School areas;;Tangent road with flat terrain;Y Shape;Asphalt roads;Dry;Daylight;Normal;Vehicle with vehicle collision;2;1;Going straight;Passenger;Female;31-50;3;Driver;Normal;Not a Pedestrian;No distancing;Slight Injury
07:28:00;Wednesday;18-30;Male;Junior high school;Employee;1-2yr;Automobile;Governmental;;No defect;School areas;Undivided Two way;Tangent road with flat terrain;Y Shape;Asphalt roads;Dry;Daylight;Normal;Vehicle with vehicle collision;2;1;Going straight;na;na;na;na;;;Not a Pedestrian;Changing lane to the right;Slight Injury
18:15:00;Friday;18-30;Male;High school;Owner;5-10yr;Stationwagen;Owner;;No defect;Office areas;Two-way (divided with broken lines road marking);Tangent road with flat terrain;Y Shape;Asphalt roads;Dry;Daylight;Normal;Vehicle with vehicle collision;2;1;Going straight;Driver or rider;Male;Under 18;3;Driver;Normal;Not a Pedestrian;Driving carelessly;Serious Injury
18:15:00;Friday;31-50;Male;Junior high school;Employee;5-10yr;;Owner;;No defect;Office areas;Two-way (divided with broken lines road marking);Tangent road with flat terrain;Y Shape;Asphalt roads;Dry;Daylight;Normal;Vehicle with vehicle collision;2;1;Going straight;Driver or rider;Male;Over 51;3;Other;Normal;Not a Pedestrian;Driving to the left;Serious Injury
22:34:00;Wednesday;18-30;Male;Junior high school;Employee;5-10yr;Public (> 45 seats);Governmental;Above 10yr;No defect;School areas;Two-way (divided with broken lines road marking);Tangent road with flat terrain;T Shape;Asphalt roads;Wet or damp;Darkness - lights lit;Raining;Collision with roadside objects;1;1;Going straight;na;na;na;na;Other;Normal;Not a Pedestrian;Changing lane to the right;Slight Injury
13:15:00;Monday;Under 18;Male;Junior high school;Employee;5-10yr;Public (> 45 seats);Owner;1-2yr;No defect;;Two-way (divided with broken lines road marking);Tangent road with flat terrain;Other;Asphalt roads;Dry;Daylight;Normal;Vehicle with vehicle collision;3;1;Getting off;Driver or rider;Male;31-50;3;Self-employed;Normal;Not a Pedestrian;Driving carelessly;Slight Injury
13:15:00;Monday;Over 51;Male;Junior high school;Employee;Above 10yr;Stationwagen;Owner;Above 10yr;No defect;Other;Two-way (divided with broken lines road marking);Tangent road with flat terrain;Other;Asphalt roads;Dry;Daylight;Normal;Collision with roadside objects;3;1;Moving Backward;na;na;na;na;Driver;Normal;Not a Pedestrian;Changing lane to the right;Slight Injury