Time;Day_of_week;Age_band_of_driver;Sex_of_driver;Educational_level;Vehicle_driver_relation;Driving_experience;Type_of_vehicle;Owner_of_vehicle;Service_year_of_vehicle;Defect_of_vehicle;Area_accident_occured;Lanes_or_Medians;Road_allignment;Types_of_Junction;Road_surface_type;Road_surface_conditions;Light_conditions;Weather_conditions;Type_of_collision;Number_of_vehicles_involved;Number_of_casualties;Vehicle_movement;Casualty_class;Sex_of_casualty;Age_band_of_casualty;Casualty_severity;Work_of_casuality;Fitness_of_casuality;Pedestrian_movement;Cause_of_accident;Accident_severity
13:15:00;Monday;18-30;Male;Junior high school;Employee;5-10yr;Automobile;Owner;Below 1yr;No defect;Other;Undivided Two way;Tangent road with flat terrain;Other;Asphalt roads;Dry;Daylight;Normal;Collision with roadside objects;3;1;Going straight;Pedestrian;Male;Under 18;3;Driver;Normal;Crossing from nearside - masked by parked or statioNot a Pedestrianry vehicle;No priority to vehicle;Slight Injury
20:17:00;Monday;18-30;Male;Junior high school;Employee;No Licence;Bicycle;Owner;Above 10yr;No defect;Other;Two-way (divided with broken lines road marking);Tangent road with flat terrain;No junction;Asphalt roads;Wet or damp;Darkness - lights lit;Raining;Collision with pedestrians;2;3;Turnover;Driver or rider;Male;18-30;3;Driver;Normal;Not a Pedestrian;Changing lane to the right;Slight Injury
20:17:00;Monday;18-30;Male;Above high school;Employee;Below 1yr;Automobile;Owner;Unknown;No defect;Residential areas;Undivided Two way;Tangent road with flat terrain;No junction;Other;Wet or damp;Darkness - lights lit;Raining;Vehicle with vehicle collision;2;3;Going straight;Pedestrian;Male;Over 51;3;;;Not a Pedestrian;Turnover;Slight Injury
20:17:00;Monday;18-30;Male;Elementary school;Employee;5-10yr;Lorry (41?100Q);Governmental;1-2yr;No defect;Other;Undivided Two way;Tangent road with flat terrain;No junction;Asphalt roads;Wet or damp;Darkness - lights lit;Raining;Collision with roadside objects;2;3;;na;na;na;na;;;Not a Pedestrian;No priority to vehicle;Slight Injury
20:17:00;Monday;Unknown;Female;Elementary school;Employee;5-10yr;Automobile;Owner;1-2yr;No defect;Other;Undivided Two way;Tangent road with flat terrain;No junction;Asphalt roads;Wet or damp;Darkness - lights lit;Raining;Vehicle with vehicle collision;2;3;Going straight;Driver or rider;Female;31-50;2;Driver;Normal;Not a Pedestrian;Driving at high speed;Slight Injury
21:15:00;Monday;Unknown;Female;Junior high school;Employee;5-10yr;Public (13?45 seats);Owner;;No defect; Industrial areas;Undivided Two way;Tangent road with flat terrain;No junction;Asphalt roads;Dry;Darkness - lights lit;Normal;Vehicle with vehicle collision;2;1;Going straight;Pedestrian;Male;Over 51;3;Other;Normal;Not a Pedestrian;No distancing;Slight Injury
21:15:00;Monday;18-30;Male;High school;Employee;5-10yr;Special vehicle;Owner;;No defect;  Recreational areas;Undivided Two way;Tangent road with flat terrain;No junction;Asphalt roads;Dry;Darkness - lights lit;Normal;Vehicle with vehicle collision;2;1;Going straight;Pedestrian;Female;18-30;3;Driver;Normal;Unknown or other;No distancing;Slight Injury
16:00:00;Saturday;18-30;Male;Junior high school;Employee;5-10yr;Automobile;Owner;Above 10yr;No defect; Church areas;Two-way (divided with broken lines road marking);Tangent road with flat terrain;No junction;Asphalt roads;Dry;Daylight;Normal;Vehicle with vehicle collision;2;4;Going straight;Pedestrian;Female;18-30;3;;;Unknown or other;Driving carelessly;Slight Injury
16:00:00;Saturday;18-30;Male;Junior high school;Employee;2-5yr;Public (13?45 seats);Owner;;;Office areas;Two-way (divided with broken lines road marking);Tangent road with flat terrain;No junction;Asphalt roads;Dry;Daylight;Normal;Vehicle with vehicle collision;2;4;Turnover;Pedestrian;Female;18-30;3;Driver;Normal;Not a Pedestrian;Driving carelessly;Slight Injury
16:00:00;Saturday;18-30;Male;Writing & reading;Employee;5-10yr;;Owner;;;Other;Two-way (divided with broken lines road marking);Tangent road with flat terrain;No junction;Asphalt roads;Dry;Daylight;Normal;Vehicle with vehicle collision;2;4;Turnover;Passenger;Male;18-30;3;Driver;Normal;Not a Pedestrian;Moving Backward;Slight Injury
16:00:00;Saturday;Over 51;Male;Junior high school;Employee;Above 10yr;Lorry (41?100Q);Owner;;;Office areas;Undivided Two way;Tangent road with flat terrain;No junction;Other;Dry;Daylight;Normal;Collision with roadside objects;2;4;Going straight;na;na;na;na;Employee;Normal;Not a Pedestrian;No distancing;Slight Injury
18:30:00;Wednesday;Under 18;Male;Junior high school;Employee;1-2yr;Lorry (41?100Q);Owner;;;Office areas;Two-way (divided with broken lines road marking);Tangent road with flat terrain;No junction;Asphalt roads;Dry;Daylight;Normal;Vehicle with vehicle collision;3;1;Getting off;Driver or rider;Male;18-30;3;;;Not a Pedestrian;Changing lane to the right;Slight Injury
18:30:00;Wednesday;Under 18;Male;Writing & reading;Employee;Below 1yr;Public (12 seats);Owner;;;Other;Two-way (divided with broken lines road marking);Tangent road with flat terrain;No junction;Asphalt roads;Dry;Daylight;Normal;Collision with roadside objects;3;1;Getting off;na;na;na;na;Student;Normal;Not a Pedestrian;Overtaking;Slight Injury
18:30:00;Wednesday;31-50;Male;Elementary school;Employee;1-2yr;Lorry (41?100Q);Owner;Above 10yr;;Residential areas;Undivided Two way;Tangent road with flat terrain;No junction;Asphalt roads;Dry;Daylight;Normal;Vehicle with vehicle collision;3;1;Going straight;Passenger;Female;Over 51;3;Driver;Normal;Not a Pedestrian;No distancing;Slight Injury
18:30:00;Wednesday;Unknown;Male;Junior high school;Employee;5-10yr;Lorry (41?100Q);Owner;Above 10yr;;Office areas;other;Tangent road with mountainous terrain and;No junction;Asphalt roads;Dry;Daylight;Normal;Vehicle with vehicle collision;3;1;Overtaking;Pedestrian;Male;31-50;3;Self-employed;Normal;Not a Pedestrian;Overtaking;Slight Injury
18:30:00;Wednesday;Unknown;Male;Junior high school;Employee;1-2yr;Public (12 seats);Owner;Above 10yr;No defect;Residential areas;other;Tangent road with flat terrain;No junction;Asphalt roads;Dry;Daylight;Normal;Vehicle with vehicle collision;3;1;Reversing;Pedestrian;Female;31-50;3;Self-employed;Normal;Crossing from nearside - masked by parked or statioNot a Pedestrianry vehicle;Moving Backward;Slight Injury
16:54:00;Wednesday;31-50;Male;Elementary school;Owner;5-10yr;Public (> 45 seats);;;;School areas;Two-way (divided with broken lines road marking);Tangent road with flat terrain;Other;Asphalt roads;Dry;Daylight;Normal;Collision with roadside objects;2;1;Going straight;na;na;na;na;Driver;Normal;Not a Pedestrian;No distancing;Slight Injury
16:54:00;Wednesday;31-50;Male;Junior high school;Employee;2-5yr;Automobile;Owner;Above 10yr;No defect;Office areas;Two-way (divided with broken lines road marking);Sharp reverse curve;Other;Asphalt roads;Dry;Daylight;Normal;Collision with roadside objects;2;1;Getting off;Driver or rider;Male;31-50;3;;;Not a Pedestrian;No distancing;Slight Injury
18:56:00;Thursday;31-50;Male;Junior high school;Owner;Below 1yr;Pick up upto 10Q;Owner;5-10yrs;No defect;Other;other;Tangent road with flat terrain;No junction;Asphalt roads;Dry;Daylight;Normal;Vehicle with vehicle collision;4;5;Getting off;Driver or rider;Male;Under 18;3;Driver;Normal;Not a Pedestrian;No priority to vehicle;Slight Injury
18:56:00;Thursday;31-50;Male;Writing & reading;Employee;5-10yr;Stationwagen;Owner;Above 10yr;No defect;Other;Undivided Two way;Tangent road with flat terrain;No junction;;Dry;Daylight;Normal;Vehicle with vehicle collision;4;5;Reversing;na;na;na;na;Driver;Normal;Not a Pedestrian;No priority to vehicle;Slight Injury
18:56:00;Thursday;18-30;Male;Writing & reading;Employee;5-10yr;Other;Owner;Above 10yr;No defect; Church areas;other;Tangent road with flat terrain;No junction;Other;Dry;Daylight;Normal;Vehicle with vehicle collision;4;5;Turnover;Driver or rider;Male;18-30;3;Self-employed;Normal;Not a Pedestrian;Changing lane to the left;Slight Injury
18:56:00;Thursday;18-30;Male;Junior high school;Employee;5-10yr;;Owner;;No defect;Office areas;Two-way (divided with broken lines road marking);Tangent road with flat terrain;No junction;Asphalt roads;Dry;Daylight;Normal;Vehicle with vehicle collision;4;5;Moving Backward;Pedestrian;Female;31-50;3;Driver;Normal;Crossing from nearside - masked by parked or statioNot a Pedestrianry vehicle;No distancing;Slight Injury
18:56:00;Thursday;31-50;Male;Junior high school;Employee;2-5yr;Automobile;Owner;;No defect;Other;Two-way (divided with broken lines road marking);Tangent road with flat terrain;No junction;Asphalt roads;Dry;Daylight;Normal;Vehicle with vehicle collision;4;5;Going straight;Pedestrian;Female;Over 51;3;;Normal;Not a Pedestrian;Driving under the influence of drugs;Slight Injury
18:56:00;Thursday;18-30;Male;Junior high school;Employee;Above 10yr;Stationwagen;Owner;;No defect;Office areas;Two-way (divided with broken lines road marking);Tangent road with mild grade and flat terrain;No junction;Asphalt roads;Dry;Daylight;Normal;Vehicle with vehicle collision;4;5;Going straight;na;na;na;na;Driver;Normal;Not a Pedestrian;Changing lane to the left;Slight Injury
20:15:00;Thursday;31-50;Male;Junior high school;Employee;5-10yr;Pick up upto 10Q;Owner;;No defect;Office areas;Two-way (divided with broken lines road marking);Tangent road with flat terrain;Y Shape;Asphalt roads;Dry;Daylight;Normal;Vehicle with vehicle collision;2;1;Going straight;Driver or rider;Male;31-50;3;;;Not a Pedestrian;Changing lane to the right;Slight Injury
20:15:00;Thursday;31-50;Male;Junior high school;Employee;Above 10yr;Lorry (41?100Q);Owner;Above 10yr;No defect;Office areas;Two-way (divided with broken lines road marking);Sharp reverse curve;Y Shape;Asphalt roads with some distress;Dry;Daylight;Normal;Collision with roadside objects;2;1;Going straight;na;na;na;na;Driver;Normal;Not a Pedestrian;Driving to the left;Slight Injury
16:22:00;Thursday;18-30;Male;Junior high school;Employee;2-5yr;Automobile;Owner;Above 10yr;No defect; Church areas;Undivided Two way;Sharp reverse curve;Unknown;;Dry;Daylight;Normal;Collision with roadside objects;2;1;Reversing;Driver or rider;Male;Over 51;3;;;Not a Pedestrian;Driving at high speed;Serious Injury
16:22:00;Thursday;Under 18;Male;Junior high school;Employee;Below 1yr;;Owner;Above 10yr;No defect;Office areas;Undivided Two way;Gentle horizontal curve;Unknown;Asphalt roads;Dry;Daylight;Normal;Collision with roadside objects;2;1;Going straight;na;na;na;na;Self-employed;NormalNormal;Not a Pedestrian;Overtaking;Serious Injury
16:25:00;Monday;Unknown;Male;Junior high school;Employee;Below 1yr;Lorry (41?100Q);Owner;5-10yrs;No defect;Other;Double carriageway (median);Gentle horizontal curve;Y Shape;Asphalt roads;Wet or damp;Daylight;Normal;Vehicle with vehicle collision;2;1;Going straight;Driver or rider;Male;18-30;3;Driver;Normal;Not a Pedestrian;Changing lane to the right;Slight Injury
16:25:00;Monday;31-50;Male;Junior high school;Owner;5-10yr;Lorry (41?100Q);Owner;;;Other;Two-way (divided with broken lines road marking);Tangent road with flat terrain;Y Shape;Asphalt roads;Wet or damp;Daylight;Normal;Vehicle with vehicle collision;2;1;Going straight;Driver or rider;Female;31-50;3;Driver;Normal;Not a Pedestrian;Changing lane to the right;Slight Injury
16:04:00;Tuesday;31-50;Male;Junior high school;Employee;2-5yr;Lorry (41?100Q);Owner;5-10yrs;No defect; Church areas;Unknown;Tangent road with mountainous terrain and;No junction;Asphalt roads;Dry;Daylight;Normal;Vehicle with vehicle collision;2;1;Going straight;na;na;na;na;Other;Normal;Not a Pedestrian;Moving Backward;Slight Injury
16:04:00;Tuesday;Under 18;Male;Elementary school;Employee;Below 1yr;Pick up upto 10Q;Owner;1-2yr;;School areas;Undivided Two way;Tangent road with flat terrain;No junction;Earth roads;Dry;Daylight;Normal;Vehicle with vehicle collision;2;1;Getting off;Driver or rider;Male;31-50;3;;;Not a Pedestrian;Moving Backward;Slight Injury
17:50:00;Tuesday;31-50;Male;Junior high school;Employee;2-5yr;Pick up upto 10Q;;;; Church areas;Two-way (divided with broken lines road marking);Tangent road with flat terrain;No junction;Asphalt roads;Dry;Daylight;Normal;Collision with pedestrians;2;1;Going straight;na;na;na;na;;;Not a Pedestrian;Changing lane to the left;Slight Injury
17:50:00;Tuesday;31-50;Male;Junior high school;Employee;5-10yr;Automobile;Owner;Above 10yr;;Office areas;Undivided Two way;Tangent road with flat terrain;No junction;Asphalt roads;Dry;Daylight;Normal;Collision with pedestrians;2;1;Going straight;Driver or rider;Male;18-30;3;Other;Normal;Not a Pedestrian;Moving Backward;Slight Injury
16:04:00;Thursday;18-30;Male;High school;Employee;Above 10yr;Other;Owner;2-5yrs;No defect;Other;other;Tangent road with flat terrain;Y Shape;Asphalt roads;Dry;Daylight;Normal;Vehicle with vehicle collision;2;1;Going straight;Pedestrian;Male;5;3;Driver;Normal;Not a Pedestrian;No distancing;Slight Injury
16:04:00;Thursday;18-30;Male;High school;Employee;Above 10yr;;Owner;Above 10yr;; Church areas;Two-way (divided with broken lines road marking);Steep grade upward with mountainous terrain;Y Shape;Asphalt roads;Dry;Daylight;Normal;Vehicle with vehicle collision;2;1;Going straight;Driver or rider;Male;18-30;3;Driver;Normal;Not a Pedestrian;Moving Backward;Slight Injury
16:53:00;Saturday;31-50;Male;Junior high school;Employee;5-10yr;Automobile;Governmental;1-2yr;No defect;Other;Double carriageway (median);Tangent road with flat terrain;Y Shape;Asphalt roads;Dry;Daylight;Normal;Vehicle with vehicle collision;2;2;Reversing;na;na;na;na;;;Not a Pedestrian;Changing lane to the right;Slight Injury
16:53:00;Saturday;31-50;Male;Elementary school;Employee;1-2yr;Motorcycle;Governmental;Above 10yr;;Other;Double carriageway (median);Tangent road with flat terrain;Y Shape;Asphalt roads;Dry;Daylight;Normal;Vehicle with vehicle collision;2;2;Moving Backward;Driver or rider;Male;31-50;3;Driver;Normal;Not a Pedestrian;Changing lane to the left;Slight Injury
16:53:00;Saturday;Over 51;Male;Elementary school;Employee;5-10yr;Automobile;Organization;5-10yrs;No defect;Office areas;Two-way (divided with broken lines road marking);Gentle horizontal curve;Y Shape;Asphalt roads;Dry;Daylight;Normal;Vehicle with vehicle collision;2;2;Going straight;na;na;na;na;;;Not a Pedestrian;No priority to vehicle;Slight Injury
19:44:00;Saturday;18-30;Male;Junior high school;Employee;5-10yr;Automobile;Organization;Above 10yr;No defect;Other;Two-way (divided with broken lines road marking);Tangent road with flat terrain;Y Shape;Asphalt roads;Dry;Daylight;Normal;Vehicle with vehicle collision;2;2;Going straight;Driver or rider;Male;31-50;3;Driver;Normal;Not a Pedestrian;No distancing;Serious Injury
19:44:00;Saturday;18-30;Male;Junior high school;Employee;1-2yr;Public (12 seats);Owner;2-5yrs;No defect;Other;Two-way (divided with broken lines road marking);Tangent road with flat terrain;Y Shape;Asphalt roads;Dry;Daylight;Normal;Vehicle with vehicle collision;2;2;Going straight;na;na;na;na;Driver;Normal;Not a Pedestrian;No priority to vehicle;Serious Injury
08:57:00;Wednesday;Over 51;Male;Junior high school;Owner;5-10yr;Long lorry;Governmental;;No defect;Residential areas;Two-way (divided with broken lines road marking);Tangent road with flat terrain;Y Shape;Asphalt roads;Dry;Daylight;Normal;Vehicle with vehicle collision;2;1;Going straight;Driver or rider;Female;Under 18;3;;;Not a Pedestrian;Driving under the influence of drugs;Slight Injury
08:57:00;Wednesday;Over 51;Male;High school;Owner;Above 10yr;;Owner;2-5yrs;No defect;Office areas;Two-way (divided with broken lines road marking);Tangent road with flat terrain;Y Shape;Asphalt roads;Dry;Daylight;Normal;Vehicle with vehicle collision;2;1;Going straight;na;na;na;na;;;Not a Pedestrian;Changing lane to the right;Slight Injury
18:34:00;Tuesday;Under 18;Male;;Owner;Below 1yr;Automobile;Owner;2-5yrs;No defect; Church areas;One way;Tangent road with flat terrain;Y Shape;Gravel roads;Wet or damp;Daylight;Raining;Vehicle with vehicle collision;2;4;Going straight;Pedestrian;Female;Over 51;3;;;Not a Pedestrian;No distancing;Slight Injury
18:34:00;Tuesday;Under 18;Male;Writing & reading;Owner;5-10yr;Public (> 45 seats);Owner;1-2yr;No defect;;Undivided Two way;Tangent road with flat terrain;Y Shape;Asphalt roads;Wet or damp;Daylight;Raining;Collision with roadside objects;2;4;Turnover;na;na;na;na;;;Not a Pedestrian;No distancing;Slight Injury
18:34:00;Tuesday;Under 18;Male;Above high school;Employee;Above 10yr;Pick up upto 10Q;Owner;Above 10yr;;  Market areas;other;Steep grade downward with mountainous terrain;Y Shape;Asphalt roads;Wet or damp;Daylight;Raining;Rollover;2;4;Going straight;Driver or rider;Male;18-30;2;Other;Normal;Not a Pedestrian;Changing lane to the left;Slight Injury
18:34:00;Tuesday;Under 18;Male;High school;Employee;Below 1yr;Lorry (41?100Q);Owner;Above 10yr;;Other;Two-way (divided with broken lines road marking);Tangent road with mountainous terrain and;Y Shape;Asphalt roads;Wet or damp;Daylight;Raining;Vehicle with vehicle collision;2;4;Other;Driver or rider;Female;Over 51;3;Self-employed;Normal;Not a Pedestrian;Changing lane to the right;Slight Injury
08:10:00;Thursday;31-50;Male;Junior high school;Employee;1-2yr;Automobile;Owner;;No defect;Other;Undivided Two way;Tangent road with mountainous terrain and;Y Shape;Asphalt roads;Dry;Daylight;Normal;Vehicle with vehicle collision;2;1;Going straight;na;na;na;na;;;Not a Pedestrian;Changing lane to the right;Serious Injury
08:10:00;Thursday;31-50;Male;Junior high school;Employee;Above 10yr;Public (13?45 seats);Owner;;No defect; Church areas;Undivided Two way;Tangent road with flat terrain;Y Shape;Asphalt roads;Dry;Daylight;Normal;Vehicle with vehicle collision;2;1;Going straight;na;na;na;na;Student;Normal;Not a Pedestrian;Driving under the influence of drugs;Serious Injury
12:44:00;Thursday;Unknown;Female;Junior high school;Owner;Above 10yr;Automobile;Governmental;1-2yr;No defect;Residential areas;Undivided Two way;Tangent road with flat terrain;No junction;Asphalt roads;Dry;Daylight;Normal;Vehicle with vehicle collision;2;2;Going straight;Driver or rider;Male;18-30;3;Other;Normal;Not a Pedestrian;Moving Backward;Slight Injury
12:44:00;Thursday;18-30;Male;Junior high school;Employee;Above 10yr;Public (> 45 seats);Owner;Unknown;No defect;Other;Undivided Two way;Tangent road with flat terrain;No junction;Asphalt roads;Dry;Daylight;Normal;Vehicle with vehicle collision;2;2;Going straight;Driver or rider;Male;31-50;3;Driver;Normal;Not a Pedestrian;Changing lane to the left;Slight Injury
12:44:00;Thursday;18-30;Male;Junior high school;Employee;No Licence;Public (12 seats);Owner;Unknown;No defect;Other;Two-way (divided with broken lines road marking);Tangent road with flat terrain;No junction;Asphalt roads;Dry;Daylight;Normal;Collision with roadside objects;2;2;Going straight;Pedestrian;Male;18-30;3;Other;Normal;Crossing from nearside - masked by parked or statioNot a Pedestrianry vehicle;No priority to pedestrian;Slight Injury
16:35:00;Saturday;Under 18;Male;Junior high school;Employee;1-2yr;Automobile;Owner;Unknown;No defect;Other;Double carriageway (median);Tangent road with flat terrain;No junction;Asphalt roads;Dry;Daylight;Normal;Collision with roadside objects;1;1;Moving Backward;na;na;na;na;Driver;Normal;Not a Pedestrian;No distancing;Serious Injury
19:50:00;Friday;Unknown;Male;Illiterate;Owner;1-2yr;Lorry (41?100Q);Owner;;No defect;  Recreational areas;Two-way (divided with broken lines road marking);Tangent road with flat terrain;No junction;Asphalt roads;Wet or damp;Daylight;Raining;Vehicle with vehicle collision;2;1;Moving Backward;Driver or rider;Male;31-50;3;Other;Normal;Not a Pedestrian;No distancing;Slight Injury
19:50:00;Friday;18-30;Male;Junior high school;Owner;Below 1yr;Automobile;Owner;Unknown;No defect;  Recreational areas;One way;Tangent road with flat terrain;No junction;Asphalt roads;Wet or damp;Daylight;Raining;Collision with roadside objects;2;1;Moving Backward;na;na;na;na;;Normal;Not a Pedestrian;Changing lane to the left;Slight Injury
23:00:00;Tuesday;31-50;Male;Junior high school;Owner;1-2yr;Pick up upto 10Q;Owner;;No defect;Other;Two-way (divided with broken lines road marking);Tangent road with flat terrain;No junction;Asphalt roads;Dry;Darkness - lights lit;Normal;Vehicle with vehicle collision;1;1;Other;Pedestrian;Female;18-30;3;Driver;Normal;Not a Pedestrian;Changing lane to the right;Slight Injury
22:40:00;Sunday;18-30;Male;Junior high school;Owner;2-5yr;Public (12 seats);Organization;1-2yr;No defect;Office areas;Two-way (divided with broken lines road marking);Tangent road with flat terrain;No junction;Asphalt roads;Dry;Darkness - lights lit;Normal;Vehicle with vehicle collision;3;2;Going straight;na;na;na;na;Driver;Normal;Not a Pedestrian;Driving carelessly;Slight Injury
22:40:00;Sunday;18-30;Male;Unknown;Owner;5-10yr;Automobile;Owner;2-5yrs;No defect;Residential areas;Two-way (divided with broken lines road marking);Tangent road with flat terrain;No junction;Asphalt roads;Dry;Darkness - lights lit;Normal;Vehicle with vehicle collision;3;2;Unknown;Driver or rider;Male;18-30;3;Self-employed;Normal;Not a Pedestrian;No distancing;Slight Injury
22:40:00;Sunday;18-30;Male;Unknown;Owner;Above 10yr;Automobile;Owner;2-5yrs;No defect;Other;Two-way (divided with broken lines road marking);Tangent road with flat terrain;No junction;Asphalt roads;Dry;Darkness - lights lit;Normal;Vehicle with vehicle collision;3;2;Turnover;na;na;na;na;;;Not a Pedestrian;Changing lane to the left;Slight Injury
22:40:00;Sunday;31-50;Male;Junior high school;Owner;2-5yr;Automobile;;1-2yr;;Residential areas;Undivided Two way;Steep grade downward with mountainous terrain;No junction;Asphalt roads;Dry;Darkness - lights lit;Normal;Vehicle with vehicle collision;3;2;Getting off;Pedestrian;Male;31-50;3;;;Not a Pedestrian;Moving Backward;Slight Injury
19:03:00;Friday;31-50;Male;Elementary school;Owner;Above 10yr;Stationwagen;Owner;;No defect; Church areas;Double carriageway (median);Tangent road with flat terrain;Y Shape;Asphalt roads;Dry;Daylight;Normal;Vehicle with vehicle collision;2;1;Going straight;Pedestrian;Female;18-30;3;Employee;Normal;Unknown or other;No distancing;Slight Injury
19:03:00;Friday;18-30;Male;Writing & reading;Owner;5-10yr;Other;Owner;2-5yrs;;Other;One way;Tangent road with flat terrain;Y Shape;Asphalt roads;Dry;Daylight;Normal;Collision with pedestrians;2;1;Going straight;Passenger;Male;Under 18;3;Driver;Normal;Not a Pedestrian;No priority to pedestrian;Slight Injury
14:20:00;Friday;Unknown;Female;;Owner;;Other;Owner;5-10yrs;No defect;Office areas;Two-way (divided with broken lines road marking);Tangent road with mountainous terrain and;Y Shape;Asphalt roads;Dry;Daylight;Normal;Vehicle with vehicle collision;2;1;Going straight;Driver or rider;Male;Under 18;3;Other;Normal;Not a Pedestrian;Changing lane to the left;Slight Injury
14:20:00;Friday;31-50;Male;Junior high school;Owner;5-10yr;Other;Owner;2-5yrs;;Other;Undivided Two way;Tangent road with flat terrain;Y Shape;Asphalt roads;Dry;Daylight;Normal;Collision with roadside objects;2;1;Turnover;Driver or rider;Male;18-30;3;Driver;Normal;Not a Pedestrian;No distancing;Slight Injury
07:59:00;Thursday;18-30;Male;Junior high school;Owner;Below 1yr;Public (13?45 seats);Owner;Unknown;;  Recreational areas;Two-way (divided with broken lines road marking);Steep grade downward with mountainous terrain;No junction;Asphalt roads;Wet or damp;Daylight;Normal;Vehicle with vehicle collision;4;1;Reversing;na;na;na;na;Driver;Normal;Not a Pedestrian;Driving carelessly;Slight Injury
07:59:00;Thursday;31-50;Male;Junior high school;Owner;2-5yr;Lorry (41?100Q);Owner;;No defect;Other;Undivided Two way;Tangent road with flat terrain;No junction;Asphalt roads;Wet or damp;Daylight;Normal;Collision with roadside objects;4;1;Moving Backward;na;na;na;na;Driver;Normal;Not a Pedestrian;No priority to vehicle;Slight Injury
07:59:00;Thursday;18-30;Male;Elementary school;Employee;2-5yr;Public (12 seats);Owner;1-2yr;No defect;Office areas;Two-way (divided with broken lines road marking);Tangent road with flat terrain;No junction;Asphalt roads;Wet or damp;Daylight;Normal;Vehicle with vehicle collision;4;1;Other;Driver or rider;Male;5;3;Driver;Normal;Not a Pedestrian;Changing lane to the right;Slight Injury
07:59:00;Thursday;31-50;Male;Junior high school;Employee;2-5yr;Automobile;Governmental;;No defect;Residential areas;Undivided Two way;Tangent road with flat terrain;No junction;Asphalt roads;Wet or damp;Daylight;Normal;Vehicle with vehicle collision;4;1;Going straight;na;na;na;na;Driver;Normal;Not a Pedestrian;Moving Backward;Slight Injury
17:10:00;Friday;18-30;Male;Junior high school;Employee;2-5yr;Automobile;Owner;Unknown;No defect;Office areas;One way;Tangent road with flat terrain;Y Shape;Earth roads;Dry;Daylight;Normal;Collision with pedestrians;2;1;Going straight;Driver or rider;Male;Under 18;3;Driver;Normal;Not a Pedestrian;No priority to vehicle;Slight Injury
17:10:00;Friday;18-30;Male;Junior high school;Employee;5-10yr;Stationwagen;Owner;;No defect;Office areas;Two-way (divided with broken lines road marking);Tangent road with flat terrain;Y Shape;Asphalt roads;Dry;Daylight;Normal;Vehicle with vehicle collision;2;1;Going straight;Driver or rider;Male;18-30;2;Driver;Normal;Not a Pedestrian;No priority to pedestrian;Slight Injury
20:05:00;Wednesday;Under 18;Male;Junior high school;Employee;5-10yr;Lorry (41?100Q);Owner;Unknown;No defect; Church areas;Double carriageway (median);Tangent road with flat terrain;No junction;;Wet or damp;Darkness - lights lit;Normal;Vehicle with vehicle collision;2;1;Going straight;na;na;na;na;Driver;Normal;Not a Pedestrian;Changing lane to the left;Slight Injury
20:05:00;Wednesday;31-50;Male;Junior high school;Employee;Above 10yr;Lorry (41?100Q);Owner;;No defect; Church areas;Undivided Two way;Tangent road with flat terrain;No junction;;Wet or damp;Darkness - lights lit;Normal;Vehicle with vehicle collision;2;1;Going straight;Driver or rider;Male;Under 18;3;;Normal;Not a Pedestrian;Changing lane to the left;Slight Injury
17:30:00;Monday;18-30;Male;Elementary school;Employee;5-10yr;Lorry (41?100Q);Owner;;No defect;Residential areas;Undivided Two way;Tangent road with flat terrain;Unknown;Asphalt roads;Wet or damp;Daylight;Normal;Vehicle with vehicle collision;2;1;Going straight;na;na;na;na;;Normal;Not a Pedestrian;Driving under the influence of drugs;Slight Injury
17:30:00;Monday;18-30;Male;Junior high school;Employee;5-10yr;Public (> 45 seats);Owner;;No defect;Other;Undivided Two way;Tangent road with flat terrain;Unknown;Earth roads;Wet or damp;Daylight;Normal;Collision with pedestrians;2;1;Going straight;Pedestrian;Female;18-30;3;;Normal;Crossing from nearside - masked by parked or statioNot a Pedestrianry vehicle;Moving Backward;Slight Injury
11:36:00;Monday;18-30;Male;Junior high school;Employee;Above 10yr;Public (12 seats);Owner;Unknown;;Other;other;Tangent road with flat terrain;No junction;Asphalt roads;Dry;Daylight;Normal;Vehicle with vehicle collision;2;1;Going straight;Driver or rider;Male;18-30;2;;Normal;Not a Pedestrian;Changing lane to the right;Serious Injury
11:36:00;Monday;Under 18;Male;Elementary school;Owner;;Other;Owner;;No defect;;Undivided Two way;Tangent road with flat terrain;No junction;Asphalt roads;Dry;Daylight;Normal;Vehicle with vehicle collision;2;1;Going straight;na;na;na;na;;Normal;Not a Pedestrian;Changing lane to the right;Serious Injury
16:12:00;Tuesday;18-30;Male;Junior high school;Owner;5-10yr;Public (12 seats);Owner;2-5yrs;;Residential areas;Undivided Two way;Tangent road with flat terrain;No junction;Earth roads;Dry;Daylight;Normal;Vehicle with vehicle collision;2;1;Other;na;na;na;na;;Normal;Not a Pedestrian;No distancing;Slight Injury
16:12:00;Tuesday;31-50;Male;Junior high school;Employee;5-10yr;Other;Owner;Unknown;;Office areas;Undivided Two way;Tangent road with flat terrain;No junction;Asphalt roads;Dry;Daylight;Normal;Vehicle with vehicle collision;2;1;Moving Backward;Driver or rider;Male;18-30;3;;Normal;Not a Pedestrian;Moving Backward;Slight Injury