Time;Day_of_week;Age_band_of_driver;Sex_of_driver;Educational_level;Vehicle_driver_relation;Driving_experience;Type_of_vehicle;Owner_of_vehicle;Service_year_of_vehicle;Defect_of_vehicle;Area_accident_occured;Lanes_or_Medians;Road_allignment;Types_of_Junction;Road_surface_type;Road_surface_conditions;Light_conditions;Weather_conditions;Type_of_collision;Number_of_vehicles_involved;Number_of_casualties;Vehicle_movement;Casualty_class;Sex_of_casualty;Age_band_of_casualty;Casualty_severity;Work_of_casuality;Fitness_of_casuality;Pedestrian_movement;Cause_of_accident;Accident_severity
13:43:00;Monday;Over 51;Male;Junior high school;Employee;Below 1yr;Public (12 seats);Owner;Unknown;;Residential areas;Undivided Two way;Tangent road with flat terrain;Other;Asphalt roads;Dry;Daylight;Normal;Collision with roadside objects;2;1;Going straight;na;na;na;na;;Normal;Not a Pedestrian;No distancing;Serious Injury
13:43:00;Monday;31-50;Male;;;;Stationwagen;Owner;Unknown;No defect;Other;Two-way (divided with broken lines road marking);Tangent road with flat terrain;Other;Asphalt roads;Dry;Daylight;Normal;Vehicle with vehicle collision;2;1;Moving Backward;Driver or rider;Male;18-30;3;Driver;;Not a Pedestrian;Driving carelessly;Serious Injury
08:45:00;Wednesday;Unknown;Male;Junior high school;Employee;5-10yr;Automobile;Owner;;No defect;Other;Two-way (divided with broken lines road marking);Tangent road with flat terrain;No junction;Asphalt roads;Dry;Daylight;Normal;Vehicle with vehicle collision;1;1;Going straight;Pedestrian;Female;31-50;3;Driver;;Unknown or other;No priority to pedestrian;Slight Injury
12:45:00;Saturday;Unknown;Male;Junior high school;Employee;5-10yr;Lorry (41?100Q);Owner;;No defect;  Recreational areas;Two-way (divided with broken lines road marking);Tangent road with flat terrain;Y Shape;Asphalt roads;Dry;Daylight;Normal;Vehicle with vehicle collision;2;3;Moving Backward;Pedestrian;Male;Over 51;2;Driver;Normal;Not a Pedestrian;No priority to vehicle;Slight Injury
12:45:00;Saturday;31-50;Male;Junior high school;Employee;Above 10yr;Special vehicle;Owner;5-10yrs;; Church areas;One way;Tangent road with flat terrain;Y Shape;Asphalt roads;Dry;Daylight;Normal;Vehicle with vehicle collision;2;3;;Driver or rider;Female;18-30;3;Driver;Normal;Not a Pedestrian;Moving Backward;Slight Injury
12:45:00;Saturday;31-50;Male;High school;Employee;Above 10yr;Lorry (41?100Q);Owner;;;School areas;Two-way (divided with broken lines road marking);Tangent road with flat terrain;Y Shape;Asphalt roads;Dry;Daylight;Normal;Collision with roadside objects;2;3;Going straight;na;na;na;na;Driver;Normal;Not a Pedestrian;Changing lane to the right;Slight Injury
12:45:00;Saturday;31-50;Male;Junior high school;Employee;Above 10yr;Lorry (41?100Q);Owner;2-5yrs;;Office areas;Undivided Two way;Tangent road with flat terrain;Y Shape;Asphalt roads;Dry;Daylight;Normal;Vehicle with vehicle collision;2;3;Going straight;na;na;na;na;;Normal;Not a Pedestrian;No distancing;Slight Injury
10:15:00;Thursday;18-30;Male;Junior high school;Employee;Above 10yr;Public (> 45 seats);Owner;1-2yr;;Other;;Tangent road with flat terrain;Y Shape;Asphalt roads;Dry;Daylight;Normal;Vehicle with vehicle collision;2;1;Going straight;Passenger;Female;18-30;3;Driver;Normal;Not a Pedestrian;Driving carelessly;Slight Injury
10:15:00;Thursday;31-50;Male;Junior high school;Employee;Above 10yr;Automobile;Owner;5-10yrs;;Residential areas;Undivided Two way;Tangent road with flat terrain;Y Shape;Asphalt roads;Dry;Daylight;Normal;Vehicle with vehicle collision;2;1;Going straight;Passenger;Female;Under 18;3;Driver;Normal;Not a Pedestrian;Changing lane to the left;Slight Injury
13:38:00;Thursday;Over 51;Male;Junior high school;Employee;Above 10yr;Automobile;Owner;Above 10yr;;Other;Undivided Two way;Tangent road with flat terrain;No junction;Asphalt roads;Dry;Daylight;Normal;Vehicle with vehicle collision;1;1;Other;Driver or rider;Male;18-30;3;Self-employed;Normal;Not a Pedestrian;Moving Backward;Slight Injury
21:05:00;Saturday;18-30;Male;Junior high school;Employee;5-10yr;Automobile;Owner;1-2yr;No defect;Other;other;Steep grade downward with mountainous terrain;Y Shape;Asphalt roads;Dry;Darkness - lights lit;Normal;Vehicle with vehicle collision;1;1;Going straight;Pedestrian;Male;5;3;Driver;Normal;Not a Pedestrian;No distancing;Serious Injury
15:41:00;Friday;31-50;Male;Junior high school;Employee;2-5yr;Public (> 45 seats);Owner;2-5yrs;;Office areas;One way;Steep grade downward with mountainous terrain;Y Shape;Asphalt roads with some distress;Dry;Daylight;Normal;Vehicle with vehicle collision;3;2;Moving Backward;Pedestrian;Male;31-50;3;Driver;Normal;Not a Pedestrian;Changing lane to the right;Slight Injury
15:41:00;Friday;31-50;Male;Junior high school;Employee;Below 1yr;Lorry (11?40Q);Owner;;No defect;Residential areas;Two-way (divided with broken lines road marking);Tangent road with flat terrain;Y Shape;Asphalt roads;Dry;Daylight;Normal;Vehicle with vehicle collision;3;2;Moving Backward;Passenger;Female;31-50;3;Self-employed;Normal;Not a Pedestrian;No priority to vehicle;Slight Injury
15:41:00;Friday;Unknown;Male;Junior high school;Employee;Below 1yr;Pick up upto 10Q;Owner;;No defect;Other;Two-way (divided with broken lines road marking);Tangent road with flat terrain;Y Shape;Asphalt roads;Dry;Daylight;Normal;Vehicle with vehicle collision;3;2;Moving Backward;Passenger;Female;31-50;3;;;Not a Pedestrian;Getting off the vehicle improperly;Slight Injury
08:39:00;Friday;18-30;Male;Junior high school;Employee;2-5yr;Lorry (11?40Q);Organization;2-5yrs;;Residential areas;Undivided Two way;Tangent road with flat terrain;No junction;Asphalt roads;Dry;Daylight;Normal;Vehicle with vehicle collision;2;2;Going straight;Driver or rider;Male;18-30;3;Driver;Normal;Not a Pedestrian;No distancing;Slight Injury
08:39:00;Friday;18-30;Male;Elementary school;Employee;Below 1yr;Pick up upto 10Q;Owner;;No defect; Church areas;Two-way (divided with broken lines road marking);Tangent road with flat terrain;No junction;Asphalt roads;Dry;Daylight;Normal;Vehicle with vehicle collision;2;2;Going straight;Pedestrian;Male;18-30;3;Other;Normal;Unknown or other;No distancing;Slight Injury
08:39:00;Friday;Unknown;Male;Junior high school;Employee;Below 1yr;Special vehicle;Governmental;;No defect;Residential areas;Two-way (divided with broken lines road marking);Tangent road with flat terrain;No junction;Asphalt roads;Dry;Daylight;Normal;Vehicle with vehicle collision;2;2;Going straight;Driver or rider;Male;18-30;3;Driver;Normal;Not a Pedestrian;Changing lane to the left;Slight Injury
22:00:00;Monday;18-30;Male;Junior high school;Employee;;Lorry (11?40Q);Owner;;No defect;Office areas;One way;Tangent road with flat terrain;No junction;Asphalt roads;Wet or damp;Darkness - lights lit;Normal;Collision with roadside objects;2;1;Going straight;na;na;na;na;Self-employed;Normal;Not a Pedestrian;No priority to vehicle;Slight Injury
22:00:00;Monday;Unknown;Female;;Employee;5-10yr;;Governmental;Below 1yr;No defect;Residential areas;Two-way (divided with broken lines road marking);Tangent road with flat terrain;No junction;Asphalt roads;Wet or damp;Darkness - lights lit;Normal;Collision with roadside objects;2;1;Other;Driver or rider;Male;31-50;3;Driver;Normal;Not a Pedestrian;Driving carelessly;Slight Injury
14:35:00;Wednesday;18-30;Male;Writing & reading;Employee;Below 1yr;;Owner;Unknown;No defect;Other;One way;Tangent road with flat terrain;Other;Asphalt roads;Dry;Daylight;Normal;Collision with roadside objects;2;2;Going straight;Passenger;Male;Over 51;3;Driver;Normal;Not a Pedestrian;Changing lane to the right;Serious Injury
14:35:00;Wednesday;18-30;Male;Junior high school;Employee;Below 1yr;Lorry (41?100Q);Owner;Unknown;; Industrial areas;Two-way (divided with broken lines road marking);Tangent road with flat terrain;Other;Asphalt roads;Dry;Daylight;Normal;Collision with pedestrians;2;2;Going straight;Driver or rider;Female;Under 18;3;;;Not a Pedestrian;No distancing;Serious Injury
14:35:00;Wednesday;18-30;Male;Junior high school;Employee;1-2yr;Other;Owner;Unknown;; Church areas;Two-way (divided with broken lines road marking);Tangent road with flat terrain;Other;Asphalt roads;Dry;Daylight;Normal;Vehicle with vehicle collision;2;2;Going straight;na;na;na;na;Driver;Normal;Not a Pedestrian;Changing lane to the right;Serious Injury
11:50:00;Friday;Unknown;Male;Elementary school;Employee;Above 10yr;Other;Owner;2-5yrs;No defect;Residential areas;Undivided Two way;Steep grade downward with mountainous terrain;No junction;Asphalt roads;Dry;Daylight;Unknown;Vehicle with vehicle collision;2;2;Reversing;Driver or rider;Female;5;3;Driver;Normal;Not a Pedestrian;No distancing;Slight Injury
11:50:00;Friday;31-50;Male;Elementary school;Employee;Above 10yr;Automobile;;;;;Two-way (divided with broken lines road marking);Tangent road with flat terrain;No junction;Asphalt roads;Dry;Daylight;Unknown;Collision with pedestrians;2;2;Moving Backward;Driver or rider;Female;Under 18;3;;;Not a Pedestrian;Driving under the influence of drugs;Slight Injury
11:50:00;Friday;31-50;Male;Elementary school;Employee;Below 1yr;Other;;;;;Two-way (divided with broken lines road marking);Tangent road with flat terrain;No junction;Asphalt roads;Dry;Daylight;Unknown;Vehicle with vehicle collision;2;2;Going straight;Driver or rider;Male;31-50;3;;;Not a Pedestrian;Changing lane to the left;Slight Injury
08:29:00;Wednesday;18-30;Male;High school;Employee;2-5yr;Automobile;Owner;1-2yr;No defect;Office areas;Undivided Two way;Tangent road with flat terrain;Y Shape;Asphalt roads;Dry;Daylight;Normal;Vehicle with vehicle collision;3;3;Going straight;na;na;na;na;Driver;Normal;Not a Pedestrian;Getting off the vehicle improperly;Slight Injury
08:29:00;Wednesday;18-30;Male;Junior high school;Employee;2-5yr;Public (13?45 seats);Owner;Above 10yr;No defect; Outside rural areas;Two-way (divided with broken lines road marking);Tangent road with mountainous terrain and;Y Shape;Asphalt roads;Dry;Daylight;Normal;Vehicle with vehicle collision;3;3;Reversing;Driver or rider;Male;18-30;3;Driver;Normal;Not a Pedestrian;Overloading;Slight Injury
08:29:00;Wednesday;18-30;Male;Above high school;Employee;Above 10yr;Lorry (41?100Q);Owner;Above 10yr;No defect; Church areas;Two-way (divided with broken lines road marking);Steep grade downward with mountainous terrain;Y Shape;Asphalt roads;Dry;Daylight;Normal;Vehicle with vehicle collision;3;3;Going straight;Pedestrian;Female;18-30;3;Student;Normal;Not a Pedestrian;Driving carelessly;Slight Injury
08:29:00;Wednesday;31-50;Male;Junior high school;Employee;2-5yr;;Owner;;No defect;Office areas;other;Tangent road with mountainous terrain and;Y Shape;Asphalt roads;Dry;Daylight;Normal;Vehicle with vehicle collision;3;3;Reversing;Driver or rider;Male;18-30;3;;;Not a Pedestrian;Overtaking;Slight Injury
01:20:00;Monday;Under 18;Male;Junior high school;Employee;2-5yr;Automobile;Owner;Above 10yr;; Church areas;Two-way (divided with broken lines road marking);Steep grade downward with mountainous terrain;No junction;Asphalt roads;Wet or damp;Darkness - lights lit;Raining;Vehicle with vehicle collision;2;1;Other;na;na;na;na;;;Not a Pedestrian;No distancing;Slight Injury
01:20:00;Monday;31-50;Male;High school;Employee;1-2yr;;;;;Office areas;other;Tangent road with mountainous terrain and;No junction;Asphalt roads;Wet or damp;Darkness - lights lit;Raining;Collision with roadside objects;2;1;;Driver or rider;Male;18-30;3;;Normal;Not a Pedestrian;Overturning;Slight Injury
21:20:00;Wednesday;18-30;Male;Junior high school;Employee;5-10yr;Lorry (41?100Q);Governmental;;No defect;Office areas;Undivided Two way;Tangent road with flat terrain;Crossing;Gravel roads;Dry;Darkness - lights lit;Normal;Collision with pedestrians;2;1;Going straight;na;na;na;na;Driver;Normal;Not a Pedestrian;Driving carelessly;Serious Injury
21:20:00;Wednesday;Under 18;Male;Junior high school;Employee;Below 1yr;;Owner;1-2yr;No defect;School areas;Two-way (divided with broken lines road marking);Tangent road with flat terrain;Crossing;Asphalt roads;Dry;Darkness - lights lit;Normal;Vehicle with vehicle collision;2;1;Going straight;Pedestrian;Male;18-30;2;Driver;Normal;Unknown or other;No priority to pedestrian;Serious Injury
17:48:00;Thursday;18-30;Male;Junior high school;Employee;Below 1yr;Lorry (41?100Q);Owner;Below 1yr;No defect;Residential areas;Two-way (divided with broken lines road marking);Tangent road with flat terrain;No junction;Asphalt roads;Dry;Daylight;Normal;Vehicle with vehicle collision;2;1;Going straight;Driver or rider;Male;18-30;3;;;Not a Pedestrian;No distancing;Slight Injury
17:48:00;Thursday;18-30;Male;Elementary school;Employee;;Taxi;Owner;;No defect;Office areas;other;Tangent road with mountainous terrain and;No junction;Asphalt roads;Dry;Daylight;Normal;Collision with roadside objects;2;1;Going straight;na;na;na;na;;;Not a Pedestrian;No priority to vehicle;Slight Injury
16:30:00;Tuesday;31-50;Male;Junior high school;Employee;Below 1yr;Lorry (41?100Q);Owner;Unknown;No defect;Rural village areasOffice areas;other;Tangent road with flat terrain;Y Shape;Asphalt roads;Wet or damp;Daylight;Normal;Vehicle with vehicle collision;2;1;Going straight;Driver or rider;Male;18-30;3;;;Not a Pedestrian;Getting off the vehicle improperly;Slight Injury
16:30:00;Tuesday;Over 51;Male;Junior high school;Employee;1-2yr;Lorry (41?100Q);Owner;Unknown;No defect;Other;Two-way (divided with broken lines road marking);Tangent road with flat terrain;Y Shape;Asphalt roads;Wet or damp;Daylight;Normal;Vehicle with vehicle collision;2;1;Going straight;Driver or rider;Male;18-30;3;;;Not a Pedestrian;No priority to pedestrian;Slight Injury
14:26:00;Friday;18-30;Male;Elementary school;Employee;2-5yr;Other;Owner;Unknown;No defect;Residential areas;Undivided Two way;Tangent road with flat terrain;No junction;Asphalt roads;Dry;Daylight;Normal;Vehicle with vehicle collision;2;2;Going straight;Pedestrian;Female;31-50;2;Driver;Normal;Not a Pedestrian;Changing lane to the right;Slight Injury
14:26:00;Friday;31-50;Male;High school;Employee;1-2yr;Stationwagen;Owner;Unknown;No defect;Office areas;Undivided Two way;Tangent road with flat terrain;No junction;Asphalt roads;Dry;Daylight;Normal;Vehicle with vehicle collision;2;2;Going straight;Passenger;Female;31-50;3;Driver;Normal;Not a Pedestrian;Moving Backward;Slight Injury
14:26:00;Friday;31-50;Male;Junior high school;Employee;5-10yr;Stationwagen;Owner;Unknown;No defect;Office areas;Undivided Two way;Tangent road with flat terrain;No junction;Asphalt roads;Dry;Daylight;Normal;Vehicle with vehicle collision;2;2;Going straight;Passenger;Male;18-30;3;Driver;Normal;Not a Pedestrian;Changing lane to the left;Slight Injury
18:25:00;Tuesday;31-50;Male;Junior high school;Employee;Below 1yr;Lorry (41?100Q);Owner;Unknown;No defect;Residential areas;Undivided Two way;Tangent road with flat terrain;No junction;Asphalt roads;Wet or damp;Daylight;Raining;Vehicle with vehicle collision;1;1;Going straight;Driver or rider;Male;18-30;3;Other;Normal;Not a Pedestrian;No distancing;Slight Injury
17:30:00;Thursday;Unknown;Male;High school;Employee;Above 10yr;Lorry (41?100Q);Owner;Unknown;No defect;Office areas;Undivided Two way;Tangent road with flat terrain;No junction;Asphalt roads;Dry;Daylight;Normal;Vehicle with vehicle collision;2;1;Going straight;Passenger;Female;18-30;3;Driver;Normal;Not a Pedestrian;Driving carelessly;Serious Injury
17:30:00;Thursday;Under 18;Male;Elementary school;Owner;5-10yr;Other;Owner;Unknown;No defect;Office areas;Undivided Two way;Tangent road with flat terrain;No junction;Asphalt roads;Dry;Daylight;Normal;Vehicle with vehicle collision;2;1;Going straight;na;na;na;na;;;Not a Pedestrian;Driving under the influence of drugs;Serious Injury
11:16:00;Thursday;Unknown;Female;Elementary school;Employee;Below 1yr;Automobile;Owner;Unknown;No defect;Office areas;;Tangent road with flat terrain;No junction;Asphalt roads;Dry;Daylight;Normal;Collision with roadside objects;1;1;Going straight;Driver or rider;Male;18-30;3;Driver;Normal;Not a Pedestrian;Driving carelessly;Slight Injury
21:08:00;Saturday;Over 51;Male;Junior high school;Employee;5-10yr;;Owner;Unknown;No defect;Office areas;Two-way (divided with broken lines road marking);Tangent road with flat terrain;Crossing;Asphalt roads;Wet or damp;Darkness - lights lit;Other;Collision with roadside objects;2;1;Going straight;na;na;na;na;Driver;Normal;Not a Pedestrian;Driving carelessly;Slight Injury
21:08:00;Saturday;31-50;Male;Elementary school;Owner;5-10yr;Taxi;Owner;Unknown;No defect;Other;Undivided Two way;Tangent road with flat terrain;Crossing;Asphalt roads;Wet or damp;Darkness - lights lit;Other;Collision with roadside objects;2;1;Going straight;Driver or rider;Male;31-50;3;Unemployed;Normal;Not a Pedestrian;Changing lane to the right;Slight Injury
01:44:00;Saturday;Under 18;Male;Junior high school;Employee;2-5yr;Lorry (41?100Q);Owner;Unknown;No defect;Other;Two-way (divided with broken lines road marking);Tangent road with flat terrain;No junction;Gravel roads;Wet or damp;Darkness - lights lit;Raining;Vehicle with vehicle collision;1;1;Moving Backward;na;na;na;na;Driver;Normal;Not a Pedestrian;No distancing;Slight Injury
08:53:00;Wednesday;31-50;Male;Junior high school;Employee;Above 10yr;Other;Owner;2-5yrs;;Other;Two-way (divided with broken lines road marking);Tangent road with flat terrain;No junction;Asphalt roads;Dry;Daylight;Normal;Collision with pedestrians;1;1;Going straight;Passenger;Female;Under 18;3;Driver;Normal;Not a Pedestrian;Driving carelessly;Serious Injury
10:10:00;Saturday;Over 51;Male;Junior high school;Employee;5-10yr;Automobile;Owner;2-5yrs;;Residential areas;One way;Tangent road with flat terrain;Y Shape;Asphalt roads;Dry;Daylight;Normal;Vehicle with vehicle collision;2;1;Going straight;Passenger;Male;Under 18;3;Driver;Normal;Not a Pedestrian;No priority to pedestrian;Slight Injury
10:10:00;Saturday;18-30;Male;High school;Employee;1-2yr;Public (> 45 seats);Owner;2-5yrs;;School areas;Undivided Two way;Tangent road with mild grade and flat terrain;Y Shape;Asphalt roads;Dry;Daylight;Normal;Collision with pedestrians;2;1;Going straight;Passenger;Female;Under 18;3;Driver;Normal;Not a Pedestrian;No distancing;Slight Injury
17:15:00;Tuesday;31-50;Male;Elementary school;Owner;;Stationwagen;Owner;2-5yrs;;Residential areas;Undivided Two way;Tangent road with mild grade and flat terrain;Other;Asphalt roads;Dry;Daylight;Unknown;Vehicle with vehicle collision;2;1;Going straight;na;na;na;na;Employee;Normal;Not a Pedestrian;Moving Backward;Slight Injury
17:15:00;Tuesday;18-30;Male;Junior high school;Owner;5-10yr;Automobile;Owner;2-5yrs;No defect;Office areas;Two-way (divided with broken lines road marking);Tangent road with flat terrain;Other;Earth roads;Dry;Daylight;Unknown;Collision with pedestrians;2;1;Going straight;Driver or rider;Male;18-30;3;Driver;Normal;Not a Pedestrian;Moving Backward;Slight Injury
11:35:00;Wednesday;Unknown;Male;Junior high school;Employee;5-10yr;Lorry (41?100Q);Owner;;No defect; Church areas;One way;Tangent road with flat terrain;Crossing;Asphalt roads;Dry;Daylight;Normal;Vehicle with vehicle collision;2;1;Reversing;na;na;na;na;Self-employed;Normal;Not a Pedestrian;No priority to vehicle;Slight Injury
11:35:00;Wednesday;31-50;Male;Junior high school;Employee;Below 1yr;Other;Owner;;No defect;Other;Undivided Two way;Tangent road with flat terrain;Crossing;Asphalt roads;Dry;Daylight;Normal;Vehicle with vehicle collision;2;1;Going straight;Passenger;Male;18-30;3;Driver;Normal;Not a Pedestrian;No distancing;Slight Injury
13:35:00;Tuesday;Over 51;Male;;;;Public (13?45 seats);Owner;2-5yrs;No defect;Other;One way;Tangent road with flat terrain;No junction;;Dry;Daylight;Normal;Vehicle with vehicle collision;2;5;Going straight;Passenger;Male;18-30;3;Driver;Normal;Not a Pedestrian;Moving Backward;Slight Injury
13:35:00;Tuesday;31-50;Male;Junior high school;Employee;5-10yr;Other;Owner;5-10yrs;No defect;Other;Two-way (divided with broken lines road marking);Tangent road with flat terrain;No junction;Gravel roads;Dry;Daylight;Normal;Vehicle with vehicle collision;2;5;Other;Passenger;Male;18-30;3;;;Not a Pedestrian;Changing lane to the right;Slight Injury
13:35:00;Tuesday;31-50;Male;Junior high school;Employee;5-10yr;Other;Owner;;No defect;Other;Two-way (divided with broken lines road marking);Tangent road with flat terrain;No junction;Asphalt roads;Dry;Daylight;Normal;Vehicle with vehicle collision;2;5;Entering a junction;Passenger;Male;18-30;3;Driver;Normal;Not a Pedestrian;Moving Backward;Slight Injury
13:35:00;Tuesday;31-50;Male;Junior high school;Employee;Above 10yr;Ridden horse;Owner;;No defect;Office areas;Undivided Two way;Tangent road with flat terrain;No junction;;Dry;Daylight;Normal;Vehicle with vehicle collision;2;5;Turnover;Driver or rider;Male;18-30;3;;;Not a Pedestrian;Changing lane to the right;Slight Injury
13:35:00;Tuesday;31-50;Male;High school;Employee;Above 10yr;Lorry (41?100Q);Owner;;No defect;Office areas;Two-way (divided with solid lines road marking);Tangent road with flat terrain;No junction;Asphalt roads;Dry;Daylight;Normal;Vehicle with vehicle collision;2;5;Going straight;na;na;na;na;;;Not a Pedestrian;Driving carelessly;Slight Injury
12:00:00;Tuesday;Unknown;Female;Junior high school;Employee;Above 10yr;Lorry (41?100Q);Owner;Unknown;No defect;Residential areas;Undivided Two way;Tangent road with flat terrain;Y Shape;Earth roads;Dry;Daylight;Normal;Vehicle with vehicle collision;2;2;Going straight;Pedestrian;Male;31-50;3;;Normal;Crossing from nearside - masked by parked or statioNot a Pedestrianry vehicle;Changing lane to the right;Slight Injury
12:00:00;Tuesday;18-30;Male;Junior high school;Employee;Above 10yr;Pick up upto 10Q;Owner;Unknown;No defect;Office areas;One way;Tangent road with flat terrain;Y Shape;Asphalt roads;Dry;Daylight;Normal;Vehicle with vehicle collision;2;2;Going straight;Pedestrian;Male;31-50;3;Driver;Normal;Unknown or other;No distancing;Slight Injury
12:00:00;Tuesday;18-30;Male;Junior high school;Employee;Above 10yr;Lorry (11?40Q);Owner;Unknown;No defect;Residential areas;Two-way (divided with broken lines road marking);Tangent road with flat terrain;Y Shape;Asphalt roads;Dry;Daylight;Normal;Vehicle with vehicle collision;2;2;Going straight;Driver or rider;Male;31-50;3;Driver;Normal;Not a Pedestrian;Moving Backward;Slight Injury
17:12:00;Wednesday;31-50;Male;Junior high school;Employee;Above 10yr;Automobile;Owner;Unknown;No defect;Office areas;Undivided Two way;Tangent road with flat terrain;Crossing;Asphalt roads;Dry;Daylight;Normal;Vehicle with vehicle collision;2;1;Going straight;na;na;na;na;Driver;Normal;Not a Pedestrian;Driving carelessly;Slight Injury
17:12:00;Wednesday;31-50;Male;Junior high school;Employee;5-10yr;Automobile;Owner;Unknown;No defect;Other;Two-way (divided with broken lines road marking);Tangent road with flat terrain;Crossing;Asphalt roads;Dry;Daylight;Normal;Vehicle with vehicle collision;2;1;Going straight;Driver or rider;Male;31-50;3;Driver;Normal;Not a Pedestrian;No distancing;Slight Injury
19:55:00;Monday;Under 18;Male;Junior high school;Employee;2-5yr;Pick up upto 10Q;Owner;Unknown;No defect;Office areas;One way;Tangent road with flat terrain;Y Shape;Asphalt roads;Dry;Daylight;Normal;Rollover;2;2;Going straight;na;na;na;na;Driver;Normal;Not a Pedestrian;No priority to vehicle;Slight Injury
19:55:00;Monday;18-30;Male;Junior high school;Employee;Below 1yr;Automobile;Owner;Unknown;No defect;School areas;Undivided Two way;Tangent road with flat terrain;Y Shape;Earth roads;Dry;Daylight;Normal;Collision with roadside objects;2;2;Going straight;Driver or rider;Male;18-30;3;Driver;Normal;Not a Pedestrian;Changing lane to the right;Slight Injury
19:55:00;Monday;18-30;Male;Junior high school;Employee;Below 1yr;Other;Owner;;;Residential areas;One way;Tangent road with flat terrain;Y Shape;Asphalt roads;Dry;Daylight;Normal;Vehicle with vehicle collision;2;2;Getting off;na;na;na;na;Employee;Normal;Not a Pedestrian;Moving Backward;Slight Injury
08:30:00;Wednesday;Unknown;Male;Junior high school;Employee;2-5yr;Lorry (41?100Q);Owner;;;Office areas;Undivided Two way;Tangent road with flat terrain;Other;Asphalt roads;Wet or damp;Daylight;Other;Vehicle with vehicle collision;2;2;Getting off;Driver or rider;Male;18-30;3;;Normal;Not a Pedestrian;Driving under the influence of drugs;Slight Injury
08:30:00;Wednesday;18-30;Male;Elementary school;Employee;Below 1yr;Public (13?45 seats);Owner;Unknown;No defect;Residential areas;Undivided Two way;Tangent road with flat terrain;Other;Asphalt roads;Wet or damp;Daylight;Other;Vehicle with vehicle collision;2;2;Getting off;na;na;na;na;Driver;Normal;Not a Pedestrian;Changing lane to the right;Slight Injury
08:30:00;Wednesday;18-30;Male;Junior high school;Employee;Below 1yr;Pick up upto 10Q;Owner;Above 10yr;;Office areas;Undivided Two way;Tangent road with flat terrain;Other;Asphalt roads;Wet or damp;Daylight;Other;Collision with pedestrians;2;2;Moving Backward;Driver or rider;Male;31-50;2;;;Not a Pedestrian;No priority to vehicle;Slight Injury
10:45:00;Sunday;Unknown;Male;Junior high school;Employee;;Stationwagen;Owner;Above 10yr;;Residential areas;One way;Tangent road with flat terrain;No junction;Asphalt roads;Dry;Daylight;Normal;Collision with pedestrians;2;2;Going straight;na;na;na;na;Self-employed;Normal;Not a Pedestrian;Changing lane to the left;Slight Injury
10:45:00;Sunday;18-30;Male;;Employee;5-10yr;Other;Owner;Unknown;No defect;Other;other;Tangent road with flat terrain;No junction;Asphalt roads;Dry;Daylight;Normal;Vehicle with vehicle collision;2;2;Going straight;Driver or rider;Female;18-30;3;;;Not a Pedestrian;Driving carelessly;Slight Injury
10:45:00;Sunday;18-30;Male;Writing & reading;Employee;Below 1yr;Pick up upto 10Q;Other;Unknown;;Other;Two-way (divided with broken lines road marking);Tangent road with flat terrain;No junction;Asphalt roads;Dry;Daylight;Normal;Vehicle with vehicle collision;2;2;Waiting to go;na;na;na;na;Self-employed;Normal;Not a Pedestrian;No priority to pedestrian;Slight Injury
04:14:00;Sunday;18-30;Male;Junior high school;Employee;Below 1yr;Public (13?45 seats);Owner;5-10yrs;;Office areas;Two-way (divided with broken lines road marking);Tangent road with flat terrain;No junction;Asphalt roads;Dry;Darkness - lights lit;Normal;Collision with pedestrians;2;1;Going straight;Pedestrian;Female;18-30;3;;;Not a Pedestrian;No priority to pedestrian;Slight Injury
04:14:00;Sunday;18-30;Male;Junior high school;Employee;1-2yr;Public (12 seats);Owner;Above 10yr;No defect;Office areas;Two-way (divided with broken lines road marking);Tangent road with flat terrain;No junction;Asphalt roads;Dry;Darkness - lights lit;Normal;Collision with pedestrians;2;1;Other;Pedestrian;Male;Under 18;3;Self-employed;Normal;Crossing from nearside - masked by parked or statioNot a Pedestrianry vehicle;Changing lane to the right;Slight Injury
14:49:00;Thursday;18-30;Male;Elementary school;Employee;Above 10yr;Lorry (41?100Q);Owner;2-5yrs;No defect;Residential areas;Two-way (divided with broken lines road marking);Tangent road with flat terrain;Y Shape;Asphalt roads;Dry;Daylight;Normal;Collision with pedestrians;3;2;Going straight;Pedestrian;Male;18-30;3;;;Not a Pedestrian;Drunk driving;Slight Injury
14:49:00;Thursday;18-30;Male;Elementary school;Employee;Above 10yr;Pick up upto 10Q;Owner;;No defect;Other;Two-way (divided with broken lines road marking);Tangent road with flat terrain;Y Shape;Asphalt roads;Dry;Daylight;Normal;Vehicle with vehicle collision;3;2;Going straight;Driver or rider;Male;31-50;3;;;Not a Pedestrian;Changing lane to the left;Slight Injury
14:49:00;Thursday;18-30;Male;Elementary school;Employee;Below 1yr;Lorry (41?100Q);Governmental;;No defect;Other;Undivided Two way;Tangent road with flat terrain;Y Shape;Earth roads;Dry;Daylight;Normal;Collision with roadside objects;3;2;Going straight;na;na;na;na;Self-employed;Normal;Not a Pedestrian;Changing lane to the left;Slight Injury