Time;Day_of_week;Age_band_of_driver;Sex_of_driver;Educational_level;Vehicle_driver_relation;Driving_experience;Type_of_vehicle;Owner_of_vehicle;Service_year_of_vehicle;Defect_of_vehicle;Area_accident_occured;Lanes_or_Medians;Road_allignment;Types_of_Junction;Road_surface_type;Road_surface_conditions;Light_conditions;Weather_conditions;Type_of_collision;Number_of_vehicles_involved;Number_of_casualties;Vehicle_movement;Casualty_class;Sex_of_casualty;Age_band_of_casualty;Casualty_severity;Work_of_casuality;Fitness_of_casuality;Pedestrian_movement;Cause_of_accident;Accident_severity
20:32:00;Tuesday;18-30;Male;High school;Employee;2-5yr;Pick up upto 10Q;Owner;;No defect;Office areas;Two-way (divided with broken lines road marking);Tangent road with flat terrain;Crossing;Asphalt roads;Wet or damp;Darkness - lights lit;Raining;Vehicle with vehicle collision;2;1;Going straight;Pedestrian;Male;Under 18;3;Employee;Normal;In carriageway, statioNot a Pedestrianry - not crossing  (standing or playing) - masked by parked or statioNot a Pedestrianry vehicle;Driving to the left;Slight Injury
20:32:00;Tuesday;31-50;Male;Junior high school;Employee;2-5yr;Long lorry;Owner;;No defect;Office areas;Two-way (divided with broken lines road marking);Tangent road with flat terrain;Crossing;Asphalt roads;Wet or damp;Darkness - lights lit;Raining;Vehicle with vehicle collision;2;1;Overtaking;na;na;na;na;Other;Normal;Not a Pedestrian;Changing lane to the left;Slight Injury
18:03:00;Thursday;18-30;Male;Above high school;Employee;Above 10yr;Automobile;Owner;Unknown;No defect; Church areas;Undivided Two way;Tangent road with flat terrain;O Shape;Asphalt roads;Dry;Daylight;Normal;Collision with roadside objects;2;1;Going straight;Driver or rider;Female;5;2;Employee;Normal;Not a Pedestrian;Driving under the influence of drugs;Slight Injury
18:03:00;Thursday;18-30;Male;Junior high school;Employee;2-5yr;Public (> 45 seats);Governmental;Unknown;No defect;Other;One way;Tangent road with flat terrain;O Shape;Asphalt roads;Dry;Daylight;Normal;Vehicle with vehicle collision;2;1;Going straight;Passenger;Female;5;3;;;Not a Pedestrian;No priority to pedestrian;Slight Injury
05:45:00;Monday;18-30;Male;Junior high school;Employee;2-5yr;Lorry (41?100Q);Owner;Unknown;No defect;Office areas;Undivided Two way;Tangent road with flat terrain;No junction;Other;Dry;Daylight;Normal;Vehicle with vehicle collision;2;1;Going straight;Driver or rider;Male;Under 18;3;Employee;Normal;Not a Pedestrian;Changing lane to the left;Slight Injury
05:45:00;Monday;31-50;Male;High school;Employee;1-2yr;Public (> 45 seats);Owner;1-2yr;;Office areas;Two-way (divided with broken lines road marking);Tangent road with flat terrain;No junction;Gravel roads;Dry;Daylight;Normal;Vehicle with vehicle collision;2;1;Turnover;na;na;na;na;;;Not a Pedestrian;Moving Backward;Slight Injury
13:00:00;Tuesday;31-50;Male;Junior high school;Employee;5-10yr;;Owner;Below 1yr;;Residential areas;Two-way (divided with broken lines road marking);Tangent road with flat terrain;Y Shape;Gravel roads;Dry;Daylight;Normal;Vehicle with vehicle collision;2;3;Going straight;Pedestrian;Male;18-30;3;Employee;Normal;Unknown or other;No distancing;Slight Injury
13:00:00;Tuesday;31-50;Male;Junior high school;Employee;Below 1yr;;;;;Other;Undivided Two way;Tangent road with flat terrain;Y Shape;Asphalt roads;Dry;Daylight;Normal;Collision with pedestrians;2;3;Going straight;Driver or rider;Male;31-50;3;Employee;Normal;Not a Pedestrian;Changing lane to the right;Slight Injury
13:00:00;Tuesday;31-50;Male;Junior high school;Employee;Below 1yr;Automobile;Owner;5-10yrs;;Residential areas;Two-way (divided with broken lines road marking);Tangent road with flat terrain;Y Shape;Asphalt roads;Dry;Daylight;Normal;Rollover;2;3;Getting off;na;na;na;na;Employee;Normal;Not a Pedestrian;No priority to vehicle;Slight Injury
06:45:00;Wednesday;18-30;Male;Elementary school;Employee;;Automobile;Governmental;;;Office areas;Two-way (divided with broken lines road marking);Tangent road with flat terrain;Y Shape;Earth roads;Dry;Daylight;Normal;Vehicle with vehicle collision;2;1;Moving Backward;Passenger;Female;31-50;3;Driver;Normal;Not a Pedestrian;Moving Backward;Slight Injury
06:45:00;Wednesday;31-50;Male;Junior high school;Employee;Below 1yr;Lorry (41?100Q);Owner;5-10yrs;;Office areas;Undivided Two way;Tangent road with flat terrain;Y Shape;Asphalt roads;Dry;Daylight;Normal;Vehicle with vehicle collision;2;1;Getting off;na;na;na;na;Driver;Normal;Not a Pedestrian;Overtaking;Slight Injury
16:07:00;Tuesday;Unknown;Female;Junior high school;Employee;1-2yr;Automobile;Owner;Above 10yr;;Other;Undivided Two way;Tangent road with flat terrain;No junction;Asphalt roads;Dry;Daylight;Normal;Vehicle with vehicle collision;3;1;Overtaking;Driver or rider;Male;Under 18;3;Student;Normal;Not a Pedestrian;Changing lane to the left;Slight Injury
16:07:00;Tuesday;31-50;Male;Elementary school;Employee;2-5yr;Public (13?45 seats);Owner;1-2yr;No defect;Other;other;Steep grade downward with mountainous terrain;No junction;Asphalt roads;Dry;Daylight;Normal;Collision with roadside objects;3;1;Going straight;na;na;na;na;Driver;Normal;Not a Pedestrian;Changing lane to the right;Slight Injury
16:07:00;Tuesday;31-50;Male;High school;Employee;1-2yr;Automobile;Owner;2-5yrs;;Office areas;One way;Steep grade downward with mountainous terrain;No junction;Asphalt roads;Dry;Daylight;Normal;Vehicle with vehicle collision;3;1;Going straight;Driver or rider;Female;18-30;3;Self-employed;Normal;Not a Pedestrian;Overtaking;Slight Injury
16:05:00;Saturday;Over 51;Male;Junior high school;Employee;5-10yr;Public (> 45 seats);Owner;;No defect;Residential areas;Two-way (divided with broken lines road marking);Tangent road with flat terrain;No junction;Earth roads;Dry;Daylight;Normal;Rollover;2;1;Going straight;Driver or rider;Male;18-30;3;;;Not a Pedestrian;Overloading;Slight Injury
16:05:00;Saturday;Under 18;Male;Junior high school;Employee;Below 1yr;Lorry (41?100Q);Owner;;No defect;Other;Two-way (divided with broken lines road marking);Tangent road with flat terrain;No junction;Asphalt roads;Dry;Daylight;Normal;Collision with roadside objects;2;1;Reversing;Pedestrian;Male;18-30;3;;;Not a Pedestrian;Other;Slight Injury
18:00:00;Saturday;Over 51;Male;High school;Employee;Above 10yr;Automobile;Organization;2-5yrs;;Residential areas;Undivided Two way;Tangent road with flat terrain;Y Shape;Asphalt roads;Dry;Daylight;Normal;Vehicle with vehicle collision;2;3;Getting off;Driver or rider;Male;18-30;3;Driver;Normal;Not a Pedestrian;No priority to vehicle;Fatal injury
18:00:00;Saturday;Over 51;Male;Elementary school;Owner;5-10yr;Lorry (11?40Q);Owner;;No defect; Church areas;Two-way (divided with broken lines road marking);Tangent road with flat terrain;Y Shape;Asphalt roads;Dry;Daylight;Normal;Vehicle with vehicle collision;2;3;Going straight;na;na;na;na;Driver;Normal;Not a Pedestrian;Changing lane to the right;Fatal injury
18:00:00;Saturday;Over 51;Male;Elementary school;Employee;Below 1yr;Public (13?45 seats);Governmental;;No defect;Residential areas;Two-way (divided with broken lines road marking);Tangent road with flat terrain;Y Shape;Asphalt roads;Dry;Daylight;Normal;Vehicle with vehicle collision;2;3;Going straight;Passenger;Female;Over 51;3;Driver;Normal;Not a Pedestrian;Moving Backward;Fatal injury
18:00:00;Saturday;Unknown;Male;Junior high school;Employee;5-10yr;Public (13?45 seats);Owner;;No defect;Office areas;One way;Tangent road with flat terrain;Y Shape;Asphalt roads;Dry;Daylight;Normal;Vehicle with vehicle collision;2;3;Going straight;na;na;na;na;Driver;Normal;Not a Pedestrian;Changing lane to the left;Fatal injury
14:35:00;Friday;31-50;Male;Elementary school;Owner;5-10yr;;Governmental;Below 1yr;No defect;Residential areas;Two-way (divided with broken lines road marking);Tangent road with flat terrain;No junction;Asphalt roads;Dry;Daylight;Normal;Vehicle with vehicle collision;3;3;Reversing;Driver or rider;Male;18-30;3;;;Not a Pedestrian;No priority to pedestrian;Slight Injury
14:35:00;Friday;31-50;Male;Junior high school;Employee;2-5yr;Long lorry;Owner;Unknown;No defect;Other;One way;Tangent road with flat terrain;No junction;Asphalt roads;Dry;Daylight;Normal;Vehicle with vehicle collision;3;3;Going straight;na;na;na;na;Driver;Normal;Not a Pedestrian;No distancing;Slight Injury
14:35:00;Friday;31-50;Male;Junior high school;Employee;Above 10yr;Lorry (41?100Q);Owner;Unknown;; Industrial areas;Two-way (divided with broken lines road marking);Tangent road with flat terrain;No junction;Asphalt roads;Dry;Daylight;Normal;Collision with pedestrians;3;3;Stopping;Driver or rider;Male;18-30;3;Self-employed;Normal;Not a Pedestrian;No priority to vehicle;Slight Injury
14:35:00;Friday;31-50;Male;Junior high school;Employee;5-10yr;Lorry (11?40Q);Owner;Unknown;; Church areas;Two-way (divided with broken lines road marking);Tangent road with flat terrain;No junction;Asphalt roads;Dry;Daylight;Normal;Vehicle with vehicle collision;3;3;Overtaking;na;na;na;na;Self-employed;Normal;Not a Pedestrian;No distancing;Slight Injury
08:00:00;Wednesday;31-50;Male;High school;Employee;1-2yr;Lorry (41?100Q);Owner;2-5yrs;No defect;Residential areas;Undivided Two way;Steep grade downward with mountainous terrain;No junction;Asphalt roads;Wet or damp;Daylight;Other;Vehicle with vehicle collision;2;1;Going straight;Driver or rider;Male;31-50;3;Self-employed;Normal;Not a Pedestrian;No distancing;Slight Injury
08:00:00;Wednesday;Unknown;Female;Junior high school;Employee;Above 10yr;Public (12 seats);;;;;Two-way (divided with broken lines road marking);Tangent road with flat terrain;No junction;Earth roads;Wet or damp;Daylight;Other;Collision with roadside objects;2;1;Reversing;Driver or rider;Male;18-30;3;Driver;Normal;Not a Pedestrian;Moving Backward;Slight Injury
12:53:00;Wednesday;Unknown;Male;Elementary school;Owner;2-5yr;;;;;;Two-way (divided with broken lines road marking);Tangent road with flat terrain;O Shape;Asphalt roads;Dry;Daylight;Normal;Vehicle with vehicle collision;1;1;Going straight;na;na;na;na;Other;Normal;Not a Pedestrian;Changing lane to the right;Slight Injury
16:55:00;Monday;Unknown;Male;Junior high school;Employee;5-10yr;Taxi;Owner;1-2yr;No defect;Office areas;Undivided Two way;Tangent road with flat terrain;No junction;Asphalt roads;Dry;Daylight;Unknown;Vehicle with vehicle collision;1;1;Going straight;Driver or rider;Male;18-30;3;;;Not a Pedestrian;No priority to pedestrian;Slight Injury
16:45:00;Monday;Unknown;Male;Junior high school;Employee;Below 1yr;;Owner;Above 10yr;No defect; Outside rural areas;Two-way (divided with broken lines road marking);Tangent road with mountainous terrain and;Y Shape;Asphalt roads;Dry;Daylight;Normal;Vehicle with vehicle collision;2;1;Reversing;na;na;na;na;Self-employed;Normal;Not a Pedestrian;Moving Backward;Slight Injury
16:45:00;Monday;18-30;Male;Junior high school;Employee;5-10yr;Automobile;Owner;Above 10yr;No defect; Church areas;Two-way (divided with broken lines road marking);Steep grade downward with mountainous terrain;Y Shape;Asphalt roads;Dry;Daylight;Normal;Collision with roadside objects;2;1;Going straight;Pedestrian;Male;31-50;2;Other;Normal;Unknown or other;Getting off the vehicle improperly;Slight Injury
16:15:00;Saturday;Unknown;Male;High school;Employee;Above 10yr;;Owner;;No defect;Office areas;other;Tangent road with mountainous terrain and;No junction;Earth roads;Dry;Daylight;Normal;Vehicle with vehicle collision;1;1;Waiting to go;Driver or rider;Female;31-50;3;;;Not a Pedestrian;Overtaking;Slight Injury
08:45:00;Monday;Under 18;Male;Junior high school;Employee;5-10yr;Lorry (41?100Q);Owner;Above 10yr;; Church areas;Two-way (divided with broken lines road marking);Steep grade downward with mountainous terrain;No junction;Asphalt roads;Dry;Daylight;Normal;Vehicle with vehicle collision;2;2;Going straight;na;na;na;na;;;Not a Pedestrian;Overloading;Slight Injury
08:45:00;Monday;31-50;Male;Elementary school;Employee;1-2yr;Automobile;;;;Office areas;other;Tangent road with mountainous terrain and;No junction;Asphalt roads;Dry;Daylight;Normal;Vehicle with vehicle collision;2;2;Going straight;na;na;na;na;Driver;Normal;Not a Pedestrian;Changing lane to the right;Slight Injury
20:39:00;Saturday;31-50;Male;Junior high school;Employee;;Automobile;Governmental;;No defect;Office areas;Undivided Two way;Tangent road with flat terrain;Y Shape;Asphalt roads;Dry;Darkness - lights lit;Normal;Vehicle with vehicle collision;2;2;Going straight;Driver or rider;Male;31-50;3;;;Not a Pedestrian;Improper parking;Serious Injury
20:39:00;Saturday;18-30;Male;Above high school;Employee;1-2yr;Lorry (41?100Q);Owner;1-2yr;No defect;School areas;Two-way (divided with broken lines road marking);Tangent road with flat terrain;Y Shape;Asphalt roads;Dry;Darkness - lights lit;Normal;Vehicle with vehicle collision;2;2;Going straight;Passenger;Male;Under 18;3;Driver;Normal;Not a Pedestrian;Other;Serious Injury
17:10:00;Tuesday;Unknown;Male;Junior high school;Employee;Above 10yr;Automobile;Owner;Below 1yr;No defect;Residential areas;Two-way (divided with broken lines road marking);Tangent road with flat terrain;No junction;Asphalt roads;Dry;Daylight;Normal;Vehicle with vehicle collision;2;1;Getting off;Pedestrian;Male;Under 18;3;Driver;Normal;Not a Pedestrian;Changing lane to the left;Slight Injury
17:10:00;Tuesday;Unknown;Male;Junior high school;Employee;1-2yr;Automobile;Owner;;No defect;Office areas;other;Tangent road with mountainous terrain and;No junction;Asphalt roads;Dry;Daylight;Normal;Vehicle with vehicle collision;2;1;Going straight;Pedestrian;Male;18-30;3;Driver;Normal;Crossing from nearside - masked by parked or statioNot a Pedestrianry vehicle;Changing lane to the right;Slight Injury
17:35:00;Thursday;Under 18;Male;Junior high school;Employee;5-10yr;Automobile;Owner;Unknown;No defect;Rural village areasOffice areas;other;Tangent road with flat terrain;Y Shape;Asphalt roads;Dry;Daylight;Normal;Collision with roadside objects;3;1;Going straight;Driver or rider;Male;31-50;3;Driver;Normal;Not a Pedestrian;No priority to pedestrian;Slight Injury
17:35:00;Thursday;18-30;Male;Junior high school;Employee;2-5yr;Taxi;Owner;Unknown;No defect;Other;Two-way (divided with broken lines road marking);Tangent road with flat terrain;Y Shape;Asphalt roads;Dry;Daylight;Normal;Vehicle with vehicle collision;3;1;Going straight;na;na;na;na;Self-employed;Normal;Not a Pedestrian;Overspeed;Slight Injury
17:35:00;Thursday;31-50;Male;;;;;Owner;Unknown;No defect;Residential areas;Undivided Two way;Tangent road with flat terrain;Y Shape;Other;Dry;Daylight;Normal;Vehicle with vehicle collision;3;1;Reversing;na;na;na;na;Self-employed;Normal;Not a Pedestrian;Changing lane to the left;Slight Injury
00:10:00;Sunday;18-30;Male;Junior high school;Employee;2-5yr;;Owner;Unknown;No defect;Office areas;Undivided Two way;Tangent road with flat terrain;Y Shape;Asphalt roads;Dry;Darkness - lights lit;Normal;Vehicle with vehicle collision;2;2;Turnover;Driver or rider;Male;31-50;3;Driver;Normal;Not a Pedestrian;No priority to vehicle;Fatal injury
00:10:00;Sunday;18-30;Male;Junior high school;Employee;2-5yr;Automobile;Owner;Unknown;No defect;Office areas;Undivided Two way;Tangent road with flat terrain;Y Shape;Asphalt roads;Dry;Darkness - lights lit;Normal;Vehicle with vehicle collision;2;2;Going straight;Passenger;Male;Over 51;3;Driver;Normal;Not a Pedestrian;Changing lane to the right;Fatal injury
00:10:00;Sunday;Under 18;Male;Junior high school;Employee;Above 10yr;Pick up upto 10Q;Owner;Unknown;No defect;Residential areas;Undivided Two way;Tangent road with flat terrain;Y Shape;Asphalt roads;Dry;Darkness - lights lit;Normal;Vehicle with vehicle collision;2;2;Going straight;Passenger;Male;18-30;3;;;Not a Pedestrian;No distancing;Fatal injury
21:19:00;Wednesday;31-50;Male;Junior high school;Employee;1-2yr;;Owner;Unknown;No defect;Office areas;Undivided Two way;Tangent road with flat terrain;No junction;Asphalt roads;Dry;Darkness - lights lit;Normal;Vehicle with vehicle collision;2;1;Going straight;Passenger;Male;18-30;3;Driver;Normal;Not a Pedestrian;No priority to pedestrian;Slight Injury
21:19:00;Wednesday;18-30;Male;Above high school;Owner;1-2yr;Automobile;Owner;Unknown;No defect;Office areas;Undivided Two way;Tangent road with flat terrain;No junction;Asphalt roads;Dry;Darkness - lights lit;Normal;Vehicle with vehicle collision;2;1;Going straight;Driver or rider;Male;Over 51;3;Driver;Normal;Not a Pedestrian;No distancing;Slight Injury
11:59:00;Saturday;Unknown;Female;Above high school;Employee;No Licence;Public (12 seats);Owner;Unknown;No defect;Office areas;;Tangent road with flat terrain;No junction;Asphalt roads;Dry;Darkness - lights lit;Unknown;Collision with roadside objects;1;1;Getting off;Driver or rider;Male;31-50;3;Driver;Normal;Not a Pedestrian;No priority to vehicle;Slight Injury
17:19:00;Friday;31-50;Male;Junior high school;Employee;1-2yr;Public (13?45 seats);Owner;Unknown;No defect;Office areas;Two-way (divided with broken lines road marking);Tangent road with flat terrain;No junction;Asphalt roads;Dry;Daylight;Normal;Rollover;3;1;Going straight;Pedestrian;Male;Over 51;3;;Normal;Not a Pedestrian;Other;Slight Injury
17:19:00;Friday;18-30;Male;Junior high school;Employee;5-10yr;Lorry (11?40Q);Owner;Unknown;No defect;Other;Undivided Two way;Tangent road with flat terrain;No junction;Earth roads;Dry;Daylight;Normal;Vehicle with vehicle collision;3;1;Going straight;Pedestrian;Male;Over 51;2;;;Not a Pedestrian;Driving carelessly;Slight Injury
17:19:00;Friday;18-30;Male;Junior high school;Employee;Above 10yr;Stationwagen;Owner;Unknown;No defect;Other;Two-way (divided with broken lines road marking);Tangent road with flat terrain;No junction;Asphalt roads;Dry;Daylight;Normal;Vehicle with vehicle collision;3;1;Going straight;Driver or rider;Male;31-50;3;Driver;Normal;Not a Pedestrian;Changing lane to the left;Slight Injury
12:36:00;Tuesday;Unknown;Female;Junior high school;Employee;Above 10yr;Ridden horse;Owner;2-5yrs;;Other;Two-way (divided with broken lines road marking);Tangent road with flat terrain;Crossing;Asphalt roads;Wet or damp;Daylight;Raining;Vehicle with vehicle collision;2;1;Going straight;Driver or rider;Male;31-50;3;Driver;Normal;Not a Pedestrian;Driving carelessly;Slight Injury
12:36:00;Tuesday;Over 51;Male;Junior high school;Owner;5-10yr;Stationwagen;Owner;2-5yrs;;Residential areas;One way;Tangent road with flat terrain;Crossing;Asphalt roads;Wet or damp;Daylight;Raining;Vehicle with vehicle collision;2;1;Going straight;Driver or rider;Male;18-30;3;Self-employed;Normal;Not a Pedestrian;Changing lane to the left;Slight Injury
12:30:00;Thursday;Unknown;Female;Elementary school;Employee;2-5yr;Automobile;Owner;2-5yrs;;School areas;Undivided Two way;Tangent road with mild grade and flat terrain;No junction;Asphalt roads;Dry;Daylight;Normal;Vehicle with vehicle collision;2;1;Going straight;Pedestrian;Male;Under 18;3;Driver;Normal;Not a Pedestrian;No priority to vehicle;Slight Injury
12:30:00;Thursday;18-30;Male;Junior high school;Employee;2-5yr;Automobile;Owner;2-5yrs;;Residential areas;Undivided Two way;Tangent road with mild grade and flat terrain;No junction;Asphalt roads;Dry;Daylight;Normal;Vehicle with vehicle collision;2;1;Going straight;Pedestrian;Female;Over 51;3;Driver;Normal;Not a Pedestrian;No distancing;Slight Injury
07:50:00;Friday;18-30;Male;Junior high school;Employee;Below 1yr;Other;Owner;2-5yrs;No defect;Office areas;Two-way (divided with broken lines road marking);Tangent road with flat terrain;Y Shape;Asphalt roads;Dry;Daylight;Normal;Vehicle with vehicle collision;2;1;Going straight;Driver or rider;Male;18-30;3;Driver;Normal;Not a Pedestrian;Changing lane to the right;Slight Injury
07:50:00;Friday;18-30;Male;Junior high school;Employee;2-5yr;Taxi;Owner;;No defect; Church areas;One way;Tangent road with flat terrain;Y Shape;Asphalt roads;Dry;Daylight;Normal;Vehicle with vehicle collision;2;1;Going straight;na;na;na;na;;;Not a Pedestrian;Changing lane to the right;Slight Injury
22:15:00;Tuesday;Unknown;Male;Junior high school;Employee;2-5yr;Automobile;Owner;;No defect;Other;Undivided Two way;Tangent road with flat terrain;Y Shape;Asphalt roads;Dry;Darkness - lights lit;Unknown;Collision with roadside objects;2;1;Going straight;Driver or rider;Female;31-50;3;Driver;Normal;Not a Pedestrian;Driving at high speed;Slight Injury
22:15:00;Tuesday;18-30;Male;Elementary school;Employee;5-10yr;Stationwagen;Owner;2-5yrs;No defect;Other;One way;Tangent road with flat terrain;Y Shape;Asphalt roads;Dry;Darkness - lights lit;Unknown;Vehicle with vehicle collision;2;1;Reversing;na;na;na;na;Driver;Normal;Not a Pedestrian;No distancing;Slight Injury
06:55:00;Sunday;Unknown;Male;Junior high school;Employee;Above 10yr;Automobile;Owner;5-10yrs;No defect;Other;Two-way (divided with broken lines road marking);Tangent road with flat terrain;No junction;Asphalt roads;Dry;Daylight;Normal;Vehicle with vehicle collision;2;1;Going straight;Passenger;Male;Over 51;3;Self-employed;Normal;Not a Pedestrian;Changing lane to the right;Slight Injury
06:55:00;Sunday;31-50;Male;;;;Public (12 seats);Owner;;No defect;Other;Two-way (divided with broken lines road marking);Tangent road with flat terrain;No junction;Asphalt roads;Dry;Daylight;Normal;Vehicle with vehicle collision;2;1;Turnover;Pedestrian;Female;Under 18;3;;Normal;Not a Pedestrian;Changing lane to the left;Slight Injury
15:33:00;Friday;31-50;Male;Junior high school;Employee;2-5yr;;Owner;;No defect;Office areas;Undivided Two way;Tangent road with flat terrain;Y Shape;Asphalt roads;Dry;Daylight;Normal;Vehicle with vehicle collision;1;2;Going straight;Driver or rider;Male;31-50;3;;;Not a Pedestrian;Getting off the vehicle improperly;Slight Injury
15:33:00;Friday;31-50;Male;Junior high school;Employee;5-10yr;Automobile;Owner;;No defect;Office areas;Two-way (divided with solid lines road marking);Tangent road with flat terrain;Y Shape;Asphalt roads;Dry;Daylight;Normal;Collision with pedestrians;1;2;Going straight;na;na;na;na;Driver;Normal;Not a Pedestrian;Other;Slight Injury
14:34:00;Friday;18-30;Male;Above high school;Employee;2-5yr;Lorry (41?100Q);Owner;Unknown;No defect;Residential areas;Undivided Two way;Tangent road with flat terrain;Y Shape;Asphalt roads;Dry;Daylight;Normal;Collision with pedestrians;2;1;Going straight;Driver or rider;Male;18-30;3;Driver;Normal;Not a Pedestrian;Other;Slight Injury
14:34:00;Friday;Over 51;Male;;;;;Owner;Unknown;No defect;Office areas;One way;Tangent road with flat terrain;Y Shape;Asphalt roads;Dry;Daylight;Normal;Vehicle with vehicle collision;2;1;Going straight;na;na;na;na;Driver;Normal;Not a Pedestrian;No distancing;Slight Injury
13:00:00;Thursday;18-30;Male;;Employee;1-2yr;Public (> 45 seats);Owner;Unknown;No defect;Residential areas;Two-way (divided with broken lines road marking);Tangent road with flat terrain;No junction;Earth roads;Dry;Daylight;Normal;Vehicle with vehicle collision;2;1;Reversing;Driver or rider;Male;31-50;2;;;Not a Pedestrian;No priority to vehicle;Slight Injury
13:00:00;Thursday;18-30;Male;Junior high school;Employee;2-5yr;;Owner;Unknown;No defect;Office areas;Undivided Two way;Tangent road with flat terrain;No junction;Asphalt roads;Dry;Daylight;Normal;Vehicle with vehicle collision;2;1;Going straight;na;na;na;na;Driver;Normal;Not a Pedestrian;Overtaking;Slight Injury
02:49:00;Sunday;18-30;Male;Junior high school;Employee;Above 10yr;Public (12 seats);Owner;Unknown;No defect;Other;Two-way (divided with broken lines road marking);Tangent road with flat terrain;No junction;;Dry;Darkness - lights lit;Normal;Rollover;2;1;Turnover;Driver or rider;Female;18-30;3;Self-employed;Normal;Not a Pedestrian;No priority to pedestrian;Slight Injury
02:49:00;Sunday;Unknown;Male;Junior high school;Employee;Below 1yr;Public (12 seats);Owner;Unknown;No defect;Office areas;One way;Tangent road with flat terrain;No junction;Asphalt roads;Dry;Darkness - lights lit;Normal;Vehicle with vehicle collision;2;1;Going straight;na;na;na;na;Self-employed;Normal;Not a Pedestrian;No distancing;Slight Injury
17:15:00;Tuesday;Over 51;Male;Junior high school;Employee;2-5yr;Automobile;Owner;Unknown;No defect;School areas;Undivided Two way;Tangent road with flat terrain;Y Shape;Asphalt roads;Dry;Daylight;Normal;Vehicle with vehicle collision;1;1;Going straight;na;na;na;na;;;Not a Pedestrian;Changing lane to the right;Slight Injury
18:55:00;Thursday;18-30;Male;Junior high school;Employee;Below 1yr;;Owner;;;Residential areas;One way;Tangent road with flat terrain;No junction;Asphalt roads;Dry;Darkness - lights lit;Normal;Collision with pedestrians;2;2;Going straight;Passenger;Female;Over 51;3;;Normal;Not a Pedestrian;Driving carelessly;Slight Injury
18:55:00;Thursday;31-50;Male;High school;Employee;5-10yr;Automobile;Owner;;;Office areas;Undivided Two way;Tangent road with flat terrain;No junction;Asphalt roads;Dry;Darkness - lights lit;Normal;Vehicle with vehicle collision;2;2;Going straight;na;na;na;na;Driver;Normal;Not a Pedestrian;Changing lane to the right;Slight Injury
19:35:00;Saturday;Unknown;Female;Above high school;Employee;1-2yr;Lorry (41?100Q);Owner;Unknown;No defect;Residential areas;Undivided Two way;Tangent road with flat terrain;No junction;Asphalt roads;Dry;Darkness - lights lit;Normal;Vehicle with vehicle collision;2;1;Going straight;Driver or rider;Male;18-30;3;Driver;Normal;Not a Pedestrian;Overtaking;Serious Injury
19:35:00;Saturday;31-50;Male;Junior high school;Employee;Below 1yr;Public (12 seats);Owner;Unknown;No defect;Office areas;Undivided Two way;Tangent road with flat terrain;No junction;Asphalt roads;Dry;Darkness - lights lit;Normal;Vehicle with vehicle collision;2;1;Getting off;Driver or rider;Male;18-30;3;;;Not a Pedestrian;Other;Serious Injury
19:20:00;Thursday;18-30;Male;;;;Lorry (11?40Q);Owner;2-5yrs;No defect;Office areas;Two-way (divided with broken lines road marking);Tangent road with flat terrain;Y Shape;Asphalt roads;Wet or damp;Darkness - lights lit;Normal;Collision with pedestrians;1;1;Moving Backward;na;na;na;na;Driver;Normal;Not a Pedestrian;Driving to the left;Serious Injury
12:05:00;Sunday;Unknown;Male;High school;Employee;Below 1yr;Automobile;Owner;;;Residential areas;Undivided Two way;Tangent road with flat terrain;No junction;Asphalt roads;Dry;Daylight;Normal;Vehicle with vehicle collision;2;2;Going straight;Passenger;Female;Over 51;3;Self-employed;Normal;Not a Pedestrian;Driving at high speed;Slight Injury
12:05:00;Sunday;18-30;Male;High school;Employee;Below 1yr;Automobile;Owner;Unknown;;Other;Two-way (divided with broken lines road marking);Tangent road with flat terrain;No junction;Asphalt roads;Dry;Daylight;Normal;Collision with pedestrians;2;2;Turnover;Driver or rider;Male;Under 18;3;Self-employed;Normal;Not a Pedestrian;Unknown;Slight Injury
06:55:00;Monday;Unknown;Male;;;;Automobile;Owner;Above 10yr;; Industrial areas;Undivided Two way;Tangent road with flat terrain;No junction;Gravel roads;Dry;Daylight;Normal;Vehicle with vehicle collision;2;1;Going straight;na;na;na;na;Self-employed;Normal;Not a Pedestrian;Changing lane to the right;Slight Injury
06:55:00;Monday;Over 51;Male;High school;Employee;2-5yr;Bajaj;Owner;Unknown;;Office areas;Two-way (divided with broken lines road marking);Tangent road with flat terrain;No junction;Asphalt roads;Dry;Daylight;Normal;Vehicle with vehicle collision;2;1;;Passenger;Female;18-30;3;;;Not a Pedestrian;No distancing;Slight Injury
20:40:00;Friday;Unknown;Male;Junior high school;Employee;Above 10yr;Public (12 seats);Organization;Unknown;;  Recreational areas;Two-way (divided with broken lines road marking);Tangent road with flat terrain;No junction;Asphalt roads;Dry;Darkness - lights lit;Normal;Vehicle with vehicle collision;2;1;Going straight;Pedestrian;Female;31-50;3;Self-employed;Normal;Not a Pedestrian;Other;Slight Injury
20:40:00;Friday;Unknown;Female;Junior high school;Employee;Above 10yr;Lorry (11?40Q);Owner;1-2yr;No defect;Residential areas;Two-way (divided with broken lines road marking);Tangent road with flat terrain;No junction;Asphalt roads;Dry;Darkness - lights lit;Normal;Vehicle with vehicle collision;2;1;Going straight;na;na;na;na;Self-employed;Normal;Not a Pedestrian;No priority to vehicle;Slight Injury
18:05:00;Sunday;18-30;Male;Junior high school;Employee;5-10yr;;Owner;Above 10yr;;Residential areas;Undivided Two way;Tangent road with flat terrain;Y Shape;Asphalt roads;Dry;Darkness - no lighting;Unknown;Vehicle with vehicle collision;2;1;Going straight;Driver or rider;Male;31-50;3;Driver;Deaf;Not a Pedestrian;Changing lane to the left;Slight Injury