Time;Day_of_week;Age_band_of_driver;Sex_of_driver;Educational_level;Vehicle_driver_relation;Driving_experience;Type_of_vehicle;Owner_of_vehicle;Service_year_of_vehicle;Defect_of_vehicle;Area_accident_occured;Lanes_or_Medians;Road_allignment;Types_of_Junction;Road_surface_type;Road_surface_conditions;Light_conditions;Weather_conditions;Type_of_collision;Number_of_vehicles_involved;Number_of_casualties;Vehicle_movement;Casualty_class;Sex_of_casualty;Age_band_of_casualty;Casualty_severity;Work_of_casuality;Fitness_of_casuality;Pedestrian_movement;Cause_of_accident;Accident_severity
18:05:00;Sunday;Under 18;Male;Junior high school;Employee;1-2yr;;Owner;5-10yrs;; Church areas;Undivided Two way;Steep grade downward with mountainous terrain;Y Shape;Asphalt roads;Dry;Darkness - no lighting;Unknown;Collision with roadside objects;2;1;Going straight;na;na;na;na;Driver;Normal;Not a Pedestrian;No priority to pedestrian;Slight Injury
22:45:00;Friday;Unknown;Female;Unknown;Employee;Below 1yr;Automobile;Owner;5-10yrs;;Residential areas;Undivided Two way;Tangent road with flat terrain;No junction;Asphalt roads;Dry;Darkness - lights lit;Normal;Vehicle with vehicle collision;1;1;Turnover;Driver or rider;Male;18-30;3;Self-employed;Normal;Not a Pedestrian;Overtaking;Serious Injury
16:58:00;Friday;31-50;Male;Junior high school;Employee;Below 1yr;Lorry (11?40Q);Owner;Unknown;No defect;;other;Tangent road with flat terrain;No junction;Asphalt roads;Dry;Daylight;Unknown;Vehicle with vehicle collision;1;1;Turnover;na;na;na;na;Self-employed;Normal;Not a Pedestrian;Driving carelessly;Slight Injury
18:30:00;Monday;Unknown;Male;High school;Employee;2-5yr;Lorry (41?100Q);Owner;5-10yrs;No defect;Other;Undivided Two way;Tangent road with flat terrain;No junction;Asphalt roads;Wet or damp;Darkness - lights lit;Raining;Collision with roadside objects;2;2;Going straight;Driver or rider;Male;Under 18;3;Driver;Normal;Not a Pedestrian;No priority to vehicle;Slight Injury
18:30:00;Monday;31-50;Male;Junior high school;Owner;1-2yr;Pick up upto 10Q;Owner;Unknown;;Other;Two-way (divided with solid lines road marking);Tangent road with flat terrain;No junction;Asphalt roads;Wet or damp;Darkness - lights lit;Raining;Vehicle with vehicle collision;2;2;Getting off;na;na;na;na;Driver;Normal;Not a Pedestrian;No priority to pedestrian;Slight Injury
18:30:00;Monday;31-50;Male;Junior high school;Employee;5-10yr;Lorry (11?40Q);Owner;Unknown;No defect; Church areas;Two-way (divided with solid lines road marking);Tangent road with flat terrain;No junction;Asphalt roads;Wet or damp;Darkness - lights lit;Raining;Vehicle with vehicle collision;2;2;Getting off;Driver or rider;Male;Over 51;3;;;Not a Pedestrian;Changing lane to the right;Slight Injury
17:20:00;Saturday;Unknown;Male;Elementary school;Employee;2-5yr;Stationwagen;Governmental;;No defect;Other;Two-way (divided with solid lines road marking);Tangent road with flat terrain;Y Shape;Asphalt roads;Dry;Daylight;Normal;Vehicle with vehicle collision;2;1;Going straight;Pedestrian;Female;Over 51;3;Driver;Normal;Not a Pedestrian;Driving carelessly;Slight Injury
17:20:00;Saturday;31-50;Male;Elementary school;Owner;5-10yr;Other;Owner;Unknown;No defect; Church areas;Two-way (divided with solid lines road marking);Tangent road with flat terrain;Y Shape;Asphalt roads;Dry;Daylight;Normal;Vehicle with vehicle collision;2;1;Overtaking;na;na;na;na;Driver;Normal;Not a Pedestrian;Changing lane to the right;Slight Injury
12:20:00;Monday;Unknown;Female;Junior high school;Employee;Above 10yr;Other;Owner;Unknown;No defect; Church areas;Two-way (divided with broken lines road marking);Tangent road with flat terrain;Y Shape;Asphalt roads;Dry;Daylight;Normal;Collision with pedestrians;2;1;Reversing;Driver or rider;Male;31-50;3;Student;Normal;Not a Pedestrian;Changing lane to the right;Slight Injury
12:20:00;Monday;31-50;Male;Junior high school;Employee;5-10yr;Lorry (11?40Q);Owner;Above 10yr;No defect;Other;Undivided Two way;Tangent road with flat terrain;Y Shape;Asphalt roads;Dry;Daylight;Normal;Collision with pedestrians;2;1;Going straight;Passenger;Male;Under 18;3;Employee;Normal;Not a Pedestrian;Changing lane to the left;Slight Injury
19:58:00;Tuesday;Over 51;Male;High school;Employee;5-10yr;;Governmental;5-10yrs;No defect;Other;Undivided Two way;Tangent road with flat terrain;Y Shape;Asphalt roads;Dry;Darkness - lights lit;Normal;Vehicle with vehicle collision;1;1;Getting off;Pedestrian;Female;18-30;3;Driver;Normal;Not a Pedestrian;Overturning;Slight Injury
08:54:00;Sunday;31-50;Male;Junior high school;Employee;5-10yr;Automobile;Owner;5-10yrs;No defect;School areas;other;Tangent road with flat terrain;Y Shape;Asphalt roads;Dry;Daylight;Normal;Vehicle with vehicle collision;2;1;Getting off;Pedestrian;Male;Over 51;3;Other;Normal;Not a Pedestrian;Driving carelessly;Slight Injury
08:54:00;Sunday;31-50;Male;Junior high school;Employee;Above 10yr;Lorry (41?100Q);Owner;Above 10yr;No defect;Residential areas;Undivided Two way;Tangent road with flat terrain;Y Shape;Asphalt roads;Dry;Daylight;Normal;Collision with roadside objects;2;1;Reversing;Pedestrian;Male;Over 51;3;;Normal;Crossing from nearside - masked by parked or statioNot a Pedestrianry vehicle;No distancing;Slight Injury
18:03:00;Wednesday;31-50;Male;Junior high school;;1-2yr;Other;;1-2yr;No defect;Other;Two-way (divided with broken lines road marking);Tangent road with flat terrain;Y Shape;Other;Dry;Daylight;Normal;Vehicle with vehicle collision;1;1;Turnover;na;na;na;na;;;Not a Pedestrian;Driving carelessly;Slight Injury
11:24:00;Sunday;18-30;Male;Junior high school;Employee;2-5yr;Lorry (41?100Q);Owner;Above 10yr;No defect;Office areas;Undivided Two way;Tangent road with flat terrain;Y Shape;Asphalt roads;Wet or damp;Daylight;Raining;Vehicle with vehicle collision;2;3;Moving Backward;Driver or rider;Female;18-30;3;;;Not a Pedestrian;Changing lane to the left;Slight Injury
11:24:00;Sunday;Over 51;Male;Junior high school;Employee;1-2yr;Automobile;Owner;Above 10yr;No defect;Residential areas;Undivided Two way;Tangent road with flat terrain;Y Shape;Asphalt roads;Wet or damp;Daylight;Raining;Vehicle with vehicle collision;2;3;Going straight;Driver or rider;Male;31-50;3;Employee;;Not a Pedestrian;No priority to vehicle;Slight Injury
11:24:00;Sunday;Over 51;Male;;;;Pick up upto 10Q;Owner;Above 10yr;No defect;Other;One way;Steep grade downward with mountainous terrain;Y Shape;Asphalt roads;Wet or damp;Daylight;Raining;Vehicle with vehicle collision;2;3;Going straight;na;na;na;na;Driver;;Not a Pedestrian;Changing lane to the right;Slight Injury
11:24:00;Sunday;Over 51;Male;Elementary school;Employee;5-10yr;Lorry (41?100Q);Owner;Above 10yr;No defect;Residential areas;Two-way (divided with broken lines road marking);Tangent road with flat terrain;Y Shape;Asphalt roads;Wet or damp;Daylight;Raining;Collision with roadside objects;2;3;Going straight;na;na;na;na;Driver;;Not a Pedestrian;No distancing;Slight Injury
11:55:00;Friday;Over 51;Male;Junior high school;Employee;5-10yr;Public (13?45 seats);Owner;5-10yrs;No defect;Residential areas;Undivided Two way;Tangent road with flat terrain;Crossing;Asphalt roads;Dry;Daylight;Normal;Vehicle with vehicle collision;2;1;Going straight;Driver or rider;Male;31-50;3;Driver;;Not a Pedestrian;Moving Backward;Slight Injury
11:55:00;Friday;18-30;Male;Junior high school;Employee;Above 10yr;Long lorry;Owner;;No defect;Residential areas;Two-way (divided with broken lines road marking);Tangent road with flat terrain;Crossing;Asphalt roads;Dry;Daylight;Normal;Vehicle with vehicle collision;2;1;Reversing;Pedestrian;Male;Under 18;3;Self-employed;Normal;Not a Pedestrian;Moving Backward;Slight Injury
23:15:00;Tuesday;31-50;Male;Junior high school;Employee;2-5yr;Automobile;Owner;1-2yr;No defect;Other;other;Tangent road with flat terrain;Y Shape;Asphalt roads;Dry;Darkness - lights lit;Normal;Collision with roadside objects;2;1;Going straight;Driver or rider;Male;18-30;3;Driver;Normal;Not a Pedestrian;No distancing;Slight Injury
23:15:00;Tuesday;31-50;Male;Junior high school;Owner;Above 10yr;Automobile;Owner;5-10yrs;No defect;Other;Undivided Two way;Tangent road with flat terrain;Y Shape;Other;Dry;Darkness - lights lit;Normal;Vehicle with vehicle collision;2;1;Going straight;Pedestrian;Male;31-50;3;Other;Normal;Crossing from nearside - masked by parked or statioNot a Pedestrianry vehicle;No distancing;Slight Injury
08:25:00;Thursday;Unknown;Male;Junior high school;Employee;2-5yr;Other;Owner;5-10yrs;No defect;Other;One way;Tangent road with flat terrain;No junction;Asphalt roads;Dry;Daylight;Normal;Collision with roadside objects;2;1;Going straight;Driver or rider;Male;18-30;3;;;Not a Pedestrian;No distancing;Slight Injury
08:25:00;Thursday;31-50;Male;Elementary school;Other;5-10yr;;Owner;1-2yr;No defect; Hospital areas;Undivided Two way;Tangent road with flat terrain;No junction;Asphalt roads;Dry;Daylight;Normal;Vehicle with vehicle collision;2;1;Going straight;na;na;na;na;Driver;Normal;Not a Pedestrian;No priority to pedestrian;Slight Injury
16:35:00;Wednesday;18-30;Male;Elementary school;Employee;5-10yr;Long lorry;Owner;2-5yrs;No defect;Residential areas;Undivided Two way;Tangent road with flat terrain;Y Shape;Asphalt roads;Dry;Daylight;Normal;Vehicle with vehicle collision;1;1;Getting off;Driver or rider;Male;Under 18;3;Self-employed;Normal;Not a Pedestrian;Driving carelessly;Slight Injury
12:20:00;Tuesday;Unknown;Female;Junior high school;;5-10yr;Public (12 seats);Owner;5-10yrs;No defect;Residential areas;One way;Tangent road with flat terrain;No junction;Asphalt roads;Dry;Daylight;Normal;Vehicle with vehicle collision;2;1;Going straight;na;na;na;na;Self-employed;Normal;Not a Pedestrian;Changing lane to the right;Slight Injury
12:20:00;Tuesday;18-30;Male;Junior high school;Employee;5-10yr;Public (12 seats);Owner;5-10yrs;No defect;Residential areas;Undivided Two way;Tangent road with flat terrain;No junction;Asphalt roads;Dry;Daylight;Normal;Vehicle with vehicle collision;2;1;Going straight;Pedestrian;Female;Under 18;3;Self-employed;Normal;Not a Pedestrian;Changing lane to the left;Slight Injury
18:08:00;Tuesday;31-50;Male;Elementary school;Employee;Above 10yr;Other;Owner;1-2yr;No defect;Other;Two-way (divided with broken lines road marking);Tangent road with flat terrain;No junction;Asphalt roads;Dry;Daylight;Normal;Vehicle with vehicle collision;1;1;Going straight;na;na;na;na;;Other;Not a Pedestrian;Driving carelessly;Serious Injury
19:42:00;Friday;Under 18;Male;Junior high school;;Below 1yr;Other;Owner;1-2yr;No defect;Office areas;Two-way (divided with broken lines road marking);Tangent road with flat terrain;Crossing;Asphalt roads;Dry;Daylight;Normal;Vehicle with vehicle collision;2;1;Going straight;na;na;na;na;Driver;Blind;Not a Pedestrian;Driving carelessly;Slight Injury
19:42:00;Friday;31-50;Male;Junior high school;Employee;5-10yr;Other;Owner;2-5yrs;No defect;Other;other;Tangent road with flat terrain;Crossing;Asphalt roads;Dry;Daylight;Normal;Vehicle with vehicle collision;2;1;Reversing;Driver or rider;Male;31-50;3;Driver;Normal;Not a Pedestrian;No distancing;Slight Injury
13:19:00;Saturday;31-50;Male;Elementary school;Employee;1-2yr;Public (12 seats);Owner;Unknown;No defect;Office areas;Double carriageway (median);Tangent road with flat terrain;Y Shape;;Wet or damp;Daylight;Raining;Vehicle with vehicle collision;2;1;Moving Backward;Pedestrian;Male;18-30;3;Self-employed;Normal;Not a Pedestrian;Other;Slight Injury
13:19:00;Saturday;Over 51;Male;;;;Lorry (41?100Q);Owner;Unknown;No defect;Residential areas;Two-way (divided with broken lines road marking);Tangent road with flat terrain;Y Shape;Other;Wet or damp;Daylight;Raining;Collision with pedestrians;2;1;Going straight;na;na;na;na;Driver;Normal;Not a Pedestrian;Changing lane to the right;Slight Injury
00:25:00;Saturday;Over 51;Male;Junior high school;Employee;Above 10yr;Other;Owner;Unknown;No defect;Office areas;Double carriageway (median);Gentle horizontal curve;No junction;Asphalt roads;Dry;Darkness - lights lit;Normal;Collision with roadside objects;2;2;Going straight;Driver or rider;Male;5;3;Driver;Normal;Not a Pedestrian;Changing lane to the right;Slight Injury
00:25:00;Saturday;18-30;Male;High school;Owner;2-5yr;Public (12 seats);Owner;;No defect;Office areas;Double carriageway (median);Tangent road with flat terrain;No junction;Asphalt roads;Dry;Darkness - lights lit;Normal;Vehicle with vehicle collision;2;2;Going straight;Pedestrian;Female;18-30;3;Driver;Normal;Crossing from nearside - masked by parked or statioNot a Pedestrianry vehicle;No distancing;Slight Injury
15:25:00;Monday;Over 51;Male;Junior high school;Employee;1-2yr;Other;Organization;Unknown;No defect;Other;Double carriageway (median);Tangent road with flat terrain;Y Shape;Asphalt roads;Dry;Daylight;Windy;Vehicle with vehicle collision;2;1;Going straight;Driver or rider;Male;31-50;3;Driver;Normal;Not a Pedestrian;No distancing;Slight Injury
15:25:00;Monday;Under 18;Male;Junior high school;Employee;1-2yr;Lorry (11?40Q);Owner;Unknown;No defect;Office areas;Two-way (divided with broken lines road marking);Tangent road with flat terrain;Y Shape;Asphalt roads;Dry;Daylight;Windy;Collision with roadside objects;2;1;Going straight;na;na;na;na;Driver;Normal;Not a Pedestrian;Overturning;Slight Injury
15:42:00;Friday;31-50;Male;Above high school;Owner;2-5yr;Other;Owner;Unknown;No defect;Office areas;;Tangent road with flat terrain;No junction;Asphalt roads with some distress;Dry;Daylight;Normal;Vehicle with vehicle collision;2;1;Going straight;na;na;na;na;Driver;Normal;Not a Pedestrian;Driving at high speed;Slight Injury
15:42:00;Friday;Unknown;Female;;;;Other;Governmental;Unknown;;Office areas;One way;Tangent road with flat terrain;No junction;;Dry;Daylight;Normal;Vehicle with vehicle collision;2;1;Turnover;Pedestrian;Male;31-50;2;;Normal;Unknown or other;No priority to vehicle;Slight Injury
12:45:00;Friday;18-30;Male;Elementary school;Owner;2-5yr;Other;Owner;Unknown;;Other;Undivided Two way;Tangent road with flat terrain;No junction;Asphalt roads;Wet or damp;Daylight;Raining;Collision with pedestrians;2;3;Going straight;Driver or rider;Male;18-30;3;Employee;Normal;Not a Pedestrian;No priority to pedestrian;Serious Injury
12:45:00;Friday;18-30;Male;Junior high school;Employee;1-2yr;Pick up upto 10Q;Owner;Unknown;;Residential areas;;Tangent road with flat terrain;No junction;Asphalt roads;Wet or damp;Daylight;Raining;Vehicle with vehicle collision;2;3;Other;na;na;na;na;;;Not a Pedestrian;No priority to vehicle;Serious Injury
12:45:00;Friday;Over 51;Male;;Owner;5-10yr;Automobile;Owner;2-5yrs;No defect;Residential areas;Two-way (divided with broken lines road marking);Gentle horizontal curve;No junction;Asphalt roads;Wet or damp;Daylight;Raining;Collision with pedestrians;2;3;Going straight;na;na;na;na;Driver;Normal;Not a Pedestrian;Other;Serious Injury
14:56:00;Friday;Over 51;Male;Junior high school;Employee;Below 1yr;Other;Owner;5-10yrs;; Church areas;Two-way (divided with broken lines road marking);Tangent road with flat terrain;Y Shape;Asphalt roads;Dry;Daylight;Normal;Vehicle with vehicle collision;2;2;Going straight;Driver or rider;Male;31-50;3;Self-employed;Normal;Not a Pedestrian;Other;Slight Injury
14:56:00;Friday;Over 51;Male;Junior high school;Employee;2-5yr;Lorry (41?100Q);Owner;5-10yrs;;Other;Two-way (divided with broken lines road marking);Tangent road with flat terrain;Y Shape;Earth roads;Dry;Daylight;Normal;Vehicle with vehicle collision;2;2;Going straight;na;na;na;na;Self-employed;Normal;Not a Pedestrian;Moving Backward;Slight Injury
16:50:00;Tuesday;Unknown;Male;Junior high school;Employee;5-10yr;Public (13?45 seats);Owner;Unknown;;Residential areas;Two-way (divided with broken lines road marking);Tangent road with flat terrain;Y Shape;Asphalt roads;Dry;Daylight;Normal;Collision with roadside objects;2;1;Going straight;Pedestrian;Male;18-30;3;;;Unknown or other;No distancing;Slight Injury
16:50:00;Tuesday;18-30;Male;Junior high school;Employee;Above 10yr;Automobile;Owner;2-5yrs;;Other;Undivided Two way;Tangent road with flat terrain;Y Shape;Asphalt roads;Dry;Daylight;Normal;Vehicle with vehicle collision;2;1;Going straight;na;na;na;na;Self-employed;Normal;Not a Pedestrian;Moving Backward;Slight Injury
06:30:00;Wednesday;18-30;Male;Elementary school;Employee;2-5yr;Pick up upto 10Q;Owner;2-5yrs;;Residential areas;Undivided Two way;Tangent road with flat terrain;No junction;Asphalt roads;Wet or damp;Daylight;Raining;Vehicle with vehicle collision;1;1;Moving Backward;Driver or rider;Male;18-30;3;;;Not a Pedestrian;No priority to vehicle;Slight Injury
16:45:00;Tuesday;Under 18;Male;Elementary school;Owner;Above 10yr;Lorry (41?100Q);Owner;2-5yrs;;Residential areas;Two-way (divided with broken lines road marking);Tangent road with flat terrain;Crossing;Asphalt roads;Dry;Daylight;Normal;Vehicle with vehicle collision;1;1;Moving Backward;na;na;na;na;Self-employed;Normal;Not a Pedestrian;Driving carelessly;Slight Injury
14:30:00;Sunday;18-30;Male;Junior high school;Employee;1-2yr;Public (12 seats);Owner;5-10yrs;No defect;Other;Two-way (divided with broken lines road marking);Tangent road with flat terrain;No junction;Asphalt roads;Dry;Daylight;Normal;Collision with pedestrians;2;2;Moving Backward;Driver or rider;Male;31-50;2;Driver;Normal;Not a Pedestrian;No distancing;Slight Injury
14:30:00;Sunday;18-30;Male;Junior high school;Employee;5-10yr;Other;;;;Other;Two-way (divided with broken lines road marking);Tangent road with flat terrain;No junction;Asphalt roads;Dry;Daylight;Normal;Collision with roadside objects;2;2;Other;Passenger;Female;5;3;Self-employed;Normal;Not a Pedestrian;Other;Slight Injury
10:00:00;Saturday;18-30;Male;Junior high school;Employee;2-5yr;Lorry (41?100Q);Owner;Unknown;No defect;Other;Undivided Two way;Tangent road with flat terrain;O Shape;Asphalt roads;Dry;Daylight;Normal;Collision with pedestrians;2;1;Going straight;na;na;na;na;Self-employed;Normal;Not a Pedestrian;Changing lane to the right;Slight Injury
10:00:00;Saturday;Over 51;Male;Junior high school;Employee;2-5yr;Pick up upto 10Q;Owner;Unknown;No defect;Other;Double carriageway (median);Tangent road with flat terrain;O Shape;Asphalt roads;Dry;Daylight;Normal;Vehicle with vehicle collision;2;1;Unknown;na;na;na;na;Self-employed;Normal;Not a Pedestrian;No distancing;Slight Injury
07:45:00;Friday;18-30;Male;Junior high school;Employee;2-5yr;Other;Owner;Unknown;;Residential areas;Two-way (divided with broken lines road marking);Tangent road with flat terrain;Y Shape;Asphalt roads;Wet or damp;Daylight;Raining;Vehicle with vehicle collision;3;1;Turnover;Driver or rider;Male;Under 18;3;Driver;Normal;Not a Pedestrian;Driving carelessly;Slight Injury
07:45:00;Friday;Unknown;Male;Junior high school;Employee;2-5yr;Lorry (41?100Q);Owner;2-5yrs;;  Recreational areas;Undivided Two way;Tangent road with flat terrain;Y Shape;Asphalt roads;Wet or damp;Daylight;Raining;Vehicle with vehicle collision;3;1;Getting off;Driver or rider;Male;31-50;3;Employee;Normal;Not a Pedestrian;No distancing;Slight Injury
07:45:00;Friday;18-30;Male;Junior high school;Employee;Above 10yr;Ridden horse;Owner;;;Other;other;Tangent road with flat terrain;Y Shape;Asphalt roads;Wet or damp;Daylight;Raining;Vehicle with vehicle collision;3;1;Going straight;na;na;na;na;;Normal;Not a Pedestrian;No priority to vehicle;Slight Injury
19:45:00;Friday;18-30;Male;Junior high school;Employee;Above 10yr;Automobile;Owner;;;Office areas;Undivided Two way;Tangent road with flat terrain;Crossing;Gravel roads;Dry;Darkness - lights lit;Normal;Vehicle with vehicle collision;2;4;Going straight;Driver or rider;Female;18-30;3;;;Not a Pedestrian;Changing lane to the right;Slight Injury
19:45:00;Friday;18-30;Male;Elementary school;Employee;5-10yr;Automobile;;;;Other;Undivided Two way;Tangent road with flat terrain;Crossing;Asphalt roads;Dry;Darkness - lights lit;Normal;Collision with roadside objects;2;4;Going straight;na;na;na;na;;;Not a Pedestrian;No priority to pedestrian;Slight Injury
19:45:00;Friday;18-30;Male;;Employee;;Stationwagen;Owner;Unknown;;Office areas;Undivided Two way;Tangent road with flat terrain;Crossing;Asphalt roads;Dry;Darkness - lights lit;Normal;Collision with roadside objects;2;4;Turnover;na;na;na;na;;;Not a Pedestrian;No priority to vehicle;Slight Injury
19:45:00;Friday;18-30;Male;;Employee;2-5yr;Other;Owner;Unknown;;Office areas;One way;Tangent road with flat terrain;Crossing;Asphalt roads;Dry;Darkness - lights lit;Normal;Vehicle with vehicle collision;2;4;Reversing;Driver or rider;Female;18-30;3;Self-employed;Normal;Not a Pedestrian;Changing lane to the left;Slight Injury
19:45:00;Friday;18-30;Male;Elementary school;Employee;5-10yr;Lorry (41?100Q);Owner;Unknown;;Office areas;Undivided Two way;Tangent road with flat terrain;Crossing;Asphalt roads;Dry;Darkness - lights lit;Normal;Vehicle with vehicle collision;2;4;Moving Backward;Driver or rider;Male;31-50;3;Driver;Normal;Not a Pedestrian;Turnover;Slight Injury
18:50:00;Friday;31-50;Male;Junior high school;Employee;5-10yr;Lorry (41?100Q);Owner;Unknown;No defect;Other;Undivided Two way;Tangent road with flat terrain;Crossing;Asphalt roads;Wet or damp;Darkness - lights lit;Normal;Vehicle with vehicle collision;2;1;Other;Pedestrian;Male;31-50;3;;;Not a Pedestrian;Driving to the left;Slight Injury
18:50:00;Friday;18-30;Male;Junior high school;Employee;Above 10yr;Long lorry;Governmental;Unknown;;Other;Double carriageway (median);Tangent road with flat terrain;Crossing;Asphalt roads;Wet or damp;Darkness - lights lit;Normal;Vehicle with vehicle collision;2;1;Going straight;Pedestrian;Male;18-30;3;;;Not a Pedestrian;Driving carelessly;Slight Injury
11:42:00;Wednesday;Over 51;Male;Junior high school;Employee;5-10yr;Stationwagen;Owner;Unknown;No defect;Office areas;Two-way (divided with solid lines road marking);Tangent road with flat terrain;No junction;Asphalt roads;Dry;Daylight;Normal;Vehicle with vehicle collision;2;1;Going straight;na;na;na;na;Driver;Normal;Not a Pedestrian;Driving to the left;Serious Injury
11:42:00;Wednesday;31-50;Male;Junior high school;Employee;Above 10yr;Public (12 seats);Owner;Unknown;;Residential areas;other;Tangent road with flat terrain;No junction;Asphalt roads;Dry;Daylight;Normal;Vehicle with vehicle collision;2;1;Going straight;Driver or rider;Male;18-30;3;Driver;Normal;Not a Pedestrian;Driving carelessly;Serious Injury
17:57:00;Thursday;18-30;Male;Elementary school;Employee;Below 1yr;Automobile;Governmental;2-5yrs;;  Recreational areas;Undivided Two way;Tangent road with flat terrain;No junction;Asphalt roads;Dry;Daylight;Normal;Vehicle with vehicle collision;1;1;Going straight;na;na;na;na;Self-employed;Normal;Not a Pedestrian;No priority to pedestrian;Slight Injury
20:30:00;Sunday;Over 51;Male;Elementary school;Employee;5-10yr;Public (12 seats);Owner;1-2yr;No defect;Other;other;Tangent road with flat terrain;No junction;Asphalt roads;Dry;Darkness - lights lit;Raining and Windy;Vehicle with vehicle collision;1;1;Going straight;Driver or rider;Male;18-30;3;Driver;Normal;Not a Pedestrian;Driving carelessly;Slight Injury
12:28:00;Thursday;Over 51;Male;Elementary school;Employee;1-2yr;Lorry (41?100Q);Owner;Above 10yr;No defect;Residential areas;other;Tangent road with flat terrain;Other;Asphalt roads;Wet or damp;Daylight;Raining;Vehicle with vehicle collision;2;1;Going straight;Driver or rider;Male;18-30;3;Driver;Normal;Not a Pedestrian;Changing lane to the right;Slight Injury
12:28:00;Thursday;18-30;Male;Elementary school;Employee;5-10yr;Automobile;Owner;Unknown;No defect;Other;other;Tangent road with flat terrain;Other;Asphalt roads;Wet or damp;Daylight;Raining;Vehicle with vehicle collision;2;1;Going straight;na;na;na;na;Self-employed;Normal;Not a Pedestrian;Moving Backward;Slight Injury
08:35:00;Friday;18-30;Male;Elementary school;Employee;5-10yr;Lorry (41?100Q);Owner;Unknown;;Other;other;Tangent road with flat terrain;No junction;Asphalt roads;Wet or damp;Daylight;Normal;Other;1;1;Going straight;Passenger;Female;5;3;Self-employed;Normal;Not a Pedestrian;Driving carelessly;Slight Injury
12:25:00;Wednesday;18-30;Male;Elementary school;Employee;2-5yr;Lorry (41?100Q);Owner;5-10yrs;;Other;One way;Tangent road with flat terrain;Crossing;Asphalt roads;Dry;Daylight;Normal;Vehicle with vehicle collision;3;1;Going straight;Driver or rider;Male;18-30;3;Driver;Normal;Not a Pedestrian;Changing lane to the right;Serious Injury
12:25:00;Wednesday;18-30;Male;Elementary school;Employee;5-10yr;Pick up upto 10Q;Owner;Unknown;No defect;Other;Two-way (divided with broken lines road marking);Tangent road with flat terrain;Crossing;Asphalt roads;Dry;Daylight;Normal;Collision with roadside objects;3;1;Other;Passenger;Male;5;3;Self-employed;Normal;Not a Pedestrian;Driving carelessly;Serious Injury
12:25:00;Wednesday;Unknown;Female;;;5-10yr;Other;Owner;2-5yrs;No defect;Other;other;Tangent road with flat terrain;Crossing;Asphalt roads;Dry;Daylight;Normal;Vehicle with vehicle collision;3;1;Moving Backward;na;na;na;na;;;Not a Pedestrian;Driving carelessly;Serious Injury
12:30:00;Sunday;Over 51;Male;Junior high school;Employee;Above 10yr;Automobile;Owner;Unknown;No defect;School areas;Undivided Two way;Tangent road with flat terrain;No junction;Asphalt roads;Wet or damp;Daylight;Normal;Vehicle with vehicle collision;1;1;Going straight;Pedestrian;Male;Over 51;3;;;Not a Pedestrian;Driving carelessly;Slight Injury
18:05:00;Thursday;31-50;Male;Junior high school;Employee;Above 10yr;Automobile;Owner;;No defect;Office areas;Two-way (divided with broken lines road marking);Tangent road with flat terrain;No junction;Asphalt roads;Dry;Darkness - lights lit;Normal;Vehicle with vehicle collision;2;1;Moving Backward;Driver or rider;Male;18-30;3;;;Not a Pedestrian;Changing lane to the right;Serious Injury
18:05:00;Thursday;31-50;Male;Elementary school;Employee;Below 1yr;Lorry (11?40Q);Owner;Unknown;No defect;Office areas;Two-way (divided with broken lines road marking);Tangent road with flat terrain;No junction;Asphalt roads;Dry;Darkness - lights lit;Normal;Vehicle with vehicle collision;2;1;Going straight;na;na;na;na;Self-employed;Normal;Not a Pedestrian;Changing lane to the right;Serious Injury
10:50:00;Tuesday;31-50;Male;Elementary school;Employee;5-10yr;Bajaj;Owner;5-10yrs;No defect;Office areas;Two-way (divided with broken lines road marking);Tangent road with flat terrain;Crossing;Asphalt roads;Dry;Daylight;Normal;Vehicle with vehicle collision;1;1;Moving Backward;Pedestrian;Male;Over 51;3;Driver;Normal;Not a Pedestrian;Driving carelessly;Slight Injury
14:12:00;Saturday;Over 51;Male;Elementary school;Owner;5-10yr;Automobile;Owner;Unknown;No defect;School areas;;Tangent road with flat terrain;No junction;Asphalt roads;Dry;Daylight;Normal;Vehicle with vehicle collision;2;1;;na;na;na;na;Employee;Normal;Not a Pedestrian;Overtaking;Slight Injury
14:12:00;Saturday;Under 18;Male;Elementary school;Employee;2-5yr;Lorry (41?100Q);Governmental;;No defect;School areas;Undivided Two way;Tangent road with flat terrain;No junction;Other;Dry;Daylight;Normal;Collision with roadside objects;2;1;Going straight;Driver or rider;Female;31-50;3;Driver;Normal;Not a Pedestrian;Changing lane to the right;Slight Injury
10:20:00;Friday;Over 51;Male;Elementary school;Employee;Above 10yr;Lorry (11?40Q);Owner;;No defect;Office areas;Two-way (divided with broken lines road marking);Tangent road with flat terrain;Crossing;;Dry;Daylight;Normal;Collision with roadside objects;3;1;Going straight;Passenger;Female;18-30;3;Driver;Normal;Not a Pedestrian;No distancing;Slight Injury
10:20:00;Friday;18-30;Male;Elementary school;Employee;2-5yr;Lorry (11?40Q);Owner;;No defect;Office areas;Two-way (divided with broken lines road marking);Tangent road with flat terrain;Crossing;Asphalt roads;Dry;Daylight;Normal;Vehicle with vehicle collision;3;1;Going straight;na;na;na;na;Driver;Normal;Not a Pedestrian;Other;Slight Injury