Time;Day_of_week;Age_band_of_driver;Sex_of_driver;Educational_level;Vehicle_driver_relation;Driving_experience;Type_of_vehicle;Owner_of_vehicle;Service_year_of_vehicle;Defect_of_vehicle;Area_accident_occured;Lanes_or_Medians;Road_allignment;Types_of_Junction;Road_surface_type;Road_surface_conditions;Light_conditions;Weather_conditions;Type_of_collision;Number_of_vehicles_involved;Number_of_casualties;Vehicle_movement;Casualty_class;Sex_of_casualty;Age_band_of_casualty;Casualty_severity;Work_of_casuality;Fitness_of_casuality;Pedestrian_movement;Cause_of_accident;Accident_severity
10:20:00;Friday;Unknown;Male;Junior high school;Employee;Above 10yr;Automobile;Governmental;Above 10yr;No defect;School areas;Two-way (divided with broken lines road marking);Tangent road with flat terrain;Crossing;Asphalt roads;Dry;Daylight;Normal;Collision with roadside objects;3;1;Going straight;Driver or rider;Male;18-30;3;Driver;Normal;Not a Pedestrian;Changing lane to the right;Slight Injury
18:30:00;Wednesday;18-30;Male;Junior high school;Employee;Below 1yr;;Owner;1-2yr;No defect;;Two-way (divided with broken lines road marking);Tangent road with flat terrain;Other;Asphalt roads;Dry;Darkness - lights lit;Unknown;Collision with roadside objects;2;1;Other;Driver or rider;Male;31-50;2;Driver;Normal;Not a Pedestrian;Changing lane to the right;Serious Injury
18:30:00;Wednesday;Unknown;Female;Junior high school;Employee;2-5yr;Automobile;Owner;Above 10yr;No defect;Other;Two-way (divided with broken lines road marking);Tangent road with flat terrain;Other;Asphalt roads;Dry;Darkness - lights lit;Unknown;Vehicle with vehicle collision;2;1;Going straight;na;na;na;na;Driver;Normal;Not a Pedestrian;Overtaking;Serious Injury
19:17:00;Tuesday;18-30;Male;Elementary school;Employee;5-10yr;Public (13?45 seats);Owner;Below 1yr;No defect;Other;Undivided Two way;Tangent road with flat terrain;Y Shape;Asphalt roads;Wet or damp;Darkness - lights lit;Snow;Vehicle with vehicle collision;1;1;Moving Backward;Driver or rider;Male;31-50;3;Employee;Normal;Not a Pedestrian;Other;Serious Injury
10:30:00;Thursday;Unknown;Male;Elementary school;Employee;5-10yr;Public (12 seats);Owner;Above 10yr;No defect;Other;Two-way (divided with broken lines road marking);Tangent road with flat terrain;No junction;Asphalt roads;Dry;Daylight;Normal;Collision with roadside objects;2;3;Moving Backward;na;na;na;na;Driver;Normal;Not a Pedestrian;Driving to the left;Slight Injury
10:30:00;Thursday;18-30;Male;Elementary school;Employee;1-2yr;Other;Owner;Unknown;No defect;Residential areas;Undivided Two way;Tangent road with flat terrain;No junction;Asphalt roads;Dry;Daylight;Normal;Vehicle with vehicle collision;2;3;Moving Backward;Driver or rider;Male;18-30;3;Employee;Normal;Not a Pedestrian;Overtaking;Slight Injury
10:30:00;Thursday;18-30;Male;Elementary school;Employee;;Automobile;Governmental;1-2yr;No defect;Other;Undivided Two way;Tangent road with flat terrain;No junction;Asphalt roads;Dry;Daylight;Normal;Vehicle with vehicle collision;2;3;Going straight;na;na;na;na;Self-employed;Normal;Not a Pedestrian;No priority to vehicle;Slight Injury
10:30:00;Thursday;18-30;Male;Junior high school;Employee;1-2yr;Automobile;Owner;1-2yr;No defect;Other;Undivided Two way;Tangent road with flat terrain;No junction;Asphalt roads;Dry;Daylight;Normal;Vehicle with vehicle collision;2;3;Going straight;Pedestrian;Female;Under 18;3;Driver;Normal;Not a Pedestrian;Moving Backward;Slight Injury
13:35:00;Sunday;Under 18;Male;;Employee;5-10yr;Public (13?45 seats);Owner;;No defect; Industrial areas;Undivided Two way;Tangent road with flat terrain;No junction;Asphalt roads;Dry;Daylight;Other;Vehicle with vehicle collision;1;1;Going straight;Driver or rider;Male;18-30;3;Driver;Normal;Not a Pedestrian;Other;Slight Injury
13:43:00;Monday;31-50;Male;Elementary school;Owner;1-2yr;Public (13?45 seats);Owner;;No defect;  Recreational areas;Undivided Two way;Tangent road with flat terrain;Y Shape;Asphalt roads;Wet or damp;Daylight;Raining;Vehicle with vehicle collision;3;5;Going straight;na;na;na;na;Self-employed;Normal;Not a Pedestrian;No priority to vehicle;Slight Injury
13:43:00;Monday;Under 18;Male;Junior high school;Employee;5-10yr;Automobile;Owner;Above 10yr;No defect; Church areas;Two-way (divided with broken lines road marking);Tangent road with flat terrain;Y Shape;Asphalt roads;Wet or damp;Daylight;Raining;Vehicle with vehicle collision;3;5;Other;Driver or rider;Male;18-30;3;Self-employed;Normal;Not a Pedestrian;No priority to pedestrian;Slight Injury
13:43:00;Monday;Under 18;Male;Junior high school;Employee;2-5yr;Other;Owner;;;Office areas;Two-way (divided with broken lines road marking);Tangent road with flat terrain;Y Shape;Other;Wet or damp;Daylight;Raining;Collision with pedestrians;3;5;Going straight;Passenger;Male;Over 51;3;Driver;Normal;Not a Pedestrian;Changing lane to the right;Slight Injury
13:43:00;Monday;Under 18;Male;Junior high school;Employee;2-5yr;Pick up upto 10Q;Owner;;;Other;Two-way (divided with broken lines road marking);Tangent road with flat terrain;Y Shape;Asphalt roads;Wet or damp;Daylight;Raining;Vehicle with vehicle collision;3;5;Going straight;Passenger;Female;31-50;3;Driver;Normal;Not a Pedestrian;Changing lane to the right;Slight Injury
13:43:00;Monday;31-50;Male;Junior high school;Employee;5-10yr;Lorry (41?100Q);Owner;;;Office areas;Undivided Two way;Tangent road with flat terrain;Y Shape;Asphalt roads;Wet or damp;Daylight;Raining;Collision with roadside objects;3;5;Going straight;Driver or rider;Male;Under 18;3;Self-employed;Normal;Not a Pedestrian;Changing lane to the right;Slight Injury
15:56:00;Friday;Unknown;Male;Junior high school;Owner;Below 1yr;Automobile;Owner;;;Office areas;Two-way (divided with broken lines road marking);Tangent road with flat terrain;No junction;Asphalt roads;Dry;Daylight;Cloudy;Vehicle with vehicle collision;2;1;Reversing;na;na;na;na;Self-employed;Normal;Not a Pedestrian;Driving to the left;Slight Injury
15:56:00;Friday;18-30;Male;High school;Employee;Below 1yr;Automobile;Owner;;;Other;Two-way (divided with broken lines road marking);Tangent road with flat terrain;No junction;Asphalt roads;Dry;Daylight;Cloudy;Vehicle with vehicle collision;2;1;Moving Backward;Driver or rider;Male;31-50;3;Driver;Normal;Not a Pedestrian;Changing lane to the left;Slight Injury
17:00:00;Saturday;31-50;Male;Junior high school;Employee;;Lorry (41?100Q);Owner;Above 10yr;;Residential areas;Undivided Two way;Tangent road with flat terrain;No junction;Asphalt roads;Wet or damp;Darkness - lights lit;Other;Vehicle with vehicle collision;2;2;Going straight;Passenger;Male;31-50;3;Driver;Normal;Not a Pedestrian;Moving Backward;Slight Injury
17:00:00;Saturday;31-50;Male;Junior high school;Employee;Below 1yr;;Owner;Above 10yr;;Office areas;other;Tangent road with mountainous terrain and;No junction;Asphalt roads;Wet or damp;Darkness - lights lit;Other;Vehicle with vehicle collision;2;2;Going straight;na;na;na;na;Driver;Normal;Not a Pedestrian;Driving at high speed;Slight Injury
17:00:00;Saturday;31-50;Male;Junior high school;Employee;2-5yr;Other;Owner;Above 10yr;No defect;Residential areas;other;Tangent road with flat terrain;No junction;Asphalt roads;Wet or damp;Darkness - lights lit;Other;Vehicle with vehicle collision;2;2;Reversing;Passenger;Male;Over 51;3;Driver;Normal;Not a Pedestrian;Moving Backward;Slight Injury
06:50:00;Wednesday;18-30;Male;Junior high school;Employee;2-5yr;Automobile;;;;School areas;Two-way (divided with broken lines road marking);Tangent road with flat terrain;Crossing;Asphalt roads;Dry;Darkness - lights lit;Raining;Vehicle with vehicle collision;2;1;Going straight;na;na;na;na;;;Not a Pedestrian;No distancing;Slight Injury
06:50:00;Wednesday;Over 51;Male;Junior high school;Employee;5-10yr;Automobile;Owner;Above 10yr;No defect;Office areas;Two-way (divided with broken lines road marking);Sharp reverse curve;Crossing;Asphalt roads;Dry;Darkness - lights lit;Raining;Vehicle with vehicle collision;2;1;Reversing;Driver or rider;Male;31-50;3;;Normal;Not a Pedestrian;Other;Slight Injury
16:30:00;Tuesday;Under 18;Male;Elementary school;Employee;5-10yr;Automobile;Owner;5-10yrs;No defect;Other;other;Tangent road with flat terrain;Y Shape;Other;Dry;Darkness - lights lit;Normal;Vehicle with vehicle collision;2;2;Other;Pedestrian;Female;31-50;3;Driver;Normal;Not a Pedestrian;No priority to vehicle;Slight Injury
16:30:00;Tuesday;Under 18;Male;;Owner;5-10yr;Automobile;Owner;Above 10yr;No defect;Other;Undivided Two way;Tangent road with flat terrain;Y Shape;Asphalt roads;Dry;Darkness - lights lit;Normal;Vehicle with vehicle collision;2;2;;Pedestrian;Male;Under 18;3;;;Not a Pedestrian;Changing lane to the right;Slight Injury
16:30:00;Tuesday;18-30;Male;Junior high school;Employee;5-10yr;Lorry (41?100Q);Owner;Above 10yr;No defect; Church areas;other;Tangent road with flat terrain;Y Shape;Asphalt roads;Dry;Darkness - lights lit;Normal;Collision with roadside objects;2;2;Going straight;Pedestrian;Male;18-30;3;;;Not a Pedestrian;Other;Slight Injury
13:40:00;Tuesday;Unknown;Female;Junior high school;Owner;5-10yr;Other;Owner;;No defect;Office areas;Two-way (divided with broken lines road marking);Tangent road with flat terrain;Crossing;;Dry;Daylight;Normal;Vehicle with vehicle collision;2;1;Going straight;Pedestrian;Female;Under 18;3;;;Crossing from nearside - masked by parked or statioNot a Pedestrianry vehicle;No distancing;Slight Injury
13:40:00;Tuesday;18-30;Male;Illiterate;Employee;2-5yr;Pick up upto 10Q;Owner;;No defect;Other;Two-way (divided with broken lines road marking);Tangent road with flat terrain;Crossing;Asphalt roads;Dry;Daylight;Normal;Collision with roadside objects;2;1;Going straight;Pedestrian;Female;5;3;Driver;Normal;Not a Pedestrian;Driving carelessly;Slight Injury
05:02:00;Sunday;18-30;Male;Junior high school;Employee;5-10yr;Stationwagen;Owner;;No defect;Office areas;Two-way (divided with broken lines road marking);Tangent road with mild grade and flat terrain;No junction;Asphalt roads;Wet or damp;Darkness - lights lit;Raining;Vehicle with vehicle collision;1;3;Going straight;na;na;na;na;;;Not a Pedestrian;No distancing;Slight Injury
05:02:00;Sunday;18-30;Male;Junior high school;Employee;Below 1yr;Other;Owner;;No defect;Office areas;Two-way (divided with broken lines road marking);Tangent road with flat terrain;No junction;Asphalt roads;Wet or damp;Darkness - lights lit;Raining;Vehicle with vehicle collision;1;3;Going straight;Driver or rider;Male;18-30;3;;;Not a Pedestrian;Moving Backward;Slight Injury
05:02:00;Sunday;18-30;Male;Junior high school;Employee;1-2yr;Pick up upto 10Q;Owner;Above 10yr;No defect;Office areas;Two-way (divided with broken lines road marking);Sharp reverse curve;No junction;Earth roads;Wet or damp;Darkness - lights lit;Raining;;1;3;Going straight;na;na;na;na;Driver;Normal;Not a Pedestrian;No distancing;Slight Injury
16:05:00;Thursday;Unknown;Male;Elementary school;Employee;2-5yr;Stationwagen;Owner;Above 10yr;No defect; Church areas;Undivided Two way;Sharp reverse curve;Crossing;Asphalt roads;Wet or damp;Daylight;Normal;Collision with pedestrians;2;1;Going straight;Driver or rider;Male;31-50;3;Driver;Normal;Not a Pedestrian;Moving Backward;Slight Injury
16:05:00;Thursday;31-50;Male;Elementary school;Employee;2-5yr;Lorry (41?100Q);Owner;Above 10yr;No defect;Office areas;Undivided Two way;Gentle horizontal curve;Crossing;Asphalt roads;Wet or damp;Daylight;Normal;Vehicle with vehicle collision;2;1;Going straight;Driver or rider;Male;18-30;3;Driver;Normal;Not a Pedestrian;No priority to pedestrian;Slight Injury
07:58:00;Monday;18-30;Male;Elementary school;Employee;5-10yr;Automobile;Owner;5-10yrs;No defect;Other;Double carriageway (median);Gentle horizontal curve;No junction;Asphalt roads;Wet or damp;Daylight;Normal;Vehicle with vehicle collision;1;1;Going straight;Passenger;Female;18-30;3;Driver;Normal;Not a Pedestrian;Changing lane to the left;Slight Injury
15:16:00;Thursday;18-30;Male;Junior high school;Employee;5-10yr;;Owner;;;Other;Two-way (divided with broken lines road marking);Tangent road with flat terrain;Y Shape;Asphalt roads;Wet or damp;Daylight;Normal;Vehicle with vehicle collision;2;1;Going straight;Passenger;Female;18-30;3;;;Not a Pedestrian;No distancing;Slight Injury
15:16:00;Thursday;Under 18;Male;;;;Automobile;Owner;5-10yrs;No defect; Church areas;Unknown;Tangent road with mountainous terrain and;Y Shape;Asphalt roads;Wet or damp;Daylight;Normal;Collision with pedestrians;2;1;Going straight;Pedestrian;Male;Over 51;2;Driver;Normal;Not a Pedestrian;Other;Slight Injury
07:14:00;Tuesday;18-30;Male;Junior high school;Employee;Above 10yr;Automobile;Owner;1-2yr;;School areas;Undivided Two way;Tangent road with flat terrain;Crossing;Asphalt roads;Wet or damp;Darkness - lights lit;Unknown;Collision with roadside objects;2;1;Going straight;Pedestrian;Female;31-50;2;;;Unknown or other;No distancing;Slight Injury
07:14:00;Tuesday;Under 18;Male;Junior high school;Employee;Above 10yr;Turbo;;;; Church areas;Two-way (divided with broken lines road marking);Tangent road with flat terrain;Crossing;Asphalt roads;Wet or damp;Darkness - lights lit;Unknown;;2;1;Going straight;Driver or rider;Male;18-30;3;;;Not a Pedestrian;No priority to pedestrian;Slight Injury
13:17:00;Friday;18-30;Male;Junior high school;Owner;Above 10yr;;Owner;Above 10yr;;Office areas;Undivided Two way;Tangent road with flat terrain;No junction;Asphalt roads;Wet or damp;Daylight;Normal;Vehicle with vehicle collision;2;1;Going straight;na;na;na;na;;;Not a Pedestrian;Moving Backward;Slight Injury
13:17:00;Friday;31-50;Male;Junior high school;Employee;unknown;Stationwagen;Owner;2-5yrs;No defect;Other;other;Tangent road with flat terrain;No junction;Asphalt roads;Wet or damp;Daylight;Normal;;2;1;Going straight;Pedestrian;Female;31-50;3;;;Unknown or other;No priority to pedestrian;Slight Injury
17:44:00;Thursday;Under 18;Male;Junior high school;Employee;5-10yr;Automobile;Owner;Above 10yr;; Church areas;Two-way (divided with broken lines road marking);Steep grade upward with mountainous terrain;No junction;Asphalt roads;Wet or damp;Darkness - lights lit;Cloudy;;2;2;Moving Backward;Driver or rider;Female;31-50;2;;;Not a Pedestrian;No distancing;Slight Injury
17:44:00;Thursday;18-30;Male;Junior high school;Employee;2-5yr;Automobile;Governmental;1-2yr;No defect;Other;Double carriageway (median);Tangent road with flat terrain;No junction;Asphalt roads;Wet or damp;Darkness - lights lit;Cloudy;;2;2;Going straight;na;na;na;na;Driver;Normal;Not a Pedestrian;No priority to pedestrian;Slight Injury
17:44:00;Thursday;18-30;Male;Elementary school;Employee;5-10yr;Automobile;Governmental;Above 10yr;;Other;Double carriageway (median);Tangent road with flat terrain;No junction;Asphalt roads;Wet or damp;Darkness - lights lit;Cloudy;Vehicle with vehicle collision;2;2;Going straight;Pedestrian;Male;31-50;3;Driver;Normal;Not a Pedestrian;Driving carelessly;Slight Injury
07:16:00;Monday;Over 51;Male;Junior high school;Employee;2-5yr;Pick up upto 10Q;Organization;5-10yrs;No defect;Office areas;Two-way (divided with broken lines road marking);Gentle horizontal curve;No junction;Asphalt roads;Wet or damp;Darkness - lights lit;Other;Vehicle with vehicle collision;2;1;Going straight;Pedestrian;Male;18-30;3;Driver;Normal;Not a Pedestrian;Getting off the vehicle improperly;Slight Injury
07:16:00;Monday;Under 18;Male;High school;Owner;5-10yr;Lorry (41?100Q);Organization;Above 10yr;No defect;Other;Two-way (divided with broken lines road marking);Tangent road with flat terrain;No junction;Asphalt roads;Wet or damp;Darkness - lights lit;Other;Collision with roadside objects;2;1;;Driver or rider;Male;Under 18;3;Driver;Normal;Not a Pedestrian;Driving carelessly;Slight Injury
18:15:00;Friday;31-50;Male;Junior high school;Employee;Above 10yr;Lorry (41?100Q);Owner;2-5yrs;No defect;Other;Two-way (divided with broken lines road marking);Tangent road with flat terrain;No junction;Asphalt roads;Wet or damp;Darkness - lights lit;Other;Collision with roadside objects;1;1;Turnover;na;na;na;na;Driver;Normal;Not a Pedestrian;Changing lane to the left;Slight Injury
17:10:00;Friday;Unknown;Male;Junior high school;Employee;2-5yr;Automobile;Governmental;;No defect;Residential areas;Two-way (divided with broken lines road marking);Tangent road with flat terrain;No junction;Asphalt roads;Dry;Darkness - lights lit;Normal;Vehicle with vehicle collision;2;1;Going straight;na;na;na;na;Driver;Normal;Not a Pedestrian;No priority to vehicle;Slight Injury
17:10:00;Friday;18-30;Male;Elementary school;Employee;2-5yr;Lorry (41?100Q);Owner;Above 10yr;No defect;Residential areas;;Tangent road with flat terrain;No junction;Asphalt roads;Dry;Darkness - lights lit;Normal;Vehicle with vehicle collision;2;1;Going straight;Passenger;Male;Over 51;3;;;Not a Pedestrian;Changing lane to the right;Slight Injury
12:45:00;Saturday;Unknown;Male;High school;Owner;Above 10yr;Lorry (41?100Q);Owner;5-10yrs;No defect;Office areas;Undivided Two way;Tangent road with flat terrain;No junction;Earth roads;Wet or damp;Daylight;Raining;Vehicle with vehicle collision;2;1;Going straight;Passenger;Male;Over 51;3;Driver;Normal;Not a Pedestrian;Changing lane to the right;Slight Injury
12:45:00;Saturday;18-30;Male;Elementary school;Employee;1-2yr;Lorry (41?100Q);Owner;;No defect;  Recreational areas;other;;No junction;Asphalt roads;Wet or damp;Daylight;Raining;Vehicle with vehicle collision;2;1;Going straight;na;na;na;na;;;Not a Pedestrian;No distancing;Slight Injury
11:05:00;Monday;Over 51;Male;Junior high school;Employee;Above 10yr;Lorry (41?100Q);Governmental;;No defect;Office areas;other;Tangent road with mild grade and flat terrain;No junction;Asphalt roads;Wet or damp;Daylight;Raining;Vehicle with vehicle collision;2;2;Going straight;Driver or rider;Female;18-30;3;Driver;Normal;Not a Pedestrian;No distancing;Slight Injury
11:05:00;Monday;Over 51;Male;;;;Automobile;Owner;5-10yrs;No defect; Industrial areas;other;Tangent road with flat terrain;No junction;Asphalt roads;Wet or damp;Daylight;Raining;Rollover;2;2;Going straight;Driver or rider;Male;31-50;3;Driver;Normal;Not a Pedestrian;Changing lane to the left;Slight Injury
11:05:00;Monday;Unknown;Male;Junior high school;Owner;5-10yr;Automobile;;;;;;;No junction;Asphalt roads;Wet or damp;Daylight;Raining;Vehicle with vehicle collision;2;2;Going straight;na;na;na;na;Driver;Normal;Not a Pedestrian;Changing lane to the right;Slight Injury
08:51:00;Friday;Under 18;Male;Above high school;Employee;5-10yr;Automobile;Owner;;No defect;Residential areas;Undivided Two way;Tangent road with flat terrain;Y Shape;Asphalt roads;Dry;Daylight;Normal;Collision with roadside objects;2;1;Going straight;Driver or rider;Male;5;3;;;Not a Pedestrian;No priority to vehicle;Slight Injury
08:51:00;Friday;31-50;Male;Junior high school;Employee;5-10yr;Public (13?45 seats);Governmental;Above 10yr;No defect;Residential areas;other;Tangent road with flat terrain;Y Shape;Asphalt roads;Dry;Daylight;Normal;Collision with pedestrians;2;1;Going straight;na;na;na;na;;;Not a Pedestrian;Changing lane to the left;Slight Injury
18:50:00;Wednesday;18-30;Male;Junior high school;Employee;Above 10yr;Automobile;Owner;1-2yr;No defect; Industrial areas;other;Tangent road with flat terrain;Y Shape;Asphalt roads;Dry;Darkness - lights lit;Unknown;Vehicle with vehicle collision;2;1;Turnover;na;na;na;na;Driver;Normal;Not a Pedestrian;No priority to vehicle;Slight Injury
18:50:00;Wednesday;Unknown;Male;Junior high school;Employee;1-2yr;Public (13?45 seats);Owner;2-5yrs;No defect;Residential areas;Undivided Two way;Tangent road with flat terrain;Y Shape;Asphalt roads;Dry;Darkness - lights lit;Unknown;Vehicle with vehicle collision;2;1;;Driver or rider;Male;18-30;3;Driver;Normal;Not a Pedestrian;Moving Backward;Slight Injury
08:35:00;Wednesday;18-30;Male;Junior high school;Employee;2-5yr;Public (13?45 seats);Owner;Unknown;No defect;Residential areas;other;Tangent road with flat terrain;No junction;Asphalt roads;Dry;Daylight;Other;Vehicle with vehicle collision;1;1;Reversing;Passenger;Female;18-30;3;Driver;Normal;Not a Pedestrian;Turnover;Slight Injury
15:35:00;Monday;31-50;Male;Junior high school;Employee;Below 1yr;Automobile;Owner;;No defect;Office areas;Undivided Two way;Tangent road with flat terrain;No junction;Asphalt roads;Dry;Daylight;Normal;Vehicle with vehicle collision;1;1;Other;Passenger;Female;18-30;3;Driver;Normal;Not a Pedestrian;No distancing;Serious Injury
17:15:00;Wednesday;18-30;Male;Junior high school;Employee;Above 10yr;Lorry (11?40Q);Owner;2-5yrs;No defect;Office areas;Double carriageway (median);Escarpments;No junction;Earth roads;Dry;Darkness - lights lit;Normal;Vehicle with vehicle collision;2;1;Going straight;Passenger;Female;31-50;3;Self-employed;Normal;Not a Pedestrian;No distancing;Slight Injury
17:15:00;Wednesday;31-50;Male;Junior high school;Employee;1-2yr;Automobile;Owner;Above 10yr;No defect;Office areas;other;Tangent road with flat terrain;No junction;Asphalt roads;Dry;Darkness - lights lit;Normal;Vehicle with vehicle collision;2;1;Going straight;na;na;na;na;Self-employed;Normal;Not a Pedestrian;No distancing;Slight Injury
13:00:00;Sunday;31-50;Male;Above high school;Employee;5-10yr;Lorry (41?100Q);Owner;1-2yr;No defect;Office areas;Undivided Two way;Escarpments;Other;Asphalt roads;Dry;Daylight;Normal;Vehicle with vehicle collision;2;1;Turnover;Driver or rider;Male;Over 51;3;Driver;Normal;Not a Pedestrian;Changing lane to the left;Slight Injury
13:00:00;Sunday;Unknown;Male;Junior high school;Employee;5-10yr;Other;Owner;;No defect;Office areas;One way;Tangent road with flat terrain;Other;Asphalt roads;Dry;Daylight;Normal;Collision with roadside objects;2;1;Other;na;na;na;na;;;Not a Pedestrian;No priority to vehicle;Slight Injury
11:29:00;Sunday;Over 51;Male;Elementary school;Owner;Below 1yr;Pick up upto 10Q;Owner;;No defect;Office areas;Undivided Two way;Tangent road with flat terrain;No junction;Asphalt roads;Dry;Daylight;Normal;Rollover;2;1;Going straight;Driver or rider;Male;18-30;3;;;Not a Pedestrian;Driving at high speed;Serious Injury
11:29:00;Sunday;31-50;Male;;;;Lorry (11?40Q);Owner;;No defect;Office areas;other;Tangent road with flat terrain;No junction;Asphalt roads;Dry;Daylight;Normal;Vehicle with vehicle collision;2;1;Going straight;Pedestrian;Male;18-30;3;;;Crossing from nearside - masked by parked or statioNot a Pedestrianry vehicle;Overtaking;Serious Injury
17:26:00;Tuesday;18-30;Male;Junior high school;Employee;Above 10yr;Motorcycle;Owner;Above 10yr;No defect;Residential areas;other;Tangent road with flat terrain;No junction;Asphalt roads;Dry;Darkness - lights lit;Normal;Collision with pedestrians;1;1;Other;na;na;na;na;Driver;Normal;Not a Pedestrian;Other;Slight Injury
13:23:00;Sunday;Under 18;Male;Junior high school;;;Pick up upto 10Q;Owner;5-10yrs;No defect;Residential areas;One way;Tangent road with flat terrain;No junction;Asphalt roads;Dry;Daylight;Other;Vehicle with vehicle collision;2;1;Going straight;Driver or rider;Male;18-30;3;;Normal;Not a Pedestrian;Changing lane to the left;Serious Injury
13:23:00;Sunday;Under 18;Male;Junior high school;Employee;1-2yr;Lorry (11?40Q);Owner;;No defect;Other;One way;Tangent road with flat terrain;No junction;Asphalt roads;Dry;Daylight;Other;Vehicle with vehicle collision;2;1;Turnover;Driver or rider;Male;31-50;3;Driver;Normal;Not a Pedestrian;No priority to pedestrian;Serious Injury
14:00:00;Wednesday;18-30;Male;Junior high school;Owner;2-5yr;Lorry (11?40Q);Owner;5-10yrs;No defect; Church areas;Undivided Two way;Tangent road with flat terrain;Crossing;Gravel roads;Dry;Daylight;Raining;Collision with pedestrians;3;2;Going straight;na;na;na;na;Driver;Normal;Not a Pedestrian;Changing lane to the left;Serious Injury
14:00:00;Wednesday;Over 51;Male;;Employee;unknown;Automobile;Owner;;No defect;  Recreational areas;other;Tangent road with flat terrain;Crossing;Asphalt roads;Dry;Daylight;Raining;Collision with pedestrians;3;2;Turnover;Driver or rider;Male;31-50;3;;;Not a Pedestrian;No distancing;Serious Injury
14:00:00;Wednesday;Over 51;Male;Junior high school;Employee;Above 10yr;Automobile;Owner;;; Industrial areas;Undivided Two way;Tangent road with flat terrain;Crossing;Asphalt roads;Dry;Daylight;Raining;Vehicle with vehicle collision;3;2;Going straight;na;na;na;na;Self-employed;Normal;Not a Pedestrian;Moving Backward;Serious Injury
14:00:00;Wednesday;Over 51;Male;Junior high school;Owner;2-5yr;Other;;;;Residential areas;other;;Crossing;Asphalt roads;Dry;Daylight;Raining;Vehicle with vehicle collision;3;2;Moving Backward;Pedestrian;Male;31-50;2;Driver;Normal;Crossing from nearside - masked by parked or statioNot a Pedestrianry vehicle;Changing lane to the left;Serious Injury
03:00:00;Friday;18-30;Male;Junior high school;Employee;5-10yr;Other;Owner;Above 10yr;No defect;Residential areas;other;Tangent road with rolling terrain;Crossing;Asphalt roads;Dry;Darkness - no lighting;Normal;Vehicle with vehicle collision;2;1;;Pedestrian;Female;18-30;2;Driver;Normal;Not a Pedestrian;Other;Serious Injury
03:00:00;Friday;18-30;Male;Junior high school;Employee;2-5yr;Automobile;Owner;2-5yrs;No defect;Office areas;Double carriageway (median);Tangent road with flat terrain;Crossing;Asphalt roads;Dry;Darkness - no lighting;Normal;Vehicle with vehicle collision;2;1;Going straight;na;na;na;na;Driver;Normal;Not a Pedestrian;No distancing;Serious Injury
08:30:00;Monday;Unknown;Male;Junior high school;Employee;1-2yr;Taxi;Owner;2-5yrs;No defect;  Market areas;Undivided Two way;Tangent road with flat terrain;O Shape;Asphalt roads;Wet or damp;Daylight;Unknown;Vehicle with vehicle collision;1;1;Going straight;Driver or rider;Male;18-30;3;Driver;Normal;Not a Pedestrian;Moving Backward;Slight Injury
13:05:00;Monday;18-30;Male;Junior high school;Employee;5-10yr;Other;;;;Unknown;other;Tangent road with flat terrain;No junction;Asphalt roads;Dry;Daylight;Normal;Collision with roadside objects;3;1;Reversing;Passenger;Female;31-50;3;Driver;Normal;Not a Pedestrian;No distancing;Serious Injury
13:05:00;Monday;31-50;Male;Junior high school;Employee;2-5yr;Taxi;Owner;;No defect; Industrial areas;other;Tangent road with flat terrain;No junction;Asphalt roads;Dry;Daylight;Normal;Vehicle with vehicle collision;3;1;Reversing;Passenger;Male;31-50;3;Driver;Normal;Not a Pedestrian;Changing lane to the left;Serious Injury
13:05:00;Monday;31-50;Male;Elementary school;Employee;5-10yr;Lorry (11?40Q);Owner;;No defect;Residential areas;Two-way (divided with solid lines road marking);Tangent road with flat terrain;No junction;Asphalt roads;Dry;Daylight;Normal;Vehicle with vehicle collision;3;1;Reversing;Driver or rider;Male;18-30;3;Driver;Normal;Not a Pedestrian;Changing lane to the left;Serious Injury
18:08:00;Saturday;18-30;Male;Above high school;Owner;5-10yr;Automobile;Governmental;Below 1yr;No defect;Residential areas;Undivided Two way;Tangent road with flat terrain;Y Shape;Asphalt roads;Dry;Darkness - no lighting;Normal;Vehicle with vehicle collision;2;4;Going straight;Passenger;Female;31-50;3;Driver;Normal;Not a Pedestrian;No priority to pedestrian;Fatal injury
18:08:00;Saturday;18-30;Male;Junior high school;Employee;2-5yr;Other;Owner;5-10yrs;No defect;Other;Undivided Two way;Tangent road with flat terrain;Y Shape;Asphalt roads;Dry;Darkness - no lighting;Normal;Vehicle with vehicle collision;2;4;Going straight;Pedestrian;Male;18-30;3;Driver;Normal;Not a Pedestrian;Changing lane to the left;Fatal injury
18:08:00;Saturday;18-30;Male;Junior high school;Employee;2-5yr;Automobile;Governmental;;No defect;Residential areas;other;Tangent road with flat terrain;Y Shape;Asphalt roads;Dry;Darkness - no lighting;Normal;Vehicle with vehicle collision;2;4;Going straight;na;na;na;na;Driver;Normal;Not a Pedestrian;Driving carelessly;Fatal injury
18:08:00;Saturday;18-30;Male;Junior high school;Employee;2-5yr;Automobile;Owner;1-2yr;No defect;Rural village areas;Undivided Two way;Gentle horizontal curve;Y Shape;Asphalt roads;Dry;Darkness - no lighting;Normal;Vehicle with vehicle collision;2;4;Going straight;Passenger;Female;18-30;3;;;Not a Pedestrian;Driving carelessly;Fatal injury
17:00:00;Friday;18-30;Male;Junior high school;Employee;5-10yr;Automobile;Owner;2-5yrs;No defect;Rural village areas;Undivided Two way;Gentle horizontal curve;No junction;Asphalt roads;Wet or damp;Darkness - lights lit;Normal;Vehicle with vehicle collision;2;2;Moving Backward;Pedestrian;Female;31-50;3;Self-employed;Normal;Unknown or other;No priority to pedestrian;Slight Injury