Time;Day_of_week;Age_band_of_driver;Sex_of_driver;Educational_level;Vehicle_driver_relation;Driving_experience;Type_of_vehicle;Owner_of_vehicle;Service_year_of_vehicle;Defect_of_vehicle;Area_accident_occured;Lanes_or_Medians;Road_allignment;Types_of_Junction;Road_surface_type;Road_surface_conditions;Light_conditions;Weather_conditions;Type_of_collision;Number_of_vehicles_involved;Number_of_casualties;Vehicle_movement;Casualty_class;Sex_of_casualty;Age_band_of_casualty;Casualty_severity;Work_of_casuality;Fitness_of_casuality;Pedestrian_movement;Cause_of_accident;Accident_severity
17:23:00;Thursday;31-50;Male;Elementary school;Employee;2-5yr;Lorry (41?100Q);Owner;;;Other;Two-way (divided with broken lines road marking);Tangent road with flat terrain;Y Shape;Asphalt roads;Dry;Daylight;Normal;Collision with roadside objects;2;3;Moving Backward;Driver or rider;Male;18-30;3;;Normal;Not a Pedestrian;Moving Backward;Slight Injury
14:09:00;Thursday;Over 51;Male;;;;Lorry (41?100Q);Owner;;;Office areas;Two-way (divided with broken lines road marking);Tangent road with flat terrain;X Shape;Asphalt roads;Dry;Daylight;Normal;Vehicle with vehicle collision;2;1;Moving Backward;Pedestrian;Female;Over 51;2;Other;Normal;Unknown or other;No distancing;Slight Injury
14:09:00;Thursday;31-50;Male;;;;Public (12 seats);Owner;;;Other;Two-way (divided with broken lines road marking);Tangent road with flat terrain;X Shape;Asphalt roads;Dry;Daylight;Normal;Vehicle with vehicle collision;2;1;Going straight;na;na;na;na;Driver;Normal;Not a Pedestrian;Overtaking;Slight Injury
15:15:00;Thursday;18-30;Male;High school;Owner;1-2yr;Public (12 seats);Owner;;;Other;Two-way (divided with broken lines road marking);Tangent road with flat terrain;Crossing;Asphalt roads;Dry;Daylight;Normal;Collision with roadside objects;2;1;Other;Driver or rider;Male;31-50;3;Driver;Normal;Not a Pedestrian;Driving carelessly;Slight Injury
15:15:00;Thursday;Under 18;Male;Junior high school;Employee;1-2yr;Stationwagen;Owner;;;;;Tangent road with flat terrain;Crossing;Asphalt roads;Dry;Daylight;Normal;Vehicle with vehicle collision;2;1;Going straight;na;na;na;na;Driver;Normal;Not a Pedestrian;Driving carelessly;Slight Injury
16:52:00;Sunday;18-30;Male;Junior high school;Employee;1-2yr;Lorry (41?100Q);Governmental;2-5yrs;;Residential areas;Two-way (divided with broken lines road marking);;Y Shape;Asphalt roads;Dry;Daylight;Normal;Vehicle with vehicle collision;2;1;Going straight;Driver or rider;Male;18-30;3;;;Not a Pedestrian;Moving Backward;Slight Injury
16:52:00;Sunday;31-50;Male;Junior high school;Employee;Above 10yr;Automobile;Owner;Below 1yr;; Church areas;Undivided Two way;Tangent road with flat terrain;Y Shape;Asphalt roads;Dry;Daylight;Normal;Vehicle with vehicle collision;2;1;Going straight;na;na;na;na;Driver;Normal;Not a Pedestrian;Driving carelessly;Slight Injury
08:46:00;Friday;Over 51;Male;Junior high school;Employee;1-2yr;Pick up upto 10Q;Owner;Above 10yr;No defect;Residential areas;;Tangent road with flat terrain;Crossing;Asphalt roads;Dry;Daylight;Normal;Vehicle with vehicle collision;1;1;Going straight;Driver or rider;Male;31-50;3;Driver;Normal;Not a Pedestrian;Driving to the left;Slight Injury
08:55:00;Monday;Over 51;Male;High school;Owner;Above 10yr;Automobile;Owner;5-10yrs;No defect;Office areas;Undivided Two way;Tangent road with flat terrain;No junction;Asphalt roads;Wet or damp;Daylight;Normal;Vehicle with vehicle collision;2;1;Going straight;Passenger;Male;18-30;3;;;Not a Pedestrian;Changing lane to the left;Slight Injury
08:55:00;Monday;18-30;Male;Junior high school;Employee;Above 10yr;Public (13?45 seats);Owner;;No defect;  Recreational areas;other;;No junction;Asphalt roads;Wet or damp;Daylight;Normal;Vehicle with vehicle collision;2;1;Going straight;Passenger;Female;18-30;3;Driver;Normal;Not a Pedestrian;No distancing;Slight Injury
17:18:00;Sunday;Unknown;Female;Junior high school;Employee;1-2yr;Public (> 45 seats);Governmental;;No defect;Office areas;other;Tangent road with mild grade and flat terrain;No junction;;Dry;Daylight;Normal;Collision with pedestrians;2;3;Going straight;Driver or rider;Male;31-50;3;Driver;Normal;Not a Pedestrian;No distancing;Slight Injury
17:18:00;Sunday;18-30;Male;Junior high school;Employee;1-2yr;Stationwagen;Owner;5-10yrs;No defect; Industrial areas;other;Tangent road with flat terrain;No junction;Asphalt roads;Dry;Daylight;Normal;Vehicle with vehicle collision;2;3;Going straight;Driver or rider;Male;18-30;3;Self-employed;Normal;Not a Pedestrian;Changing lane to the right;Slight Injury
17:18:00;Sunday;18-30;Male;High school;Employee;2-5yr;;;;;;;;No junction;Asphalt roads;Dry;Daylight;Normal;Collision with roadside objects;2;3;Other;na;na;na;na;Driver;Normal;Not a Pedestrian;Driving under the influence of drugs;Slight Injury
17:54:00;Friday;31-50;Male;Junior high school;Employee;2-5yr;Lorry (41?100Q);Owner;;No defect;Residential areas;Undivided Two way;Tangent road with flat terrain;No junction;Asphalt roads;Dry;Daylight;Normal;Vehicle with vehicle collision;1;1;Going straight;Driver or rider;Male;18-30;2;Driver;Normal;Not a Pedestrian;Changing lane to the right;Slight Injury
22:35:00;Thursday;18-30;Male;Junior high school;Employee;1-2yr;Stationwagen;Governmental;Above 10yr;No defect;Residential areas;other;Tangent road with flat terrain;No junction;Asphalt roads;Dry;Darkness - lights lit;Normal;Vehicle with vehicle collision;1;1;Overtaking;Pedestrian;Female;Under 18;3;Driver;Normal;Crossing from offside - masked by  parked or statioNot a Pedestrianry vehicle;Changing lane to the left;Fatal injury
00:10:00;Sunday;Unknown;Male;Elementary school;Employee;5-10yr;Lorry (41?100Q);Owner;1-2yr;No defect; Industrial areas;other;Tangent road with flat terrain;No junction;Asphalt roads;Dry;Darkness - lights lit;Normal;Vehicle with vehicle collision;2;3;Going straight;Pedestrian;Male;Over 51;3;Driver;Normal;Crossing from nearside - masked by parked or statioNot a Pedestrianry vehicle;Moving Backward;Slight Injury
00:10:00;Sunday;Unknown;Male;Junior high school;Employee;5-10yr;Public (12 seats);Owner;2-5yrs;No defect;Residential areas;Undivided Two way;Tangent road with flat terrain;No junction;Asphalt roads;Dry;Darkness - lights lit;Normal;Vehicle with vehicle collision;2;3;Going straight;na;na;na;na;Driver;Normal;Not a Pedestrian;No distancing;Slight Injury
00:10:00;Sunday;31-50;Male;Junior high school;Employee;1-2yr;Lorry (41?100Q);Owner;Unknown;No defect;Residential areas;other;Tangent road with flat terrain;No junction;Asphalt roads;Dry;Darkness - lights lit;Normal;Vehicle with vehicle collision;2;3;Going straight;Driver or rider;Male;Under 18;3;Driver;Normal;Not a Pedestrian;Changing lane to the right;Slight Injury
21:45:00;Tuesday;18-30;Male;Elementary school;Other;5-10yr;Other;Owner;;No defect;Office areas;Undivided Two way;Tangent road with flat terrain;Crossing;Asphalt roads;Dry;Darkness - lights lit;Normal;Vehicle with vehicle collision;3;5;U-Turn;na;na;na;na;Driver;Normal;Not a Pedestrian;Moving Backward;Slight Injury
21:45:00;Tuesday;31-50;Male;Junior high school;Employee;2-5yr;Stationwagen;Owner;2-5yrs;No defect;Office areas;Double carriageway (median);Escarpments;Crossing;Asphalt roads;Dry;Darkness - lights lit;Normal;Vehicle with vehicle collision;3;5;Going straight;Driver or rider;Male;18-30;3;;;Not a Pedestrian;No distancing;Slight Injury
21:45:00;Tuesday;31-50;Male;Elementary school;Employee;5-10yr;Automobile;Owner;Above 10yr;No defect;Office areas;other;Tangent road with flat terrain;Crossing;Asphalt roads;Dry;Darkness - lights lit;Normal;Vehicle with vehicle collision;3;5;Going straight;na;na;na;na;Driver;Normal;Not a Pedestrian;Driving to the left;Slight Injury
21:45:00;Tuesday;31-50;Male;Junior high school;Employee;Above 10yr;Public (> 45 seats);Owner;1-2yr;No defect;Office areas;Undivided Two way;Escarpments;Crossing;Asphalt roads;Dry;Darkness - lights lit;Normal;Vehicle with vehicle collision;3;5;Going straight;Driver or rider;Male;18-30;3;;;Not a Pedestrian;Driving to the left;Slight Injury
21:45:00;Tuesday;31-50;Male;Junior high school;Employee;Above 10yr;Other;Owner;;No defect;Office areas;One way;Tangent road with flat terrain;Crossing;Asphalt roads;Dry;Darkness - lights lit;Normal;Collision with roadside objects;3;5;Going straight;na;na;na;na;Driver;Normal;Not a Pedestrian;Moving Backward;Slight Injury
12:31:00;Friday;31-50;Male;Elementary school;Owner;2-5yr;Lorry (41?100Q);Owner;;No defect;Office areas;Undivided Two way;Tangent road with flat terrain;Crossing;Asphalt roads;Dry;Daylight;Normal;Vehicle with vehicle collision;1;1;Turnover;Driver or rider;Male;18-30;3;Other;Normal;Not a Pedestrian;Moving Backward;Slight Injury
16:52:00;Wednesday;18-30;Male;Elementary school;Employee;5-10yr;Automobile;Owner;;No defect;Office areas;other;Tangent road with flat terrain;No junction;Asphalt roads;Dry;Daylight;Normal;Collision with roadside objects;2;1;Going straight;Driver or rider;Male;31-50;3;Self-employed;Normal;Not a Pedestrian;Overtaking;Slight Injury
16:52:00;Wednesday;18-30;Male;Junior high school;Owner;1-2yr;Public (> 45 seats);Owner;Above 10yr;No defect;Residential areas;other;Tangent road with flat terrain;No junction;Asphalt roads;Dry;Daylight;Normal;Vehicle with vehicle collision;2;1;Going straight;na;na;na;na;Driver;Normal;Not a Pedestrian;Driving carelessly;Slight Injury
08:20:00;Friday;Over 51;Male;Elementary school;Employee;Above 10yr;;Owner;5-10yrs;No defect;Residential areas;One way;Tangent road with flat terrain;Y Shape;Asphalt roads;Dry;Daylight;Normal;Vehicle with vehicle collision;1;1;Moving Backward;Driver or rider;Male;31-50;3;;;Not a Pedestrian;Changing lane to the left;Slight Injury
02:00:00;Saturday;Unknown;Male;Junior high school;Employee;5-10yr;Automobile;Owner;;No defect;Other;One way;Tangent road with flat terrain;Y Shape;Asphalt roads;Dry;Darkness - lights lit;Normal;;2;1;Going straight;na;na;na;na;Self-employed;Normal;Not a Pedestrian;Driving under the influence of drugs;Slight Injury
02:00:00;Saturday;18-30;Male;Junior high school;Employee;2-5yr;Pick up upto 10Q;Owner;5-10yrs;No defect; Church areas;Undivided Two way;Tangent road with flat terrain;Y Shape;Asphalt roads;Dry;Darkness - lights lit;Normal;Collision with pedestrians;2;1;Moving Backward;Pedestrian;Female;Under 18;3;;;Crossing from nearside - masked by parked or statioNot a Pedestrianry vehicle;No distancing;Slight Injury
16:15:00;Friday;Over 51;Male;Elementary school;Employee;Above 10yr;Public (12 seats);Owner;;No defect;  Recreational areas;other;Tangent road with flat terrain;Y Shape;Asphalt roads;Dry;Daylight;Normal;Vehicle with vehicle collision;2;1;Going straight;Pedestrian;Female;18-30;3;;;Walking along in carriageway, back to traffic;Moving Backward;Slight Injury
16:15:00;Friday;Over 51;Male;Junior high school;Employee;2-5yr;Lorry (41?100Q);Owner;;; Industrial areas;Undivided Two way;Tangent road with flat terrain;Y Shape;Asphalt roads;Dry;Daylight;Normal;Vehicle with vehicle collision;2;1;Going straight;Driver or rider;Male;18-30;3;Driver;;Not a Pedestrian;Changing lane to the left;Slight Injury
15:45:00;Monday;31-50;Male;Elementary school;Employee;Above 10yr;Lorry (41?100Q);;;;Residential areas;other;;Other;Asphalt roads;Dry;Daylight;Unknown;Vehicle with vehicle collision;1;1;Going straight;na;na;na;na;;;Not a Pedestrian;Changing lane to the right;Slight Injury
17:36:00;Monday;Unknown;Male;Junior high school;Employee;Above 10yr;Lorry (41?100Q);Owner;Above 10yr;No defect;Residential areas;other;Tangent road with rolling terrain;Crossing;Asphalt roads;Dry;Daylight;Normal;Collision with pedestrians;3;1;Going straight;na;na;na;na;Unemployed;Normal;Not a Pedestrian;No distancing;Slight Injury
17:36:00;Monday;18-30;Male;Junior high school;Employee;2-5yr;Public (13?45 seats);Owner;2-5yrs;No defect;Office areas;Double carriageway (median);Tangent road with flat terrain;Crossing;Asphalt roads;Dry;Daylight;Normal;Collision with roadside objects;3;1;U-Turn;Driver or rider;Male;5;3;Driver;Normal;Not a Pedestrian;Driving at high speed;Slight Injury
17:36:00;Monday;18-30;Male;Junior high school;Employee;Above 10yr;Lorry (41?100Q);Owner;2-5yrs;No defect;  Market areas;Undivided Two way;Tangent road with flat terrain;Crossing;Asphalt roads;Dry;Daylight;Normal;;3;1;Going straight;Passenger;Male;31-50;3;Driver;Normal;Not a Pedestrian;Changing lane to the right;Slight Injury
13:12:00;Saturday;Over 51;Male;Junior high school;Employee;Above 10yr;Lorry (41?100Q);;;;Unknown;other;Tangent road with flat terrain;No junction;Asphalt roads;Wet or damp;Daylight;Raining;Vehicle with vehicle collision;2;1;Going straight;Pedestrian;Female;18-30;3;Driver;Normal;Crossing from driver's nearside;No priority to vehicle;Slight Injury
13:12:00;Saturday;18-30;Male;Junior high school;Employee;Below 1yr;Motorcycle;Owner;;No defect; Industrial areas;other;Tangent road with flat terrain;No junction;Asphalt roads;Wet or damp;Daylight;Raining;;2;1;Going straight;Driver or rider;Female;31-50;3;;;Not a Pedestrian;No distancing;Slight Injury
12:20:00;Monday;31-50;Male;Junior high school;Owner;Above 10yr;Lorry (41?100Q);Owner;;No defect;Residential areas;Two-way (divided with solid lines road marking);Tangent road with flat terrain;No junction;Asphalt roads;Dry;Daylight;Normal;;1;1;Going straight;na;na;na;na;Driver;Normal;Not a Pedestrian;Turnover;Slight Injury
16:09:00;Friday;Over 51;Male;High school;Other;Above 10yr;Ridden horse;Governmental;Below 1yr;No defect;Residential areas;Undivided Two way;Tangent road with flat terrain;Y Shape;Asphalt roads;Dry;Daylight;Normal;;2;1;Going straight;na;na;na;na;Driver;Normal;Not a Pedestrian;No distancing;Serious Injury
16:09:00;Friday;Under 18;Male;Junior high school;Employee;5-10yr;Automobile;Owner;5-10yrs;No defect;Other;Undivided Two way;Tangent road with flat terrain;Y Shape;Gravel roads;Dry;Daylight;Normal;Vehicle with vehicle collision;2;1;Going straight;Driver or rider;Male;Over 51;2;Self-employed;Normal;Not a Pedestrian;Changing lane to the right;Serious Injury
20:29:00;Tuesday;18-30;Male;Elementary school;;;Lorry (41?100Q);Governmental;;No defect;Residential areas;other;Tangent road with flat terrain;Y Shape;Asphalt roads;Dry;Daylight;Normal;Vehicle with vehicle collision;1;1;Stopping;Pedestrian;Male;Under 18;3;Driver;Normal;Crossing from offside - masked by  parked or statioNot a Pedestrianry vehicle;No distancing;Slight Injury
15:14:00;Tuesday;18-30;Male;Junior high school;Employee;5-10yr;Pick up upto 10Q;Owner;1-2yr;No defect;Rural village areas;Undivided Two way;Gentle horizontal curve;Y Shape;Asphalt roads;Dry;Daylight;Normal;Collision with roadside objects;3;1;Turnover;Driver or rider;Male;31-50;3;;;Not a Pedestrian;Changing lane to the left;Slight Injury
15:14:00;Tuesday;Over 51;Male;Junior high school;Employee;5-10yr;Public (> 45 seats);Owner;2-5yrs;No defect;Rural village areas;Undivided Two way;Gentle horizontal curve;Y Shape;Asphalt roads;Dry;Daylight;Normal;Collision with roadside objects;3;1;Getting off;na;na;na;na;Unknown;Normal;Not a Pedestrian;Driving carelessly;Slight Injury
15:14:00;Tuesday;Unknown;Female;Junior high school;Owner;Below 1yr;Stationwagen;Owner;;No defect;Office areas;Double carriageway (median);Tangent road with flat terrain;Y Shape;Asphalt roads;Dry;Daylight;Normal;Vehicle with vehicle collision;3;1;Moving Backward;Driver or rider;Male;18-30;3;Driver;Normal;Not a Pedestrian;Changing lane to the right;Slight Injury
15:42:00;Tuesday;Under 18;Male;Junior high school;Employee;5-10yr;Automobile;Owner;2-5yrs;No defect;Residential areas;Undivided Two way;Gentle horizontal curve;No junction;Asphalt roads;Dry;Daylight;Normal;Vehicle with vehicle collision;2;1;Moving Backward;na;na;na;na;;;Not a Pedestrian;No priority to vehicle;Serious Injury
15:42:00;Tuesday;Under 18;Male;Elementary school;Employee;2-5yr;Public (12 seats);Owner;;;Residential areas;other;Tangent road with flat terrain;No junction;Asphalt roads;Dry;Daylight;Normal;Vehicle with vehicle collision;2;1;Going straight;Pedestrian;Female;18-30;3;Driver;Normal;Crossing from driver's nearside;No distancing;Serious Injury
16:30:00;Monday;18-30;Male;Junior high school;Owner;2-5yr;Automobile;Owner;;7; Outside rural areas;other;Tangent road with flat terrain;No junction;Asphalt roads;Dry;Daylight;Normal;Vehicle with vehicle collision;2;2;Turnover;Pedestrian;Female;18-30;3;Other;Normal;Crossing from driver's nearside;No priority to pedestrian;Serious Injury
16:30:00;Monday;31-50;Male;Elementary school;Employee;2-5yr;Automobile;Owner;Above 10yr;;Residential areas;other;Tangent road with flat terrain;No junction;Asphalt roads;Dry;Daylight;Normal;Vehicle with vehicle collision;2;2;Going straight;Driver or rider;Male;31-50;3;Other;Normal;Not a Pedestrian;No priority to pedestrian;Serious Injury
11:31:00;Monday;Over 51;Male;Junior high school;Owner;2-5yr;Automobile;Owner;5-10yrs;5; Church areas;other;Tangent road with flat terrain;Y Shape;Asphalt roads;Wet or damp;Daylight;Normal;Rollover;3;1;Going straight;na;na;na;na;Self-employed;Normal;Not a Pedestrian;No priority to vehicle;Slight Injury
11:31:00;Monday;31-50;Male;Junior high school;Employee;Above 10yr;Lorry (41?100Q);Owner;;No defect;Office areas;Undivided Two way;Tangent road with flat terrain;Y Shape;Asphalt roads with some distress;Wet or damp;Daylight;Normal;Vehicle with vehicle collision;3;1;U-Turn;Pedestrian;Female;18-30;3;Driver;Normal;Crossing from nearside - masked by parked or statioNot a Pedestrianry vehicle;Changing lane to the left;Slight Injury
11:31:00;Monday;Unknown;Male;Junior high school;Employee;2-5yr;Automobile;Owner;Unknown;No defect;Office areas;Two-way (divided with broken lines road marking);Tangent road with mountainous terrain and;Y Shape;Asphalt roads;Wet or damp;Daylight;Normal;Collision with roadside objects;3;1;Going straight;na;na;na;na;Driver;Normal;Not a Pedestrian;Changing lane to the left;Slight Injury
19:30:00;Thursday;Under 18;Unknown;Junior high school;Employee;1-2yr;Automobile;Governmental;;No defect;Office areas;Two-way (divided with broken lines road marking);Escarpments;No junction;Asphalt roads;Wet or damp;Daylight;Normal;Collision with pedestrians;2;3;Going straight;Driver or rider;Male;Under 18;3;Driver;Normal;Not a Pedestrian;No distancing;Slight Injury
19:30:00;Thursday;18-30;Male;Junior high school;Employee;2-5yr;Public (12 seats);Owner;2-5yrs;;Other;Undivided Two way;Tangent road with mountainous terrain and;No junction;Asphalt roads;Wet or damp;Daylight;Normal;Vehicle with vehicle collision;2;3;U-Turn;na;na;na;na;;;Not a Pedestrian;No priority to vehicle;Slight Injury
19:30:00;Thursday;18-30;Male;Junior high school;Employee;1-2yr;Taxi;Owner;2-5yrs;;Other;Undivided Two way;Tangent road with flat terrain;No junction;Asphalt roads;Wet or damp;Daylight;Normal;Vehicle with vehicle collision;2;3;Stopping;Driver or rider;Male;18-30;3;;;Not a Pedestrian;No distancing;Slight Injury
18:57:00;Friday;Unknown;Male;Junior high school;Employee;5-10yr;Automobile;Owner;Unknown;No defect;Residential areas;Two-way (divided with broken lines road marking);Tangent road with flat terrain;No junction;Asphalt roads;Dry;Daylight;Normal;Vehicle with vehicle collision;2;2;Going straight;Pedestrian;Female;31-50;3;Driver;Normal;Unknown or other;No distancing;Serious Injury
18:57:00;Friday;Unknown;Male;Junior high school;Employee;5-10yr;Public (12 seats);Owner;;;Other;Two-way (divided with broken lines road marking);Tangent road with flat terrain;No junction;Asphalt roads;Dry;Daylight;Normal;Vehicle with vehicle collision;2;2;Moving Backward;Driver or rider;Male;18-30;3;Other;Normal;Not a Pedestrian;Changing lane to the right;Serious Injury
18:57:00;Friday;31-50;Male;Elementary school;Owner;2-5yr;Stationwagen;Owner;Below 1yr;;Other;Undivided Two way;Tangent road with mild grade and flat terrain;No junction;Asphalt roads;Dry;Daylight;Normal;Vehicle with vehicle collision;2;2;Getting off;na;na;na;na;Driver;Normal;Not a Pedestrian;Changing lane to the left;Serious Injury
16:20:00;Friday;31-50;Male;Elementary school;Employee;Below 1yr;Stationwagen;Owner;5-10yrs;;Other;Two-way (divided with broken lines road marking);Tangent road with flat terrain;No junction;Asphalt roads;Dry;Daylight;Normal;Vehicle with vehicle collision;1;1;Going straight;na;na;na;na;;;Not a Pedestrian;No distancing;Slight Injury
13:40:00;Saturday;18-30;Male;;;;Automobile;Governmental;5-10yrs;No defect;Other;Undivided Two way;Tangent road with flat terrain;Crossing;Asphalt roads;Dry;Daylight;Normal;Vehicle with vehicle collision;2;1;Going straight;Driver or rider;Male;18-30;3;Driver;Normal;Not a Pedestrian;Overturning;Slight Injury
13:40:00;Saturday;31-50;Male;Junior high school;Employee;Above 10yr;Lorry (41?100Q);Owner;2-5yrs;No defect;Other;Double carriageway (median);Tangent road with mild grade and flat terrain;Crossing;Asphalt roads;Dry;Daylight;Normal;Collision with roadside objects;2;1;Turnover;na;na;na;na;Driver;Normal;Not a Pedestrian;No priority to vehicle;Slight Injury
20:03:00;Saturday;Unknown;Male;High school;Employee;1-2yr;Automobile;Owner;;No defect;Other;Two-way (divided with broken lines road marking);Tangent road with flat terrain;Other;Asphalt roads;Dry;Daylight;Normal;Rollover;2;1;Moving Backward;Driver or rider;Male;31-50;3;Employee;Normal;Not a Pedestrian;Moving Backward;Slight Injury
20:03:00;Saturday;31-50;Male;Junior high school;Owner;5-10yr;Public (12 seats);Owner;2-5yrs;; Church areas;Two-way (divided with broken lines road marking);Tangent road with flat terrain;Other;Asphalt roads;Dry;Daylight;Normal;Vehicle with vehicle collision;2;1;Going straight;Passenger;Female;Over 51;3;;;Not a Pedestrian;Driving under the influence of drugs;Slight Injury
18:20:00;Monday;31-50;Male;Junior high school;Employee;1-2yr;Automobile;Owner;5-10yrs;;Other;Undivided Two way;Tangent road with flat terrain;Y Shape;Asphalt roads;Dry;Daylight;Normal;Collision with pedestrians;2;2;Moving Backward;Driver or rider;Male;18-30;3;Student;Normal;Not a Pedestrian;Moving Backward;Slight Injury
18:20:00;Monday;18-30;Male;Junior high school;Employee;Above 10yr;Automobile;Organization;2-5yrs;; Industrial areas;Two-way (divided with broken lines road marking);Tangent road with flat terrain;Y Shape;Asphalt roads;Dry;Daylight;Normal;Vehicle with vehicle collision;2;2;Going straight;na;na;na;na;Driver;Normal;Not a Pedestrian;Changing lane to the right;Slight Injury
18:20:00;Monday;18-30;Male;Junior high school;Employee;Below 1yr;Lorry (41?100Q);Owner;;No defect;Residential areas;Double carriageway (median);Tangent road with flat terrain;Y Shape;Asphalt roads;Dry;Daylight;Normal;Vehicle with vehicle collision;2;2;;Driver or rider;Female;Under 18;3;Self-employed;Normal;Not a Pedestrian;Overspeed;Slight Injury
15:30:00;Monday;18-30;Male;Elementary school;Employee;2-5yr;Automobile;Governmental;Above 10yr;No defect;Other;Two-way (divided with broken lines road marking);Tangent road with flat terrain;Crossing;Asphalt roads;Wet or damp;Daylight;Raining;Collision with pedestrians;2;1;Going straight;Pedestrian;Female;18-30;3;Self-employed;Normal;Crossing from nearside - masked by parked or statioNot a Pedestrianry vehicle;Driving under the influence of drugs;Serious Injury
15:30:00;Monday;Under 18;Male;Junior high school;Employee;5-10yr;Motorcycle;Owner;;No defect;Office areas;Two-way (divided with broken lines road marking);Tangent road with flat terrain;Crossing;Asphalt roads;Wet or damp;Daylight;Raining;Collision with pedestrians;2;1;;Driver or rider;Male;18-30;3;Driver;Normal;Not a Pedestrian;Driving carelessly;Serious Injury
12:00:00;Sunday;Over 51;Male;Elementary school;Employee;5-10yr;;Owner;;No defect; Industrial areas;Unknown;Tangent road with flat terrain;No junction;Asphalt roads;Dry;Daylight;Normal;Vehicle with vehicle collision;3;4;Going straight;na;na;na;na;;;Not a Pedestrian;No distancing;Slight Injury
12:00:00;Sunday;31-50;Male;Junior high school;Owner;1-2yr;Automobile;Owner;1-2yr;No defect; Industrial areas;Double carriageway (median);Tangent road with flat terrain;No junction;Asphalt roads;Dry;Daylight;Normal;Vehicle with vehicle collision;3;4;;Pedestrian;Female;Under 18;3;Driver;Normal;Unknown or other;No priority to vehicle;Slight Injury
12:00:00;Sunday;18-30;Male;Junior high school;Employee;5-10yr;Automobile;Owner;;No defect;Other;Two-way (divided with broken lines road marking);Tangent road with flat terrain;No junction;Asphalt roads;Dry;Daylight;Normal;Vehicle with vehicle collision;3;4;Going straight;Driver or rider;Male;Under 18;3;Driver;Normal;Not a Pedestrian;Overspeed;Slight Injury
12:00:00;Sunday;18-30;Male;Unknown;Other;;Automobile;Organization;Above 10yr;; Hospital areas;Two-way (divided with broken lines road marking);Tangent road with flat terrain;No junction;Asphalt roads;Dry;Daylight;Normal;Vehicle with vehicle collision;3;4;Going straight;Passenger;Female;18-30;3;Self-employed;Normal;Not a Pedestrian;Driving under the influence of drugs;Slight Injury
16:04:00;Sunday;18-30;Male;High school;Employee;2-5yr;Public (> 45 seats);Owner;Unknown;;Office areas;One way;Tangent road with flat terrain;No junction;Asphalt roads;Dry;Daylight;Normal;Vehicle with vehicle collision;2;1;Going straight;na;na;na;na;Driver;Normal;Not a Pedestrian;Changing lane to the right;Slight Injury
16:04:00;Sunday;Over 51;Male;Junior high school;Employee;1-2yr;;Owner;2-5yrs;No defect; Church areas;Undivided Two way;Tangent road with flat terrain;No junction;Asphalt roads;Dry;Daylight;Normal;Collision with roadside objects;2;1;Going straight;Driver or rider;Male;31-50;3;;Normal;Not a Pedestrian;Changing lane to the right;Slight Injury
16:14:00;Friday;18-30;Male;Junior high school;Employee;5-10yr;Automobile;Organization;5-10yrs;No defect; Hospital areas;Undivided Two way;Tangent road with mountainous terrain and;Other;Asphalt roads;Dry;Daylight;Normal;Vehicle with vehicle collision;2;1;Going straight;na;na;na;na;Driver;Normal;Not a Pedestrian;Changing lane to the right;Slight Injury
16:14:00;Friday;Over 51;Male;Junior high school;Employee;2-5yr;Automobile;Owner;Above 10yr;No defect;Office areas;other;Tangent road with flat terrain;Other;Asphalt roads;Dry;Daylight;Normal;Vehicle with vehicle collision;2;1;Other;Driver or rider;Male;18-30;3;;;Not a Pedestrian;Changing lane to the right;Slight Injury
12:22:00;Saturday;31-50;Male;Junior high school;Employee;No Licence;Other;Owner;2-5yrs;No defect;Other;Two-way (divided with broken lines road marking);Escarpments;No junction;Asphalt roads;Dry;Daylight;Normal;Vehicle with vehicle collision;2;1;Other;Pedestrian;Female;18-30;3;Driver;Normal;Crossing from offside - masked by  parked or statioNot a Pedestrianry vehicle;Moving Backward;Slight Injury
12:22:00;Saturday;18-30;Male;Junior high school;Employee;Above 10yr;Stationwagen;Owner;1-2yr;;Office areas;Undivided Two way;Tangent road with flat terrain;No junction;Asphalt roads;Dry;Daylight;Normal;Vehicle with vehicle collision;2;1;Going straight;Pedestrian;Female;Over 51;3;;;Crossing from nearside - masked by parked or statioNot a Pedestrianry vehicle;No distancing;Slight Injury
21:01:00;Saturday;31-50;Male;Junior high school;Employee;Above 10yr;Lorry (41?100Q);Owner;2-5yrs;;Office areas;Two-way (divided with broken lines road marking);Tangent road with mountainous terrain and;Y Shape;Asphalt roads;Dry;Daylight;Normal;Vehicle with vehicle collision;3;1;Going straight;Driver or rider;Male;18-30;3;Self-employed;NormalNormal;Not a Pedestrian;Overspeed;Serious Injury
21:01:00;Saturday;31-50;Male;Junior high school;Employee;5-10yr;Taxi;Owner;;No defect;Other;Double carriageway (median);Steep grade downward with mountainous terrain;Y Shape;Asphalt roads;Dry;Daylight;Normal;Vehicle with vehicle collision;3;1;Getting off;na;na;na;na;Driver;Normal;Not a Pedestrian;No distancing;Serious Injury
21:01:00;Saturday;Over 51;Male;High school;Employee;2-5yr;Other;Owner;1-2yr;No defect;Office areas;Undivided Two way;Tangent road with mild grade and flat terrain;Y Shape;Asphalt roads;Dry;Daylight;Normal;Vehicle with vehicle collision;3;1;Going straight;na;na;na;na;Driver;Normal;Not a Pedestrian;Driving carelessly;Serious Injury