Time;Day_of_week;Age_band_of_driver;Sex_of_driver;Educational_level;Vehicle_driver_relation;Driving_experience;Type_of_vehicle;Owner_of_vehicle;Service_year_of_vehicle;Defect_of_vehicle;Area_accident_occured;Lanes_or_Medians;Road_allignment;Types_of_Junction;Road_surface_type;Road_surface_conditions;Light_conditions;Weather_conditions;Type_of_collision;Number_of_vehicles_involved;Number_of_casualties;Vehicle_movement;Casualty_class;Sex_of_casualty;Age_band_of_casualty;Casualty_severity;Work_of_casuality;Fitness_of_casuality;Pedestrian_movement;Cause_of_accident;Accident_severity
07:43:00;Friday;31-50;Male;High school;Owner;2-5yr;Public (12 seats);Owner;;No defect;Residential areas;Undivided Two way;Tangent road with flat terrain;Y Shape;Asphalt roads;Dry;Daylight;Normal;Vehicle with vehicle collision;2;2;Going straight;Driver or rider;Female;18-30;3;Other;Normal;Not a Pedestrian;No distancing;Slight Injury
07:43:00;Friday;18-30;Male;Junior high school;Employee;Below 1yr;Automobile;Owner;Unknown;;Other;Two-way (divided with broken lines road marking);Tangent road with flat terrain;Y Shape;Asphalt roads;Dry;Daylight;Normal;Vehicle with vehicle collision;2;2;Going straight;Pedestrian;Male;18-30;2;;;Not a Pedestrian;No distancing;Slight Injury
21:55:00;Monday;18-30;Male;Junior high school;Owner;Above 10yr;Automobile;Owner;2-5yrs;;Office areas;Double carriageway (median);Tangent road with flat terrain;No junction;Asphalt roads;Dry;Darkness - lights lit;Normal;Vehicle with vehicle collision;2;1;Going straight;na;na;na;na;;;Not a Pedestrian;No distancing;Slight Injury
21:55:00;Monday;31-50;Male;Junior high school;Employee;Above 10yr;Public (13?45 seats);Owner;5-10yrs;;Office areas;Undivided Two way;Tangent road with mountainous terrain and;No junction;Asphalt roads;Dry;Darkness - lights lit;Normal;Vehicle with vehicle collision;2;1;Going straight;Driver or rider;Male;18-30;3;Other;Normal;Not a Pedestrian;Changing lane to the right;Slight Injury
22:33:00;Thursday;18-30;Male;Elementary school;Employee;2-5yr;Lorry (41?100Q);;;;Office areas;other;Tangent road with flat terrain;Y Shape;Asphalt roads;Dry;Darkness - lights lit;Normal;Vehicle with vehicle collision;2;1;Getting off;Passenger;Male;Over 51;3;Driver;Normal;Not a Pedestrian;No distancing;Slight Injury
22:33:00;Thursday;18-30;Male;Junior high school;Employee;2-5yr;Lorry (41?100Q);Owner;5-10yrs;No defect;Other;Two-way (divided with broken lines road marking);Tangent road with mild grade and flat terrain;Y Shape;Asphalt roads;Dry;Darkness - lights lit;Normal;Vehicle with vehicle collision;2;1;Going straight;Pedestrian;Male;18-30;3;Driver;Normal;Crossing from nearside - masked by parked or statioNot a Pedestrianry vehicle;No priority to vehicle;Slight Injury
17:29:00;Tuesday;31-50;Male;Unknown;Employee;Above 10yr;Lorry (11?40Q);Owner;;No defect; Church areas;Undivided Two way;Tangent road with flat terrain;Y Shape;Asphalt roads;Dry;Daylight;Normal;Vehicle with vehicle collision;2;1;Going straight;Driver or rider;Male;18-30;3;;;Not a Pedestrian;Changing lane to the left;Slight Injury
17:29:00;Tuesday;Over 51;Male;Elementary school;Employee;5-10yr;Motorcycle;Owner;Unknown;No defect; Industrial areas;Undivided Two way;Tangent road with flat terrain;Y Shape;Asphalt roads;Dry;Daylight;Normal;Vehicle with vehicle collision;2;1;Other;na;na;na;na;Driver;Normal;Not a Pedestrian;Moving Backward;Slight Injury
14:23:00;Friday;18-30;Male;Junior high school;Employee;Below 1yr;Lorry (41?100Q);Owner;1-2yr;No defect;Office areas;Double carriageway (median);Tangent road with flat terrain;Y Shape;Asphalt roads;Dry;Daylight;Normal;Collision with roadside objects;2;2;Going straight;Driver or rider;Male;18-30;3;;;Not a Pedestrian;Driving carelessly;Slight Injury
14:23:00;Friday;18-30;Male;Elementary school;Employee;Below 1yr;Stationwagen;Owner;Unknown;No defect; Church areas;Undivided Two way;Tangent road with flat terrain;Y Shape;Asphalt roads;Dry;Daylight;Normal;Vehicle with vehicle collision;2;2;Going straight;na;na;na;na;Driver;Normal;Not a Pedestrian;Changing lane to the left;Slight Injury
14:23:00;Friday;31-50;Male;Junior high school;Employee;Below 1yr;Automobile;Owner;;;Office areas;Undivided Two way;Tangent road with flat terrain;Y Shape;Asphalt roads;Dry;Daylight;Normal;Vehicle with vehicle collision;2;2;Going straight;Pedestrian;Male;18-30;3;Driver;Normal;Crossing from nearside - masked by parked or statioNot a Pedestrianry vehicle;No priority to pedestrian;Slight Injury
18:00:00;Saturday;18-30;Male;Junior high school;Employee;5-10yr;Other;Owner;;No defect;Office areas;other;Tangent road with flat terrain;Y Shape;Asphalt roads;Dry;Daylight;Normal;Vehicle with vehicle collision;2;2;Going straight;na;na;na;na;;;Not a Pedestrian;No distancing;Slight Injury
18:00:00;Saturday;31-50;Male;Junior high school;Owner;5-10yr;Other;Owner;;;Residential areas;Two-way (divided with broken lines road marking);Tangent road with flat terrain;Y Shape;Asphalt roads;Dry;Daylight;Normal;Vehicle with vehicle collision;2;2;Going straight;Driver or rider;Male;5;3;;;Not a Pedestrian;No distancing;Slight Injury
13:40:00;Sunday;31-50;Male;High school;Owner;5-10yr;Taxi;Owner;5-10yrs;;Office areas;Two-way (divided with broken lines road marking);Tangent road with flat terrain;Y Shape;Asphalt roads;Dry;Daylight;Normal;Collision with pedestrians;1;1;Reversing;na;na;na;na;;;Not a Pedestrian;Overturning;Slight Injury
13:21:00;Saturday;18-30;Male;Junior high school;Employee;5-10yr;Automobile;Owner;5-10yrs;;Residential areas;Undivided Two way;Tangent road with flat terrain;Other;Asphalt roads;Wet or damp;Daylight;Raining;Vehicle with vehicle collision;2;1;Other;Driver or rider;Male;18-30;3;;;Not a Pedestrian;No distancing;Slight Injury
13:21:00;Saturday;31-50;Male;Junior high school;Employee;2-5yr;Long lorry;Owner;2-5yrs;;Office areas;Double carriageway (median);Tangent road with flat terrain;Other;Asphalt roads;Wet or damp;Daylight;Raining;Vehicle with vehicle collision;2;1;Going straight;Pedestrian;Female;31-50;3;Other;Normal;Unknown or other;Drunk driving;Slight Injury
15:55:00;Wednesday;18-30;Male;Elementary school;Employee;5-10yr;Long lorry;Owner;2-5yrs;No defect;Office areas;Double carriageway (median);Tangent road with flat terrain;No junction;Asphalt roads;Dry;Daylight;Normal;Vehicle with vehicle collision;2;1;Going straight;Driver or rider;Male;18-30;3;Self-employed;Normal;Not a Pedestrian;Moving Backward;Slight Injury
15:55:00;Wednesday;31-50;Male;Junior high school;Employee;2-5yr;Lorry (41?100Q);;;No defect;Other;Two-way (divided with broken lines road marking);Tangent road with flat terrain;No junction;Asphalt roads;Dry;Daylight;Normal;Vehicle with vehicle collision;2;1;Going straight;na;na;na;na;;;Not a Pedestrian;No priority to pedestrian;Slight Injury
13:28:00;Saturday;Over 51;Male;Junior high school;Employee;Below 1yr;Lorry (41?100Q);Owner;Unknown;No defect;Other;Two-way (divided with broken lines road marking);Tangent road with flat terrain;Y Shape;Asphalt roads;Dry;Daylight;Normal;Vehicle with vehicle collision;2;1;Going straight;na;na;na;na;Student;Normal;Not a Pedestrian;Changing lane to the left;Slight Injury
13:28:00;Saturday;Over 51;Male;Elementary school;Employee;2-5yr;Lorry (11?40Q);Owner;Above 10yr;No defect;Residential areas;Two-way (divided with broken lines road marking);Tangent road with flat terrain;Y Shape;Asphalt roads;Dry;Daylight;Normal;Vehicle with vehicle collision;2;1;Going straight;Driver or rider;Male;31-50;3;Other;Normal;Not a Pedestrian;Changing lane to the left;Slight Injury
19:00:00;Monday;Unknown;Female;Junior high school;Employee;2-5yr;Automobile;Owner;Unknown;; Church areas;Two-way (divided with broken lines road marking);Tangent road with flat terrain;No junction;Asphalt roads;Dry;Daylight;Normal;Vehicle with vehicle collision;2;1;Going straight;Passenger;Male;Over 51;3;Driver;Normal;Not a Pedestrian;Getting off the vehicle improperly;Slight Injury
19:00:00;Monday;31-50;Male;Junior high school;Employee;2-5yr;Taxi;Governmental;Unknown;No defect; Church areas;Double carriageway (median);Tangent road with flat terrain;No junction;Asphalt roads;Dry;Daylight;Normal;Vehicle with vehicle collision;2;1;Going straight;Pedestrian;Male;18-30;3;Other;Normal;Unknown or other;No distancing;Slight Injury
16:55:00;Sunday;Under 18;Male;Junior high school;Employee;5-10yr;Other;Owner;2-5yrs;No defect;Residential areas;Double carriageway (median);Tangent road with flat terrain;No junction;Asphalt roads;Dry;Daylight;Normal;Collision with pedestrians;2;1;Going straight;Pedestrian;Male;18-30;3;Driver;Normal;Crossing from nearside - masked by parked or statioNot a Pedestrianry vehicle;Changing lane to the right;Slight Injury
16:55:00;Sunday;18-30;Male;Junior high school;Employee;5-10yr;Automobile;Owner;;No defect;Office areas;Two-way (divided with broken lines road marking);Tangent road with mild grade and flat terrain;No junction;Asphalt roads;Dry;Daylight;Normal;Vehicle with vehicle collision;2;1;Going straight;Driver or rider;Male;18-30;3;Other;Normal;Not a Pedestrian;Changing lane to the right;Slight Injury
08:45:00;Friday;31-50;Male;Junior high school;Employee;;Automobile;Owner;5-10yrs;No defect;Office areas;Two-way (divided with broken lines road marking);Tangent road with mild grade and flat terrain;No junction;Asphalt roads;Dry;Daylight;Unknown;Vehicle with vehicle collision;1;1;Moving Backward;na;na;na;na;;Normal;Not a Pedestrian;Moving Backward;Slight Injury
14:10:00;Monday;31-50;Male;Junior high school;Owner;5-10yr;Automobile;Owner;2-5yrs;;Residential areas;Two-way (divided with broken lines road marking);Tangent road with flat terrain;Y Shape;Asphalt roads;Dry;Daylight;Normal;Vehicle with vehicle collision;2;1;Moving Backward;Driver or rider;Male;18-30;3;Driver;Normal;Not a Pedestrian;Driving at high speed;Serious Injury
14:10:00;Monday;18-30;Male;Junior high school;Employee;2-5yr;Automobile;Owner;5-10yrs;; Church areas;other;Tangent road with flat terrain;Y Shape;Asphalt roads;Dry;Daylight;Normal;Vehicle with vehicle collision;2;1;Turnover;na;na;na;na;Driver;Normal;Not a Pedestrian;Changing lane to the left;Serious Injury
19:26:00;Monday;Unknown;Male;Junior high school;Employee;Below 1yr;Public (> 45 seats);Owner;;;Other;Two-way (divided with broken lines road marking);Tangent road with flat terrain;Other;Asphalt roads;Wet or damp;Daylight;Normal;Collision with roadside objects;2;1;Other;Driver or rider;Female;18-30;2;Self-employed;Normal;Not a Pedestrian;Changing lane to the right;Slight Injury
19:26:00;Monday;Over 51;Male;Junior high school;Employee;1-2yr;Lorry (11?40Q);Owner;;;Office areas;Two-way (divided with broken lines road marking);Tangent road with flat terrain;Other;Asphalt roads;Wet or damp;Daylight;Normal;Vehicle with vehicle collision;2;1;Other;na;na;na;na;;;Not a Pedestrian;No distancing;Slight Injury
13:54:00;Monday;18-30;Male;Junior high school;Employee;Below 1yr;Lorry (41?100Q);Owner;;;Other;Two-way (divided with broken lines road marking);Tangent road with flat terrain;Crossing;Asphalt roads;Dry;Daylight;Normal;Vehicle with vehicle collision;2;1;Going straight;Pedestrian;Male;Over 51;3;;;Walking along in carriageway, facing traffic;Changing lane to the right;Slight Injury
13:54:00;Monday;31-50;Male;Junior high school;Employee;Above 10yr;Lorry (41?100Q);Owner;;;Other;Two-way (divided with broken lines road marking);Tangent road with flat terrain;Crossing;Asphalt roads;Dry;Daylight;Normal;Vehicle with vehicle collision;2;1;Going straight;Pedestrian;Male;18-30;2;Employee;Normal;Unknown or other;Changing lane to the right;Slight Injury
11:14:00;Sunday;Over 51;Male;Junior high school;Employee;Below 1yr;Stationwagen;Owner;;;;;Tangent road with flat terrain;Y Shape;Asphalt roads;Dry;Daylight;Normal;Vehicle with vehicle collision;2;1;Other;na;na;na;na;Driver;Normal;Not a Pedestrian;No distancing;Slight Injury
11:14:00;Sunday;Over 51;Male;Junior high school;Employee;2-5yr;Other;Governmental;2-5yrs;;Residential areas;Two-way (divided with broken lines road marking);;Y Shape;Asphalt roads;Dry;Daylight;Normal;Vehicle with vehicle collision;2;1;Other;Driver or rider;Male;18-30;3;Other;Normal;Not a Pedestrian;Changing lane to the right;Slight Injury
17:30:00;Saturday;31-50;Male;Junior high school;Employee;1-2yr;Automobile;Owner;Below 1yr;; Church areas;Undivided Two way;Tangent road with flat terrain;No junction;Asphalt roads;Dry;Daylight;Normal;Vehicle with vehicle collision;1;1;Going straight;Driver or rider;Male;Under 18;3;Driver;Normal;Not a Pedestrian;Driving carelessly;Slight Injury
15:10:00;Thursday;Under 18;Male;Elementary school;Employee;5-10yr;Pick up upto 10Q;;;;Other;Undivided Two way;Tangent road with flat terrain;No junction;Asphalt roads with some distress;Dry;Daylight;Normal;Vehicle with vehicle collision;3;2;Reversing;na;na;na;na;Driver;Normal;Not a Pedestrian;Driving carelessly;Slight Injury
15:10:00;Thursday;31-50;Male;Junior high school;Owner;Below 1yr;Motorcycle;Owner;Unknown;;Other;One way;Tangent road with flat terrain;No junction;Asphalt roads;Dry;Daylight;Normal;Collision with roadside objects;3;2;Other;Driver or rider;Female;31-50;3;Driver;Normal;Not a Pedestrian;Changing lane to the right;Slight Injury
15:10:00;Thursday;18-30;Male;Junior high school;Employee;Below 1yr;Automobile;Owner;Unknown;No defect;Residential areas;Two-way (divided with broken lines road marking);Tangent road with flat terrain;No junction;Asphalt roads;Dry;Daylight;Normal;Vehicle with vehicle collision;3;2;Turnover;Pedestrian;Female;31-50;3;Driver;Normal;Unknown or other;Overturning;Slight Injury
18:23:00;Wednesday;Over 51;Male;Writing & reading;Employee;Below 1yr;Pick up upto 10Q;Owner;Unknown;;Office areas;One way;Tangent road with flat terrain;Y Shape;Asphalt roads;Dry;Daylight;Normal;Vehicle with vehicle collision;3;1;Going straight;Driver or rider;Male;18-30;3;Driver;Normal;Not a Pedestrian;Changing lane to the right;Slight Injury
18:23:00;Wednesday;18-30;Male;Junior high school;Employee;1-2yr;Motorcycle;Owner;Unknown;No defect; Industrial areas;Two-way (divided with broken lines road marking);Tangent road with flat terrain;Y Shape;Asphalt roads;Dry;Daylight;Normal;Vehicle with vehicle collision;3;1;Going straight;Pedestrian;Male;18-30;3;Driver;Normal;Unknown or other;Moving Backward;Slight Injury
18:23:00;Wednesday;Over 51;Male;Elementary school;Owner;5-10yr;Stationwagen;Governmental;;No defect;Residential areas;Double carriageway (median);Tangent road with flat terrain;Y Shape;Gravel roads;Dry;Daylight;Normal;Vehicle with vehicle collision;3;1;Going straight;Pedestrian;Male;Under 18;3;Driver;Normal;Unknown or other;No distancing;Slight Injury
18:15:00;Wednesday;18-30;Male;Junior high school;Employee;2-5yr;Lorry (41?100Q);Owner;;No defect;Office areas;Unknown;Tangent road with flat terrain;Crossing;Asphalt roads;Dry;Daylight;Normal;Rollover;2;1;Going straight;Driver or rider;Male;18-30;3;Driver;Normal;Not a Pedestrian;Overturning;Slight Injury
18:15:00;Wednesday;31-50;Male;Junior high school;Owner;Below 1yr;Taxi;Owner;2-5yrs;;Other;;Tangent road with flat terrain;Crossing;Asphalt roads;Dry;Daylight;Normal;Vehicle with vehicle collision;2;1;Going straight;na;na;na;na;;Normal;Not a Pedestrian;Driving carelessly;Slight Injury
08:00:00;Friday;18-30;Male;Writing & reading;Employee;5-10yr;Automobile;Owner;Unknown;; Church areas;other;Tangent road with flat terrain;Y Shape;Asphalt roads;Dry;Daylight;Normal;Vehicle with vehicle collision;2;1;Going straight;Passenger;Female;31-50;3;;Normal;Not a Pedestrian;Changing lane to the right;Slight Injury
08:00:00;Friday;18-30;Male;Writing & reading;Employee;5-10yr;Long lorry;Owner;Above 10yr;; Industrial areas;;Tangent road with flat terrain;Y Shape;Asphalt roads;Dry;Daylight;Normal;Collision with roadside objects;2;1;Going straight;na;na;na;na;;Normal;Not a Pedestrian;Driving at high speed;Slight Injury
13:04:00;Monday;Over 51;Male;Junior high school;Employee;5-10yr;Automobile;Owner;Unknown;No defect;  Recreational areas;One way;Tangent road with flat terrain;Other;Asphalt roads;Dry;Daylight;Normal;Vehicle with vehicle collision;1;1;Going straight;Driver or rider;Male;18-30;3;;Normal;Not a Pedestrian;Changing lane to the left;Slight Injury
16:42:00;Wednesday;Unknown;Male;Junior high school;Employee;2-5yr;Public (12 seats);Owner;Unknown;No defect;  Market areas;Undivided Two way;Tangent road with flat terrain;Other;Asphalt roads;Dry;Daylight;Normal;Vehicle with vehicle collision;2;1;Going straight;Pedestrian;Male;18-30;3;;Normal;Crossing from offside - masked by  parked or statioNot a Pedestrianry vehicle;Driving carelessly;Slight Injury
16:42:00;Wednesday;18-30;Male;Junior high school;Employee;Above 10yr;Lorry (11?40Q);Owner;Unknown;No defect;Other;Two-way (divided with broken lines road marking);Tangent road with flat terrain;Other;Asphalt roads;Dry;Daylight;Normal;Vehicle with vehicle collision;2;1;Other;na;na;na;na;;Normal;Not a Pedestrian;No distancing;Slight Injury
11:59:00;Thursday;18-30;Male;Junior high school;Employee;5-10yr;Pick up upto 10Q;Owner;Unknown;;Other;Two-way (divided with broken lines road marking);Tangent road with flat terrain;No junction;Asphalt roads;Dry;Daylight;Normal;Collision with roadside objects;2;1;Going straight;Driver or rider;Male;18-30;3;;Normal;Not a Pedestrian;Moving Backward;Slight Injury
11:59:00;Thursday;18-30;Male;Junior high school;Employee;Above 10yr;Lorry (41?100Q);Owner;Unknown;No defect; Industrial areas;Two-way (divided with broken lines road marking);;No junction;Asphalt roads;Dry;Daylight;Normal;Collision with roadside objects;2;1;Going straight;Pedestrian;Male;31-50;3;;Normal;Unknown or other;No priority to pedestrian;Slight Injury
11:31:00;Wednesday;18-30;Male;Junior high school;Employee;2-5yr;Other;Governmental;2-5yrs;;Other;Two-way (divided with broken lines road marking);Tangent road with flat terrain;Crossing;Asphalt roads;Dry;Daylight;Normal;Vehicle with vehicle collision;2;1;Moving Backward;Driver or rider;Female;31-50;3;Driver;;Not a Pedestrian;Moving Backward;Slight Injury
11:31:00;Wednesday;18-30;Male;Junior high school;Employee;Below 1yr;Automobile;Governmental;;;Office areas;other;Tangent road with flat terrain;Crossing;Asphalt roads;Dry;Daylight;Normal;Vehicle with vehicle collision;2;1;Going straight;na;na;na;na;Driver;;Not a Pedestrian;Changing lane to the right;Slight Injury
17:34:00;Friday;18-30;Male;Junior high school;Employee;Below 1yr;Long lorry;Owner;Unknown;;;other;Tangent road with flat terrain;No junction;Asphalt roads;Wet or damp;Daylight;Normal;Collision with roadside objects;2;1;Moving Backward;Pedestrian;Male;18-30;3;Driver;Normal;Not a Pedestrian;No distancing;Slight Injury
17:34:00;Friday;31-50;Male;Junior high school;Owner;5-10yr;Lorry (11?40Q);Owner;;;Office areas;Two-way (divided with broken lines road marking);Tangent road with flat terrain;No junction;Asphalt roads;Wet or damp;Daylight;Normal;Collision with roadside objects;2;1;Other;Pedestrian;Female;Under 18;3;Driver;Normal;Not a Pedestrian;Drunk driving;Slight Injury
06:50:00;Monday;31-50;Male;Junior high school;Employee;2-5yr;Long lorry;Owner;;;Office areas;Undivided Two way;Tangent road with flat terrain;Y Shape;Asphalt roads;Dry;Daylight;Normal;Vehicle with vehicle collision;2;3;Going straight;Pedestrian;Male;31-50;3;Driver;Normal;Crossing from driver's nearside;Changing lane to the right;Slight Injury
06:50:00;Monday;Under 18;Male;Elementary school;Employee;Below 1yr;Automobile;Organization;Unknown;;Other;other;Tangent road with flat terrain;Y Shape;Asphalt roads;Dry;Daylight;Normal;Collision with pedestrians;2;3;Reversing;Pedestrian;Female;Under 18;3;;Normal;Crossing from nearside - masked by parked or statioNot a Pedestrianry vehicle;Driving carelessly;Slight Injury
06:50:00;Monday;Under 18;Male;Junior high school;Employee;2-5yr;Taxi;Governmental;2-5yrs;;Other;other;Tangent road with flat terrain;Y Shape;Asphalt roads;Dry;Daylight;Normal;Vehicle with vehicle collision;2;3;Going straight;Pedestrian;Female;Over 51;3;Driver;Normal;In carriageway, statioNot a Pedestrianry - not crossing  (standing or playing);Driving to the left;Slight Injury
11:35:00;Friday;31-50;Male;Junior high school;Employee;5-10yr;Taxi;Owner;Unknown;No defect;Other;Undivided Two way;Tangent road with flat terrain;No junction;Asphalt roads;Wet or damp;Daylight;Raining;Vehicle with vehicle collision;2;2;Other;na;na;na;na;Driver;Normal;Not a Pedestrian;Changing lane to the right;Serious Injury
11:35:00;Friday;31-50;Male;High school;Employee;Above 10yr;Long lorry;Owner;Above 10yr;;Other;other;Tangent road with flat terrain;No junction;Asphalt roads;Wet or damp;Daylight;Raining;Vehicle with vehicle collision;2;2;Other;Driver or rider;Female;31-50;3;Self-employed;Normal;Not a Pedestrian;Changing lane to the right;Serious Injury
11:35:00;Friday;Unknown;Male;High school;Employee;Above 10yr;Lorry (11?40Q);;;;Residential areas;Undivided Two way;Tangent road with flat terrain;No junction;Asphalt roads;Wet or damp;Daylight;Raining;Vehicle with vehicle collision;2;2;Other;Passenger;Male;Under 18;3;Driver;Normal;Not a Pedestrian;Driving carelessly;Serious Injury
01:35:00;Sunday;18-30;Male;Junior high school;Employee;5-10yr;Lorry (11?40Q);Owner;2-5yrs;No defect; Church areas;Undivided Two way;Tangent road with flat terrain;No junction;Asphalt roads;Dry;Darkness - lights lit;Normal;Vehicle with vehicle collision;2;1;Stopping;Driver or rider;Male;18-30;3;Driver;Normal;Not a Pedestrian;Changing lane to the left;Slight Injury
01:35:00;Sunday;Over 51;Male;Elementary school;Employee;1-2yr;Long lorry;Owner;2-5yrs;;Office areas;Double carriageway (median);Tangent road with flat terrain;No junction;Earth roads;Dry;Darkness - lights lit;Normal;Collision with roadside objects;2;1;Other;na;na;na;na;Self-employed;Normal;Not a Pedestrian;No priority to vehicle;Slight Injury
15:00:00;Wednesday;Unknown;Female;Elementary school;Employee;5-10yr;Turbo;Owner;2-5yrs;; Church areas;other;Tangent road with flat terrain;No junction;Asphalt roads;Dry;Daylight;Normal;Collision with roadside objects;2;1;Other;Driver or rider;Male;18-30;3;;;Not a Pedestrian;Driving carelessly;Slight Injury
15:00:00;Wednesday;Under 18;Unknown;Junior high school;Employee;5-10yr;Long lorry;Owner;2-5yrs;;Other;Two-way (divided with broken lines road marking);Tangent road with flat terrain;No junction;Asphalt roads;Dry;Daylight;Normal;Vehicle with vehicle collision;2;1;Other;Pedestrian;Female;18-30;3;Driver;Normal;Unknown or other;Changing lane to the right;Slight Injury
13:42:00;Monday;31-50;Male;Junior high school;Employee;1-2yr;Long lorry;Owner;;;;other;Tangent road with flat terrain;Y Shape;Asphalt roads;Dry;Daylight;Normal;Vehicle with vehicle collision;1;1;Going straight;Pedestrian;Female;18-30;3;Other;Normal;Unknown or other;Driving carelessly;Slight Injury
14:50:00;Monday;Unknown;Male;Junior high school;Owner;5-10yr;Public (13?45 seats);Owner;1-2yr;;School areas;other;Steep grade downward with mountainous terrain;No junction;Asphalt roads;Dry;Daylight;Normal;Vehicle with vehicle collision;2;1;Going straight;Driver or rider;Male;31-50;3;Driver;Normal;Not a Pedestrian;Driving under the influence of drugs;Slight Injury
14:50:00;Monday;31-50;Male;High school;Owner;Above 10yr;Automobile;Owner;5-10yrs;;Office areas;Two-way (divided with broken lines road marking);Tangent road with mild grade and flat terrain;No junction;Asphalt roads;Dry;Daylight;Normal;Vehicle with vehicle collision;2;1;Going straight;na;na;na;na;Self-employed;Normal;Not a Pedestrian;No distancing;Slight Injury
17:34:00;Monday;Unknown;Male;;Owner;Below 1yr;Automobile;Owner;Below 1yr;;Other;other;Steep grade downward with mountainous terrain;No junction;Asphalt roads;Dry;Daylight;Normal;Vehicle with vehicle collision;2;2;Going straight;Passenger;Female;Under 18;3;Driver;Normal;Not a Pedestrian;Changing lane to the left;Slight Injury
17:34:00;Monday;31-50;Male;Writing & reading;Owner;5-10yr;Pick up upto 10Q;Owner;Unknown;;Office areas;Undivided Two way;Tangent road with flat terrain;No junction;Asphalt roads;Dry;Daylight;Normal;Vehicle with vehicle collision;2;2;Going straight;Driver or rider;Male;Over 51;3;Driver;Normal;Not a Pedestrian;No priority to vehicle;Slight Injury
15:15:00;Tuesday;31-50;Male;Above high school;Employee;Above 10yr;;Owner;;;Other;Undivided Two way;Tangent road with flat terrain;Y Shape;Asphalt roads;Dry;Daylight;Normal;Vehicle with vehicle collision;2;2;Going straight;na;na;na;na;;;Not a Pedestrian;Moving Backward;Slight Injury
15:15:00;Tuesday;Over 51;Male;High school;Employee;Below 1yr;Stationwagen;Owner;2-5yrs;;Other;Two-way (divided with broken lines road marking);Tangent road with flat terrain;Y Shape;Asphalt roads;Dry;Daylight;Normal;Vehicle with vehicle collision;2;2;Going straight;Driver or rider;Male;18-30;3;Driver;Normal;Not a Pedestrian;Moving Backward;Slight Injury
12:24:00;Saturday;Under 18;Male;Junior high school;Employee;1-2yr;;Owner;;;Office areas;Undivided Two way;Tangent road with flat terrain;Other;Asphalt roads with some distress;Dry;Daylight;Normal;Vehicle with vehicle collision;2;2;Going straight;na;na;na;na;Driver;Normal;Not a Pedestrian;No distancing;Slight Injury
12:24:00;Saturday;Under 18;Male;Junior high school;Employee;Above 10yr;Automobile;Owner;;No defect;Other;Double carriageway (median);Tangent road with flat terrain;Other;Asphalt roads;Dry;Daylight;Normal;Vehicle with vehicle collision;2;2;Going straight;Driver or rider;Male;18-30;3;;;Not a Pedestrian;Changing lane to the right;Slight Injury
12:24:00;Saturday;31-50;Male;Junior high school;Owner;Above 10yr;Automobile;Owner;;; Church areas;other;Tangent road with flat terrain;Other;Asphalt roads;Dry;Daylight;Normal;Other;2;2;Going straight;na;na;na;na;;;Not a Pedestrian;Changing lane to the right;Slight Injury
17:09:00;Saturday;Under 18;Male;Junior high school;Employee;Above 10yr;Long lorry;Owner;;No defect;Office areas;Two-way (divided with broken lines road marking);Tangent road with flat terrain;Y Shape;Asphalt roads;Wet or damp;Daylight;Raining;Vehicle with vehicle collision;2;2;Going straight;na;na;na;na;Driver;Normal;Not a Pedestrian;Moving Backward;Slight Injury
17:09:00;Saturday;31-50;Male;Junior high school;Employee;No Licence;Public (13?45 seats);Owner;Above 10yr;No defect;Office areas;Two-way (divided with broken lines road marking);Tangent road with flat terrain;Y Shape;Asphalt roads;Wet or damp;Daylight;Raining;Collision with roadside objects;2;2;Reversing;Driver or rider;Male;31-50;3;Driver;Normal;Not a Pedestrian;Driving carelessly;Slight Injury
17:09:00;Saturday;31-50;Male;Junior high school;Employee;1-2yr;Public (13?45 seats);Owner;2-5yrs;;Other;Undivided Two way;Tangent road with mountainous terrain and;Y Shape;Asphalt roads;Wet or damp;Daylight;Raining;Vehicle with vehicle collision;2;2;Going straight;na;na;na;na;;;Not a Pedestrian;Driving under the influence of drugs;Slight Injury
07:30:00;Friday;18-30;Male;Illiterate;Owner;1-2yr;Lorry (11?40Q);Owner;2-5yrs;;Residential areas;Undivided Two way;Tangent road with flat terrain;Other;Asphalt roads;Dry;Daylight;Normal;Vehicle with vehicle collision;2;1;Other;na;na;na;na;;;Not a Pedestrian;No distancing;Slight Injury
07:30:00;Friday;18-30;Male;Junior high school;Owner;Below 1yr;Lorry (11?40Q);Owner;Unknown;No defect;Residential areas;Undivided Two way;Tangent road with flat terrain;Other;Asphalt roads;Dry;Daylight;Normal;Vehicle with vehicle collision;2;1;;Driver or rider;Male;31-50;3;Driver;Normal;Not a Pedestrian;No distancing;Slight Injury
13:22:00;Sunday;18-30;Male;Junior high school;Owner;1-2yr;Pick up upto 10Q;Owner;5-10yrs;7;;Two-way (divided with broken lines road marking);Tangent road with flat terrain;Crossing;Asphalt roads;Wet or damp;Daylight;Raining;Vehicle with vehicle collision;2;3;Getting off;Driver or rider;Female;Over 51;3;Driver;Normal;Not a Pedestrian;No priority to vehicle;Slight Injury
13:22:00;Sunday;18-30;Male;Junior high school;Owner;2-5yr;Automobile;Owner;Unknown;7;Other;other;Tangent road with flat terrain;Crossing;Asphalt roads;Wet or damp;Daylight;Raining;Vehicle with vehicle collision;2;3;Going straight;na;na;na;na;;;Not a Pedestrian;Driving to the left;Slight Injury
13:22:00;Sunday;18-30;Male;Unknown;Owner;5-10yr;Automobile;Owner;Unknown;No defect;Office areas;;Steep grade downward with mountainous terrain;Crossing;Asphalt roads;Wet or damp;Daylight;Raining;Vehicle with vehicle collision;2;3;Going straight;na;na;na;na;;;Not a Pedestrian;No priority to vehicle;Slight Injury