Time;Day_of_week;Age_band_of_driver;Sex_of_driver;Educational_level;Vehicle_driver_relation;Driving_experience;Type_of_vehicle;Owner_of_vehicle;Service_year_of_vehicle;Defect_of_vehicle;Area_accident_occured;Lanes_or_Medians;Road_allignment;Types_of_Junction;Road_surface_type;Road_surface_conditions;Light_conditions;Weather_conditions;Type_of_collision;Number_of_vehicles_involved;Number_of_casualties;Vehicle_movement;Casualty_class;Sex_of_casualty;Age_band_of_casualty;Casualty_severity;Work_of_casuality;Fitness_of_casuality;Pedestrian_movement;Cause_of_accident;Accident_severity
16:49:00;Tuesday;31-50;Male;Unknown;Owner;Above 10yr;Automobile;Governmental;Unknown;No defect;School areas;Double carriageway (median);Tangent road with flat terrain;No junction;Asphalt roads;Dry;Daylight;Normal;Collision with roadside objects;1;2;Going straight;na;na;na;na;Driver;Normal;Not a Pedestrian;No priority to vehicle;Serious Injury
16:49:00;Tuesday;31-50;Male;Junior high school;Owner;2-5yr;Long lorry;Owner;Unknown;No defect;Other;Two-way (divided with broken lines road marking);Steep grade downward with mountainous terrain;No junction;Asphalt roads;Dry;Daylight;Normal;Collision with roadside objects;1;2;Going straight;Driver or rider;Male;18-30;3;Driver;Normal;Not a Pedestrian;No priority to vehicle;Serious Injury
16:16:00;Tuesday;Unknown;Male;Elementary school;Owner;Above 10yr;Long lorry;Owner;5-10yrs;No defect;Other;Two-way (divided with broken lines road marking);Tangent road with rolling terrain;No junction;Asphalt roads;Wet or damp;Daylight;Raining;Vehicle with vehicle collision;2;2;Turnover;na;na;na;na;;;Not a Pedestrian;No distancing;Slight Injury
16:16:00;Tuesday;31-50;Male;Writing & reading;Owner;5-10yr;Automobile;Governmental;Unknown;No defect; Church areas;Two-way (divided with broken lines road marking);Tangent road with flat terrain;No junction;Asphalt roads;Wet or damp;Daylight;Raining;Collision with roadside objects;2;2;Entering a junction;Driver or rider;Male;18-30;3;Driver;;Not a Pedestrian;Moving Backward;Slight Injury
16:16:00;Tuesday;31-50;Male;;Owner;;Stationwagen;;;;Office areas;;Tangent road with mild grade and flat terrain;No junction;Asphalt roads;Wet or damp;Daylight;Raining;Collision with roadside objects;2;2;Entering a junction;Pedestrian;Female;31-50;3;Driver;Normal;Crossing from nearside - masked by parked or statioNot a Pedestrianry vehicle;Changing lane to the right;Slight Injury
07:41:00;Tuesday;18-30;Male;Junior high school;Owner;5-10yr;;Owner;;;Other;Two-way (divided with broken lines road marking);Tangent road with mild grade and flat terrain;Y Shape;Asphalt roads;Dry;Daylight;Normal;Vehicle with vehicle collision;2;1;Entering a junction;Driver or rider;Male;Over 51;3;Driver;Normal;Not a Pedestrian;Driving carelessly;Slight Injury
07:41:00;Tuesday;31-50;Male;Junior high school;Owner;Below 1yr;Other;Governmental;;No defect;Residential areas;Double carriageway (median);Tangent road with flat terrain;Y Shape;Asphalt roads;Dry;Daylight;Normal;Vehicle with vehicle collision;2;1;Entering a junction;na;na;na;na;Driver;Normal;Not a Pedestrian;Changing lane to the left;Slight Injury
16:12:00;Saturday;31-50;Male;Junior high school;Owner;2-5yr;Special vehicle;Owner;;;Office areas;Two-way (divided with broken lines road marking);Tangent road with flat terrain;No junction;Asphalt roads;Dry;Daylight;Normal;Collision with roadside objects;3;2;Other;Passenger;Male;Under 18;3;Driver;Normal;Not a Pedestrian;No distancing;Slight Injury
16:12:00;Saturday;31-50;Male;Elementary school;Employee;2-5yr;Lorry (41?100Q);Owner;;;Office areas;Undivided Two way;Tangent road with flat terrain;No junction;;Dry;Daylight;Normal;Vehicle with vehicle collision;3;2;Entering a junction;na;na;na;na;;;Not a Pedestrian;Changing lane to the right;Slight Injury
16:12:00;Saturday;31-50;Male;Junior high school;Employee;2-5yr;Pick up upto 10Q;Owner;Below 1yr;;Office areas;Two-way (divided with broken lines road marking);Tangent road with flat terrain;No junction;Asphalt roads;Dry;Daylight;Normal;Vehicle with vehicle collision;3;2;Turnover;Pedestrian;Female;Over 51;3;Driver;;Crossing from offside - masked by  parked or statioNot a Pedestrianry vehicle;Driving under the influence of drugs;Slight Injury
16:12:00;Saturday;Unknown;Male;Junior high school;Employee;2-5yr;Lorry (11?40Q);Organization;1-2yr;; Church areas;;Tangent road with flat terrain;No junction;Asphalt roads;Dry;Daylight;Normal;Vehicle with vehicle collision;3;2;Entering a junction;Pedestrian;Male;18-30;3;Driver;Normal;Unknown or other;No distancing;Slight Injury
15:40:00;Tuesday;31-50;Male;Junior high school;Employee;5-10yr;Lorry (41?100Q);Owner;;;Office areas;Two-way (divided with broken lines road marking);Tangent road with flat terrain;Crossing;Asphalt roads;Dry;Daylight;Normal;Vehicle with vehicle collision;1;1;Entering a junction;Driver or rider;Male;31-50;3;Self-employed;Normal;Not a Pedestrian;Overturning;Serious Injury
18:59:00;Monday;18-30;Male;Junior high school;Employee;5-10yr;Motorcycle;Owner;1-2yr;;Office areas;Two-way (divided with broken lines road marking);Tangent road with mild grade and flat terrain;No junction;Asphalt roads;Wet or damp;Daylight;Raining;Vehicle with vehicle collision;2;1;Entering a junction;Driver or rider;Male;18-30;3;Employee;Normal;Not a Pedestrian;No distancing;Slight Injury
18:59:00;Monday;18-30;Male;Junior high school;Employee;Above 10yr;Automobile;Owner;;;Office areas;Two-way (divided with broken lines road marking);Tangent road with mild grade and flat terrain;No junction;Asphalt roads;Wet or damp;Daylight;Raining;Vehicle with vehicle collision;2;1;Entering a junction;Driver or rider;Male;18-30;3;Driver;Normal;Not a Pedestrian;Changing lane to the right;Slight Injury
07:25:00;Friday;31-50;Male;Elementary school;Employee;5-10yr;Automobile;Owner;5-10yrs;No defect;Office areas;Two-way (divided with broken lines road marking);Tangent road with flat terrain;O Shape;Asphalt roads;Dry;Daylight;Normal;Collision with pedestrians;2;1;Entering a junction;na;na;na;na;Other;Normal;Not a Pedestrian;No priority to vehicle;Slight Injury
07:25:00;Friday;Unknown;Male;Junior high school;Employee;5-10yr;Automobile;Owner;;No defect;Other;Two-way (divided with broken lines road marking);Tangent road with flat terrain;O Shape;Asphalt roads;Dry;Daylight;Normal;Vehicle with vehicle collision;2;1;Other;Pedestrian;Male;18-30;3;Self-employed;Normal;Not a Pedestrian;Changing lane to the right;Slight Injury
13:22:00;Monday;Under 18;Male;Junior high school;Employee;Above 10yr;Stationwagen;Owner;;No defect;Residential areas;Double carriageway (median);Tangent road with flat terrain;Y Shape;Asphalt roads;Dry;Daylight;Normal;Collision with roadside objects;2;1;Going straight;Passenger;Female;Over 51;3;Self-employed;Normal;Not a Pedestrian;Changing lane to the left;Slight Injury
13:22:00;Monday;Over 51;Male;Elementary school;Owner;;;Owner;;No defect; Church areas;Undivided Two way;Tangent road with flat terrain;Y Shape;Asphalt roads;Dry;Daylight;Normal;Vehicle with vehicle collision;2;1;Going straight;na;na;na;na;Employee;Normal;Not a Pedestrian;No distancing;Slight Injury
11:10:00;Thursday;Unknown;Male;Junior high school;Owner;5-10yr;Public (> 45 seats);Owner;;No defect;Other;Two-way (divided with broken lines road marking);Tangent road with flat terrain;Crossing;Asphalt roads;Dry;Daylight;Normal;Vehicle with vehicle collision;4;1;Other;na;na;na;na;Self-employed;Normal;Not a Pedestrian;No priority to pedestrian;Slight Injury
11:10:00;Thursday;Unknown;Male;Junior high school;Employee;5-10yr;Public (> 45 seats);Owner;;No defect;  Recreational areas;Two-way (divided with broken lines road marking);Tangent road with flat terrain;Crossing;Asphalt roads;Dry;Daylight;Normal;Vehicle with vehicle collision;4;1;Going straight;Driver or rider;Male;18-30;2;;;Not a Pedestrian;Driving carelessly;Slight Injury
11:10:00;Thursday;Unknown;Male;Junior high school;Employee;Below 1yr;Stationwagen;;;;;;Tangent road with flat terrain;Crossing;Asphalt roads;Dry;Daylight;Normal;Vehicle with vehicle collision;4;1;Going straight;Pedestrian;Female;31-50;3;Driver;Normal;Crossing from driver's nearside;No distancing;Slight Injury
11:10:00;Thursday;31-50;Male;;;;Automobile;Owner;Unknown;No defect; Industrial areas;Undivided Two way;Tangent road with mild grade and flat terrain;Crossing;Asphalt roads;Dry;Daylight;Normal;Vehicle with vehicle collision;4;1;Going straight;Driver or rider;Male;18-30;3;Driver;Normal;Not a Pedestrian;Driving carelessly;Slight Injury
07:55:00;Tuesday;18-30;Male;Junior high school;Employee;5-10yr;Bicycle;Owner;;No defect;Other;Two-way (divided with broken lines road marking);Tangent road with flat terrain;Y Shape;Asphalt roads;Dry;Daylight;Normal;Vehicle with vehicle collision;2;1;Going straight;na;na;na;na;Driver;Normal;Not a Pedestrian;Driving carelessly;Slight Injury
07:55:00;Tuesday;31-50;Male;Junior high school;Employee;5-10yr;Automobile;Owner;Unknown;;Other;other;Tangent road with flat terrain;Y Shape;Asphalt roads;Dry;Daylight;Normal;Vehicle with vehicle collision;2;1;Going straight;Pedestrian;Male;31-50;3;Driver;Normal;Unknown or other;Moving Backward;Slight Injury
17:57:00;Friday;31-50;Male;Junior high school;Employee;Above 10yr;Lorry (41?100Q);Owner;5-10yrs;No defect; Church areas;other;Tangent road with flat terrain;No junction;Asphalt roads;Dry;Daylight;Normal;Vehicle with vehicle collision;1;1;Reversing;Driver or rider;Male;18-30;2;;;Not a Pedestrian;Overtaking;Slight Injury
18:09:00;Tuesday;Unknown;Male;High school;Employee;Above 10yr;Automobile;Owner;5-10yrs;No defect; Church areas;Undivided Two way;Tangent road with flat terrain;Crossing;Asphalt roads;Dry;Daylight;Normal;Vehicle with vehicle collision;2;1;Moving Backward;na;na;na;na;Driver;Normal;Not a Pedestrian;No priority to vehicle;Slight Injury
18:09:00;Tuesday;Over 51;Male;Junior high school;Employee;Above 10yr;Public (13?45 seats);Owner;;No defect;Other;Two-way (divided with broken lines road marking);Tangent road with flat terrain;Crossing;Asphalt roads;Dry;Daylight;Normal;Collision with roadside objects;2;1;Overtaking;Driver or rider;Male;31-50;3;;;Not a Pedestrian;No priority to vehicle;Slight Injury
15:25:00;Tuesday;18-30;Male;Junior high school;Employee;Above 10yr;Special vehicle;Owner;;No defect;Other;One way;Tangent road with flat terrain;Other;Asphalt roads;Dry;Daylight;Normal;Vehicle with vehicle collision;1;1;Going straight;Passenger;Male;18-30;2;Driver;Normal;Not a Pedestrian;Changing lane to the left;Serious Injury
17:11:00;Thursday;Over 51;Male;Junior high school;Employee;Above 10yr;Automobile;Governmental;2-5yrs;;  Recreational areas;Two-way (divided with broken lines road marking);Tangent road with flat terrain;No junction;Asphalt roads;Dry;Daylight;Normal;Collision with roadside objects;2;3;Going straight;Passenger;Female;18-30;3;Self-employed;Normal;Not a Pedestrian;No priority to vehicle;Slight Injury
17:11:00;Thursday;Over 51;Male;Junior high school;Employee;Above 10yr;Public (13?45 seats);Owner;2-5yrs;;Other;Undivided Two way;Tangent road with flat terrain;No junction;Asphalt roads;Dry;Daylight;Normal;Vehicle with vehicle collision;2;3;Going straight;na;na;na;na;Driver;Normal;Not a Pedestrian;No distancing;Slight Injury
17:11:00;Thursday;31-50;Male;Junior high school;Employee;5-10yr;;Owner;5-10yrs;;Office areas;Undivided Two way;Tangent road with flat terrain;No junction;Asphalt roads;Dry;Daylight;Normal;Vehicle with vehicle collision;2;3;Going straight;na;na;na;na;Driver;Normal;Not a Pedestrian;Moving Backward;Slight Injury
12:15:00;Wednesday;Unknown;Male;Junior high school;Employee;2-5yr;Lorry (41?100Q);Owner;5-10yrs;No defect; Church areas;Two-way (divided with broken lines road marking);Tangent road with flat terrain;Y Shape;Asphalt roads;Dry;Daylight;Normal;;2;1;Going straight;na;na;na;na;Self-employed;Normal;Not a Pedestrian;Changing lane to the right;Slight Injury
12:15:00;Wednesday;Over 51;Male;Junior high school;Employee;Below 1yr;Lorry (41?100Q);Owner;2-5yrs;;Office areas;Two-way (divided with broken lines road marking);Tangent road with flat terrain;Y Shape;Asphalt roads;Dry;Daylight;Normal;Collision with pedestrians;2;1;Going straight;Pedestrian;Male;18-30;3;Driver;Normal;Not a Pedestrian;No distancing;Slight Injury
16:31:00;Thursday;Under 18;Male;Junior high school;Employee;Below 1yr;Public (12 seats);;;No defect;Office areas;Undivided Two way;Tangent road with mountainous terrain and;Y Shape;Asphalt roads;Dry;Daylight;Normal;Vehicle with vehicle collision;3;4;Going straight;Driver or rider;Male;31-50;3;Driver;Normal;Not a Pedestrian;Overtaking;Slight Injury
16:31:00;Thursday;18-30;Male;Junior high school;Employee;2-5yr;Lorry (41?100Q);Owner;2-5yrs;No defect;Other;Undivided Two way;Tangent road with flat terrain;Y Shape;Asphalt roads;Dry;Daylight;Normal;Vehicle with vehicle collision;3;4;Going straight;na;na;na;na;Self-employed;Normal;Not a Pedestrian;No distancing;Slight Injury
16:31:00;Thursday;18-30;Male;Elementary school;Employee;Below 1yr;Lorry (41?100Q);Governmental;;;Residential areas;Two-way (divided with broken lines road marking);Tangent road with flat terrain;Y Shape;Asphalt roads;Dry;Daylight;Normal;Vehicle with vehicle collision;3;4;Going straight;Driver or rider;Male;31-50;3;;;Not a Pedestrian;Changing lane to the left;Slight Injury
16:31:00;Thursday;Over 51;Male;Junior high school;Employee;Below 1yr;Public (12 seats);Owner;2-5yrs;No defect;Office areas;Two-way (divided with broken lines road marking);Tangent road with mild grade and flat terrain;Y Shape;Asphalt roads;Dry;Daylight;Normal;Collision with pedestrians;3;4;Going straight;na;na;na;na;Self-employed;Normal;Not a Pedestrian;Driving under the influence of drugs;Slight Injury
11:30:00;Tuesday;31-50;Male;Junior high school;Employee;;Public (> 45 seats);Owner;2-5yrs;;Residential areas;other;Tangent road with flat terrain;No junction;Asphalt roads;Dry;Daylight;Normal;Collision with roadside objects;2;4;Going straight;Passenger;Male;Under 18;3;Self-employed;Normal;Not a Pedestrian;No distancing;Slight Injury
11:30:00;Tuesday;31-50;Male;;Employee;5-10yr;Automobile;Owner;Unknown;No defect;Residential areas;Two-way (divided with broken lines road marking);Tangent road with flat terrain;No junction;Asphalt roads;Dry;Daylight;Normal;;2;4;Other;na;na;na;na;Self-employed;Normal;Not a Pedestrian;No distancing;Slight Injury
11:30:00;Tuesday;31-50;Male;Writing & reading;Employee;Below 1yr;Pick up upto 10Q;Owner;;No defect;Other;Double carriageway (median);Tangent road with flat terrain;No junction;Asphalt roads;Dry;Daylight;Normal;Vehicle with vehicle collision;2;4;Going straight;Pedestrian;Male;18-30;3;Driver;Normal;Unknown or other;Changing lane to the right;Slight Injury
11:30:00;Tuesday;18-30;Male;Junior high school;Employee;Below 1yr;Stationwagen;Owner;;No defect; Hospital areas;One way;Tangent road with flat terrain;No junction;Asphalt roads;Dry;Daylight;Normal;;2;4;Moving Backward;Driver or rider;Male;Over 51;3;;;Not a Pedestrian;Changing lane to the left;Slight Injury
15:20:00;Thursday;Unknown;Male;Junior high school;Employee;1-2yr;Other;Governmental;;No defect;Other;Undivided Two way;Tangent road with flat terrain;Other;Asphalt roads;Dry;Daylight;Normal;;2;1;Other;na;na;na;na;Student;Normal;Not a Pedestrian;Moving Backward;Slight Injury
15:20:00;Thursday;Under 18;Male;Elementary school;Employee;Above 10yr;;Owner;;No defect;Other;Undivided Two way;Tangent road with flat terrain;Other;Asphalt roads;Dry;Daylight;Normal;;2;1;Going straight;na;na;na;na;Driver;Normal;Not a Pedestrian;No distancing;Slight Injury
07:15:00;Thursday;Unknown;Female;Elementary school;Employee;Above 10yr;Automobile;Owner;;No defect;  Recreational areas;One way;Tangent road with mild grade and flat terrain;No junction;Asphalt roads;Dry;Daylight;Normal;Vehicle with vehicle collision;2;1;Going straight;na;na;na;na;;;Not a Pedestrian;No distancing;Slight Injury
07:15:00;Thursday;18-30;Male;Elementary school;Employee;Below 1yr;Stationwagen;Owner;;No defect;Other;Undivided Two way;Tangent road with flat terrain;No junction;Asphalt roads;Dry;Daylight;Normal;Vehicle with vehicle collision;2;1;Going straight;na;na;na;na;Self-employed;Normal;Not a Pedestrian;Driving carelessly;Slight Injury
19:49:00;Saturday;31-50;Male;High school;Employee;2-5yr;Pick up upto 10Q;Owner;;No defect;Other;Undivided Two way;Tangent road with flat terrain;Y Shape;Asphalt roads;Dry;Darkness - lights lit;Normal;Collision with roadside objects;2;1;Going straight;Driver or rider;Male;5;3;Self-employed;Normal;Not a Pedestrian;Moving Backward;Slight Injury
19:49:00;Saturday;18-30;Male;Junior high school;Employee;2-5yr;Lorry (41?100Q);Owner;;No defect;Other;Undivided Two way;Tangent road with flat terrain;Y Shape;Asphalt roads;Dry;Darkness - lights lit;Normal;Collision with roadside objects;2;1;Going straight;na;na;na;na;Driver;Normal;Not a Pedestrian;No distancing;Slight Injury
19:01:00;Thursday;18-30;Male;Above high school;Employee;Above 10yr;Automobile;Owner;Below 1yr;No defect;Office areas;Two-way (divided with broken lines road marking);Tangent road with flat terrain;Other;Asphalt roads;Dry;Darkness - lights lit;Normal;Vehicle with vehicle collision;2;1;Going straight;Driver or rider;Male;18-30;3;;Normal;Not a Pedestrian;Changing lane to the right;Slight Injury
19:01:00;Thursday;Over 51;Male;Junior high school;Employee;2-5yr;;Owner;2-5yrs;No defect;Other;Two-way (divided with broken lines road marking);Tangent road with mild grade and flat terrain;Other;Asphalt roads;Dry;Darkness - lights lit;Normal;Vehicle with vehicle collision;2;1;Going straight;Driver or rider;Male;31-50;3;;;Not a Pedestrian;Driving carelessly;Slight Injury
16:10:00;Tuesday;31-50;Male;Junior high school;Employee;2-5yr;Lorry (41?100Q);Owner;;No defect;Residential areas;Two-way (divided with broken lines road marking);Tangent road with flat terrain;Y Shape;Asphalt roads;Dry;Daylight;Normal;Vehicle with vehicle collision;2;1;Going straight;na;na;na;na;Self-employed;Normal;Not a Pedestrian;Driving to the left;Serious Injury
16:10:00;Tuesday;Unknown;Male;High school;Employee;1-2yr;Lorry (41?100Q);Owner;5-10yrs;No defect;Other;Undivided Two way;Tangent road with flat terrain;Y Shape;Asphalt roads;Dry;Daylight;Normal;Vehicle with vehicle collision;2;1;Going straight;na;na;na;na;Driver;Normal;Not a Pedestrian;Changing lane to the right;Serious Injury
08:45:00;Friday;Over 51;Male;Junior high school;Employee;5-10yr;Lorry (41?100Q);Owner;Unknown;No defect;Other;Undivided Two way;Tangent road with flat terrain;No junction;Asphalt roads;Dry;Daylight;Normal;Vehicle with vehicle collision;2;1;Other;Driver or rider;Male;31-50;2;;Normal;Not a Pedestrian;Driving carelessly;Slight Injury
08:45:00;Friday;18-30;Male;Junior high school;Employee;Below 1yr;Pick up upto 10Q;Owner;;; Church areas;Undivided Two way;Tangent road with flat terrain;No junction;Asphalt roads;Dry;Daylight;Normal;Rollover;2;1;Reversing;Pedestrian;Female;31-50;3;;Normal;Unknown or other;Changing lane to the right;Slight Injury
16:50:00;Tuesday;Unknown;Male;Junior high school;Employee;Below 1yr;Pick up upto 10Q;Owner;1-2yr;5;Office areas;Undivided Two way;Tangent road with flat terrain;Y Shape;Asphalt roads;Dry;Daylight;Normal;Vehicle with vehicle collision;3;2;Other;Driver or rider;Male;31-50;3;Self-employed;Normal;Not a Pedestrian;No priority to vehicle;Slight Injury
16:50:00;Tuesday;Unknown;Male;Elementary school;Employee;;Automobile;Owner;Above 10yr;No defect;School areas;other;Tangent road with flat terrain;Y Shape;Asphalt roads;Dry;Daylight;Normal;Collision with roadside objects;3;2;Other;Pedestrian;Male;18-30;3;Self-employed;Normal;Crossing from driver's nearside;Changing lane to the right;Slight Injury
16:50:00;Tuesday;18-30;Male;Junior high school;Employee;Below 1yr;Other;Owner;2-5yrs;No defect;Other;Undivided Two way;Tangent road with flat terrain;Y Shape;Asphalt roads;Dry;Daylight;Normal;Collision with pedestrians;3;2;Reversing;Passenger;Female;31-50;3;;Normal;Not a Pedestrian;Turnover;Slight Injury
16:50:00;Tuesday;18-30;Male;Junior high school;Employee;1-2yr;;Owner;1-2yr;No defect;Office areas;Undivided Two way;Tangent road with flat terrain;Y Shape;Asphalt roads;Dry;Daylight;Normal;Vehicle with vehicle collision;3;2;Going straight;na;na;na;na;Driver;Normal;Not a Pedestrian;No priority to vehicle;Slight Injury
10:56:00;Friday;18-30;Male;Elementary school;Employee;2-5yr;Automobile;Owner;1-2yr;No defect;Residential areas;other;Steep grade downward with mountainous terrain;Y Shape;Asphalt roads;Dry;Daylight;Normal;Vehicle with vehicle collision;1;1;Going straight;na;na;na;na;Other;Normal;Not a Pedestrian;Driving at high speed;Serious Injury
10:35:00;Saturday;Over 51;Male;High school;Employee;1-2yr;Motorcycle;Owner;1-2yr;No defect; Industrial areas;One way;Tangent road with flat terrain;No junction;Asphalt roads;Dry;Daylight;Normal;Vehicle with vehicle collision;2;2;Going straight;Passenger;Female;Under 18;3;Employee;Normal;Not a Pedestrian;No distancing;Slight Injury
10:35:00;Saturday;31-50;Male;Junior high school;Employee;5-10yr;Automobile;Owner;2-5yrs;No defect;Other;Undivided Two way;Tangent road with flat terrain;No junction;Asphalt roads;Dry;Daylight;Normal;Vehicle with vehicle collision;2;2;Going straight;Passenger;Female;Under 18;3;Driver;Normal;Not a Pedestrian;No distancing;Slight Injury
15:26:00;Tuesday;31-50;Male;Junior high school;Employee;Below 1yr;Automobile;Owner;1-2yr;No defect;Residential areas;Undivided Two way;Tangent road with flat terrain;Y Shape;Asphalt roads;Dry;Daylight;Normal;Vehicle with vehicle collision;1;1;Turnover;Driver or rider;Male;31-50;3;Driver;Normal;Not a Pedestrian;Driving carelessly;Slight Injury
08:55:00;Friday;Over 51;Male;High school;Employee;Above 10yr;Public (12 seats);Owner;1-2yr;No defect;  Recreational areas;Two-way (divided with broken lines road marking);Tangent road with flat terrain;Crossing;Asphalt roads;Dry;Daylight;Normal;Vehicle with vehicle collision;1;1;Going straight;na;na;na;na;Employee;Normal;Not a Pedestrian;Driving carelessly;Slight Injury
12:10:00;Saturday;Unknown;Female;Elementary school;Owner;5-10yr;Long lorry;Owner;Unknown;7;Office areas;other;Tangent road with flat terrain;No junction;Asphalt roads;Dry;Daylight;Normal;Vehicle with vehicle collision;2;1;Going straight;Driver or rider;Male;18-30;3;Driver;Normal;Not a Pedestrian;Moving Backward;Slight Injury
12:10:00;Saturday;31-50;Male;Elementary school;Employee;Below 1yr;;Owner;;No defect; Outside rural areas;Two-way (divided with broken lines road marking);Tangent road with flat terrain;No junction;Asphalt roads;Dry;Daylight;Normal;Collision with roadside objects;2;1;Going straight;na;na;na;na;Driver;Normal;Not a Pedestrian;No distancing;Slight Injury
18:26:00;Saturday;Under 18;Male;Junior high school;Employee;5-10yr;Automobile;Owner;1-2yr;No defect; Outside rural areas;Two-way (divided with broken lines road marking);Tangent road with flat terrain;Crossing;Asphalt roads;Dry;Daylight;Normal;Rollover;2;1;Going straight;Driver or rider;Male;18-30;3;Driver;Normal;Not a Pedestrian;Changing lane to the right;Serious Injury
18:26:00;Saturday;31-50;Male;Elementary school;Owner;5-10yr;Public (> 45 seats);Owner;1-2yr;No defect; Outside rural areas;Undivided Two way;Tangent road with flat terrain;Crossing;Asphalt roads;Dry;Daylight;Normal;Vehicle with vehicle collision;2;1;Going straight;Driver or rider;Male;31-50;3;Driver;Normal;Not a Pedestrian;Overtaking;Serious Injury
19:45:00;Sunday;Unknown;Female;Junior high school;Employee;2-5yr;Pick up upto 10Q;Governmental;Below 1yr;No defect; Outside rural areas;Undivided Two way;Tangent road with flat terrain;No junction;Asphalt roads;Dry;Darkness - lights lit;Normal;Collision with pedestrians;3;1;Moving Backward;Passenger;Female;18-30;3;;Normal;Not a Pedestrian;No distancing;Slight Injury
19:45:00;Sunday;31-50;Male;Junior high school;Employee;Above 10yr;Lorry (41?100Q);Owner;;No defect; Outside rural areas;other;Steep grade downward with mountainous terrain;No junction;Asphalt roads;Dry;Darkness - lights lit;Normal;Vehicle with vehicle collision;3;1;Going straight;na;na;na;na;;Normal;Not a Pedestrian;Overtaking;Slight Injury
19:45:00;Sunday;31-50;Male;Junior high school;Employee;5-10yr;Automobile;Owner;;No defect;School areas;other;Steep grade downward with mountainous terrain;No junction;Asphalt roads;Dry;Darkness - lights lit;Normal;Vehicle with vehicle collision;3;1;Going straight;Passenger;Female;18-30;3;;Normal;Not a Pedestrian;Moving Backward;Slight Injury
15:42:00;Thursday;31-50;Male;High school;Employee;1-2yr;Public (13?45 seats);Owner;Above 10yr;No defect; Outside rural areas;Two-way (divided with broken lines road marking);Tangent road with flat terrain;Y Shape;Asphalt roads;Dry;Daylight;Normal;Collision with pedestrians;2;2;Turnover;Passenger;Male;Under 18;3;;Normal;Not a Pedestrian;No distancing;Slight Injury
15:42:00;Thursday;Over 51;Male;Elementary school;Employee;5-10yr;Automobile;Owner;;No defect; Outside rural areas;Undivided Two way;Tangent road with flat terrain;Y Shape;Asphalt roads;Dry;Daylight;Normal;Collision with pedestrians;2;2;Going straight;Driver or rider;Male;Over 51;3;;Normal;Not a Pedestrian;No distancing;Slight Injury
02:15:00;Saturday;Unknown;Male;Elementary school;Employee;2-5yr;Public (> 45 seats);Owner;;No defect; Outside rural areas;Two-way (divided with broken lines road marking);Escarpments;No junction;Asphalt roads;Dry;Darkness - lights lit;Unknown;Vehicle with vehicle collision;2;1;Going straight;na;na;na;na;;Normal;Not a Pedestrian;No priority to vehicle;Slight Injury
02:15:00;Saturday;18-30;Male;Junior high school;Employee;Below 1yr;Public (12 seats);Owner;2-5yrs;No defect; Outside rural areas;Two-way (divided with broken lines road marking);Tangent road with mountainous terrain and;No junction;Asphalt roads;Dry;Darkness - lights lit;Unknown;Vehicle with vehicle collision;2;1;Going straight;na;na;na;na;;;Not a Pedestrian;No priority to vehicle;Slight Injury
13:30:00;Monday;Over 51;Male;Junior high school;Employee;Below 1yr;Automobile;Owner;2-5yrs;No defect;Office areas;Undivided Two way;Tangent road with mountainous terrain and;No junction;Asphalt roads;Dry;Daylight;Normal;Vehicle with vehicle collision;2;1;Going straight;Driver or rider;Female;18-30;3;Self-employed;;Not a Pedestrian;Changing lane to the left;Slight Injury
13:30:00;Monday;Unknown;Female;Junior high school;Employee;5-10yr;Lorry (41?100Q);Owner;2-5yrs;No defect; Outside rural areas;Undivided Two way;Tangent road with mountainous terrain and;No junction;Asphalt roads;Dry;Daylight;Normal;Vehicle with vehicle collision;2;1;Going straight;na;na;na;na;Self-employed;Normal;Not a Pedestrian;No distancing;Slight Injury
15:06:00;Wednesday;18-30;Male;Junior high school;Owner;5-10yr;Automobile;Owner;;No defect; Outside rural areas;Undivided Two way;Tangent road with mountainous terrain and;O Shape;Asphalt roads;Dry;Daylight;Normal;Vehicle with vehicle collision;2;1;Going straight;Driver or rider;Female;31-50;3;;Normal;Not a Pedestrian;Driving under the influence of drugs;Serious Injury
15:06:00;Wednesday;Over 51;Male;Elementary school;Employee;1-2yr;Pick up upto 10Q;Owner;2-5yrs;No defect; Outside rural areas;Undivided Two way;Tangent road with flat terrain;O Shape;Asphalt roads;Dry;Daylight;Normal;Collision with roadside objects;2;1;Moving Backward;Driver or rider;Male;31-50;3;;;Not a Pedestrian;Changing lane to the left;Serious Injury
07:06:00;Wednesday;18-30;Male;Junior high school;Employee;;Public (12 seats);Owner;;No defect;Office areas;Undivided Two way;Tangent road with flat terrain;No junction;Asphalt roads;Wet or damp;Daylight;Normal;Vehicle with vehicle collision;2;1;Going straight;na;na;na;na;Driver;Normal;Not a Pedestrian;Changing lane to the right;Serious Injury
07:06:00;Wednesday;18-30;Male;Elementary school;Employee;Above 10yr;Automobile;Owner;;No defect;  Recreational areas;Undivided Two way;Tangent road with flat terrain;No junction;Asphalt roads;Wet or damp;Daylight;Normal;Vehicle with vehicle collision;2;1;Going straight;Pedestrian;Male;Under 18;2;;;Not a Pedestrian;Driving to the left;Serious Injury