Time;Day_of_week;Age_band_of_driver;Sex_of_driver;Educational_level;Vehicle_driver_relation;Driving_experience;Type_of_vehicle;Owner_of_vehicle;Service_year_of_vehicle;Defect_of_vehicle;Area_accident_occured;Lanes_or_Medians;Road_allignment;Types_of_Junction;Road_surface_type;Road_surface_conditions;Light_conditions;Weather_conditions;Type_of_collision;Number_of_vehicles_involved;Number_of_casualties;Vehicle_movement;Casualty_class;Sex_of_casualty;Age_band_of_casualty;Casualty_severity;Work_of_casuality;Fitness_of_casuality;Pedestrian_movement;Cause_of_accident;Accident_severity
09:09:00;Wednesday;31-50;Male;High school;Owner;Above 10yr;Pick up upto 10Q;Owner;Above 10yr;;Residential areas;other;Tangent road with flat terrain;No junction;Asphalt roads;Dry;Daylight;Normal;Collision with roadside objects;4;2;Going straight;Driver or rider;Female;Over 51;3;;;Not a Pedestrian;Overtaking;Slight Injury
09:09:00;Wednesday;31-50;Male;;;;Lorry (11?40Q);Owner;5-10yrs;5; Church areas;other;Tangent road with flat terrain;No junction;Asphalt roads;Dry;Daylight;Normal;Vehicle with vehicle collision;4;2;Going straight;na;na;na;na;;;Not a Pedestrian;No distancing;Slight Injury
09:09:00;Wednesday;31-50;Male;Elementary school;Employee;5-10yr;Automobile;Owner;;No defect;Office areas;Undivided Two way;Tangent road with flat terrain;No junction;Asphalt roads;Dry;Daylight;Normal;Rollover;4;2;Moving Backward;Passenger;Female;31-50;3;Other;Normal;Not a Pedestrian;Overturning;Slight Injury
09:09:00;Wednesday;18-30;Male;Elementary school;Owner;Above 10yr;Automobile;Owner;Unknown;No defect;Office areas;Two-way (divided with broken lines road marking);Tangent road with mountainous terrain and;No junction;Asphalt roads;Dry;Daylight;Normal;Vehicle with vehicle collision;4;2;Going straight;Driver or rider;Male;18-30;3;Employee;Normal;Not a Pedestrian;Driving carelessly;Slight Injury
08:24:00;Wednesday;18-30;Male;Junior high school;Owner;Below 1yr;Pick up upto 10Q;Governmental;;No defect;Office areas;Two-way (divided with broken lines road marking);Escarpments;No junction;Asphalt roads;Wet or damp;Daylight;Other;Vehicle with vehicle collision;2;2;Other;na;na;na;na;Self-employed;Normal;Not a Pedestrian;No priority to pedestrian;Slight Injury
08:24:00;Wednesday;31-50;Male;Junior high school;Owner;2-5yr;Automobile;Owner;2-5yrs;;Other;Undivided Two way;Tangent road with mountainous terrain and;No junction;Asphalt roads;Wet or damp;Daylight;Other;Vehicle with vehicle collision;2;2;Other;Pedestrian;Male;Under 18;2;Driver;Normal;Not a Pedestrian;No distancing;Slight Injury
12:07:00;Wednesday;31-50;Male;Junior high school;Owner;2-5yr;Other;Owner;2-5yrs;;Other;Undivided Two way;Tangent road with flat terrain;Crossing;Asphalt roads;Wet or damp;Daylight;Raining;Vehicle with vehicle collision;2;1;Going straight;Driver or rider;Female;18-30;3;;;Not a Pedestrian;No priority to vehicle;Slight Injury
12:07:00;Wednesday;31-50;Male;High school;Owner;5-10yr;Lorry (41?100Q);Owner;Unknown;No defect;Residential areas;Two-way (divided with broken lines road marking);Tangent road with flat terrain;Crossing;Asphalt roads;Wet or damp;Daylight;Raining;Vehicle with vehicle collision;2;1;Going straight;Passenger;Male;Under 18;3;Other;Normal;Not a Pedestrian;Getting off the vehicle improperly;Slight Injury
00:54:00;Friday;18-30;Male;Junior high school;Owner;;Public (13?45 seats);Owner;;;Other;Two-way (divided with broken lines road marking);Tangent road with flat terrain;Crossing;;Wet or damp;Darkness - lights lit;Raining;Collision with pedestrians;2;1;Going straight;Passenger;Female;31-50;3;;;Not a Pedestrian;No priority to pedestrian;Slight Injury
00:54:00;Friday;18-30;Male;;Owner;Below 1yr;Pick up upto 10Q;Owner;Below 1yr;;Other;Undivided Two way;Tangent road with mild grade and flat terrain;Crossing;Asphalt roads;Wet or damp;Darkness - lights lit;Raining;Rollover;2;1;Going straight;na;na;na;na;Driver;Normal;Not a Pedestrian;Changing lane to the right;Slight Injury
08:24:00;Saturday;18-30;Male;Elementary school;Owner;Above 10yr;Stationwagen;Owner;5-10yrs;;Other;Two-way (divided with broken lines road marking);Tangent road with flat terrain;Crossing;Asphalt roads;Dry;Daylight;Normal;Vehicle with vehicle collision;2;1;Other;na;na;na;na;Driver;Normal;Not a Pedestrian;Moving Backward;Slight Injury
08:24:00;Saturday;31-50;Male;Elementary school;Owner;Below 1yr;Other;Governmental;5-10yrs;No defect;Other;Undivided Two way;Tangent road with flat terrain;Crossing;Asphalt roads;Dry;Daylight;Normal;Rollover;2;1;Going straight;Driver or rider;Male;18-30;3;Driver;Normal;Not a Pedestrian;Changing lane to the left;Slight Injury
16:54:00;Monday;Unknown;Female;Junior high school;Owner;5-10yr;Pick up upto 10Q;Owner;2-5yrs;No defect;Other;Double carriageway (median);Tangent road with mild grade and flat terrain;Y Shape;Asphalt roads;Wet or damp;Darkness - lights lit;Normal;Vehicle with vehicle collision;2;1;Getting off;Pedestrian;Male;Over 51;3;Driver;Normal;Not a Pedestrian;No distancing;Slight Injury
16:54:00;Monday;18-30;Male;Junior high school;Owner;5-10yr;Public (13?45 seats);Owner;;No defect;Other;Two-way (divided with broken lines road marking);Tangent road with flat terrain;Y Shape;Asphalt roads;Wet or damp;Darkness - lights lit;Normal;Vehicle with vehicle collision;2;1;Going straight;Pedestrian;Male;31-50;3;Driver;Normal;Not a Pedestrian;Driving carelessly;Slight Injury
14:45:00;Sunday;Unknown;Male;;Owner;;Public (12 seats);Owner;2-5yrs;; Church areas;Two-way (divided with broken lines road marking);Tangent road with flat terrain;Y Shape;Asphalt roads;Wet or damp;Daylight;Normal;Vehicle with vehicle collision;2;1;Going straight;Passenger;Male;Under 18;3;Driver;Normal;Not a Pedestrian;Driving under the influence of drugs;Slight Injury
14:45:00;Sunday;18-30;Male;Junior high school;Employee;1-2yr;Lorry (41?100Q);Owner;5-10yrs;;Other;Undivided Two way;Tangent road with flat terrain;Y Shape;Asphalt roads;Wet or damp;Daylight;Normal;Fall from vehicles;2;1;Going straight;Passenger;Male;31-50;3;Driver;Normal;Not a Pedestrian;Driving carelessly;Slight Injury
15:38:00;Wednesday;31-50;Male;High school;Owner;5-10yr;Pick up upto 10Q;Organization;2-5yrs;; Industrial areas;Two-way (divided with broken lines road marking);Tangent road with flat terrain;Other;Asphalt roads;Wet or damp;Daylight;Normal;Vehicle with vehicle collision;2;1;Going straight;Passenger;Male;31-50;3;Driver;Normal;Not a Pedestrian;Driving carelessly;Serious Injury
15:38:00;Wednesday;31-50;Male;Junior high school;Employee;5-10yr;Lorry (41?100Q);Owner;;No defect;Residential areas;Double carriageway (median);Tangent road with flat terrain;Other;Asphalt roads;Wet or damp;Daylight;Normal;Collision with roadside objects;2;1;Going straight;Driver or rider;Male;31-50;3;Self-employed;Normal;Not a Pedestrian;Changing lane to the right;Serious Injury
08:00:00;Wednesday;31-50;Male;Junior high school;Employee;5-10yr;Pick up upto 10Q;Governmental;Above 10yr;No defect;Other;Two-way (divided with broken lines road marking);Tangent road with flat terrain;Y Shape;Asphalt roads;Snow;Daylight;Snow;Vehicle with vehicle collision;2;1;Going straight;na;na;na;na;Other;Normal;Not a Pedestrian;No distancing;Slight Injury
08:00:00;Wednesday;Over 51;Male;Junior high school;Employee;5-10yr;Long lorry;Owner;;No defect;Office areas;Two-way (divided with broken lines road marking);Tangent road with flat terrain;Y Shape;Asphalt roads;Snow;Daylight;Snow;Vehicle with vehicle collision;2;1;Moving Backward;Driver or rider;Male;31-50;3;Driver;Normal;Not a Pedestrian;Driving carelessly;Slight Injury
11:31:00;Monday;18-30;Male;Junior high school;Employee;Above 10yr;;Owner;;No defect; Industrial areas;Unknown;Tangent road with flat terrain;Y Shape;Asphalt roads;Wet or damp;Daylight;Raining;Vehicle with vehicle collision;2;1;Going straight;na;na;na;na;Driver;Normal;Not a Pedestrian;No priority to pedestrian;Slight Injury
11:31:00;Monday;18-30;Male;Junior high school;Employee;5-10yr;Other;Owner;1-2yr;No defect; Industrial areas;Double carriageway (median);Tangent road with flat terrain;Y Shape;Asphalt roads;Wet or damp;Daylight;Raining;Collision with pedestrians;2;1;Other;Driver or rider;Male;31-50;2;Self-employed;Normal;Not a Pedestrian;No distancing;Slight Injury
09:20:00;Thursday;31-50;Male;Junior high school;Employee;No Licence;;Owner;;No defect;Other;Two-way (divided with broken lines road marking);Tangent road with flat terrain;Other;Asphalt roads;Wet or damp;Daylight;Normal;Vehicle with vehicle collision;2;1;Going straight;na;na;na;na;Driver;Normal;Not a Pedestrian;Moving Backward;Slight Injury
09:20:00;Thursday;18-30;Male;Above high school;Employee;Below 1yr;Public (13?45 seats);Organization;Above 10yr;; Hospital areas;Two-way (divided with broken lines road marking);Tangent road with flat terrain;Other;Asphalt roads;Wet or damp;Daylight;Normal;Vehicle with vehicle collision;2;1;Going straight;Driver or rider;Female;18-30;3;Driver;Normal;Not a Pedestrian;Moving Backward;Slight Injury
19:09:00;Wednesday;31-50;Male;Elementary school;Employee;5-10yr;Special vehicle;Owner;Unknown;;Office areas;One way;Tangent road with flat terrain;Y Shape;Asphalt roads;Wet or damp;Darkness - lights lit;Cloudy;Vehicle with vehicle collision;1;1;Going straight;na;na;na;na;Driver;Normal;Not a Pedestrian;No priority to vehicle;Slight Injury
18:45:00;Saturday;18-30;Male;Elementary school;Employee;5-10yr;Lorry (41?100Q);Owner;2-5yrs;No defect; Church areas;Undivided Two way;Tangent road with flat terrain;No junction;Asphalt roads;Dry;Darkness - lights lit;Normal;Rollover;2;3;Going straight;Driver or rider;Male;Over 51;3;Other;Normal;Not a Pedestrian;No distancing;Slight Injury
18:45:00;Saturday;18-30;Male;Junior high school;Employee;5-10yr;Lorry (41?100Q);Organization;5-10yrs;No defect; Hospital areas;Undivided Two way;Tangent road with mountainous terrain and;No junction;Asphalt roads;Dry;Darkness - lights lit;Normal;Collision with roadside objects;2;3;;na;na;na;na;;Normal;Not a Pedestrian;Moving Backward;Slight Injury
18:45:00;Saturday;18-30;Male;High school;Employee;5-10yr;Public (> 45 seats);Owner;Above 10yr;No defect;Office areas;other;Tangent road with flat terrain;No junction;Asphalt roads;Dry;Darkness - lights lit;Normal;Vehicle with vehicle collision;2;3;Moving Backward;na;na;na;na;Driver;Normal;Not a Pedestrian;Changing lane to the right;Slight Injury
18:45:00;Saturday;Unknown;Male;Junior high school;Employee;5-10yr;Automobile;Owner;2-5yrs;No defect;Other;Two-way (divided with broken lines road marking);Escarpments;No junction;Asphalt roads;Dry;Darkness - lights lit;Normal;Vehicle with vehicle collision;2;3;;Driver or rider;Male;31-50;3;Driver;Normal;Not a Pedestrian;Moving Backward;Slight Injury
13:40:00;Saturday;Unknown;Male;Junior high school;Employee;2-5yr;Automobile;Owner;1-2yr;;Office areas;Undivided Two way;Tangent road with flat terrain;Y Shape;Asphalt roads;Dry;Daylight;Normal;Collision with roadside objects;2;1;Going straight;na;na;na;na;Driver;Normal;Not a Pedestrian;Changing lane to the right;Slight Injury
13:40:00;Saturday;31-50;Male;Writing & reading;Employee;5-10yr;Automobile;Owner;2-5yrs;;Office areas;Two-way (divided with broken lines road marking);Tangent road with mountainous terrain and;Y Shape;Asphalt roads;Dry;Daylight;Normal;Vehicle with vehicle collision;2;1;Going straight;Driver or rider;Male;Over 51;3;Driver;Normal;Not a Pedestrian;Driving carelessly;Slight Injury
19:42:00;Monday;Under 18;Male;Junior high school;Employee;Above 10yr;Public (> 45 seats);Owner;;No defect;Other;Double carriageway (median);Steep grade downward with mountainous terrain;No junction;Asphalt roads;Dry;Darkness - lights lit;Normal;Vehicle with vehicle collision;1;1;;Pedestrian;Male;31-50;3;Driver;Normal;Crossing from driver's nearside;Changing lane to the right;Serious Injury
18:14:00;Saturday;31-50;Male;Junior high school;Employee;1-2yr;Lorry (11?40Q);Owner;1-2yr;No defect;Office areas;Undivided Two way;Tangent road with mild grade and flat terrain;No junction;Asphalt roads;Wet or damp;Darkness - lights lit;Normal;Vehicle with vehicle collision;1;1;Going straight;na;na;na;na;Driver;Normal;Not a Pedestrian;No distancing;Serious Injury
19:49:00;Wednesday;18-30;Male;Writing & reading;Employee;Below 1yr;Pick up upto 10Q;Owner;;No defect;Residential areas;Undivided Two way;Tangent road with flat terrain;No junction;Asphalt roads;Wet or damp;Darkness - lights lit;Normal;Rollover;3;1;Going straight;Driver or rider;Male;31-50;3;Driver;Normal;Not a Pedestrian;Moving Backward;Serious Injury
19:49:00;Wednesday;31-50;Male;Elementary school;Employee;1-2yr;Lorry (11?40Q);Owner;Unknown;;Other;Two-way (divided with broken lines road marking);Tangent road with flat terrain;No junction;Asphalt roads;Wet or damp;Darkness - lights lit;Normal;Rollover;3;1;Going straight;na;na;na;na;;;Not a Pedestrian;Driving carelessly;Serious Injury
19:49:00;Wednesday;31-50;Male;Junior high school;Employee;5-10yr;Pick up upto 10Q;Owner;2-5yrs;;Office areas;Double carriageway (median);Tangent road with flat terrain;No junction;Asphalt roads;Wet or damp;Darkness - lights lit;Normal;Collision with pedestrians;3;1;Going straight;Driver or rider;Male;18-30;3;Driver;Normal;Not a Pedestrian;No distancing;Serious Injury
16:00:00;Thursday;Unknown;Female;Elementary school;Employee;Above 10yr;Special vehicle;Owner;5-10yrs;;Office areas;Undivided Two way;Tangent road with mountainous terrain and;Y Shape;Asphalt roads;Snow;Daylight;Fog or mist;Vehicle with vehicle collision;1;1;Going straight;Driver or rider;Male;18-30;3;Driver;Normal;Not a Pedestrian;No priority to vehicle;Serious Injury
18:30:00;Thursday;Unknown;Male;Junior high school;Employee;5-10yr;Lorry (11?40Q);;;;Office areas;other;Tangent road with flat terrain;Y Shape;Gravel roads;Wet or damp;Darkness - lights lit;Other;Vehicle with vehicle collision;2;1;Going straight;na;na;na;na;Self-employed;Normal;Not a Pedestrian;Changing lane to the right;Slight Injury
18:30:00;Thursday;Under 18;Male;Elementary school;Employee;2-5yr;;Owner;5-10yrs;No defect;Other;Two-way (divided with broken lines road marking);Tangent road with mild grade and flat terrain;Y Shape;Asphalt roads;Wet or damp;Darkness - lights lit;Other;Vehicle with vehicle collision;2;1;Going straight;Pedestrian;Female;31-50;2;Driver;Normal;Unknown or other;Moving Backward;Slight Injury
11:30:00;Friday;18-30;Male;Junior high school;Employee;2-5yr;;Owner;;No defect; Church areas;Undivided Two way;Tangent road with flat terrain;Other;Asphalt roads;Dry;Daylight;Normal;Collision with pedestrians;1;1;Other;Driver or rider;Male;Under 18;3;;;Not a Pedestrian;Driving under the influence of drugs;Slight Injury
16:02:00;Wednesday;Under 18;Male;Junior high school;Employee;Above 10yr;Lorry (41?100Q);Owner;Unknown;No defect; Industrial areas;Undivided Two way;Tangent road with flat terrain;Crossing;Asphalt roads;Wet or damp;Daylight;Normal;Collision with pedestrians;1;1;Going straight;na;na;na;na;Unknown;Normal;Not a Pedestrian;Changing lane to the right;Slight Injury
07:48:00;Wednesday;Under 18;Male;Junior high school;Employee;2-5yr;Other;Owner;1-2yr;No defect;Office areas;Double carriageway (median);Tangent road with flat terrain;No junction;Asphalt roads;Dry;Daylight;Normal;Vehicle with vehicle collision;1;1;Going straight;Pedestrian;Male;Over 51;3;Driver;Normal;Not a Pedestrian;No priority to vehicle;Slight Injury
18:50:00;Friday;Under 18;Male;Junior high school;Owner;Below 1yr;Other;Owner;Unknown;No defect; Church areas;Undivided Two way;Tangent road with flat terrain;Y Shape;Asphalt roads;Dry;Darkness - lights lit;Normal;Vehicle with vehicle collision;3;2;Going straight;Driver or rider;Male;31-50;3;;;Not a Pedestrian;Changing lane to the left;Slight Injury
18:50:00;Friday;Under 18;Male;Junior high school;Employee;2-5yr;Automobile;Owner;;;Office areas;Undivided Two way;Tangent road with flat terrain;Y Shape;Asphalt roads;Dry;Darkness - lights lit;Normal;Vehicle with vehicle collision;3;2;Going straight;na;na;na;na;Driver;Normal;Not a Pedestrian;Driving carelessly;Slight Injury
18:50:00;Friday;Unknown;Male;Junior high school;Employee;Above 10yr;Other;Owner;;No defect;Office areas;other;Tangent road with flat terrain;Y Shape;Asphalt roads;Dry;Darkness - lights lit;Normal;Collision with roadside objects;3;2;Going straight;na;na;na;na;Other;Normal;Not a Pedestrian;No priority to pedestrian;Slight Injury
18:50:00;Friday;Unknown;Female;Junior high school;Employee;2-5yr;Automobile;Owner;;;Residential areas;Two-way (divided with broken lines road marking);Tangent road with flat terrain;Y Shape;Asphalt roads;Dry;Darkness - lights lit;Normal;Vehicle with vehicle collision;3;2;Going straight;Driver or rider;Male;31-50;3;Other;Normal;Not a Pedestrian;No priority to pedestrian;Slight Injury
12:00:00;Wednesday;Unknown;Male;Elementary school;Employee;Above 10yr;Public (13?45 seats);Owner;5-10yrs;;Office areas;Two-way (divided with broken lines road marking);Tangent road with flat terrain;Y Shape;Asphalt roads;Dry;Daylight;Normal;Collision with roadside objects;2;1;Moving Backward;na;na;na;na;Self-employed;Normal;Not a Pedestrian;Changing lane to the right;Slight Injury
12:00:00;Wednesday;Over 51;Male;Elementary school;Employee;Above 10yr;Lorry (41?100Q);Owner;5-10yrs;;Residential areas;Undivided Two way;Tangent road with flat terrain;Y Shape;Asphalt roads with some distress;Dry;Daylight;Normal;Vehicle with vehicle collision;2;1;Going straight;na;na;na;na;Driver;Normal;Not a Pedestrian;Drunk driving;Slight Injury
21:15:00;Friday;Unknown;Male;Elementary school;Other;Above 10yr;;Owner;2-5yrs;;Office areas;Double carriageway (median);Tangent road with flat terrain;Crossing;Asphalt roads;Dry;Darkness - lights lit;Normal;Vehicle with vehicle collision;2;1;Going straight;Driver or rider;Male;5;3;Driver;Normal;Not a Pedestrian;Changing lane to the left;Slight Injury
21:15:00;Friday;18-30;Male;Junior high school;Employee;Above 10yr;Automobile;Owner;2-5yrs;No defect;Office areas;Double carriageway (median);Tangent road with flat terrain;Crossing;Asphalt roads;Dry;Darkness - lights lit;Normal;Collision with roadside objects;2;1;Going straight;Passenger;Female;Over 51;3;Driver;Normal;Not a Pedestrian;Changing lane to the left;Slight Injury
21:39:00;Tuesday;Under 18;Male;Junior high school;Employee;Below 1yr;;;;No defect;Other;Two-way (divided with broken lines road marking);Tangent road with flat terrain;Y Shape;Asphalt roads;Wet or damp;Darkness - lights lit;Normal;Vehicle with vehicle collision;1;2;Going straight;Driver or rider;Male;31-50;3;;;Not a Pedestrian;Driving to the left;Slight Injury
21:39:00;Tuesday;Under 18;Male;Elementary school;Employee;5-10yr;Lorry (41?100Q);Owner;Unknown;No defect;Other;Two-way (divided with broken lines road marking);Tangent road with flat terrain;Y Shape;Asphalt roads;Wet or damp;Darkness - lights lit;Normal;Vehicle with vehicle collision;1;2;Going straight;na;na;na;na;;;Not a Pedestrian;Changing lane to the left;Slight Injury
16:02:00;Monday;Over 51;Male;Junior high school;Employee;2-5yr;;Owner;Above 10yr;No defect;Residential areas;Two-way (divided with broken lines road marking);Tangent road with flat terrain;Crossing;Asphalt roads;Wet or damp;Daylight;Raining;Collision with roadside objects;1;3;Going straight;na;na;na;na;Driver;Normal;Not a Pedestrian;Driving under the influence of drugs;Slight Injury
16:02:00;Monday;Over 51;Male;Junior high school;Employee;Above 10yr;Lorry (41?100Q);Owner;Unknown;; Church areas;Two-way (divided with broken lines road marking);Tangent road with flat terrain;Crossing;Asphalt roads;Wet or damp;Daylight;Raining;Collision with roadside objects;1;3;Going straight;Driver or rider;Male;5;3;Other;Normal;Not a Pedestrian;No priority to pedestrian;Slight Injury
16:02:00;Monday;Over 51;Male;Junior high school;Employee;Below 1yr;Taxi;Governmental;Unknown;No defect; Church areas;Double carriageway (median);Tangent road with flat terrain;Crossing;Asphalt roads;Wet or damp;Daylight;Raining;Vehicle with vehicle collision;1;3;Getting off;Driver or rider;Female;31-50;3;Driver;Normal;Not a Pedestrian;Changing lane to the left;Slight Injury
16:37:00;Tuesday;31-50;Male;Junior high school;Owner;2-5yr;Lorry (41?100Q);Owner;2-5yrs;No defect;Residential areas;Double carriageway (median);Tangent road with flat terrain;Y Shape;Asphalt roads;Dry;Daylight;Normal;Vehicle with vehicle collision;2;1;Going straight;na;na;na;na;;;Not a Pedestrian;Moving Backward;Serious Injury
16:37:00;Tuesday;31-50;Male;Junior high school;Employee;Above 10yr;Lorry (41?100Q);Owner;;No defect;Office areas;Two-way (divided with broken lines road marking);Tangent road with mild grade and flat terrain;Y Shape;Asphalt roads;Dry;Daylight;Normal;Vehicle with vehicle collision;2;1;Going straight;na;na;na;na;Driver;Normal;Not a Pedestrian;Overtaking;Serious Injury
13:43:00;Monday;31-50;Male;Writing & reading;Employee;2-5yr;Other;Owner;5-10yrs;No defect;Office areas;Two-way (divided with broken lines road marking);Tangent road with mild grade and flat terrain;Crossing;Asphalt roads;Dry;Daylight;Normal;Vehicle with vehicle collision;2;1;Turnover;Driver or rider;Male;31-50;2;Driver;Normal;Not a Pedestrian;Changing lane to the left;Slight Injury
13:43:00;Monday;31-50;Male;Junior high school;Employee;2-5yr;Stationwagen;Owner;2-5yrs;;Residential areas;Two-way (divided with broken lines road marking);Tangent road with flat terrain;Crossing;Asphalt roads;Dry;Daylight;Normal;Vehicle with vehicle collision;2;1;Moving Backward;Pedestrian;Male;31-50;3;Employee;Normal;Crossing from offside - masked by  parked or statioNot a Pedestrianry vehicle;Changing lane to the right;Slight Injury
08:00:00;Wednesday;18-30;Male;High school;Employee;2-5yr;Stationwagen;Owner;5-10yrs;; Church areas;other;Tangent road with flat terrain;Crossing;Asphalt roads;Dry;Darkness - lights lit;Other;Vehicle with vehicle collision;2;1;Going straight;Pedestrian;Female;31-50;3;;;Crossing from nearside - masked by parked or statioNot a Pedestrianry vehicle;Overtaking;Slight Injury
08:00:00;Wednesday;18-30;Male;Junior high school;Employee;1-2yr;Lorry (41?100Q);Owner;Above 10yr;No defect;Residential areas;;Tangent road with flat terrain;Crossing;Asphalt roads;Dry;Darkness - lights lit;Other;Vehicle with vehicle collision;2;1;Moving Backward;Pedestrian;Female;18-30;3;Student;Normal;Unknown or other;Overloading;Slight Injury
12:58:00;Thursday;Unknown;Male;High school;Employee;5-10yr;Lorry (41?100Q);Owner;5-10yrs;No defect;Office areas;Undivided Two way;Tangent road with flat terrain;No junction;Asphalt roads;Snow;Daylight;Snow;Vehicle with vehicle collision;2;5;Going straight;na;na;na;na;Driver;Normal;Not a Pedestrian;Other;Slight Injury
12:58:00;Thursday;18-30;Male;Elementary school;Employee;2-5yr;Other;Owner;;No defect;  Recreational areas;other;;No junction;Asphalt roads;Snow;Daylight;Snow;Vehicle with vehicle collision;2;5;;Driver or rider;Male;31-50;3;Self-employed;Normal;Not a Pedestrian;No priority to vehicle;Slight Injury
12:58:00;Thursday;18-30;Male;Junior high school;Employee;1-2yr;Automobile;Governmental;;No defect;Office areas;other;Tangent road with mild grade and flat terrain;No junction;Asphalt roads;Snow;Daylight;Snow;Vehicle with vehicle collision;2;5;Going straight;na;na;na;na;Self-employed;Normal;Not a Pedestrian;Changing lane to the right;Slight Injury
12:58:00;Thursday;18-30;Male;Elementary school;Employee;1-2yr;;Owner;5-10yrs;No defect; Industrial areas;other;Tangent road with flat terrain;No junction;Asphalt roads;Snow;Daylight;Snow;Vehicle with vehicle collision;2;5;;Pedestrian;Female;18-30;3;Driver;Normal;Unknown or other;Moving Backward;Slight Injury
12:58:00;Thursday;18-30;Male;High school;Employee;No Licence;Taxi;;;;;;;No junction;Asphalt roads;Snow;Daylight;Snow;Vehicle with vehicle collision;2;5;Going straight;Pedestrian;Female;31-50;3;;;Unknown or other;Changing lane to the left;Slight Injury
12:58:00;Thursday;18-30;Male;Junior high school;Owner;5-10yr;Lorry (41?100Q);Owner;;No defect;Residential areas;Undivided Two way;Tangent road with flat terrain;No junction;Asphalt roads;Snow;Daylight;Snow;Vehicle with vehicle collision;2;5;;Pedestrian;Male;Over 51;3;Driver;Normal;Unknown or other;No priority to pedestrian;Slight Injury
09:00:00;Tuesday;31-50;Male;Junior high school;Employee;1-2yr;Other;Governmental;Above 10yr;No defect;Residential areas;other;Tangent road with flat terrain;No junction;Asphalt roads;Dry;Daylight;Normal;Vehicle with vehicle collision;1;1;Going straight;na;na;na;na;Driver;Normal;Not a Pedestrian;No distancing;Serious Injury
17:00:00;Thursday;Unknown;Female;Junior high school;Employee;2-5yr;Automobile;Owner;1-2yr;No defect; Industrial areas;other;Tangent road with flat terrain;No junction;Asphalt roads;Dry;Daylight;Unknown;Vehicle with vehicle collision;1;1;Going straight;Driver or rider;Male;18-30;3;Self-employed;Normal;Not a Pedestrian;No priority to vehicle;Slight Injury
15:08:00;Tuesday;18-30;Male;Junior high school;Employee;5-10yr;Public (> 45 seats);Owner;2-5yrs;No defect;Residential areas;Undivided Two way;Tangent road with flat terrain;Y Shape;Asphalt roads;Dry;Daylight;Normal;Vehicle with vehicle collision;1;1;Going straight;na;na;na;na;Driver;Normal;Not a Pedestrian;No distancing;Slight Injury
08:59:00;Thursday;31-50;Male;;;;Stationwagen;Owner;Unknown;No defect;Residential areas;other;Tangent road with flat terrain;Y Shape;Asphalt roads;Wet or damp;Daylight;Raining;Vehicle with vehicle collision;2;1;Going straight;Driver or rider;Female;31-50;3;;Normal;Not a Pedestrian;No distancing;Slight Injury
08:59:00;Thursday;18-30;Male;;;;Automobile;Owner;;No defect;Office areas;Undivided Two way;Tangent road with flat terrain;Y Shape;Asphalt roads;Wet or damp;Daylight;Raining;Vehicle with vehicle collision;2;1;Going straight;Pedestrian;Male;31-50;3;Driver;Normal;Not a Pedestrian;Moving Backward;Slight Injury
14:20:00;Friday;18-30;Male;Junior high school;Employee;2-5yr;Lorry (41?100Q);Owner;2-5yrs;No defect;Office areas;Double carriageway (median);Escarpments;Crossing;Asphalt roads;Dry;Daylight;Normal;Collision with roadside objects;2;1;Other;Driver or rider;Male;18-30;3;;;Not a Pedestrian;Changing lane to the right;Slight Injury
14:20:00;Friday;31-50;Male;Junior high school;Employee;Above 10yr;Other;Owner;Above 10yr;No defect;Office areas;other;Tangent road with flat terrain;Crossing;Asphalt roads;Dry;Daylight;Normal;Vehicle with vehicle collision;2;1;Other;na;na;na;na;Driver;Normal;Not a Pedestrian;No priority to pedestrian;Slight Injury
16:37:00;Friday;18-30;Male;Junior high school;Owner;Above 10yr;Public (13?45 seats);Owner;1-2yr;No defect;Office areas;Undivided Two way;Escarpments;No junction;Asphalt roads;Dry;Daylight;Normal;Collision with pedestrians;2;1;Going straight;na;na;na;na;;;Not a Pedestrian;Moving Backward;Slight Injury
16:37:00;Friday;31-50;Male;;;;Other;Owner;;No defect;Office areas;One way;Tangent road with flat terrain;No junction;Asphalt roads;Dry;Daylight;Normal;Vehicle with vehicle collision;2;1;Going straight;Driver or rider;Male;5;3;Self-employed;NormalNormal;Not a Pedestrian;Moving Backward;Slight Injury
07:17:00;Wednesday;31-50;Male;Elementary school;Owner;Above 10yr;Other;Owner;;No defect;Office areas;Undivided Two way;Tangent road with flat terrain;O Shape;Asphalt roads;Dry;Daylight;Normal;Collision with roadside objects;2;1;Getting off;na;na;na;na;Driver;Normal;Not a Pedestrian;Overtaking;Slight Injury
07:17:00;Wednesday;Unknown;Male;;;;Ridden horse;Owner;;No defect;Office areas;other;Tangent road with flat terrain;O Shape;Asphalt roads;Dry;Daylight;Normal;Vehicle with vehicle collision;2;1;Going straight;Driver or rider;Male;18-30;3;Driver;Normal;Not a Pedestrian;Changing lane to the left;Slight Injury
17:15:00;Sunday;31-50;Male;Junior high school;Owner;5-10yr;Lorry (41?100Q);Owner;Above 10yr;No defect;Residential areas;other;Tangent road with flat terrain;Y Shape;Asphalt roads;Wet or damp;Darkness - lights lit;Normal;Vehicle with vehicle collision;2;1;Going straight;na;na;na;na;Other;Normal;Not a Pedestrian;Changing lane to the right;Slight Injury
17:15:00;Sunday;18-30;Male;Junior high school;Owner;Above 10yr;Lorry (41?100Q);Owner;5-10yrs;No defect;Residential areas;One way;Tangent road with flat terrain;Y Shape;Asphalt roads;Wet or damp;Darkness - lights lit;Normal;Vehicle with vehicle collision;2;1;Going straight;Driver or rider;Male;31-50;3;;;Not a Pedestrian;Overtaking;Slight Injury