Time;Day_of_week;Age_band_of_driver;Sex_of_driver;Educational_level;Vehicle_driver_relation;Driving_experience;Type_of_vehicle;Owner_of_vehicle;Service_year_of_vehicle;Defect_of_vehicle;Area_accident_occured;Lanes_or_Medians;Road_allignment;Types_of_Junction;Road_surface_type;Road_surface_conditions;Light_conditions;Weather_conditions;Type_of_collision;Number_of_vehicles_involved;Number_of_casualties;Vehicle_movement;Casualty_class;Sex_of_casualty;Age_band_of_casualty;Casualty_severity;Work_of_casuality;Fitness_of_casuality;Pedestrian_movement;Cause_of_accident;Accident_severity
13:40:00;Tuesday;Over 51;Male;High school;Owner;Above 10yr;Pick up upto 10Q;Owner;;No defect;Other;One way;Tangent road with flat terrain;Crossing;Asphalt roads;Dry;Daylight;Other;Vehicle with vehicle collision;2;1;Going straight;Driver or rider;Female;18-30;3;;;Not a Pedestrian;Overloading;Slight Injury
13:40:00;Tuesday;Over 51;Male;;;;Lorry (11?40Q);Owner;5-10yrs;No defect; Church areas;Undivided Two way;Tangent road with flat terrain;Crossing;Asphalt roads;Dry;Daylight;Other;Vehicle with vehicle collision;2;1;Going straight;na;na;na;na;Other;Normal;Not a Pedestrian;Other;Slight Injury
09:51:00;Thursday;Over 51;Male;Elementary school;Employee;5-10yr;Automobile;Owner;;No defect;  Recreational areas;other;Tangent road with flat terrain;Y Shape;Asphalt roads;Dry;Daylight;Normal;Rollover;2;2;Getting off;Driver or rider;Male;31-50;3;Driver;Normal;Not a Pedestrian;No priority to vehicle;Serious Injury
09:51:00;Thursday;31-50;Male;Elementary school;Owner;Above 10yr;Automobile;Owner;;; Industrial areas;Undivided Two way;Tangent road with flat terrain;Y Shape;Asphalt roads;Dry;Daylight;Normal;Collision with roadside objects;2;2;Going straight;Passenger;Male;18-30;3;Driver;Normal;Not a Pedestrian;Changing lane to the right;Serious Injury
00:25:00;Monday;Under 18;Male;Junior high school;Owner;Below 1yr;Lorry (11?40Q);;;;Residential areas;other;;Y Shape;Asphalt roads;Wet or damp;Darkness - lights lit;Other;Vehicle with vehicle collision;1;2;Going straight;na;na;na;na;;;Not a Pedestrian;Moving Backward;Slight Injury
00:25:00;Monday;Under 18;Male;Junior high school;Owner;2-5yr;Motorcycle;Owner;Above 10yr;No defect;Residential areas;other;Tangent road with rolling terrain;Y Shape;Asphalt roads;Wet or damp;Darkness - lights lit;Other;Collision with roadside objects;1;2;Other;Driver or rider;Male;31-50;3;Driver;Normal;Not a Pedestrian;Changing lane to the left;Slight Injury
19:41:00;Thursday;18-30;Male;Junior high school;Owner;2-5yr;Lorry (41?100Q);Owner;2-5yrs;No defect;Office areas;Double carriageway (median);Tangent road with flat terrain;Y Shape;Asphalt roads;Wet or damp;Darkness - lights lit;Raining;Vehicle with vehicle collision;3;1;Going straight;Pedestrian;Female;5;3;;;Crossing from nearside - masked by parked or statioNot a Pedestrianry vehicle;No priority to pedestrian;Serious Injury
19:41:00;Thursday;31-50;Male;High school;Owner;5-10yr;Stationwagen;Owner;2-5yrs;No defect;  Market areas;Undivided Two way;Tangent road with flat terrain;Y Shape;Asphalt roads;Wet or damp;Darkness - lights lit;Raining;Vehicle with vehicle collision;3;1;Going straight;na;na;na;na;Driver;Normal;Not a Pedestrian;No distancing;Serious Injury
19:41:00;Thursday;18-30;Male;Junior high school;Owner;;Automobile;;;;Unknown;other;Tangent road with flat terrain;Y Shape;Asphalt roads;Wet or damp;Darkness - lights lit;Raining;Vehicle with vehicle collision;3;1;Going straight;Driver or rider;Male;18-30;3;Driver;Normal;Not a Pedestrian;No priority to vehicle;Serious Injury
16:00:00;Tuesday;31-50;Male;;Owner;Below 1yr;Other;Owner;;No defect; Industrial areas;other;Tangent road with flat terrain;Y Shape;Asphalt roads;Dry;Daylight;Normal;Vehicle with vehicle collision;1;1;Going straight;na;na;na;na;;;Not a Pedestrian;No distancing;Serious Injury
07:45:00;Monday;Unknown;Female;Elementary school;Owner;Above 10yr;Other;Owner;;No defect;Residential areas;Two-way (divided with solid lines road marking);Tangent road with flat terrain;No junction;Asphalt roads;Dry;Daylight;Normal;Vehicle with vehicle collision;2;1;Going straight;Driver or rider;Female;31-50;3;;;Not a Pedestrian;Moving Backward;Serious Injury
07:45:00;Monday;31-50;Male;Elementary school;Owner;Below 1yr;Taxi;Governmental;Below 1yr;No defect;Residential areas;Undivided Two way;Tangent road with flat terrain;No junction;Asphalt roads;Dry;Daylight;Normal;Collision with roadside objects;2;1;Reversing;na;na;na;na;;;Not a Pedestrian;Overtaking;Serious Injury
12:32:00;Wednesday;18-30;Male;Junior high school;Owner;5-10yr;Automobile;Owner;5-10yrs;No defect;Other;Undivided Two way;Tangent road with flat terrain;No junction;Asphalt roads;Dry;Daylight;Normal;Vehicle with vehicle collision;2;2;Other;Driver or rider;Male;18-30;3;;;Not a Pedestrian;Changing lane to the left;Slight Injury
12:32:00;Wednesday;18-30;Male;Junior high school;Owner;5-10yr;Long lorry;Governmental;;No defect;Residential areas;other;Tangent road with flat terrain;No junction;Asphalt roads;Dry;Daylight;Normal;Collision with roadside objects;2;2;Going straight;Driver or rider;Male;18-30;3;Other;Normal;Not a Pedestrian;Changing lane to the right;Slight Injury
12:32:00;Wednesday;Unknown;Male;;Owner;;Long lorry;Owner;1-2yr;No defect;Rural village areas;Undivided Two way;Gentle horizontal curve;No junction;Asphalt roads;Dry;Daylight;Normal;Vehicle with vehicle collision;2;2;Going straight;Pedestrian;Female;18-30;3;Self-employed;Normal;Crossing from nearside - masked by parked or statioNot a Pedestrianry vehicle;Overtaking;Slight Injury
08:20:00;Tuesday;18-30;Male;Junior high school;Employee;1-2yr;Lorry (41?100Q);Owner;2-5yrs;No defect;Rural village areas;Undivided Two way;Gentle horizontal curve;No junction;Asphalt roads;Dry;Daylight;Normal;Vehicle with vehicle collision;2;1;Going straight;Passenger;Female;18-30;3;;;Not a Pedestrian;Overloading;Slight Injury
08:20:00;Tuesday;31-50;Male;High school;Owner;5-10yr;Lorry (41?100Q);Owner;;No defect;Office areas;Double carriageway (median);Tangent road with flat terrain;No junction;Asphalt roads;Dry;Daylight;Normal;Vehicle with vehicle collision;2;1;Going straight;na;na;na;na;Student;Normal;Not a Pedestrian;Other;Slight Injury
21:30:00;Sunday;31-50;Male;Junior high school;Employee;5-10yr;Lorry (11?40Q);Owner;2-5yrs;No defect;Residential areas;Undivided Two way;Gentle horizontal curve;No junction;Asphalt roads;Dry;Darkness - lights lit;Unknown;Vehicle with vehicle collision;2;1;Going straight;na;na;na;na;Other;Normal;Not a Pedestrian;No priority to vehicle;Slight Injury
21:30:00;Sunday;18-30;Male;Junior high school;Employee;5-10yr;Automobile;Owner;;;Residential areas;other;Tangent road with flat terrain;No junction;Asphalt roads;Dry;Darkness - lights lit;Unknown;Vehicle with vehicle collision;2;1;Going straight;na;na;na;na;Driver;Normal;Not a Pedestrian;Changing lane to the right;Slight Injury
18:00:00;Tuesday;Unknown;Unknown;Junior high school;Employee;5-10yr;Taxi;Owner;;7; Outside rural areas;other;Tangent road with flat terrain;No junction;Asphalt roads;Wet or damp;Darkness - lights lit;Normal;Vehicle with vehicle collision;2;1;Going straight;Driver or rider;Male;31-50;3;Other;Normal;Not a Pedestrian;Moving Backward;Slight Injury
18:00:00;Tuesday;Over 51;Male;Junior high school;Employee;Above 10yr;Other;Owner;Above 10yr;;Residential areas;other;Tangent road with flat terrain;No junction;Asphalt roads;Wet or damp;Darkness - lights lit;Normal;Vehicle with vehicle collision;2;1;Going straight;na;na;na;na;Driver;Normal;Not a Pedestrian;Changing lane to the left;Slight Injury
17:00:00;Thursday;Unknown;Male;Junior high school;Employee;5-10yr;Automobile;Owner;5-10yrs;5; Church areas;other;Tangent road with flat terrain;Y Shape;Asphalt roads;Wet or damp;Darkness - lights lit;Raining;Vehicle with vehicle collision;2;1;Going straight;Driver or rider;Male;18-30;3;Other;Normal;Not a Pedestrian;No priority to pedestrian;Slight Injury
17:00:00;Thursday;18-30;Male;Junior high school;Employee;No Licence;Automobile;Owner;;No defect;Office areas;Undivided Two way;Tangent road with flat terrain;Y Shape;Asphalt roads;Wet or damp;Darkness - lights lit;Raining;Vehicle with vehicle collision;2;1;Moving Backward;na;na;na;na;;Normal;Not a Pedestrian;No distancing;Slight Injury
16:00:00;Friday;Unknown;Male;Above high school;Employee;Below 1yr;Automobile;Owner;Unknown;No defect;Office areas;Two-way (divided with broken lines road marking);Tangent road with mountainous terrain and;Y Shape;Asphalt roads;Dry;Daylight;Unknown;Vehicle with vehicle collision;2;1;Moving Backward;Passenger;Female;18-30;3;Driver;Normal;Not a Pedestrian;No priority to vehicle;Slight Injury
16:00:00;Friday;18-30;Male;Elementary school;Employee;5-10yr;Automobile;Governmental;;No defect;Office areas;Two-way (divided with broken lines road marking);Escarpments;Y Shape;Asphalt roads;Dry;Daylight;Unknown;Vehicle with vehicle collision;2;1;Turnover;na;na;na;na;Driver;Normal;Not a Pedestrian;No distancing;Slight Injury
16:40:00;Saturday;Over 51;Male;Elementary school;Employee;5-10yr;Public (> 45 seats);Owner;2-5yrs;;Other;Undivided Two way;Tangent road with mountainous terrain and;No junction;Asphalt roads;Dry;Daylight;Normal;Rollover;1;1;Other;Passenger;Male;Over 51;3;Self-employed;Normal;Not a Pedestrian;No distancing;Slight Injury
16:41:00;Saturday;31-50;Male;Junior high school;Employee;5-10yr;Lorry (11?40Q);Owner;2-5yrs;;Other;Undivided Two way;Tangent road with flat terrain;Crossing;Asphalt roads;Dry;Daylight;Normal;Collision with roadside objects;3;1;Other;Passenger;Female;Over 51;3;;;Not a Pedestrian;Moving Backward;Slight Injury
16:41:00;Saturday;31-50;Male;High school;Employee;5-10yr;Lorry (41?100Q);Owner;Unknown;No defect;Residential areas;Two-way (divided with broken lines road marking);Tangent road with flat terrain;Crossing;Asphalt roads;Dry;Daylight;Normal;Vehicle with vehicle collision;3;1;Going straight;na;na;na;na;;;Not a Pedestrian;Changing lane to the right;Slight Injury
12:56:00;Monday;31-50;Male;Junior high school;Employee;5-10yr;Lorry (41?100Q);Owner;;;Other;Two-way (divided with broken lines road marking);Tangent road with flat terrain;Y Shape;Asphalt roads;Dry;Daylight;Normal;Vehicle with vehicle collision;2;1;Going straight;Driver or rider;Male;18-30;3;Employee;Normal;Not a Pedestrian;No priority to pedestrian;Slight Injury
15:55:00;Saturday;18-30;Male;Junior high school;Employee;2-5yr;Stationwagen;Owner;Below 1yr;;Other;Undivided Two way;Tangent road with mild grade and flat terrain;Crossing;Asphalt roads;Dry;Daylight;Normal;Collision with roadside objects;2;1;Other;na;na;na;na;Driver;Normal;Not a Pedestrian;Moving Backward;Slight Injury
15:55:00;Saturday;31-50;Male;Writing & reading;Employee;5-10yr;Other;Owner;5-10yrs;;Other;Two-way (divided with broken lines road marking);Tangent road with flat terrain;Crossing;Asphalt roads;Dry;Daylight;Normal;Vehicle with vehicle collision;2;1;Other;na;na;na;na;Other;Normal;Not a Pedestrian;Getting off the vehicle improperly;Slight Injury
10:15:00;Wednesday;31-50;Male;Junior high school;Employee;Above 10yr;Automobile;Governmental;5-10yrs;No defect;Other;Undivided Two way;Tangent road with flat terrain;No junction;Asphalt roads;Dry;Daylight;Normal;Vehicle with vehicle collision;1;1;Going straight;Driver or rider;Male;18-30;3;Driver;Normal;Not a Pedestrian;Overtaking;Slight Injury
08:03:00;Friday;18-30;Male;Junior high school;Employee;1-2yr;Pick up upto 10Q;Owner;2-5yrs;No defect;Other;Double carriageway (median);Tangent road with mild grade and flat terrain;Y Shape;Asphalt roads with some distress;Dry;Daylight;Normal;Vehicle with vehicle collision;2;1;Reversing;Pedestrian;Male;18-30;3;Driver;Normal;Not a Pedestrian;Overloading;Slight Injury
08:03:00;Friday;31-50;Male;Writing & reading;Employee;Below 1yr;Motorcycle;Owner;;No defect;Other;Two-way (divided with broken lines road marking);Tangent road with flat terrain;Y Shape;Asphalt roads;Dry;Daylight;Normal;Rollover;2;1;Other;na;na;na;na;Driver;Normal;Not a Pedestrian;Changing lane to the right;Slight Injury
20:35:00;Thursday;18-30;Male;Elementary school;Employee;1-2yr;Automobile;Owner;2-5yrs;; Church areas;Two-way (divided with broken lines road marking);Tangent road with flat terrain;Crossing;Asphalt roads;Dry;Darkness - no lighting;Normal;Rollover;2;1;Turnover;Driver or rider;Male;31-50;3;Driver;Normal;Not a Pedestrian;Improper parking;Slight Injury
20:35:00;Thursday;18-30;Male;Junior high school;Employee;5-10yr;Pick up upto 10Q;Owner;5-10yrs;;Other;Undivided Two way;Tangent road with flat terrain;Crossing;Asphalt roads;Dry;Darkness - no lighting;Normal;Collision with pedestrians;2;1;Going straight;Passenger;Female;31-50;3;Driver;Normal;Not a Pedestrian;Other;Slight Injury
17:15:00;Thursday;18-30;Male;Junior high school;Employee;1-2yr;Motorcycle;Organization;2-5yrs;; Industrial areas;Two-way (divided with broken lines road marking);Tangent road with flat terrain;Y Shape;Asphalt roads;Dry;Daylight;Normal;Vehicle with vehicle collision;1;1;Going straight;Passenger;Male;Over 51;3;Driver;Normal;Not a Pedestrian;Changing lane to the left;Slight Injury
21:10:00;Thursday;18-30;Male;Elementary school;Owner;5-10yr;Stationwagen;Owner;;No defect;Residential areas;Double carriageway (median);Tangent road with flat terrain;No junction;Gravel roads;Dry;Darkness - lights lit;Normal;Vehicle with vehicle collision;2;1;Going straight;Pedestrian;Male;31-50;3;Driver;Normal;Crossing from nearside - masked by parked or statioNot a Pedestrianry vehicle;Changing lane to the right;Slight Injury
21:10:00;Thursday;31-50;Male;Junior high school;Employee;2-5yr;Lorry (41?100Q);Governmental;Above 10yr;No defect;Other;Two-way (divided with broken lines road marking);Tangent road with flat terrain;No junction;Asphalt roads;Dry;Darkness - lights lit;Normal;Vehicle with vehicle collision;2;1;Going straight;na;na;na;na;Driver;Normal;Not a Pedestrian;No priority to pedestrian;Slight Injury
22:32:00;Wednesday;18-30;Male;Junior high school;Owner;Below 1yr;Taxi;Owner;;No defect;Office areas;Two-way (divided with broken lines road marking);Tangent road with flat terrain;Crossing;Asphalt roads;Dry;Darkness - lights lit;Normal;Collision with pedestrians;2;1;Going straight;Driver or rider;Female;Over 51;3;;Normal;Not a Pedestrian;Overspeed;Slight Injury
22:32:00;Wednesday;31-50;Male;Writing & reading;Employee;5-10yr;Automobile;Owner;;No defect; Industrial areas;Unknown;Tangent road with flat terrain;Crossing;Asphalt roads;Dry;Darkness - lights lit;Normal;Collision with pedestrians;2;1;Going straight;Driver or rider;Male;31-50;3;;Normal;Not a Pedestrian;Changing lane to the left;Slight Injury
08:30:00;Wednesday;31-50;Male;Writing & reading;Employee;5-10yr;Long lorry;Owner;1-2yr;No defect; Industrial areas;Double carriageway (median);Tangent road with flat terrain;Crossing;Asphalt roads;Dry;Daylight;Normal;Vehicle with vehicle collision;3;1;Going straight;na;na;na;na;;Normal;Not a Pedestrian;No priority to vehicle;Slight Injury
08:30:00;Wednesday;18-30;Male;Junior high school;Employee;5-10yr;Automobile;Owner;;No defect;Other;Two-way (divided with broken lines road marking);Tangent road with flat terrain;Crossing;Asphalt roads;Dry;Daylight;Normal;Vehicle with vehicle collision;3;1;Going straight;na;na;na;na;;Normal;Not a Pedestrian;Changing lane to the right;Slight Injury
08:30:00;Wednesday;31-50;Male;Junior high school;Employee;2-5yr;Public (12 seats);Organization;Above 10yr;; Hospital areas;Two-way (divided with broken lines road marking);Tangent road with flat terrain;Crossing;Asphalt roads;Dry;Daylight;Normal;Vehicle with vehicle collision;3;1;Going straight;Driver or rider;Male;18-30;2;;Normal;Not a Pedestrian;No distancing;Slight Injury
08:30:00;Wednesday;31-50;Male;Junior high school;Employee;Above 10yr;Lorry (11?40Q);Owner;Unknown;;Office areas;One way;Tangent road with flat terrain;Crossing;Asphalt roads;Dry;Daylight;Normal;Collision with roadside objects;3;1;Other;Driver or rider;Male;18-30;2;;Normal;Not a Pedestrian;No priority to pedestrian;Slight Injury
08:30:00;Wednesday;31-50;Male;Junior high school;Employee;5-10yr;Pick up upto 10Q;Owner;2-5yrs;No defect; Church areas;Undivided Two way;Tangent road with flat terrain;Crossing;Asphalt roads;Dry;Daylight;Normal;Vehicle with vehicle collision;3;1;Going straight;na;na;na;na;;Normal;Not a Pedestrian;No distancing;Slight Injury
15:33:00;Monday;31-50;Male;Junior high school;Employee;Above 10yr;Lorry (41?100Q);Organization;5-10yrs;No defect; Hospital areas;Undivided Two way;Tangent road with mountainous terrain and;Crossing;Asphalt roads;Wet or damp;Daylight;Raining;Collision with roadside objects;2;1;Going straight;na;na;na;na;;Normal;Not a Pedestrian;No priority to vehicle;Slight Injury
15:33:00;Monday;Under 18;Male;Junior high school;Employee;2-5yr;Other;Owner;Above 10yr;No defect;Office areas;other;Tangent road with flat terrain;Crossing;Asphalt roads;Wet or damp;Daylight;Raining;Vehicle with vehicle collision;2;1;Moving Backward;Driver or rider;Male;31-50;3;Driver;;Not a Pedestrian;Other;Slight Injury
14:07:00;Wednesday;31-50;Male;Junior high school;Employee;Below 1yr;Automobile;Owner;2-5yrs;No defect;Other;Two-way (divided with broken lines road marking);Escarpments;No junction;Asphalt roads;Dry;Daylight;Normal;Vehicle with vehicle collision;2;3;Going straight;na;na;na;na;Driver;;Not a Pedestrian;Driving carelessly;Slight Injury
14:07:00;Wednesday;18-30;Male;Junior high school;Employee;Below 1yr;Long lorry;Owner;1-2yr;;Office areas;Undivided Two way;Tangent road with flat terrain;No junction;Asphalt roads;Dry;Daylight;Normal;Collision with roadside objects;2;3;Moving Backward;Driver or rider;Male;18-30;3;Driver;Normal;Not a Pedestrian;Changing lane to the left;Slight Injury
14:07:00;Wednesday;18-30;Male;Junior high school;Owner;5-10yr;Lorry (11?40Q);Owner;2-5yrs;;Office areas;Two-way (divided with broken lines road marking);Tangent road with mountainous terrain and;No junction;Asphalt roads;Dry;Daylight;Normal;Vehicle with vehicle collision;2;3;Other;na;na;na;na;Driver;Normal;Not a Pedestrian;Driving carelessly;Slight Injury
14:07:00;Wednesday;18-30;Male;Junior high school;Employee;2-5yr;Long lorry;Owner;;No defect;Other;Double carriageway (median);Steep grade downward with mountainous terrain;No junction;Earth roads;Dry;Daylight;Normal;Vehicle with vehicle collision;2;3;Going straight;Driver or rider;Female;18-30;3;Driver;Normal;Not a Pedestrian;Changing lane to the left;Slight Injury
11:30:00;Saturday;31-50;Male;Elementary school;Employee;Below 1yr;Automobile;Owner;1-2yr;No defect;Office areas;Undivided Two way;Tangent road with mild grade and flat terrain;Y Shape;Asphalt roads;Dry;Daylight;Normal;Collision with roadside objects;2;1;Reversing;Pedestrian;Male;Under 18;3;;Normal;Crossing from nearside - masked by parked or statioNot a Pedestrianry vehicle;No priority to vehicle;Slight Injury
11:30:00;Saturday;31-50;Male;Junior high school;Employee;2-5yr;Taxi;Owner;;No defect;Residential areas;Undivided Two way;Tangent road with flat terrain;Y Shape;;Dry;Daylight;Normal;Collision with roadside objects;2;1;Going straight;na;na;na;na;Driver;Normal;Not a Pedestrian;No distancing;Slight Injury
17:05:00;Thursday;31-50;Male;Junior high school;Employee;5-10yr;Taxi;Owner;Unknown;;Other;Two-way (divided with broken lines road marking);Tangent road with flat terrain;Y Shape;;Dry;Daylight;Normal;Vehicle with vehicle collision;1;1;Other;Driver or rider;Male;18-30;3;Driver;Normal;Not a Pedestrian;Changing lane to the right;Slight Injury
13:45:00;Wednesday;31-50;Male;High school;Employee;Above 10yr;Long lorry;Owner;2-5yrs;;Office areas;Double carriageway (median);Tangent road with flat terrain;Crossing;Asphalt roads;Dry;Daylight;Normal;Vehicle with vehicle collision;2;1;Other;Passenger;Female;18-30;3;Self-employed;Normal;Not a Pedestrian;Changing lane to the right;Slight Injury
13:45:00;Wednesday;31-50;Male;High school;Employee;Above 10yr;Lorry (11?40Q);Owner;5-10yrs;;Office areas;Undivided Two way;Tangent road with mountainous terrain and;Crossing;Earth roads;Dry;Daylight;Normal;Vehicle with vehicle collision;2;1;Other;Passenger;Male;31-50;3;Driver;Normal;Not a Pedestrian;Driving at high speed;Slight Injury
07:10:00;Sunday;18-30;Male;Junior high school;Employee;5-10yr;Lorry (11?40Q);;;;Office areas;other;Tangent road with flat terrain;No junction;Asphalt roads;Dry;Daylight;Normal;Vehicle with vehicle collision;1;1;Stopping;Driver or rider;Male;31-50;3;Driver;Normal;Not a Pedestrian;No distancing;Serious Injury
16:53:00;Wednesday;Unknown;Female;Elementary school;Employee;1-2yr;Long lorry;Owner;5-10yrs;No defect;Other;Two-way (divided with broken lines road marking);Tangent road with mild grade and flat terrain;No junction;Asphalt roads;Dry;Daylight;Normal;Vehicle with vehicle collision;2;2;Other;na;na;na;na;Self-employed;Normal;Not a Pedestrian;Changing lane to the right;Slight Injury
16:53:00;Wednesday;18-30;Male;Elementary school;Employee;5-10yr;Turbo;Owner;;No defect; Church areas;Undivided Two way;Tangent road with flat terrain;No junction;Earth roads;Dry;Daylight;Normal;Vehicle with vehicle collision;2;2;Other;Driver or rider;Male;31-50;3;;;Not a Pedestrian;Changing lane to the left;Slight Injury
16:53:00;Wednesday;18-30;Male;Junior high school;Employee;5-10yr;Long lorry;Owner;Unknown;No defect; Industrial areas;Undivided Two way;Tangent road with flat terrain;No junction;Asphalt roads;Dry;Daylight;Normal;Vehicle with vehicle collision;2;2;Other;na;na;na;na;Driver;Normal;Not a Pedestrian;Getting off the vehicle improperly;Slight Injury
15:25:00;Saturday;Under 18;Male;Junior high school;Employee;1-2yr;Long lorry;Owner;1-2yr;No defect;Office areas;Double carriageway (median);Tangent road with flat terrain;Crossing;Asphalt roads;Dry;Daylight;Normal;Vehicle with vehicle collision;2;1;Going straight;na;na;na;na;Other;Normal;Not a Pedestrian;Other;Slight Injury
15:25:00;Saturday;18-30;Male;Junior high school;Owner;5-10yr;Public (13?45 seats);Owner;Unknown;No defect; Church areas;Undivided Two way;Tangent road with flat terrain;Crossing;Asphalt roads;Dry;Daylight;Normal;Vehicle with vehicle collision;2;1;Going straight;Driver or rider;Female;18-30;3;Driver;Normal;Not a Pedestrian;Other;Slight Injury
15:30:00;Friday;Unknown;Female;High school;Owner;Above 10yr;Automobile;Owner;;;Office areas;Undivided Two way;Tangent road with flat terrain;No junction;Asphalt roads;Dry;Daylight;Normal;Vehicle with vehicle collision;1;1;Going straight;Driver or rider;Male;31-50;3;Self-employed;Normal;Not a Pedestrian;No distancing;Slight Injury
10:50:00;Saturday;18-30;Male;;Owner;Below 1yr;Automobile;Owner;;No defect;Office areas;other;Tangent road with flat terrain;No junction;Asphalt roads;Dry;Daylight;Normal;Vehicle with vehicle collision;2;1;Going straight;Driver or rider;Male;31-50;3;Driver;Normal;Not a Pedestrian;No priority to vehicle;Serious Injury
10:50:00;Saturday;18-30;Male;Writing & reading;Owner;5-10yr;Pick up upto 10Q;Owner;;;Residential areas;Two-way (divided with broken lines road marking);Tangent road with flat terrain;No junction;Asphalt roads;Dry;Daylight;Normal;Vehicle with vehicle collision;2;1;Going straight;Passenger;Male;31-50;3;Driver;Normal;Not a Pedestrian;Overtaking;Serious Injury
15:48:00;Sunday;18-30;Male;Above high school;Employee;Above 10yr;;Owner;5-10yrs;;Office areas;Two-way (divided with broken lines road marking);Tangent road with flat terrain;Crossing;Asphalt roads;Dry;Daylight;Normal;Vehicle with vehicle collision;2;1;Going straight;Driver or rider;Male;Over 51;2;;;Not a Pedestrian;No priority to pedestrian;Slight Injury
15:48:00;Sunday;18-30;Male;High school;Employee;Below 1yr;Stationwagen;Owner;5-10yrs;;Residential areas;Undivided Two way;Tangent road with flat terrain;Crossing;Asphalt roads;Dry;Daylight;Normal;Vehicle with vehicle collision;2;1;Going straight;na;na;na;na;Driver;Normal;Not a Pedestrian;No distancing;Slight Injury
18:40:00;Sunday;18-30;Male;Junior high school;Employee;1-2yr;;Owner;2-5yrs;;Office areas;Double carriageway (median);Tangent road with flat terrain;No junction;Asphalt roads;Dry;Daylight;Normal;Vehicle with vehicle collision;3;2;Going straight;Driver or rider;Male;18-30;3;Driver;Normal;Not a Pedestrian;Changing lane to the right;Slight Injury
18:40:00;Sunday;31-50;Male;Junior high school;Employee;Above 10yr;Automobile;Owner;2-5yrs;No defect;Office areas;Double carriageway (median);Tangent road with flat terrain;No junction;Asphalt roads;Dry;Daylight;Normal;Vehicle with vehicle collision;3;2;Going straight;na;na;na;na;;;Not a Pedestrian;Driving carelessly;Slight Injury
18:40:00;Sunday;18-30;Male;Junior high school;Owner;Above 10yr;Automobile;;;No defect;Other;Two-way (divided with broken lines road marking);Tangent road with flat terrain;No junction;Asphalt roads;Dry;Daylight;Normal;Vehicle with vehicle collision;3;2;Going straight;Driver or rider;Male;Over 51;3;;;Not a Pedestrian;Changing lane to the right;Slight Injury
23:50:00;Thursday;18-30;Male;Junior high school;Employee;Above 10yr;Long lorry;Owner;Unknown;No defect;Other;Two-way (divided with broken lines road marking);Tangent road with flat terrain;No junction;Asphalt roads;Dry;Darkness - lights lit;Normal;Vehicle with vehicle collision;1;1;Going straight;na;na;na;na;Driver;Normal;Not a Pedestrian;Overtaking;Slight Injury
12:25:00;Thursday;Under 18;Male;Junior high school;Employee;No Licence;Public (13?45 seats);Owner;Above 10yr;No defect;Residential areas;Two-way (divided with broken lines road marking);Tangent road with flat terrain;Y Shape;Asphalt roads with some distress;Dry;Daylight;Normal;Collision with roadside objects;2;1;Reversing;Driver or rider;Male;31-50;3;Driver;Normal;Not a Pedestrian;Other;Slight Injury
12:25:00;Thursday;31-50;Male;Junior high school;Employee;1-2yr;Public (13?45 seats);Owner;Unknown;; Church areas;Two-way (divided with broken lines road marking);Tangent road with flat terrain;Y Shape;Asphalt roads;Dry;Daylight;Normal;Vehicle with vehicle collision;2;1;Going straight;na;na;na;na;;;Not a Pedestrian;Driving to the left;Slight Injury
18:30:00;Thursday;18-30;Male;Illiterate;Owner;1-2yr;Lorry (11?40Q);Governmental;Unknown;No defect; Church areas;Double carriageway (median);Tangent road with flat terrain;No junction;Asphalt roads;Dry;Daylight;Normal;Collision with pedestrians;2;1;Other;Driver or rider;Male;31-50;3;;;Not a Pedestrian;Driving at high speed;Slight Injury
18:30:00;Thursday;18-30;Male;Junior high school;Owner;Below 1yr;Lorry (11?40Q);Owner;2-5yrs;No defect;Residential areas;Double carriageway (median);Tangent road with flat terrain;No junction;Asphalt roads;Dry;Daylight;Normal;Vehicle with vehicle collision;2;1;;na;na;na;na;Driver;Normal;Not a Pedestrian;Unknown;Slight Injury
08:45:00;Wednesday;31-50;Male;Junior high school;Owner;1-2yr;Pick up upto 10Q;Owner;;No defect;Office areas;Two-way (divided with broken lines road marking);Tangent road with mild grade and flat terrain;Y Shape;Asphalt roads;Dry;Daylight;Normal;Collision with roadside objects;2;1;Getting off;Driver or rider;Male;18-30;3;Driver;Normal;Not a Pedestrian;Moving Backward;Serious Injury
08:45:00;Wednesday;18-30;Male;Junior high school;Owner;2-5yr;Automobile;Owner;5-10yrs;No defect;Office areas;Two-way (divided with broken lines road marking);Tangent road with mild grade and flat terrain;Y Shape;Asphalt roads;Dry;Daylight;Normal;Vehicle with vehicle collision;2;1;Going straight;na;na;na;na;;;Not a Pedestrian;Overtaking;Serious Injury
06:45:00;Friday;Over 51;Male;Unknown;Owner;5-10yr;Automobile;Owner;2-5yrs;;Residential areas;Two-way (divided with broken lines road marking);Tangent road with flat terrain;Crossing;Asphalt roads;Dry;Daylight;Normal;Vehicle with vehicle collision;2;1;Going straight;Driver or rider;Male;18-30;2;;;Not a Pedestrian;Changing lane to the left;Slight Injury
06:45:00;Friday;18-30;Male;Unknown;Owner;Above 10yr;Automobile;Owner;5-10yrs;; Church areas;other;Tangent road with flat terrain;Crossing;Asphalt roads;Dry;Daylight;Normal;Vehicle with vehicle collision;2;1;Going straight;Driver or rider;Male;31-50;3;Driver;Normal;Not a Pedestrian;Changing lane to the right;Slight Injury