Time;Day_of_week;Age_band_of_driver;Sex_of_driver;Educational_level;Vehicle_driver_relation;Driving_experience;Type_of_vehicle;Owner_of_vehicle;Service_year_of_vehicle;Defect_of_vehicle;Area_accident_occured;Lanes_or_Medians;Road_allignment;Types_of_Junction;Road_surface_type;Road_surface_conditions;Light_conditions;Weather_conditions;Type_of_collision;Number_of_vehicles_involved;Number_of_casualties;Vehicle_movement;Casualty_class;Sex_of_casualty;Age_band_of_casualty;Casualty_severity;Work_of_casuality;Fitness_of_casuality;Pedestrian_movement;Cause_of_accident;Accident_severity
17:50:00;Thursday;31-50;Female;Junior high school;Employee;Above 10yr;Lorry (11?40Q);Owner;Unknown;No defect; Church areas;Undivided Two way;Tangent road with flat terrain;No junction;Asphalt roads;Dry;Daylight;Normal;Vehicle with vehicle collision;3;2;Overtaking;na;na;na;na;Self-employed;Normal;Not a Pedestrian;No priority to vehicle;Slight Injury
18:30:00;Friday;Over 51;Male;Junior high school;Employee;Above 10yr;Lorry (41?100Q);Owner;;;Office areas;Undivided Two way;Tangent road with flat terrain;X Shape;Asphalt roads;Dry;Daylight;Normal;Vehicle with vehicle collision;4;4;Going straight;Driver or rider;Male;31-50;3;Self-employed;Normal;Not a Pedestrian;Changing lane to the right;Slight Injury
18:30:00;Friday;31-50;Male;Junior high school;Employee;5-10yr;Public (12 seats);Owner;;No defect;Office areas;other;Tangent road with flat terrain;X Shape;Earth roads;Dry;Daylight;Normal;Vehicle with vehicle collision;4;4;Reversing;na;na;na;na;Driver;Normal;Not a Pedestrian;No distancing;Slight Injury
18:30:00;Friday;Over 51;Male;Junior high school;Employee;2-5yr;;Owner;;;Residential areas;Two-way (divided with broken lines road marking);Tangent road with flat terrain;X Shape;Asphalt roads;Dry;Daylight;Normal;Vehicle with vehicle collision;4;4;Going straight;Driver or rider;Male;18-30;3;Other;Normal;Not a Pedestrian;Moving Backward;Slight Injury
18:30:00;Friday;Over 51;Male;Junior high school;Employee;Below 1yr;Taxi;Owner;5-10yrs;;Office areas;Two-way (divided with broken lines road marking);Tangent road with flat terrain;X Shape;Asphalt roads;Dry;Daylight;Normal;Vehicle with vehicle collision;4;4;Going straight;Pedestrian;Female;Over 51;3;;;Crossing from nearside - masked by parked or statioNot a Pedestrianry vehicle;Moving Backward;Slight Injury
18:50:00;Wednesday;Under 18;Male;Junior high school;Employee;Below 1yr;;Owner;5-10yrs;;Residential areas;Undivided Two way;Tangent road with flat terrain;No junction;Asphalt roads;Dry;Daylight;Normal;Vehicle with vehicle collision;2;2;Reversing;Driver or rider;Male;5;3;Self-employed;Normal;Not a Pedestrian;No distancing;Slight Injury
18:50:00;Wednesday;18-30;Male;Junior high school;Employee;2-5yr;Automobile;Owner;2-5yrs;;Office areas;Double carriageway (median);Tangent road with flat terrain;No junction;Asphalt roads;Dry;Daylight;Normal;Vehicle with vehicle collision;2;2;Going straight;na;na;na;na;Other;Normal;Not a Pedestrian;No distancing;Slight Injury
18:50:00;Wednesday;18-30;Male;Elementary school;Employee;Below 1yr;;Owner;2-5yrs;No defect;Office areas;Double carriageway (median);Tangent road with flat terrain;No junction;Earth roads;Dry;Daylight;Normal;Vehicle with vehicle collision;2;2;Waiting to go;Driver or rider;Male;18-30;3;;;Not a Pedestrian;No distancing;Slight Injury
17:15:00;Saturday;31-50;Male;Junior high school;Employee;Below 1yr;Lorry (41?100Q);;;No defect;Other;Two-way (divided with broken lines road marking);Tangent road with flat terrain;Y Shape;Asphalt roads;Dry;Daylight;Normal;Vehicle with vehicle collision;1;1;Going straight;Pedestrian;Female;18-30;3;;;Crossing from driver's nearside;No priority to pedestrian;Slight Injury
19:00:00;Friday;18-30;Male;Junior high school;Employee;;Automobile;Owner;Unknown;No defect;Other;Two-way (divided with broken lines road marking);Tangent road with flat terrain;No junction;Asphalt roads;Dry;Daylight;Normal;Collision with roadside objects;3;1;Going straight;na;na;na;na;Driver;Normal;Not a Pedestrian;Driving carelessly;Slight Injury
19:00:00;Friday;18-30;Male;;Employee;5-10yr;Automobile;Owner;Above 10yr;No defect;Residential areas;Two-way (divided with broken lines road marking);Tangent road with flat terrain;No junction;Asphalt roads;Dry;Daylight;Normal;Vehicle with vehicle collision;3;1;Going straight;Driver or rider;Female;18-30;3;;;Not a Pedestrian;Changing lane to the right;Slight Injury
19:00:00;Friday;31-50;Male;Writing & reading;Employee;Below 1yr;Lorry (41?100Q);Owner;Unknown;; Church areas;Two-way (divided with broken lines road marking);Tangent road with flat terrain;No junction;Asphalt roads;Dry;Daylight;Normal;Vehicle with vehicle collision;3;1;Going straight;Passenger;Female;18-30;3;Driver;Normal;Not a Pedestrian;Changing lane to the left;Slight Injury
09:10:00;Tuesday;18-30;Male;Junior high school;Employee;Below 1yr;Automobile;Governmental;Unknown;No defect; Church areas;Double carriageway (median);Tangent road with flat terrain;Y Shape;Asphalt roads;Dry;Daylight;Normal;Vehicle with vehicle collision;2;2;Getting off;Passenger;Male;Under 18;3;Driver;Normal;Not a Pedestrian;Driving carelessly;Slight Injury
09:10:00;Tuesday;Over 51;Male;Junior high school;Employee;1-2yr;Automobile;Owner;2-5yrs;No defect;Residential areas;Double carriageway (median);Tangent road with flat terrain;Y Shape;Asphalt roads;Dry;Daylight;Normal;Vehicle with vehicle collision;2;2;Going straight;Passenger;Female;Under 18;3;Driver;Normal;Not a Pedestrian;Driving carelessly;Slight Injury
21:33:00;Saturday;Under 18;Male;Elementary school;Employee;Above 10yr;Automobile;Owner;;No defect;Office areas;Two-way (divided with broken lines road marking);Tangent road with mild grade and flat terrain;Y Shape;Asphalt roads;Dry;Daylight;Normal;Collision with pedestrians;1;1;Going straight;na;na;na;na;Driver;Normal;Not a Pedestrian;No distancing;Fatal injury
22:17:00;Friday;18-30;Male;Elementary school;Employee;Above 10yr;Taxi;Owner;5-10yrs;No defect;Office areas;Two-way (divided with broken lines road marking);Tangent road with mild grade and flat terrain;Y Shape;Asphalt roads;Dry;Darkness - lights lit;Normal;Vehicle with vehicle collision;2;1;Going straight;na;na;na;na;Self-employed;Normal;Not a Pedestrian;Other;Slight Injury
22:17:00;Friday;31-50;Unknown;Elementary school;Employee;Below 1yr;;Owner;2-5yrs;;Residential areas;Two-way (divided with broken lines road marking);Tangent road with flat terrain;Y Shape;Other;Dry;Darkness - lights lit;Normal;Vehicle with vehicle collision;2;1;Reversing;Pedestrian;Male;18-30;3;Self-employed;Normal;Crossing from driver's nearside;Changing lane to the right;Slight Injury
16:40:00;Saturday;18-30;Male;High school;Employee;2-5yr;;Owner;5-10yrs;; Church areas;other;Tangent road with flat terrain;Y Shape;Asphalt roads;Dry;Daylight;Normal;Vehicle with vehicle collision;2;2;Turnover;Driver or rider;Male;18-30;3;Driver;Normal;Not a Pedestrian;Changing lane to the right;Slight Injury
16:40:00;Saturday;Over 51;Male;Junior high school;Employee;2-5yr;Automobile;Owner;;;Other;Two-way (divided with broken lines road marking);Tangent road with flat terrain;Y Shape;Asphalt roads;Dry;Daylight;Normal;Vehicle with vehicle collision;2;2;Going straight;na;na;na;na;Driver;Normal;Not a Pedestrian;No distancing;Slight Injury
08:02:00;Thursday;31-50;Male;Above high school;Employee;Above 10yr;Pick up upto 10Q;Owner;;;Office areas;Two-way (divided with broken lines road marking);Tangent road with flat terrain;No junction;Asphalt roads;Dry;Daylight;Normal;Vehicle with vehicle collision;2;1;Going straight;Driver or rider;Female;18-30;3;;;Not a Pedestrian;No distancing;Slight Injury
08:02:00;Thursday;31-50;Male;Junior high school;Employee;2-5yr;;Owner;;;Other;Two-way (divided with broken lines road marking);Tangent road with flat terrain;No junction;Asphalt roads;Dry;Daylight;Normal;Vehicle with vehicle collision;2;1;Going straight;na;na;na;na;Driver;Normal;Not a Pedestrian;Overturning;Slight Injury
18:20:00;Thursday;Over 51;Male;Junior high school;Employee;2-5yr;Automobile;Owner;Above 10yr;No defect;Residential areas;;Tangent road with flat terrain;No junction;Asphalt roads;Dry;Daylight;Normal;Vehicle with vehicle collision;2;2;Going straight;Driver or rider;Male;18-30;3;Driver;Normal;Not a Pedestrian;Driving at high speed;Slight Injury
18:20:00;Thursday;Over 51;Male;High school;Employee;1-2yr;Public (12 seats);Owner;5-10yrs;No defect;Office areas;Undivided Two way;Tangent road with flat terrain;No junction;Asphalt roads;Dry;Daylight;Normal;Vehicle with vehicle collision;2;2;Getting off;na;na;na;na;Driver;Normal;Not a Pedestrian;No priority to vehicle;Slight Injury
12:59:00;Tuesday;Over 51;Male;Junior high school;Employee;5-10yr;Public (13?45 seats);Owner;;No defect;  Recreational areas;other;;Crossing;Asphalt roads;Dry;Daylight;Normal;Collision with pedestrians;2;1;Going straight;Driver or rider;Male;31-50;2;;Normal;Not a Pedestrian;No priority to pedestrian;Slight Injury
12:59:00;Tuesday;Over 51;Male;Junior high school;Employee;Below 1yr;Lorry (11?40Q);Governmental;;No defect;Office areas;other;Tangent road with mild grade and flat terrain;Crossing;Earth roads;Dry;Daylight;Normal;Vehicle with vehicle collision;2;1;Going straight;na;na;na;na;;;Not a Pedestrian;No priority to vehicle;Slight Injury
19:20:00;Monday;18-30;Male;Junior high school;Employee;Below 1yr;Stationwagen;Owner;5-10yrs;No defect; Industrial areas;other;Tangent road with flat terrain;Y Shape;Asphalt roads;Wet or damp;Daylight;Raining;Vehicle with vehicle collision;2;2;Going straight;Driver or rider;Male;Under 18;3;Driver;Normal;Not a Pedestrian;Other;Slight Injury
19:20:00;Monday;18-30;Male;Elementary school;Employee;;Ridden horse;;;;;;;Y Shape;Asphalt roads;Wet or damp;Daylight;Raining;Vehicle with vehicle collision;2;2;Going straight;Passenger;Male;Under 18;2;Driver;Normal;Not a Pedestrian;Other;Slight Injury
19:20:00;Monday;18-30;Male;Junior high school;Employee;Below 1yr;Stationwagen;Owner;;No defect;Residential areas;Undivided Two way;Tangent road with flat terrain;Y Shape;Asphalt roads;Wet or damp;Daylight;Raining;Vehicle with vehicle collision;2;2;Going straight;na;na;na;na;Self-employed;Normal;Not a Pedestrian;Moving Backward;Slight Injury
18:27:00;Friday;31-50;Male;Junior high school;Employee;1-2yr;Automobile;Governmental;Above 10yr;No defect;Residential areas;other;Tangent road with flat terrain;Crossing;Asphalt roads;Dry;Daylight;Normal;Collision with roadside objects;2;1;Going straight;Driver or rider;Male;Under 18;3;Driver;Normal;Not a Pedestrian;No distancing;Serious Injury
18:27:00;Friday;18-30;Male;Elementary school;Employee;2-5yr;Automobile;Owner;1-2yr;No defect; Industrial areas;other;Tangent road with flat terrain;Crossing;Asphalt roads;Dry;Daylight;Normal;Vehicle with vehicle collision;2;1;Going straight;na;na;na;na;Driver;Normal;Not a Pedestrian;Moving Backward;Serious Injury
19:41:00;Thursday;Under 18;Male;High school;Employee;1-2yr;Other;Owner;2-5yrs;No defect;Residential areas;Undivided Two way;Tangent road with flat terrain;Y Shape;Asphalt roads;Dry;Daylight;Normal;Vehicle with vehicle collision;2;1;Going straight;Driver or rider;Male;18-30;3;Driver;Normal;Not a Pedestrian;No priority to vehicle;Slight Injury
19:41:00;Thursday;Under 18;Male;Junior high school;Employee;5-10yr;Taxi;Owner;Unknown;No defect;Residential areas;other;Tangent road with flat terrain;Y Shape;Asphalt roads;Dry;Daylight;Normal;Vehicle with vehicle collision;2;1;Going straight;Driver or rider;Male;18-30;3;;;Not a Pedestrian;Driving carelessly;Slight Injury
12:50:00;Monday;18-30;Male;Junior high school;Employee;Below 1yr;Automobile;Owner;;No defect;Office areas;Undivided Two way;Tangent road with flat terrain;No junction;Asphalt roads;Wet or damp;Daylight;Raining;Vehicle with vehicle collision;1;1;Going straight;na;na;na;na;Driver;Normal;Not a Pedestrian;No distancing;Slight Injury
12:55:00;Thursday;18-30;Male;High school;Employee;Above 10yr;Stationwagen;Owner;2-5yrs;No defect;Office areas;Double carriageway (median);Escarpments;No junction;Asphalt roads;Dry;Daylight;Normal;Vehicle with vehicle collision;2;1;Reversing;Driver or rider;Male;18-30;3;Driver;Normal;Not a Pedestrian;Other;Slight Injury
12:55:00;Thursday;31-50;Male;Elementary school;Owner;5-10yr;Automobile;Owner;Above 10yr;No defect;Office areas;other;Tangent road with flat terrain;No junction;Asphalt roads;Dry;Daylight;Normal;Vehicle with vehicle collision;2;1;Going straight;Passenger;Female;18-30;3;Self-employed;Normal;Not a Pedestrian;Changing lane to the right;Slight Injury
14:00:00;Friday;31-50;Male;Elementary school;Employee;Below 1yr;Public (12 seats);Owner;1-2yr;No defect;Office areas;Undivided Two way;Escarpments;Y Shape;Asphalt roads;Dry;Daylight;Normal;Vehicle with vehicle collision;2;1;Turnover;Driver or rider;Male;18-30;3;;Normal;Not a Pedestrian;No distancing;Slight Injury
14:00:00;Friday;18-30;Male;Junior high school;Employee;5-10yr;;Owner;;No defect;Office areas;One way;Tangent road with flat terrain;Y Shape;Asphalt roads;Dry;Daylight;Normal;Collision with roadside objects;2;1;Going straight;na;na;na;na;;;Not a Pedestrian;Driving carelessly;Slight Injury
22:40:00;Sunday;18-30;Male;Elementary school;Owner;5-10yr;Automobile;Owner;;No defect;Office areas;Undivided Two way;Tangent road with flat terrain;Y Shape;Asphalt roads;Dry;Darkness - lights lit;Normal;Vehicle with vehicle collision;2;1;Going straight;Pedestrian;Female;Under 18;2;Driver;Normal;Crossing from nearside - masked by parked or statioNot a Pedestrianry vehicle;No distancing;Serious Injury
22:40:00;Sunday;31-50;Male;Junior high school;Employee;2-5yr;Lorry (41?100Q);Owner;;No defect;Office areas;other;Tangent road with flat terrain;Y Shape;Asphalt roads;Dry;Darkness - lights lit;Normal;Vehicle with vehicle collision;2;1;Going straight;na;na;na;na;Driver;Normal;Not a Pedestrian;No priority to vehicle;Serious Injury
18:20:00;Monday;31-50;Male;Junior high school;Employee;Above 10yr;;Owner;Above 10yr;No defect;Residential areas;other;Tangent road with flat terrain;Y Shape;Asphalt roads;Dry;Daylight;Normal;Vehicle with vehicle collision;2;1;Going straight;Driver or rider;Female;18-30;3;Driver;Normal;Not a Pedestrian;Changing lane to the right;Slight Injury
18:20:00;Monday;18-30;Male;Junior high school;Employee;5-10yr;Public (> 45 seats);Owner;5-10yrs;No defect;Residential areas;One way;Tangent road with flat terrain;Y Shape;Earth roads;Dry;Daylight;Normal;Vehicle with vehicle collision;2;1;Reversing;na;na;na;na;;;Not a Pedestrian;No priority to pedestrian;Slight Injury
12:49:00;Sunday;Over 51;Male;High school;Employee;1-2yr;;Owner;;No defect;Other;One way;Tangent road with flat terrain;Y Shape;Asphalt roads;Dry;Daylight;Normal;Rollover;2;1;Going straight;Passenger;Male;31-50;3;Driver;Normal;Not a Pedestrian;No priority to vehicle;Slight Injury
12:49:00;Sunday;31-50;Male;Junior high school;Employee;Above 10yr;Public (12 seats);Owner;5-10yrs;No defect; Church areas;Undivided Two way;Tangent road with flat terrain;Y Shape;;Dry;Daylight;Normal;Vehicle with vehicle collision;2;1;Turnover;Pedestrian;Male;18-30;3;Self-employed;Normal;Crossing from driver's nearside;Changing lane to the left;Slight Injury
16:00:00;Tuesday;18-30;Male;Elementary school;Owner;2-5yr;Public (12 seats);Owner;;No defect;  Recreational areas;other;Tangent road with flat terrain;Crossing;Asphalt roads;Dry;Daylight;Normal;Vehicle with vehicle collision;1;1;Going straight;Pedestrian;Female;31-50;3;Self-employed;Normal;Not a Pedestrian;Turnover;Slight Injury
23:23:00;Saturday;Unknown;Female;Junior high school;Employee;5-10yr;Automobile;Owner;;; Industrial areas;Undivided Two way;Tangent road with flat terrain;Other;Asphalt roads;Dry;Darkness - lights lit;Normal;Collision with roadside objects;2;1;Going straight;Driver or rider;Male;31-50;2;;;Not a Pedestrian;Driving to the left;Slight Injury
23:23:00;Saturday;Under 18;Male;Junior high school;Employee;Below 1yr;;;;;Residential areas;other;;Other;Asphalt roads;Dry;Darkness - lights lit;Normal;Vehicle with vehicle collision;2;1;Going straight;na;na;na;na;;Normal;Not a Pedestrian;Driving carelessly;Slight Injury
08:40:00;Wednesday;31-50;Male;Junior high school;Employee;5-10yr;Automobile;Owner;Above 10yr;No defect;Residential areas;other;Tangent road with rolling terrain;No junction;Asphalt roads;Dry;Daylight;Normal;Vehicle with vehicle collision;2;2;Going straight;Driver or rider;Male;18-30;3;Driver;Normal;Not a Pedestrian;Driving to the left;Serious Injury
08:40:00;Wednesday;31-50;Male;High school;Employee;Above 10yr;Lorry (41?100Q);Owner;2-5yrs;No defect;Office areas;Double carriageway (median);Tangent road with flat terrain;No junction;Asphalt roads;Dry;Daylight;Normal;Vehicle with vehicle collision;2;2;Going straight;Pedestrian;Male;Under 18;2;Driver;Normal;Crossing from driver's nearside;Driving carelessly;Serious Injury
08:40:00;Wednesday;31-50;Male;Junior high school;Employee;5-10yr;Public (12 seats);Owner;2-5yrs;No defect;  Market areas;Undivided Two way;Tangent road with flat terrain;No junction;Asphalt roads;Dry;Daylight;Normal;Collision with roadside objects;2;2;Getting off;Driver or rider;Male;18-30;3;;;Not a Pedestrian;No priority to pedestrian;Serious Injury
18:20:00;Wednesday;Under 18;Male;Elementary school;Employee;1-2yr;Lorry (11?40Q);;;;Unknown;other;Tangent road with flat terrain;Y Shape;Asphalt roads;Dry;Daylight;Normal;Collision with roadside objects;2;1;Moving Backward;na;na;na;na;Driver;Normal;Not a Pedestrian;Driving carelessly;Slight Injury
18:20:00;Wednesday;Under 18;Male;Junior high school;Employee;;Automobile;Owner;;No defect; Industrial areas;other;Tangent road with flat terrain;Y Shape;Asphalt roads;Dry;Daylight;Normal;Vehicle with vehicle collision;2;1;Going straight;na;na;na;na;Self-employed;Normal;Not a Pedestrian;Changing lane to the right;Slight Injury
10:00:00;Friday;18-30;Male;Above high school;Employee;1-2yr;Automobile;Owner;;No defect;Residential areas;Two-way (divided with solid lines road marking);Tangent road with flat terrain;Y Shape;Asphalt roads;Dry;Daylight;Normal;Vehicle with vehicle collision;2;1;Turnover;Driver or rider;Male;18-30;3;Self-employed;Normal;Not a Pedestrian;Moving Backward;Slight Injury
10:00:00;Friday;18-30;Male;Junior high school;Employee;Above 10yr;Automobile;Governmental;Below 1yr;No defect;Residential areas;Undivided Two way;Tangent road with flat terrain;Y Shape;Gravel roads;Dry;Daylight;Normal;Collision with roadside objects;2;1;Going straight;Driver or rider;Male;18-30;3;Self-employed;Normal;Not a Pedestrian;Driving carelessly;Slight Injury
21:10:00;Saturday;Unknown;Female;Junior high school;Employee;1-2yr;Bajaj;Owner;5-10yrs;No defect;Other;Undivided Two way;Tangent road with flat terrain;No junction;Asphalt roads;Dry;Daylight;Normal;Collision with roadside objects;2;2;;Driver or rider;Male;5;3;;;Not a Pedestrian;Changing lane to the right;Slight Injury
21:10:00;Saturday;18-30;Male;Junior high school;Employee;5-10yr;Public (12 seats);Governmental;;No defect;Residential areas;other;Tangent road with flat terrain;No junction;Asphalt roads;Dry;Daylight;Normal;Vehicle with vehicle collision;2;2;Going straight;Driver or rider;Male;18-30;3;Self-employed;Normal;Not a Pedestrian;Driving carelessly;Slight Injury
21:10:00;Saturday;18-30;Male;Junior high school;Employee;2-5yr;Lorry (11?40Q);Owner;1-2yr;No defect;Rural village areas;Undivided Two way;Gentle horizontal curve;No junction;Asphalt roads;Dry;Daylight;Normal;Vehicle with vehicle collision;2;2;Going straight;na;na;na;na;Self-employed;Normal;Not a Pedestrian;Driving carelessly;Slight Injury
17:55:00;Thursday;18-30;Male;;;;;Owner;2-5yrs;No defect;Rural village areas;Undivided Two way;Gentle horizontal curve;No junction;Asphalt roads;Dry;Daylight;Normal;Vehicle with vehicle collision;2;3;Going straight;Driver or rider;Male;18-30;3;Driver;Deaf;Not a Pedestrian;Driving carelessly;Slight Injury
17:55:00;Thursday;18-30;Male;Junior high school;Employee;2-5yr;;Owner;;No defect;Office areas;Double carriageway (median);Tangent road with flat terrain;No junction;Asphalt roads;Dry;Daylight;Normal;Collision with roadside objects;2;3;Going straight;na;na;na;na;Driver;Normal;Not a Pedestrian;Changing lane to the right;Slight Injury
17:55:00;Thursday;18-30;Male;Junior high school;Employee;2-5yr;Automobile;Owner;2-5yrs;No defect;Residential areas;Undivided Two way;Gentle horizontal curve;No junction;Asphalt roads;Dry;Daylight;Normal;Vehicle with vehicle collision;2;3;Turnover;Driver or rider;Male;31-50;3;Self-employed;Normal;Not a Pedestrian;Changing lane to the right;Slight Injury
17:08:00;Monday;18-30;Male;Junior high school;Employee;Above 10yr;Lorry (11?40Q);Owner;;;Residential areas;other;Tangent road with flat terrain;No junction;Asphalt roads;Dry;Daylight;Normal;Collision with roadside-parked vehicles;2;1;Turnover;na;na;na;na;Self-employed;Normal;Not a Pedestrian;Driving carelessly;Slight Injury
17:08:00;Monday;18-30;Male;Junior high school;Employee;1-2yr;Lorry (41?100Q);Owner;;7; Outside rural areas;other;Tangent road with flat terrain;No junction;Asphalt roads;Dry;Daylight;Normal;Vehicle with vehicle collision;2;1;Going straight;Driver or rider;Female;31-50;3;Driver;Normal;Not a Pedestrian;Overtaking;Slight Injury
13:15:00;Sunday;31-50;Male;Above high school;Owner;1-2yr;Pick up upto 10Q;Owner;Above 10yr;;Residential areas;other;Tangent road with flat terrain;Crossing;Asphalt roads;Dry;Daylight;Normal;Collision with roadside objects;2;1;Getting off;Driver or rider;Female;18-30;3;Driver;Normal;Not a Pedestrian;Changing lane to the right;Slight Injury
13:15:00;Sunday;Under 18;Male;Above high school;Employee;No Licence;Lorry (11?40Q);Owner;5-10yrs;5; Church areas;other;Tangent road with flat terrain;Crossing;Asphalt roads;Dry;Daylight;Normal;Vehicle with vehicle collision;2;1;Getting off;na;na;na;na;;;Not a Pedestrian;No distancing;Slight Injury
15:00:00;Wednesday;18-30;Male;Junior high school;Employee;1-2yr;Stationwagen;Owner;;No defect;Office areas;Undivided Two way;Tangent road with flat terrain;Crossing;Asphalt roads;Dry;Daylight;Normal;Vehicle with vehicle collision;2;1;Going straight;na;na;na;na;Driver;Normal;Not a Pedestrian;Other;Slight Injury
15:00:00;Wednesday;31-50;Male;Junior high school;Employee;5-10yr;Other;Owner;Unknown;No defect;Office areas;Two-way (divided with broken lines road marking);Tangent road with mountainous terrain and;Crossing;Asphalt roads;Dry;Daylight;Normal;Vehicle with vehicle collision;2;1;Overtaking;Driver or rider;Male;31-50;3;Driver;Normal;Not a Pedestrian;Changing lane to the right;Slight Injury
19:30:00;Sunday;18-30;Male;Junior high school;Employee;Above 10yr;Other;Governmental;;No defect;Office areas;Two-way (divided with broken lines road marking);Escarpments;Crossing;Asphalt roads;Dry;Daylight;Normal;Vehicle with vehicle collision;2;2;Reversing;Driver or rider;Male;31-50;3;Student;Normal;Not a Pedestrian;Changing lane to the right;Slight Injury
19:30:00;Sunday;18-30;Male;Junior high school;Employee;Above 10yr;Lorry (11?40Q);Owner;2-5yrs;;Other;Undivided Two way;Tangent road with mountainous terrain and;Crossing;Asphalt roads;Dry;Daylight;Normal;Vehicle with vehicle collision;2;2;Going straight;na;na;na;na;Employee;Normal;Not a Pedestrian;Overtaking;Slight Injury
19:30:00;Sunday;18-30;Male;Junior high school;Owner;5-10yr;;Owner;2-5yrs;;Other;Undivided Two way;Tangent road with flat terrain;Crossing;Asphalt roads;Dry;Daylight;Normal;Collision with roadside-parked vehicles;2;2;Getting off;Driver or rider;Male;18-30;2;Driver;Normal;Not a Pedestrian;Other;Slight Injury
18:25:00;Thursday;18-30;Male;Elementary school;Employee;2-5yr;Automobile;Owner;Unknown;No defect;Residential areas;Two-way (divided with broken lines road marking);Tangent road with flat terrain;No junction;Asphalt roads;Dry;Daylight;Other;Collision with roadside-parked vehicles;1;1;Getting off;na;na;na;na;Other;Normal;Not a Pedestrian;Driving to the left;Slight Injury
17:13:00;Thursday;31-50;Male;Junior high school;Employee;2-5yr;Lorry (41?100Q);Owner;;;Other;Two-way (divided with broken lines road marking);Tangent road with flat terrain;Y Shape;Asphalt roads;Dry;Daylight;Normal;Collision with animals;1;1;Reversing;Pedestrian;Female;18-30;3;;Normal;Crossing from nearside - masked by parked or statioNot a Pedestrianry vehicle;Overtaking;Serious Injury
15:25:00;Thursday;Under 18;Male;Junior high school;Employee;Below 1yr;Other;Owner;Below 1yr;;Other;Undivided Two way;Tangent road with mild grade and flat terrain;Y Shape;Other;Dry;Daylight;Normal;Collision with animals;2;1;Turnover;na;na;na;na;;;Not a Pedestrian;No priority to vehicle;Slight Injury
15:25:00;Thursday;18-30;Male;Junior high school;Employee;2-5yr;Lorry (41?100Q);Owner;5-10yrs;;Other;Two-way (divided with broken lines road marking);Tangent road with flat terrain;Y Shape;Asphalt roads;Dry;Daylight;Normal;Collision with animals;2;1;Moving Backward;Driver or rider;Male;18-30;3;;;Not a Pedestrian;Moving Backward;Slight Injury
15:23:00;Sunday;Over 51;Male;Junior high school;Employee;2-5yr;Automobile;Governmental;5-10yrs;No defect;Other;Undivided Two way;Tangent road with flat terrain;Y Shape;Asphalt roads;Wet or damp;Daylight;Normal;Collision with animals;1;1;Going straight;Passenger;Female;Over 51;3;Employee;;Not a Pedestrian;Other;Slight Injury
08:20:00;Friday;18-30;Male;Elementary school;Employee;5-10yr;Pick up upto 10Q;Owner;2-5yrs;No defect;Other;Double carriageway (median);Tangent road with mild grade and flat terrain;Y Shape;Asphalt roads;Dry;Daylight;Normal;Collision with animals;2;1;Going straight;na;na;na;na;Driver;;Not a Pedestrian;No priority to vehicle;Slight Injury
08:20:00;Friday;Over 51;Male;Junior high school;Employee;Above 10yr;Lorry (41?100Q);Owner;;No defect;Other;Two-way (divided with broken lines road marking);Tangent road with flat terrain;Y Shape;Asphalt roads;Dry;Daylight;Normal;Collision with animals;2;1;Going straight;na;na;na;na;Driver;;Not a Pedestrian;No priority to pedestrian;Slight Injury
18:36:00;Monday;31-50;Male;;;;Public (13?45 seats);Owner;2-5yrs;; Church areas;Two-way (divided with broken lines road marking);Tangent road with flat terrain;Y Shape;Asphalt roads;Dry;Daylight;Normal;Collision with animals;2;7;Going straight;Driver or rider;Female;31-50;3;Driver;;Not a Pedestrian;Changing lane to the right;Slight Injury
18:36:00;Monday;31-50;Male;Junior high school;Employee;2-5yr;Long lorry;Owner;5-10yrs;;Other;Undivided Two way;Tangent road with flat terrain;Y Shape;Asphalt roads;Dry;Daylight;Normal;Collision with animals;2;7;Reversing;na;na;na;na;Self-employed;Normal;Not a Pedestrian;Changing lane to the right;Slight Injury
18:36:00;Monday;31-50;Male;Junior high school;Employee;5-10yr;Automobile;Organization;2-5yrs;; Industrial areas;Two-way (divided with broken lines road marking);Tangent road with flat terrain;Y Shape;Asphalt roads;Dry;Daylight;Normal;Collision with animals;2;7;Going straight;na;na;na;na;Driver;Normal;Not a Pedestrian;Changing lane to the right;Slight Injury
18:36:00;Monday;31-50;Male;Above high school;Employee;2-5yr;Automobile;Owner;;No defect;Residential areas;Double carriageway (median);Tangent road with flat terrain;Y Shape;Other;Dry;Daylight;Normal;Collision with animals;2;7;Going straight;Driver or rider;Male;31-50;3;Other;Normal;Not a Pedestrian;Driving to the left;Slight Injury
18:36:00;Monday;18-30;Male;;;;Other;Governmental;Above 10yr;No defect;Other;Two-way (divided with broken lines road marking);Tangent road with flat terrain;Y Shape;Asphalt roads;Dry;Daylight;Normal;Collision with animals;2;7;Going straight;Passenger;Female;Over 51;3;;;Not a Pedestrian;Changing lane to the left;Slight Injury
18:36:00;Monday;18-30;Male;;Employee;1-2yr;;Owner;;No defect;Office areas;Two-way (divided with broken lines road marking);Tangent road with flat terrain;Y Shape;Asphalt roads;Dry;Daylight;Normal;Collision with animals;2;7;Going straight;Passenger;Male;Over 51;3;Driver;Normal;Not a Pedestrian;Moving Backward;Slight Injury