Time;Day_of_week;Age_band_of_driver;Sex_of_driver;Educational_level;Vehicle_driver_relation;Driving_experience;Type_of_vehicle;Owner_of_vehicle;Service_year_of_vehicle;Defect_of_vehicle;Area_accident_occured;Lanes_or_Medians;Road_allignment;Types_of_Junction;Road_surface_type;Road_surface_conditions;Light_conditions;Weather_conditions;Type_of_collision;Number_of_vehicles_involved;Number_of_casualties;Vehicle_movement;Casualty_class;Sex_of_casualty;Age_band_of_casualty;Casualty_severity;Work_of_casuality;Fitness_of_casuality;Pedestrian_movement;Cause_of_accident;Accident_severity
11:50:00;Sunday;31-50;Male;Junior high school;Employee;1-2yr;Pick up upto 10Q;Owner;;No defect;Office areas;other;Tangent road with flat terrain;O Shape;Asphalt roads;Dry;Daylight;Normal;Vehicle with vehicle collision;2;1;Other;Pedestrian;Male;Under 18;3;;;Not a Pedestrian;Driving carelessly;Slight Injury
22:50:00;Friday;Under 18;Male;Junior high school;Owner;2-5yr;Automobile;Owner;;;Residential areas;Two-way (divided with broken lines road marking);Tangent road with flat terrain;Y Shape;Asphalt roads;Dry;Darkness - lights unlit;Normal;Collision with pedestrians;1;1;Going straight;na;na;na;na;Driver;Normal;Not a Pedestrian;No priority to pedestrian;Serious Injury
12:15:00;Tuesday;Over 51;Male;;Employee;unknown;Public (12 seats);Owner;5-10yrs;;Office areas;Two-way (divided with broken lines road marking);Tangent road with flat terrain;Y Shape;Asphalt roads;Wet or damp;Daylight;Normal;Collision with pedestrians;2;3;Going straight;Driver or rider;Male;18-30;3;Driver;Normal;Not a Pedestrian;Driving carelessly;Fatal injury
12:15:00;Tuesday;Over 51;Male;Junior high school;Employee;Above 10yr;Automobile;Owner;5-10yrs;;Residential areas;Undivided Two way;Tangent road with flat terrain;Y Shape;Asphalt roads;Wet or damp;Daylight;Normal;Collision with roadside objects;2;3;Going straight;Driver or rider;Male;18-30;2;Self-employed;Normal;Not a Pedestrian;Changing lane to the right;Fatal injury
12:15:00;Tuesday;31-50;Male;Junior high school;Owner;2-5yr;Other;Owner;2-5yrs;;Office areas;Double carriageway (median);Tangent road with flat terrain;Y Shape;Asphalt roads;Wet or damp;Daylight;Normal;Collision with pedestrians;2;3;Turnover;na;na;na;na;Driver;Normal;Not a Pedestrian;Moving Backward;Fatal injury
16:17:00;Thursday;31-50;Male;Junior high school;Employee;5-10yr;Public (12 seats);Owner;2-5yrs;No defect;Office areas;Double carriageway (median);Tangent road with flat terrain;Y Shape;Asphalt roads;Wet or damp;Daylight;Cloudy;Vehicle with vehicle collision;1;1;Going straight;Pedestrian;Female;Under 18;3;Driver;Normal;Not a Pedestrian;Driving carelessly;Slight Injury
07:59:00;Thursday;31-50;Male;Junior high school;Employee;2-5yr;Stationwagen;;;No defect;Other;Two-way (divided with broken lines road marking);Tangent road with flat terrain;No junction;Asphalt roads;Wet or damp;Daylight;Normal;Vehicle with vehicle collision;1;1;Going straight;Driver or rider;Male;18-30;3;;;Not a Pedestrian;Changing lane to the right;Serious Injury
17:23:00;Tuesday;Over 51;Male;Junior high school;Employee;1-2yr;Lorry (41?100Q);Owner;Unknown;No defect;Other;Two-way (divided with broken lines road marking);Tangent road with flat terrain;Y Shape;Asphalt roads;Wet or damp;Darkness - no lighting;Normal;Vehicle with vehicle collision;3;1;Reversing;na;na;na;na;Driver;Normal;Not a Pedestrian;Driving carelessly;Slight Injury
17:23:00;Tuesday;18-30;Male;Junior high school;Employee;5-10yr;Lorry (41?100Q);Owner;Above 10yr;No defect;Residential areas;Two-way (divided with broken lines road marking);Tangent road with flat terrain;Y Shape;Asphalt roads;Wet or damp;Darkness - no lighting;Normal;Collision with roadside objects;3;1;Other;Driver or rider;Male;18-30;3;Driver;Normal;Not a Pedestrian;Driving carelessly;Slight Injury
17:23:00;Tuesday;31-50;Unknown;Junior high school;Employee;2-5yr;Lorry (41?100Q);Owner;Unknown;; Church areas;Two-way (divided with broken lines road marking);Tangent road with flat terrain;Y Shape;Gravel roads;Wet or damp;Darkness - no lighting;Normal;Collision with roadside objects;3;1;Going straight;na;na;na;na;Driver;Normal;Not a Pedestrian;Driving carelessly;Slight Injury
08:15:00;Thursday;18-30;Male;Elementary school;Employee;5-10yr;Automobile;Governmental;Unknown;No defect; Church areas;Double carriageway (median);Tangent road with flat terrain;Y Shape;Asphalt roads;Wet or damp;Daylight;Normal;Vehicle with vehicle collision;2;1;Going straight;Driver or rider;Male;31-50;3;Driver;Normal;Not a Pedestrian;Changing lane to the right;Slight Injury
08:15:00;Thursday;31-50;Male;Above high school;Owner;5-10yr;Lorry (41?100Q);Owner;2-5yrs;No defect;Residential areas;Double carriageway (median);Tangent road with flat terrain;Y Shape;Asphalt roads;Wet or damp;Daylight;Normal;Vehicle with vehicle collision;2;1;Moving Backward;Pedestrian;Male;31-50;3;Driver;Normal;Not a Pedestrian;Changing lane to the right;Slight Injury
17:11:00;Monday;18-30;Male;Junior high school;Employee;2-5yr;;Owner;;No defect;Office areas;Two-way (divided with broken lines road marking);Tangent road with mild grade and flat terrain;Crossing;Asphalt roads;Dry;Darkness - lights lit;Normal;Vehicle with vehicle collision;2;1;Reversing;Driver or rider;Female;Over 51;3;Self-employed;Normal;Not a Pedestrian;Driving carelessly;Slight Injury
17:11:00;Monday;31-50;Male;Junior high school;Employee;2-5yr;Public (12 seats);Owner;5-10yrs;No defect;Office areas;Two-way (divided with broken lines road marking);Tangent road with mild grade and flat terrain;Crossing;Other;Dry;Darkness - lights lit;Normal;Vehicle with vehicle collision;2;1;Going straight;na;na;na;na;;;Not a Pedestrian;Overtaking;Slight Injury
17:43:00;Tuesday;31-50;Male;Junior high school;Employee;2-5yr;Automobile;Owner;2-5yrs;;Residential areas;Two-way (divided with broken lines road marking);Tangent road with flat terrain;O Shape;Asphalt roads;Wet or damp;Darkness - lights lit;Normal;Vehicle with vehicle collision;2;1;Going straight;na;na;na;na;Self-employed;Normal;Not a Pedestrian;Changing lane to the right;Slight Injury
17:43:00;Tuesday;Over 51;Male;Junior high school;Employee;5-10yr;Stationwagen;Owner;5-10yrs;; Church areas;other;Tangent road with flat terrain;O Shape;Other;Wet or damp;Darkness - lights lit;Normal;Vehicle with vehicle collision;2;1;Moving Backward;Driver or rider;Male;18-30;3;Driver;Normal;Not a Pedestrian;No distancing;Slight Injury
19:35:00;Friday;Over 51;Male;Junior high school;Employee;1-2yr;Automobile;Owner;;;Other;Two-way (divided with broken lines road marking);Tangent road with flat terrain;No junction;Asphalt roads;Wet or damp;Darkness - lights lit;Normal;Vehicle with vehicle collision;1;1;Going straight;na;na;na;na;;;Not a Pedestrian;Other;Serious Injury
08:10:00;Thursday;31-50;Male;Junior high school;Owner;2-5yr;Lorry (41?100Q);Owner;;;Office areas;Two-way (divided with broken lines road marking);Tangent road with flat terrain;Y Shape;Asphalt roads;Wet or damp;Daylight;Normal;Vehicle with vehicle collision;1;1;Going straight;Driver or rider;Male;Over 51;3;;;Not a Pedestrian;Changing lane to the right;Slight Injury
20:00:00;Thursday;31-50;Male;High school;Owner;2-5yr;Other;Owner;;;Other;Two-way (divided with broken lines road marking);Tangent road with flat terrain;Y Shape;Asphalt roads;Dry;Darkness - lights lit;Normal;Vehicle with vehicle collision;2;2;Going straight;Driver or rider;Male;Under 18;3;Driver;Normal;Not a Pedestrian;Changing lane to the right;Slight Injury
20:00:00;Thursday;18-30;Male;;Employee;;Pick up upto 10Q;Owner;;;Other;Two-way (divided with broken lines road marking);Tangent road with flat terrain;Y Shape;Asphalt roads;Dry;Darkness - lights lit;Normal;Collision with roadside objects;2;2;Going straight;na;na;na;na;Driver;Normal;Not a Pedestrian;Overtaking;Slight Injury
23:05:00;Saturday;31-50;Male;Junior high school;Owner;1-2yr;;Owner;;;;;Tangent road with flat terrain;Y Shape;Asphalt roads;Dry;Darkness - lights lit;Normal;Collision with roadside objects;1;1;Going straight;na;na;na;na;Driver;Normal;Not a Pedestrian;Other;Slight Injury
04:24:00;Friday;18-30;Male;Junior high school;;Below 1yr;Lorry (41?100Q);Governmental;2-5yrs;;Residential areas;Two-way (divided with broken lines road marking);;Y Shape;Asphalt roads;Dry;Darkness - lights lit;Normal;Collision with pedestrians;1;1;Going straight;Driver or rider;Male;31-50;3;Self-employed;Normal;Not a Pedestrian;Driving to the left;Serious Injury
08:49:00;Monday;18-30;Male;High school;Employee;1-2yr;Automobile;Owner;Below 1yr;; Church areas;Undivided Two way;Tangent road with flat terrain;Y Shape;Asphalt roads;Wet or damp;Daylight;Normal;Vehicle with vehicle collision;2;3;;Driver or rider;Male;18-30;3;Driver;Normal;Not a Pedestrian;Overtaking;Slight Injury
08:49:00;Monday;31-50;Male;Above high school;Employee;1-2yr;Public (13?45 seats);;;;Other;Undivided Two way;Tangent road with flat terrain;Y Shape;Asphalt roads;Wet or damp;Daylight;Normal;Vehicle with vehicle collision;2;3;Going straight;na;na;na;na;Self-employed;Normal;Not a Pedestrian;No priority to vehicle;Slight Injury
08:49:00;Monday;31-50;Male;Junior high school;Employee;Above 10yr;Automobile;Owner;Unknown;;Other;One way;Tangent road with flat terrain;Y Shape;Asphalt roads;Wet or damp;Daylight;Normal;Vehicle with vehicle collision;2;3;Reversing;na;na;na;na;Driver;Normal;Not a Pedestrian;Moving Backward;Slight Injury
09:52:00;Friday;Under 18;Male;High school;Employee;1-2yr;Lorry (41?100Q);Owner;Unknown;No defect;Residential areas;Two-way (divided with broken lines road marking);Tangent road with flat terrain;Y Shape;Asphalt roads;Dry;Daylight;Normal;Vehicle with vehicle collision;2;2;Going straight;Driver or rider;Male;31-50;3;Driver;Normal;Not a Pedestrian;Other;Serious Injury
09:52:00;Friday;Over 51;Male;Junior high school;Employee;2-5yr;Public (12 seats);Owner;Unknown;;Office areas;One way;Tangent road with flat terrain;Y Shape;Asphalt roads;Dry;Daylight;Normal;Vehicle with vehicle collision;2;2;Going straight;Passenger;Male;31-50;3;;;Not a Pedestrian;No priority to vehicle;Serious Injury
16:30:00;Monday;31-50;Male;Above high school;Other;2-5yr;Motorcycle;Owner;Unknown;No defect; Industrial areas;Two-way (divided with broken lines road marking);Tangent road with flat terrain;Crossing;Asphalt roads;Dry;Darkness - lights lit;Normal;Vehicle with vehicle collision;2;1;Going straight;Pedestrian;Female;Over 51;3;;;Crossing from nearside - masked by parked or statioNot a Pedestrianry vehicle;No priority to pedestrian;Slight Injury
16:30:00;Monday;31-50;Male;High school;Employee;Above 10yr;Public (12 seats);Governmental;;No defect;Residential areas;Double carriageway (median);Tangent road with flat terrain;Crossing;Asphalt roads;Dry;Darkness - lights lit;Normal;Vehicle with vehicle collision;2;1;Going straight;Driver or rider;Male;18-30;2;Self-employed;Normal;Not a Pedestrian;Changing lane to the right;Slight Injury
16:40:00;Thursday;18-30;Male;Elementary school;Employee;5-10yr;Lorry (41?100Q);Owner;;No defect;Office areas;Unknown;Tangent road with flat terrain;No junction;Asphalt roads;Wet or damp;Daylight;Normal;Vehicle with vehicle collision;2;1;Going straight;na;na;na;na;Driver;Normal;Not a Pedestrian;Changing lane to the right;Slight Injury
16:40:00;Thursday;31-50;Male;High school;Employee;1-2yr;Automobile;Owner;2-5yrs;;Other;;Tangent road with flat terrain;No junction;Asphalt roads;Wet or damp;Daylight;Normal;Vehicle with vehicle collision;2;1;Going straight;Driver or rider;Male;31-50;2;Driver;Normal;Not a Pedestrian;Changing lane to the right;Slight Injury
17:45:00;Tuesday;18-30;Male;High school;Employee;5-10yr;Lorry (41?100Q);Owner;Unknown;; Church areas;other;Tangent road with flat terrain;No junction;Asphalt roads;Wet or damp;Darkness - lights lit;Raining;Collision with pedestrians;2;1;Other;Pedestrian;Female;31-50;3;Self-employed;Normal;Not a Pedestrian;Driving to the left;Slight Injury
17:45:00;Tuesday;31-50;Male;High school;Employee;2-5yr;Stationwagen;Owner;Above 10yr;; Industrial areas;;Tangent road with flat terrain;No junction;Asphalt roads;Wet or damp;Darkness - lights lit;Raining;Collision with pedestrians;2;1;Moving Backward;Pedestrian;Male;31-50;3;Driver;Normal;Crossing from nearside - masked by parked or statioNot a Pedestrianry vehicle;Changing lane to the left;Slight Injury
03:16:00;Saturday;18-30;Male;Junior high school;Employee;1-2yr;Pick up upto 10Q;Owner;Unknown;No defect;  Recreational areas;One way;Tangent road with flat terrain;No junction;Asphalt roads;Dry;Darkness - lights lit;Normal;Vehicle with vehicle collision;2;1;Other;Driver or rider;Male;18-30;3;Driver;Normal;Not a Pedestrian;Moving Backward;Slight Injury
03:16:00;Saturday;Unknown;Female;Above high school;Employee;Above 10yr;Automobile;Owner;Unknown;No defect;  Market areas;Undivided Two way;Tangent road with flat terrain;No junction;Asphalt roads;Dry;Darkness - lights lit;Normal;Vehicle with vehicle collision;2;1;Going straight;na;na;na;na;;Normal;Not a Pedestrian;Driving at high speed;Slight Injury
18:58:00;Thursday;18-30;Male;Above high school;Employee;2-5yr;Automobile;Owner;Unknown;No defect;Other;Two-way (divided with broken lines road marking);Tangent road with flat terrain;Crossing;Asphalt roads;Dry;Darkness - lights lit;Normal;Vehicle with vehicle collision;1;1;Going straight;Driver or rider;Male;31-50;3;Driver;Normal;Not a Pedestrian;Moving Backward;Slight Injury
20:00:00;Thursday;Over 51;Male;Elementary school;Employee;5-10yr;;Owner;Unknown;;Other;Two-way (divided with broken lines road marking);Tangent road with flat terrain;Y Shape;Asphalt roads;Dry;Darkness - no lighting;Unknown;Vehicle with vehicle collision;2;2;Going straight;na;na;na;na;Self-employed;Normal;Not a Pedestrian;No distancing;Serious Injury
20:00:00;Thursday;Over 51;Male;Elementary school;Employee;1-2yr;Other;Owner;Unknown;No defect; Industrial areas;Two-way (divided with broken lines road marking);;Y Shape;Earth roads;Dry;Darkness - no lighting;Unknown;Vehicle with vehicle collision;2;2;Other;na;na;na;na;Self-employed;Normal;Not a Pedestrian;Other;Serious Injury
20:00:00;Thursday;18-30;Male;Junior high school;Employee;;Automobile;Governmental;2-5yrs;;Other;Two-way (divided with broken lines road marking);Tangent road with flat terrain;Y Shape;Asphalt roads;Dry;Darkness - no lighting;Unknown;Vehicle with vehicle collision;2;2;Going straight;Driver or rider;Male;18-30;3;;Normal;Not a Pedestrian;No priority to vehicle;Serious Injury
18:15:00;Tuesday;31-50;Male;;;;Public (13?45 seats);Governmental;;;Office areas;other;Tangent road with flat terrain;Y Shape;Asphalt roads;Dry;Darkness - lights lit;Normal;Vehicle with vehicle collision;1;1;;na;na;na;na;Self-employed;Normal;Not a Pedestrian;Changing lane to the right;Serious Injury
23:15:00;Thursday;31-50;Male;Elementary school;Employee;5-10yr;Public (13?45 seats);Owner;Unknown;;;other;Tangent road with flat terrain;Y Shape;Asphalt roads;Dry;Darkness - lights lit;Normal;Vehicle with vehicle collision;1;1;Going straight;Driver or rider;Male;18-30;3;Driver;Normal;Not a Pedestrian;Other;Slight Injury
11:10:00;Tuesday;Over 51;Male;Junior high school;Employee;2-5yr;Automobile;Owner;;;Office areas;Two-way (divided with broken lines road marking);Tangent road with flat terrain;Crossing;Asphalt roads;Dry;Daylight;Normal;Vehicle with vehicle collision;2;1;Going straight;na;na;na;na;Driver;Normal;Not a Pedestrian;No distancing;Slight Injury
11:10:00;Tuesday;Over 51;Male;Junior high school;Employee;5-10yr;Public (12 seats);Owner;;;Office areas;Undivided Two way;Tangent road with flat terrain;Crossing;Asphalt roads;Dry;Daylight;Normal;Vehicle with vehicle collision;2;1;Going straight;Driver or rider;Male;Under 18;3;;Normal;Not a Pedestrian;Driving carelessly;Slight Injury
13:40:00;Friday;31-50;Male;High school;Employee;2-5yr;Public (12 seats);Organization;Unknown;;Other;other;Tangent road with flat terrain;Y Shape;Asphalt roads;Dry;Daylight;Normal;Vehicle with vehicle collision;2;1;Going straight;Driver or rider;Male;18-30;3;Driver;Normal;Not a Pedestrian;No distancing;Slight Injury
13:40:00;Friday;Over 51;Male;Junior high school;Employee;1-2yr;Lorry (41?100Q);Governmental;2-5yrs;;Other;other;Tangent road with flat terrain;Y Shape;Asphalt roads;Dry;Daylight;Normal;Vehicle with vehicle collision;2;1;Moving Backward;Pedestrian;Male;18-30;3;Driver;Normal;Not a Pedestrian;Moving Backward;Slight Injury
09:16:00;Tuesday;18-30;Male;Junior high school;Employee;1-2yr;Automobile;Owner;Unknown;No defect;Other;Undivided Two way;Tangent road with flat terrain;Y Shape;Asphalt roads;Dry;Daylight;Normal;Vehicle with vehicle collision;1;1;Moving Backward;Pedestrian;Male;Under 18;3;Driver;Normal;Not a Pedestrian;No distancing;Slight Injury
17:00:00;Thursday;18-30;Male;Junior high school;Employee;5-10yr;Pick up upto 10Q;Owner;Above 10yr;;Other;other;Tangent road with flat terrain;Y Shape;Asphalt roads;Dry;Darkness - lights lit;Normal;Vehicle with vehicle collision;2;1;Going straight;Pedestrian;Female;18-30;3;Self-employed;Normal;Crossing from nearside - masked by parked or statioNot a Pedestrianry vehicle;Moving Backward;Serious Injury
17:00:00;Thursday;Under 18;Male;Illiterate;Employee;unknown;Pick up upto 10Q;;;;Residential areas;Undivided Two way;Tangent road with flat terrain;Y Shape;Asphalt roads;Dry;Darkness - lights lit;Normal;Vehicle with vehicle collision;2;1;Going straight;Driver or rider;Female;5;3;Driver;Normal;Not a Pedestrian;No priority to pedestrian;Serious Injury
15:18:00;Monday;18-30;Male;Junior high school;Employee;5-10yr;Lorry (41?100Q);Owner;2-5yrs;No defect; Church areas;Undivided Two way;Tangent road with flat terrain;Crossing;Gravel roads;Wet or damp;Daylight;Other;Vehicle with vehicle collision;2;1;Turnover;na;na;na;na;Driver;Normal;Not a Pedestrian;Changing lane to the left;Slight Injury
15:18:00;Monday;31-50;Male;Junior high school;Employee;1-2yr;Automobile;Owner;2-5yrs;;Office areas;Double carriageway (median);Tangent road with flat terrain;Crossing;Asphalt roads;Wet or damp;Daylight;Other;Vehicle with vehicle collision;2;1;Going straight;Pedestrian;Female;18-30;3;;Normal;Not a Pedestrian;No distancing;Slight Injury
10:40:00;Tuesday;18-30;Male;Junior high school;Employee;2-5yr;Stationwagen;Owner;2-5yrs;; Church areas;other;Tangent road with flat terrain;Crossing;Earth roads;Dry;Daylight;Normal;Vehicle with vehicle collision;2;2;Going straight;Driver or rider;Male;18-30;3;Driver;Normal;Not a Pedestrian;Other;Slight Injury
10:40:00;Tuesday;Over 51;Male;Junior high school;Employee;Above 10yr;Motorcycle;Owner;2-5yrs;;Other;Two-way (divided with broken lines road marking);Tangent road with flat terrain;Crossing;Asphalt roads;Dry;Daylight;Normal;Vehicle with vehicle collision;2;2;Going straight;Passenger;Female;31-50;3;;;Not a Pedestrian;No distancing;Slight Injury
10:40:00;Tuesday;Over 51;Male;Junior high school;Owner;5-10yr;;Owner;;;;other;Tangent road with flat terrain;Crossing;Asphalt roads;Dry;Daylight;Normal;Vehicle with vehicle collision;2;2;Going straight;Driver or rider;Male;31-50;3;;;Not a Pedestrian;No priority to pedestrian;Slight Injury
17:23:00;Tuesday;31-50;Male;High school;Employee;1-2yr;Other;Owner;1-2yr;;School areas;other;Steep grade downward with mountainous terrain;No junction;Asphalt roads;Dry;Daylight;Normal;Vehicle with vehicle collision;1;1;Going straight;na;na;na;na;;;Not a Pedestrian;Moving Backward;Slight Injury
16:45:00;Wednesday;18-30;Male;Junior high school;Employee;Above 10yr;Automobile;Owner;5-10yrs;;Office areas;Two-way (divided with broken lines road marking);Tangent road with mild grade and flat terrain;No junction;Earth roads;Dry;Daylight;Normal;Collision with roadside objects;2;1;Going straight;Driver or rider;Male;31-50;3;Self-employed;Normal;Not a Pedestrian;No priority to pedestrian;Slight Injury
16:45:00;Wednesday;31-50;Male;Junior high school;Employee;1-2yr;Automobile;Owner;Below 1yr;;Other;other;Steep grade downward with mountainous terrain;No junction;Asphalt roads;Dry;Daylight;Normal;Collision with roadside objects;2;1;Going straight;na;na;na;na;Self-employed;Normal;Not a Pedestrian;No distancing;Slight Injury
13:40:00;Sunday;Under 18;Male;Junior high school;Employee;2-5yr;;Owner;Unknown;;Office areas;Undivided Two way;Tangent road with flat terrain;Y Shape;Asphalt roads;Wet or damp;Daylight;Raining;Vehicle with vehicle collision;2;1;Going straight;Passenger;Female;Over 51;3;Driver;Normal;Not a Pedestrian;No priority to pedestrian;Slight Injury
13:40:00;Sunday;Under 18;Male;Junior high school;Employee;Above 10yr;Public (> 45 seats);Owner;;;Other;Undivided Two way;Tangent road with flat terrain;Y Shape;Asphalt roads;Wet or damp;Daylight;Raining;Vehicle with vehicle collision;2;1;;Driver or rider;Male;18-30;3;Self-employed;Normal;Not a Pedestrian;Driving carelessly;Slight Injury
16:50:00;Monday;18-30;Male;Junior high school;Employee;2-5yr;Automobile;Owner;2-5yrs;;Other;Two-way (divided with broken lines road marking);Tangent road with flat terrain;Y Shape;Asphalt roads;Dry;Daylight;Normal;Vehicle with vehicle collision;2;1;Other;Driver or rider;Female;Over 51;3;Driver;Normal;Not a Pedestrian;Getting off the vehicle improperly;Slight Injury
16:50:00;Monday;Over 51;Male;Elementary school;Employee;5-10yr;Other;Owner;;;Office areas;Undivided Two way;Tangent road with flat terrain;Y Shape;Asphalt roads;Dry;Daylight;Normal;Vehicle with vehicle collision;2;1;Getting off;na;na;na;na;Self-employed;Normal;Not a Pedestrian;Driving carelessly;Slight Injury
20:20:00;Thursday;18-30;Male;;;;Automobile;Owner;;No defect;Other;Double carriageway (median);Tangent road with flat terrain;Crossing;Asphalt roads;Wet or damp;Darkness - lights lit;Normal;Collision with roadside objects;3;2;Going straight;na;na;na;na;Employee;Normal;Not a Pedestrian;Changing lane to the left;Slight Injury
20:20:00;Thursday;31-50;Male;Elementary school;Employee;1-2yr;Other;Owner;;; Church areas;other;Tangent road with flat terrain;Crossing;Asphalt roads;Wet or damp;Darkness - lights lit;Normal;Vehicle with vehicle collision;3;2;Going straight;Driver or rider;Male;18-30;3;Driver;Normal;Not a Pedestrian;No priority to vehicle;Slight Injury
20:20:00;Thursday;31-50;Male;Elementary school;Employee;5-10yr;Lorry (41?100Q);Owner;;No defect;Office areas;Two-way (divided with broken lines road marking);Tangent road with flat terrain;Crossing;Asphalt roads;Wet or damp;Darkness - lights lit;Normal;Collision with roadside objects;3;2;Going straight;na;na;na;na;Driver;Normal;Not a Pedestrian;Changing lane to the right;Slight Injury
20:20:00;Thursday;31-50;Male;Elementary school;Employee;5-10yr;Pick up upto 10Q;Owner;Above 10yr;No defect;Office areas;Two-way (divided with broken lines road marking);Tangent road with flat terrain;Crossing;Asphalt roads;Wet or damp;Darkness - lights lit;Normal;Collision with roadside objects;3;2;Other;Driver or rider;Male;18-30;3;Driver;Normal;Not a Pedestrian;Changing lane to the right;Slight Injury
10:45:00;Sunday;18-30;Male;Junior high school;Employee;1-2yr;Public (13?45 seats);Owner;2-5yrs;;Other;Undivided Two way;Tangent road with mountainous terrain and;Crossing;Asphalt roads;Wet or damp;Daylight;Raining;Collision with pedestrians;2;1;Going straight;Passenger;Female;18-30;3;Driver;Normal;Not a Pedestrian;No distancing;Slight Injury
10:45:00;Sunday;Over 51;Male;Junior high school;Employee;5-10yr;Automobile;Owner;2-5yrs;;Residential areas;Undivided Two way;Tangent road with flat terrain;Crossing;Asphalt roads;Wet or damp;Daylight;Raining;Vehicle with vehicle collision;2;1;Moving Backward;na;na;na;na;Driver;Normal;Not a Pedestrian;No distancing;Slight Injury
00:04:00;Saturday;31-50;Male;Junior high school;Employee;5-10yr;Pick up upto 10Q;Owner;Unknown;No defect;Residential areas;Undivided Two way;Tangent road with flat terrain;Crossing;Asphalt roads;Dry;Darkness - lights lit;Normal;Collision with roadside objects;1;1;Other;Driver or rider;Male;18-30;3;Driver;Normal;Not a Pedestrian;Changing lane to the left;Serious Injury
18:00:00;Tuesday;18-30;Male;Junior high school;Employee;2-5yr;Automobile;Owner;5-10yrs;7;;Two-way (divided with broken lines road marking);Tangent road with flat terrain;Y Shape;Asphalt roads;Dry;Darkness - lights lit;Normal;Vehicle with vehicle collision;1;1;Going straight;Pedestrian;Male;31-50;3;Self-employed;Normal;Not a Pedestrian;Changing lane to the right;Slight Injury
07:18:00;Thursday;18-30;Male;Junior high school;Employee;1-2yr;Lorry (41?100Q);Owner;Unknown;7;Other;other;Tangent road with flat terrain;Other;Asphalt roads;Dry;Daylight;Normal;Vehicle with vehicle collision;2;1;Going straight;Pedestrian;Male;Over 51;3;Self-employed;Normal;Crossing from nearside - masked by parked or statioNot a Pedestrianry vehicle;No priority to vehicle;Slight Injury
07:18:00;Thursday;Over 51;Male;Junior high school;Employee;5-10yr;Automobile;Owner;Unknown;No defect;Office areas;;Steep grade downward with mountainous terrain;Other;Asphalt roads;Dry;Daylight;Normal;Vehicle with vehicle collision;2;1;Going straight;Passenger;Male;18-30;3;Self-employed;Normal;Not a Pedestrian;Changing lane to the left;Slight Injury
20:05:00;Sunday;18-30;Male;Junior high school;Employee;Below 1yr;Lorry (41?100Q);Governmental;Unknown;No defect;School areas;Double carriageway (median);Tangent road with flat terrain;Crossing;Asphalt roads;Dry;Darkness - lights lit;Normal;Vehicle with vehicle collision;2;1;;na;na;na;na;Driver;Normal;Not a Pedestrian;No priority to vehicle;Slight Injury
20:05:00;Sunday;31-50;Male;Junior high school;Employee;5-10yr;Lorry (41?100Q);Owner;Unknown;No defect;Other;Two-way (divided with broken lines road marking);Steep grade downward with mountainous terrain;Crossing;Asphalt roads;Dry;Darkness - lights lit;Normal;Vehicle with vehicle collision;2;1;Going straight;na;na;na;na;;Normal;Not a Pedestrian;Moving Backward;Slight Injury
14:23:00;Wednesday;31-50;Male;Junior high school;Owner;5-10yr;Lorry (41?100Q);Owner;5-10yrs;No defect;Other;Two-way (divided with broken lines road marking);Tangent road with rolling terrain;Crossing;Asphalt roads;Wet or damp;Daylight;Normal;Vehicle with vehicle collision;1;1;Going straight;Driver or rider;Male;18-30;3;;Normal;Not a Pedestrian;Turnover;Slight Injury
19:06:00;Saturday;31-50;Male;;Owner;5-10yr;Public (13?45 seats);Governmental;Unknown;No defect; Church areas;Two-way (divided with broken lines road marking);Tangent road with flat terrain;Unknown;Asphalt roads;Dry;Darkness - lights lit;Normal;Collision with roadside objects;2;2;Going straight;Driver or rider;Male;Over 51;3;Self-employed;Normal;Not a Pedestrian;No distancing;Slight Injury
19:06:00;Saturday;31-50;Male;Junior high school;Employee;5-10yr;Automobile;;;;Office areas;;Tangent road with mild grade and flat terrain;Unknown;Asphalt roads;Dry;Darkness - lights lit;Normal;Vehicle with vehicle collision;2;2;Going straight;Driver or rider;Male;31-50;3;Driver;Normal;Not a Pedestrian;No distancing;Slight Injury
15:23:00;Wednesday;18-30;Male;High school;Employee;2-5yr;Other;Owner;;;Other;Two-way (divided with broken lines road marking);Tangent road with mild grade and flat terrain;Y Shape;Earth roads;Wet or damp;Daylight;Raining;Collision with roadside objects;1;1;Going straight;Driver or rider;Male;31-50;3;Employee;Normal;Not a Pedestrian;No distancing;Slight Injury
18:20:00;Monday;Under 18;Male;Above high school;Employee;5-10yr;Other;Governmental;;No defect;Residential areas;Double carriageway (median);Tangent road with flat terrain;Y Shape;Asphalt roads;Dry;Darkness - lights lit;Normal;Vehicle with vehicle collision;4;1;Going straight;na;na;na;na;Other;Normal;Not a Pedestrian;Changing lane to the left;Slight Injury
18:20:00;Monday;18-30;Male;Junior high school;Employee;Above 10yr;Other;Owner;;;Office areas;Two-way (divided with broken lines road marking);Tangent road with flat terrain;Y Shape;Asphalt roads;Dry;Darkness - lights lit;Normal;Vehicle with vehicle collision;4;1;Going straight;Driver or rider;Male;31-50;3;Driver;Normal;Not a Pedestrian;No priority to vehicle;Slight Injury
18:20:00;Monday;Unknown;Female;Junior high school;Employee;Below 1yr;Automobile;Owner;;;Office areas;Undivided Two way;Tangent road with flat terrain;Y Shape;Other;Dry;Darkness - lights lit;Normal;Vehicle with vehicle collision;4;1;Going straight;Driver or rider;Male;31-50;3;Driver;Normal;Not a Pedestrian;Driving at high speed;Slight Injury