Time;Day_of_week;Age_band_of_driver;Sex_of_driver;Educational_level;Vehicle_driver_relation;Driving_experience;Type_of_vehicle;Owner_of_vehicle;Service_year_of_vehicle;Defect_of_vehicle;Area_accident_occured;Lanes_or_Medians;Road_allignment;Types_of_Junction;Road_surface_type;Road_surface_conditions;Light_conditions;Weather_conditions;Type_of_collision;Number_of_vehicles_involved;Number_of_casualties;Vehicle_movement;Casualty_class;Sex_of_casualty;Age_band_of_casualty;Casualty_severity;Work_of_casuality;Fitness_of_casuality;Pedestrian_movement;Cause_of_accident;Accident_severity
08:50:00;Friday;Under 18;Male;Junior high school;Employee;Above 10yr;Automobile;Owner;;;Other;Two-way (divided with broken lines road marking);Tangent road with flat terrain;Y Shape;Asphalt roads;Dry;Daylight;Normal;Vehicle with vehicle collision;2;1;Going straight;na;na;na;na;Driver;Normal;Not a Pedestrian;Overtaking;Serious Injury
02:00:00;Sunday;18-30;Male;Elementary school;Employee;2-5yr;Public (12 seats);Owner;Above 10yr;;Other;other;Tangent road with flat terrain;No junction;Asphalt roads;Dry;Darkness - no lighting;Unknown;Vehicle with vehicle collision;1;1;Other;Driver or rider;Male;31-50;3;Driver;Normal;Not a Pedestrian;No distancing;Slight Injury
08:00:00;Wednesday;18-30;Male;Junior high school;Employee;5-10yr;Public (13?45 seats);Owner;5-10yrs;;Office areas;Two-way (divided with broken lines road marking);Tangent road with flat terrain;Crossing;Asphalt roads;Dry;Daylight;Normal;Collision with roadside objects;2;1;Moving Backward;Driver or rider;Male;Under 18;3;Self-employed;Normal;Not a Pedestrian;No priority to vehicle;Slight Injury
08:00:00;Wednesday;18-30;Male;;;;Lorry (11?40Q);Owner;Below 1yr;; Church areas;other;Tangent road with flat terrain;Crossing;Asphalt roads;Dry;Daylight;Normal;Collision with roadside objects;2;1;Going straight;Driver or rider;Male;31-50;3;Driver;Normal;Not a Pedestrian;Changing lane to the right;Slight Injury
07:10:00;Wednesday;18-30;Male;Junior high school;Employee;5-10yr;Stationwagen;Owner;Unknown;No defect;Other;Two-way (divided with broken lines road marking);Tangent road with flat terrain;Y Shape;Asphalt roads;Dry;Daylight;Normal;Collision with roadside objects;2;1;Other;na;na;na;na;Self-employed;Normal;Not a Pedestrian;Changing lane to the left;Slight Injury
07:10:00;Wednesday;18-30;Male;Junior high school;Employee;;Ridden horse;Owner;;;Other;One way;Tangent road with flat terrain;Y Shape;Asphalt roads;Dry;Daylight;Normal;Collision with pedestrians;2;1;Moving Backward;na;na;na;na;Driver;Normal;Not a Pedestrian;No distancing;Slight Injury
15:12:00;Monday;31-50;Male;Junior high school;Employee;;Stationwagen;Owner;;;Office areas;Double carriageway (median);Tangent road with flat terrain;Y Shape;Asphalt roads;Dry;Daylight;Normal;Vehicle with vehicle collision;1;1;Going straight;Driver or rider;Male;18-30;3;Driver;Normal;Not a Pedestrian;Driving carelessly;Slight Injury
16:43:00;Monday;31-50;Male;Junior high school;Employee;1-2yr;Automobile;Owner;;;Office areas;One way;Tangent road with mild grade and flat terrain;No junction;Asphalt roads;Dry;Daylight;Normal;Vehicle with vehicle collision;1;1;Going straight;Driver or rider;Male;18-30;3;Driver;Normal;Not a Pedestrian;No priority to pedestrian;Slight Injury
23:40:00;Tuesday;Unknown;Female;Above high school;Owner;5-10yr;Automobile;Owner;;;Office areas;Undivided Two way;Tangent road with flat terrain;Crossing;Asphalt roads;Wet or damp;Darkness - lights lit;Raining;Collision with pedestrians;3;1;Moving Backward;Driver or rider;Female;18-30;3;Driver;Normal;Not a Pedestrian;Driving carelessly;Slight Injury
23:40:00;Tuesday;18-30;Male;Junior high school;Employee;2-5yr;Other;Owner;;No defect;Office areas;Double carriageway (median);Tangent road with flat terrain;Crossing;Asphalt roads;Wet or damp;Darkness - lights lit;Raining;Vehicle with vehicle collision;3;1;Going straight;Driver or rider;Male;18-30;3;Driver;Normal;Not a Pedestrian;Moving Backward;Slight Injury
23:40:00;Tuesday;Unknown;Female;Junior high school;Owner;5-10yr;Taxi;Owner;Unknown;;;Two-way (divided with broken lines road marking);Tangent road with flat terrain;Crossing;Asphalt roads;Wet or damp;Darkness - lights lit;Raining;Vehicle with vehicle collision;3;1;Getting off;na;na;na;na;;;Not a Pedestrian;No distancing;Slight Injury
19:30:00;Thursday;18-30;Male;High school;Employee;2-5yr;Automobile;Owner;Below 1yr;;Office areas;Undivided Two way;Tangent road with flat terrain;Crossing;Asphalt roads;Dry;Daylight;Normal;Vehicle with vehicle collision;2;1;Going straight;na;na;na;na;Driver;Normal;Not a Pedestrian;No distancing;Slight Injury
19:30:00;Thursday;31-50;Male;Junior high school;Employee;Above 10yr;Stationwagen;Owner;Unknown;;Other;;Tangent road with flat terrain;Crossing;Asphalt roads;Dry;Daylight;Normal;Vehicle with vehicle collision;2;1;Going straight;Driver or rider;Male;31-50;3;Driver;Normal;Not a Pedestrian;No distancing;Slight Injury
14:15:00;Monday;Over 51;Male;Junior high school;Employee;Below 1yr;Automobile;Owner;;;Other;Double carriageway (median);Tangent road with flat terrain;Crossing;Asphalt roads;Wet or damp;Daylight;Windy;Vehicle with vehicle collision;2;3;Moving Backward;na;na;na;na;;;Not a Pedestrian;Changing lane to the left;Slight Injury
14:15:00;Monday;Over 51;Male;Junior high school;Employee;Below 1yr;Public (12 seats);Governmental;Unknown;;Other;Two-way (divided with broken lines road marking);Tangent road with flat terrain;Crossing;Asphalt roads;Wet or damp;Daylight;Windy;Vehicle with vehicle collision;2;3;Going straight;Passenger;Male;31-50;3;Self-employed;Normal;Not a Pedestrian;Changing lane to the left;Slight Injury
14:15:00;Monday;Over 51;Male;;Owner;;Automobile;Owner;;;Office areas;;Tangent road with flat terrain;Crossing;Asphalt roads;Wet or damp;Daylight;Windy;Collision with roadside objects;2;3;Going straight;Passenger;Male;5;3;Driver;Normal;Not a Pedestrian;Moving Backward;Slight Injury
15:20:00;Thursday;18-30;Male;Junior high school;Employee;2-5yr;Public (> 45 seats);Owner;;;Office areas;;Tangent road with flat terrain;Y Shape;Asphalt roads;Dry;Daylight;Normal;Collision with pedestrians;3;3;Going straight;Pedestrian;Female;18-30;3;Driver;Normal;Crossing from nearside - masked by parked or statioNot a Pedestrianry vehicle;Changing lane to the right;Slight Injury
15:20:00;Thursday;31-50;Male;;;;Lorry (41?100Q);Owner;;;Office areas;Two-way (divided with broken lines road marking);Tangent road with flat terrain;Y Shape;Asphalt roads;Dry;Daylight;Normal;Vehicle with vehicle collision;3;3;Going straight;Pedestrian;Male;Under 18;3;Self-employed;Normal;Crossing from nearside - masked by parked or statioNot a Pedestrianry vehicle;No priority to vehicle;Slight Injury
15:20:00;Thursday;31-50;Male;Elementary school;Employee;No Licence;Public (> 45 seats);Governmental;;No defect;Office areas;Two-way (divided with broken lines road marking);Tangent road with flat terrain;Y Shape;Asphalt roads;Dry;Daylight;Normal;Vehicle with vehicle collision;3;3;Going straight;Passenger;Female;Under 18;3;Driver;Normal;Not a Pedestrian;Moving Backward;Slight Injury
15:20:00;Thursday;31-50;Male;Junior high school;Employee;Above 10yr;;Owner;2-5yrs;; Church areas;Undivided Two way;Tangent road with flat terrain;Y Shape;Asphalt roads;Dry;Daylight;Normal;Collision with roadside objects;3;3;Moving Backward;Driver or rider;Male;Over 51;3;Employee;Normal;Not a Pedestrian;Driving carelessly;Slight Injury
12:15:00;Monday;Over 51;Male;Junior high school;Owner;Above 10yr;;Governmental;;;Office areas;Two-way (divided with broken lines road marking);Tangent road with flat terrain;Y Shape;Asphalt roads;Wet or damp;Daylight;Normal;Vehicle with vehicle collision;2;3;Going straight;na;na;na;na;Driver;Normal;Not a Pedestrian;Driving carelessly;Slight Injury
12:15:00;Monday;31-50;Male;Junior high school;Employee;Above 10yr;Automobile;Governmental;Unknown;;Residential areas;Two-way (divided with broken lines road marking);Tangent road with flat terrain;Y Shape;Asphalt roads;Wet or damp;Daylight;Normal;Vehicle with vehicle collision;2;3;Going straight;na;na;na;na;Driver;Normal;Not a Pedestrian;Driving under the influence of drugs;Slight Injury
12:15:00;Monday;31-50;Male;Junior high school;Employee;Above 10yr;Automobile;Owner;;;School areas;Two-way (divided with broken lines road marking);Tangent road with flat terrain;Y Shape;Asphalt roads;Wet or damp;Daylight;Normal;Vehicle with vehicle collision;2;3;Moving Backward;Driver or rider;Male;18-30;3;;;Not a Pedestrian;No priority to pedestrian;Slight Injury
12:15:00;Monday;31-50;Male;Junior high school;Owner;5-10yr;Lorry (41?100Q);Owner;Unknown;;Office areas;Undivided Two way;Tangent road with flat terrain;Y Shape;Asphalt roads;Wet or damp;Daylight;Normal;Vehicle with vehicle collision;2;3;Moving Backward;na;na;na;na;Driver;Normal;Not a Pedestrian;No priority to vehicle;Slight Injury
11:30:00;Tuesday;18-30;Male;Junior high school;Employee;Below 1yr;Automobile;Owner;5-10yrs;;Other;Undivided Two way;Tangent road with flat terrain;Unknown;Asphalt roads;Wet or damp;Daylight;Normal;Vehicle with vehicle collision;1;1;Going straight;Driver or rider;Male;18-30;3;Driver;Normal;Not a Pedestrian;Driving carelessly;Slight Injury
00:40:00;Saturday;Under 18;Male;Junior high school;Employee;2-5yr;Public (13?45 seats);Owner;;;Other;Double carriageway (median);Tangent road with flat terrain;Y Shape;Asphalt roads;Dry;Darkness - lights lit;Normal;Vehicle with vehicle collision;2;1;Going straight;Driver or rider;Male;18-30;3;Driver;Normal;Not a Pedestrian;Moving Backward;Serious Injury
00:40:00;Saturday;18-30;Male;Junior high school;Employee;;Automobile;Governmental;;No defect;Other;Double carriageway (median);Tangent road with flat terrain;Y Shape;Asphalt roads;Dry;Darkness - lights lit;Normal;Vehicle with vehicle collision;2;1;Going straight;na;na;na;na;Driver;Normal;Not a Pedestrian;Driving carelessly;Serious Injury
16:50:00;Thursday;31-50;Male;Above high school;Employee;1-2yr;Public (> 45 seats);Owner;5-10yrs;No defect;Other;Two-way (divided with broken lines road marking);Tangent road with flat terrain;No junction;Asphalt roads;Dry;Daylight;Normal;Vehicle with vehicle collision;1;1;Going straight;Driver or rider;Female;18-30;3;;;Not a Pedestrian;No priority to vehicle;Slight Injury
05:15:00;Wednesday;31-50;Male;Junior high school;Employee;1-2yr;Lorry (41?100Q);Owner;Unknown;No defect;Office areas;Double carriageway (median);Tangent road with mild grade and flat terrain;Y Shape;Asphalt roads;Dry;Daylight;Normal;Collision with roadside objects;2;1;Going straight;na;na;na;na;Driver;Normal;Not a Pedestrian;Changing lane to the right;Slight Injury
05:15:00;Wednesday;18-30;Male;Junior high school;Employee;1-2yr;Automobile;Owner;;;Office areas;Two-way (divided with broken lines road marking);Tangent road with flat terrain;Y Shape;Asphalt roads;Dry;Daylight;Normal;Collision with roadside objects;2;1;Going straight;Pedestrian;Female;Under 18;3;Employee;Normal;Crossing from offside - masked by  parked or statioNot a Pedestrianry vehicle;Changing lane to the left;Slight Injury
19:00:00;Wednesday;18-30;Male;Unknown;Employee;5-10yr;Lorry (11?40Q);Owner;;;Office areas;;Tangent road with mild grade and flat terrain;Crossing;Asphalt roads;Dry;Daylight;Normal;Collision with roadside objects;2;1;Going straight;Driver or rider;Female;31-50;3;;;Not a Pedestrian;No priority to vehicle;Slight Injury
19:00:00;Wednesday;18-30;Male;Junior high school;Employee;Above 10yr;Public (13?45 seats);Owner;;;Office areas;;Tangent road with mild grade and flat terrain;Crossing;Asphalt roads;Dry;Daylight;Normal;Vehicle with vehicle collision;2;1;Going straight;na;na;na;na;Driver;Normal;Not a Pedestrian;Driving carelessly;Slight Injury
04:10:00;Sunday;18-30;Male;Junior high school;Employee;Above 10yr;Public (13?45 seats);Owner;;;Office areas;One way;Tangent road with flat terrain;Y Shape;Asphalt roads;Dry;Daylight;Normal;Collision with pedestrians;1;4;Going straight;Pedestrian;Male;18-30;2;;;Not a Pedestrian;Moving Backward;Slight Injury
04:10:00;Sunday;18-30;Male;Junior high school;Employee;5-10yr;;;;;Office areas;Two-way (divided with broken lines road marking);Tangent road with flat terrain;Y Shape;Asphalt roads;Dry;Daylight;Normal;Vehicle with vehicle collision;1;4;Going straight;Driver or rider;Male;18-30;3;Driver;Normal;Not a Pedestrian;No distancing;Slight Injury
04:10:00;Sunday;18-30;Male;Junior high school;Employee;2-5yr;Long lorry;Owner;;;Office areas;;Tangent road with flat terrain;Y Shape;Asphalt roads;Dry;Daylight;Normal;Collision with pedestrians;1;4;Other;na;na;na;na;Driver;Normal;Not a Pedestrian;Changing lane to the left;Slight Injury
04:10:00;Sunday;18-30;Male;Junior high school;Employee;Below 1yr;Lorry (41?100Q);Owner;5-10yrs;;Other;Undivided Two way;Tangent road with flat terrain;Y Shape;Asphalt roads;Dry;Daylight;Normal;Vehicle with vehicle collision;1;4;Going straight;na;na;na;na;Self-employed;Normal;Not a Pedestrian;Changing lane to the left;Slight Injury
09:02:00;Wednesday;18-30;Male;Junior high school;Employee;1-2yr;Lorry (11?40Q);Owner;;No defect;Other;Two-way (divided with broken lines road marking);Tangent road with flat terrain;Crossing;Asphalt roads;Dry;Daylight;Normal;Collision with pedestrians;3;1;Reversing;Driver or rider;Male;31-50;3;Driver;Normal;Not a Pedestrian;No distancing;Serious Injury
09:02:00;Wednesday;31-50;Male;Junior high school;Employee;5-10yr;Lorry (41?100Q);;2-5yrs;No defect;Residential areas;Two-way (divided with broken lines road marking);Tangent road with flat terrain;Crossing;Asphalt roads;Dry;Daylight;Normal;Vehicle with vehicle collision;3;1;Going straight;Passenger;Female;Over 51;3;Employee;Normal;Not a Pedestrian;Changing lane to the left;Serious Injury
09:02:00;Wednesday;31-50;Male;Junior high school;Employee;Below 1yr;Public (12 seats);Owner;;No defect;Other;Two-way (divided with broken lines road marking);Tangent road with flat terrain;Crossing;Asphalt roads;Dry;Daylight;Normal;Vehicle with vehicle collision;3;1;Reversing;Driver or rider;Male;18-30;3;Driver;Normal;Not a Pedestrian;Driving carelessly;Serious Injury
13:40:00;Sunday;18-30;Male;Elementary school;Employee;5-10yr;;Owner;5-10yrs;No defect;Other;Two-way (divided with broken lines road marking);Tangent road with flat terrain;Crossing;Asphalt roads;Dry;Daylight;Normal;Vehicle with vehicle collision;4;7;Going straight;na;na;na;na;;;Not a Pedestrian;Changing lane to the left;Slight Injury
13:40:00;Sunday;18-30;Male;Junior high school;Employee;2-5yr;Taxi;Governmental;;No defect;Other;Two-way (divided with broken lines road marking);Tangent road with flat terrain;Crossing;Asphalt roads;Dry;Daylight;Normal;Vehicle with vehicle collision;4;7;Reversing;Pedestrian;Male;31-50;2;Driver;Normal;Not a Pedestrian;No distancing;Slight Injury
13:40:00;Sunday;18-30;Male;Junior high school;Employee;5-10yr;;Owner;5-10yrs;;Other;Undivided Two way;Tangent road with flat terrain;Crossing;Asphalt roads;Dry;Daylight;Normal;Vehicle with vehicle collision;4;7;;Driver or rider;Male;18-30;3;Self-employed;Normal;Not a Pedestrian;Changing lane to the right;Slight Injury
13:40:00;Sunday;31-50;Male;Elementary school;Employee;5-10yr;Automobile;Owner;;; Industrial areas;Undivided Two way;Tangent road with flat terrain;Crossing;Asphalt roads;Dry;Daylight;Normal;Vehicle with vehicle collision;4;7;Going straight;na;na;na;na;;;Not a Pedestrian;No distancing;Slight Injury
13:40:00;Sunday;31-50;Male;Junior high school;Employee;Above 10yr;;Owner;5-10yrs;; Industrial areas;Undivided Two way;Tangent road with flat terrain;Crossing;Asphalt roads;Dry;Daylight;Normal;Vehicle with vehicle collision;4;7;Reversing;Driver or rider;Male;18-30;3;Self-employed;Normal;Not a Pedestrian;Driving to the left;Slight Injury
13:40:00;Sunday;31-50;Male;Junior high school;Employee;1-2yr;Lorry (41?100Q);Owner;;No defect; Church areas;Double carriageway (median);Tangent road with flat terrain;Crossing;Asphalt roads;Dry;Daylight;Normal;Vehicle with vehicle collision;4;7;Other;na;na;na;na;Self-employed;Normal;Not a Pedestrian;No distancing;Slight Injury
13:40:00;Sunday;18-30;Male;High school;Employee;Below 1yr;Automobile;Owner;;No defect;Other;Undivided Two way;Tangent road with flat terrain;Crossing;Asphalt roads;Dry;Daylight;Normal;Vehicle with vehicle collision;4;7;Going straight;Driver or rider;Male;31-50;3;;;Not a Pedestrian;Overtaking;Slight Injury
13:40:00;Sunday;18-30;Male;Elementary school;Employee;Above 10yr;Automobile;Owner;Above 10yr;;Other;Undivided Two way;Tangent road with flat terrain;Crossing;Asphalt roads;Dry;Daylight;Normal;Vehicle with vehicle collision;4;7;Going straight;na;na;na;na;Driver;Normal;Not a Pedestrian;Driving under the influence of drugs;Slight Injury
17:00:00;Sunday;Over 51;Male;High school;Owner;1-2yr;Lorry (41?100Q);Owner;Unknown;No defect;Office areas;Undivided Two way;Tangent road with flat terrain;No junction;Asphalt roads;Dry;Daylight;Normal;Vehicle with vehicle collision;1;1;Going straight;Driver or rider;Male;18-30;3;Driver;Normal;Not a Pedestrian;No priority to pedestrian;Slight Injury
15:27:00;Monday;31-50;Male;Junior high school;Employee;2-5yr;Automobile;Owner;Unknown;No defect;Office areas;Undivided Two way;Tangent road with flat terrain;Crossing;Asphalt roads;Dry;Daylight;Normal;Vehicle with vehicle collision;2;1;Moving Backward;na;na;na;na;Other;Normal;Not a Pedestrian;Moving Backward;Slight Injury
15:27:00;Monday;18-30;Male;;Employee;5-10yr;Automobile;Governmental;Below 1yr;;Residential areas;Two-way (divided with broken lines road marking);Tangent road with flat terrain;Crossing;Asphalt roads;Dry;Daylight;Normal;Rollover;2;1;Going straight;Driver or rider;Male;31-50;3;Self-employed;Normal;Not a Pedestrian;Changing lane to the right;Slight Injury
16:00:00;Wednesday;18-30;Male;High school;Owner;2-5yr;Automobile;Owner;Unknown;No defect; Industrial areas;Undivided Two way;Tangent road with flat terrain;Y Shape;Asphalt roads;Dry;Daylight;Normal;Collision with roadside objects;2;1;Going straight;na;na;na;na;Self-employed;Normal;Not a Pedestrian;Changing lane to the left;Slight Injury
16:00:00;Wednesday;31-50;Male;High school;Employee;Above 10yr;Taxi;Owner;;No defect;Office areas;Undivided Two way;Tangent road with flat terrain;Y Shape;Asphalt roads;Dry;Daylight;Normal;Vehicle with vehicle collision;2;1;Going straight;na;na;na;na;Driver;Normal;Not a Pedestrian;Changing lane to the right;Slight Injury
07:45:00;Wednesday;31-50;Male;Junior high school;Employee;1-2yr;;Owner;;No defect;Other;Undivided Two way;Tangent road with flat terrain;Y Shape;Asphalt roads;Dry;Daylight;Normal;Vehicle with vehicle collision;2;1;Going straight;Driver or rider;Female;31-50;3;Employee;Normal;Not a Pedestrian;Driving under the influence of drugs;Slight Injury
07:45:00;Wednesday;18-30;Male;Elementary school;Employee;1-2yr;;Owner;;;Other;Two-way (divided with broken lines road marking);Tangent road with flat terrain;Y Shape;Asphalt roads;Dry;Daylight;Normal;Vehicle with vehicle collision;2;1;Other;Driver or rider;Male;18-30;3;;;Not a Pedestrian;No priority to vehicle;Slight Injury
23:30:00;Friday;18-30;Male;High school;Employee;1-2yr;Automobile;Owner;;No defect;Residential areas;Undivided Two way;Tangent road with flat terrain;No junction;Asphalt roads;Dry;Darkness - lights lit;Normal;Collision with pedestrians;2;1;;na;na;na;na;Driver;Normal;Not a Pedestrian;No priority to vehicle;Serious Injury
23:30:00;Friday;18-30;Male;Above high school;Employee;5-10yr;Pick up upto 10Q;Owner;;;Office areas;Two-way (divided with broken lines road marking);Tangent road with flat terrain;No junction;Asphalt roads;Dry;Darkness - lights lit;Normal;Collision with pedestrians;2;1;Going straight;Passenger;Female;Over 51;3;Driver;Normal;Not a Pedestrian;Changing lane to the left;Serious Injury
15:40:00;Thursday;18-30;Unknown;;;;;Organization;;;Residential areas;other;Tangent road with flat terrain;Crossing;Asphalt roads;Dry;Daylight;Normal;Vehicle with vehicle collision;2;1;Turnover;Passenger;Female;Over 51;3;Driver;Normal;Not a Pedestrian;Changing lane to the right;Slight Injury
15:40:00;Thursday;31-50;Male;Junior high school;Employee;5-10yr;Automobile;Owner;;;Office areas;Two-way (divided with broken lines road marking);Tangent road with flat terrain;Crossing;Asphalt roads;Dry;Daylight;Normal;Vehicle with vehicle collision;2;1;Going straight;Passenger;Female;18-30;3;Self-employed;Normal;Not a Pedestrian;Changing lane to the right;Slight Injury
15:25:00;Thursday;Over 51;Male;Elementary school;Owner;5-10yr;Public (12 seats);;;; Church areas;Two-way (divided with broken lines road marking);Tangent road with flat terrain;No junction;Asphalt roads;Dry;Daylight;Normal;Collision with pedestrians;1;1;Moving Backward;Passenger;Male;Under 18;3;;Normal;Not a Pedestrian;Changing lane to the left;Serious Injury
16:07:00;Sunday;Under 18;Male;Elementary school;Employee;5-10yr;Public (13?45 seats);Organization;5-10yrs;;Residential areas;Two-way (divided with broken lines road marking);Tangent road with flat terrain;Y Shape;Asphalt roads;Dry;Daylight;Normal;Collision with pedestrians;3;6;Moving Backward;Passenger;Male;5;3;Other;Normal;Not a Pedestrian;Changing lane to the left;Slight Injury
16:07:00;Sunday;Under 18;Male;High school;Owner;5-10yr;Lorry (11?40Q);Owner;Above 10yr;;School areas;other;Tangent road with flat terrain;Y Shape;Asphalt roads;Dry;Daylight;Normal;Collision with pedestrians;3;6;Going straight;Passenger;Female;18-30;3;Driver;Normal;Not a Pedestrian;Getting off the vehicle improperly;Slight Injury
16:07:00;Sunday;31-50;Male;Junior high school;Employee;5-10yr;Stationwagen;Owner;5-10yrs;; Hospital areas;other;Steep grade downward with mountainous terrain;Y Shape;Earth roads;Dry;Daylight;Normal;Vehicle with vehicle collision;3;6;Other;Passenger;Female;Under 18;3;Driver;Normal;Not a Pedestrian;Overtaking;Slight Injury
16:07:00;Sunday;31-50;Male;Junior high school;Owner;1-2yr;Ridden horse;Owner;2-5yrs;;Other;Undivided Two way;Tangent road with flat terrain;Y Shape;Asphalt roads;Dry;Daylight;Normal;Collision with roadside objects;3;6;Going straight;Passenger;Female;18-30;3;Driver;Normal;Not a Pedestrian;Changing lane to the left;Slight Injury
16:07:00;Sunday;31-50;Male;Junior high school;Employee;2-5yr;Stationwagen;Owner;;;School areas;Double carriageway (median);Tangent road with flat terrain;Y Shape;;Dry;Daylight;Normal;Vehicle with vehicle collision;3;6;Going straight;Passenger;Female;Under 18;3;;;Not a Pedestrian;Driving under the influence of drugs;Slight Injury
16:07:00;Sunday;31-50;Male;Junior high school;Owner;5-10yr;Automobile;Owner;Above 10yr;No defect;Other;other;Tangent road with flat terrain;Y Shape;;Dry;Daylight;Normal;Vehicle with vehicle collision;3;6;Going straight;Passenger;Female;Under 18;3;Driver;Normal;Not a Pedestrian;Driving carelessly;Slight Injury
17:50:00;Saturday;Under 18;Male;Junior high school;Owner;Above 10yr;Automobile;Owner;5-10yrs;; Industrial areas;Undivided Two way;Tangent road with flat terrain;Crossing;Asphalt roads;Dry;Daylight;Normal;Collision with roadside objects;2;1;Going straight;Passenger;Female;Under 18;3;Driver;Normal;Not a Pedestrian;Moving Backward;Slight Injury
17:50:00;Saturday;31-50;Male;High school;Employee;5-10yr;Other;Owner;Unknown;No defect; Church areas;Two-way (divided with broken lines road marking);Tangent road with flat terrain;Crossing;Earth roads;Dry;Daylight;Normal;Vehicle with vehicle collision;2;1;Going straight;Pedestrian;Male;18-30;3;;;In carriageway, statioNot a Pedestrianry - not crossing  (standing or playing);No distancing;Slight Injury
19:35:00;Thursday;18-30;Male;High school;Owner;2-5yr;Taxi;Owner;;No defect;Office areas;Two-way (divided with broken lines road marking);Tangent road with flat terrain;Y Shape;Asphalt roads;Dry;Daylight;Normal;Vehicle with vehicle collision;2;1;Going straight;Driver or rider;Male;31-50;3;Driver;Normal;Not a Pedestrian;No priority to vehicle;Slight Injury
19:35:00;Thursday;Under 18;Male;Junior high school;Employee;5-10yr;Automobile;Owner;;No defect;Other;Two-way (divided with broken lines road marking);Tangent road with flat terrain;Y Shape;Asphalt roads;Dry;Daylight;Normal;Vehicle with vehicle collision;2;1;Going straight;na;na;na;na;Driver;Normal;Not a Pedestrian;Overturning;Slight Injury
21:33:00;Saturday;18-30;Male;Elementary school;Employee;2-5yr;Stationwagen;Owner;;No defect;Office areas;Double carriageway (median);Tangent road with flat terrain;No junction;Earth roads;Dry;Daylight;Normal;Vehicle with vehicle collision;1;1;Going straight;Driver or rider;Male;31-50;3;Self-employed;Normal;Not a Pedestrian;Changing lane to the left;Slight Injury
08:00:00;Tuesday;Over 51;Male;Elementary school;Employee;5-10yr;Automobile;Owner;;No defect;Office areas;Double carriageway (median);Tangent road with flat terrain;Y Shape;Asphalt roads;Dry;Daylight;Normal;Collision with pedestrians;2;1;Other;Driver or rider;Male;18-30;3;Driver;Normal;Not a Pedestrian;No distancing;Slight Injury
08:00:00;Tuesday;31-50;Male;Junior high school;Employee;1-2yr;Public (12 seats);Governmental;;No defect;Office areas;Double carriageway (median);Tangent road with flat terrain;Y Shape;Asphalt roads;Dry;Daylight;Normal;Rollover;2;1;Going straight;Passenger;Female;31-50;3;Driver;Normal;Not a Pedestrian;Moving Backward;Slight Injury
21:05:00;Wednesday;18-30;Male;Junior high school;Employee;5-10yr;;Owner;;No defect;Residential areas;Double carriageway (median);Tangent road with flat terrain;Y Shape;Asphalt roads;Dry;Darkness - lights lit;Normal;Vehicle with vehicle collision;2;1;Overtaking;na;na;na;na;Driver;Normal;Not a Pedestrian;No priority to vehicle;Slight Injury
21:05:00;Wednesday;Over 51;Male;;;;Automobile;Owner;;No defect;Office areas;Double carriageway (median);Tangent road with flat terrain;Y Shape;Asphalt roads;Dry;Darkness - lights lit;Normal;Vehicle with vehicle collision;2;1;Going straight;Driver or rider;Male;Under 18;3;Driver;Normal;Not a Pedestrian;No priority to vehicle;Slight Injury
08:40:00;Monday;18-30;Male;Elementary school;Employee;Above 10yr;Lorry (41?100Q);Owner;2-5yrs;;Other;Undivided Two way;Tangent road with flat terrain;Y Shape;Asphalt roads;Dry;Daylight;Normal;Vehicle with vehicle collision;2;1;Going straight;na;na;na;na;Driver;Normal;Not a Pedestrian;No distancing;Slight Injury
08:40:00;Monday;31-50;Male;Elementary school;Employee;Below 1yr;;Owner;2-5yrs;; Industrial areas;One way;;Y Shape;Asphalt roads;Dry;Daylight;Normal;Collision with roadside objects;2;1;Going straight;Passenger;Female;18-30;3;Driver;Normal;Not a Pedestrian;No distancing;Slight Injury
16:55:00;Monday;18-30;Male;Junior high school;Employee;2-5yr;Public (> 45 seats);Owner;;No defect;Other;One way;Tangent road with flat terrain;Y Shape;Asphalt roads;Wet or damp;Daylight;Raining;Vehicle with vehicle collision;2;1;U-Turn;Passenger;Female;31-50;3;Driver;Normal;Not a Pedestrian;Overtaking;Slight Injury
16:55:00;Monday;Over 51;Male;Elementary school;Owner;1-2yr;;Owner;;No defect;Office areas;Double carriageway (median);Tangent road with flat terrain;Y Shape;Asphalt roads;Wet or damp;Daylight;Raining;Rollover;2;1;Going straight;Driver or rider;Female;18-30;3;;;Not a Pedestrian;Driving under the influence of drugs;Slight Injury
09:49:00;Saturday;18-30;Male;Junior high school;Owner;5-10yr;Public (12 seats);Governmental;Unknown;;Office areas;Two-way (divided with broken lines road marking);Tangent road with flat terrain;Crossing;Asphalt roads;Dry;Daylight;Normal;Collision with roadside objects;2;3;Going straight;na;na;na;na;Driver;Normal;Not a Pedestrian;Changing lane to the right;Slight Injury
09:49:00;Saturday;31-50;Male;Junior high school;Employee;2-5yr;Public (12 seats);Governmental;;No defect;;Double carriageway (median);Tangent road with flat terrain;Crossing;Asphalt roads;Dry;Daylight;Normal;Vehicle with vehicle collision;2;3;Going straight;Driver or rider;Female;18-30;3;;;Not a Pedestrian;Changing lane to the left;Slight Injury
09:49:00;Saturday;31-50;Male;Junior high school;Employee;2-5yr;Automobile;Owner;;;Other;;Tangent road with flat terrain;Crossing;Asphalt roads;Dry;Daylight;Normal;Vehicle with vehicle collision;2;3;Going straight;Pedestrian;Female;18-30;3;Driver;Normal;Not a Pedestrian;Driving carelessly;Slight Injury