Time;Day_of_week;Age_band_of_driver;Sex_of_driver;Educational_level;Vehicle_driver_relation;Driving_experience;Type_of_vehicle;Owner_of_vehicle;Service_year_of_vehicle;Defect_of_vehicle;Area_accident_occured;Lanes_or_Medians;Road_allignment;Types_of_Junction;Road_surface_type;Road_surface_conditions;Light_conditions;Weather_conditions;Type_of_collision;Number_of_vehicles_involved;Number_of_casualties;Vehicle_movement;Casualty_class;Sex_of_casualty;Age_band_of_casualty;Casualty_severity;Work_of_casuality;Fitness_of_casuality;Pedestrian_movement;Cause_of_accident;Accident_severity
22:50:00;Saturday;Under 18;Male;Junior high school;Employee;Below 1yr;Lorry (41?100Q);Owner;Unknown;No defect;Office areas;One way;Tangent road with flat terrain;No junction;Asphalt roads;Dry;Darkness - lights lit;Normal;Vehicle with vehicle collision;1;2;Going straight;Driver or rider;Male;18-30;3;Self-employed;Normal;Not a Pedestrian;Driving carelessly;Serious Injury
22:50:00;Saturday;Under 18;Male;High school;Employee;2-5yr;Automobile;Owner;Unknown;No defect;School areas;Undivided Two way;Tangent road with flat terrain;No junction;Asphalt roads;Dry;Darkness - lights lit;Normal;Vehicle with vehicle collision;1;2;Going straight;Pedestrian;Female;18-30;3;Driver;Normal;Crossing from nearside - masked by parked or statioNot a Pedestrianry vehicle;No priority to pedestrian;Serious Injury
16:05:00;Wednesday;Over 51;Male;Junior high school;Owner;1-2yr;Motorcycle;Owner;;;Residential areas;One way;Tangent road with flat terrain;Y Shape;Asphalt roads;Dry;Daylight;Normal;Vehicle with vehicle collision;3;1;Going straight;Pedestrian;Female;18-30;3;Employee;Normal;Not a Pedestrian;Driving carelessly;Slight Injury
16:05:00;Wednesday;31-50;Male;Junior high school;Employee;5-10yr;;Owner;;;Office areas;Undivided Two way;Tangent road with flat terrain;Y Shape;Asphalt roads;Dry;Daylight;Normal;Vehicle with vehicle collision;3;1;Going straight;na;na;na;na;;Normal;Not a Pedestrian;Moving Backward;Slight Injury
16:05:00;Wednesday;18-30;Male;Elementary school;Employee;2-5yr;Automobile;Owner;Unknown;No defect;Residential areas;Undivided Two way;Tangent road with flat terrain;Y Shape;Asphalt roads;Dry;Daylight;Normal;Vehicle with vehicle collision;3;1;Moving Backward;Driver or rider;Male;18-30;3;;;Not a Pedestrian;No distancing;Slight Injury
22:25:00;Tuesday;Under 18;Male;Elementary school;Owner;5-10yr;Automobile;Owner;Above 10yr;;Office areas;Undivided Two way;Tangent road with flat terrain;Crossing;Asphalt roads;Dry;Darkness - lights lit;Normal;Vehicle with vehicle collision;2;2;Going straight;Driver or rider;Male;18-30;3;;;Not a Pedestrian;No distancing;Slight Injury
22:25:00;Tuesday;18-30;Male;Junior high school;Employee;Above 10yr;Automobile;Owner;Above 10yr;;Residential areas;One way;Tangent road with flat terrain;Crossing;Asphalt roads;Dry;Darkness - lights lit;Normal;Vehicle with vehicle collision;2;2;Moving Backward;na;na;na;na;;;Not a Pedestrian;No distancing;Slight Injury
18:55:00;Friday;31-50;Male;Junior high school;Employee;5-10yr;Public (> 45 seats);Owner;Unknown;No defect;Other;other;Tangent road with flat terrain;Y Shape;Asphalt roads;Dry;Daylight;Normal;Vehicle with vehicle collision;1;2;Moving Backward;Driver or rider;Male;31-50;3;Self-employed;Normal;Not a Pedestrian;Changing lane to the left;Serious Injury
18:55:00;Friday;31-50;Male;High school;Employee;5-10yr;;Other;Unknown;;Other;Two-way (divided with broken lines road marking);Tangent road with flat terrain;Y Shape;Asphalt roads;Dry;Daylight;Normal;Collision with roadside objects;1;2;Going straight;na;na;na;na;Driver;Normal;Not a Pedestrian;Changing lane to the left;Serious Injury
13:00:00;Friday;Over 51;Male;Junior high school;Employee;5-10yr;Automobile;Owner;5-10yrs;;Office areas;Two-way (divided with broken lines road marking);Tangent road with flat terrain;No junction;Asphalt roads;Dry;Daylight;Normal;Vehicle with vehicle collision;2;1;Going straight;na;na;na;na;;;Not a Pedestrian;Moving Backward;Slight Injury
13:00:00;Friday;Over 51;Male;Junior high school;Employee;Above 10yr;Automobile;Owner;Above 10yr;No defect;Office areas;Two-way (divided with broken lines road marking);Tangent road with flat terrain;No junction;Asphalt roads;Dry;Daylight;Normal;Collision with roadside objects;2;1;Going straight;Driver or rider;Male;18-30;3;;;Not a Pedestrian;Changing lane to the right;Slight Injury
23:26:00;Monday;18-30;Male;Junior high school;;1-2yr;Other;Owner;2-5yrs;No defect;Residential areas;Two-way (divided with broken lines road marking);Tangent road with flat terrain;Y Shape;Asphalt roads;Dry;Darkness - lights lit;Normal;Vehicle with vehicle collision;1;1;Going straight;Driver or rider;Male;31-50;3;Driver;Normal;Not a Pedestrian;No priority to vehicle;Fatal injury
13:50:00;Sunday;18-30;Male;Junior high school;Employee;2-5yr;Stationwagen;Owner;;No defect;Other;Two-way (divided with broken lines road marking);Tangent road with flat terrain;No junction;Asphalt roads;Dry;Daylight;Normal;Vehicle with vehicle collision;1;1;Going straight;Driver or rider;Female;18-30;3;Driver;Normal;Not a Pedestrian;Moving Backward;Slight Injury
11:00:00;Saturday;31-50;Male;Junior high school;Employee;1-2yr;Lorry (41?100Q);Governmental;;No defect;Other;Undivided Two way;Tangent road with flat terrain;Crossing;Asphalt roads;Dry;Daylight;Normal;;2;2;Going straight;Driver or rider;Male;Under 18;3;Self-employed;Normal;Not a Pedestrian;Driving carelessly;Slight Injury
11:00:00;Saturday;Over 51;Male;;;;Taxi;Owner;;No defect;Office areas;Two-way (divided with broken lines road marking);Tangent road with flat terrain;Crossing;Asphalt roads;Dry;Daylight;Normal;Collision with pedestrians;2;2;;Driver or rider;Female;18-30;3;Driver;Normal;Not a Pedestrian;Driving carelessly;Slight Injury
17:43:00;Friday;31-50;Male;Elementary school;Employee;5-10yr;Other;Owner;;No defect;Office areas;Two-way (divided with broken lines road marking);Tangent road with flat terrain;No junction;Asphalt roads;Dry;Daylight;Normal;Vehicle with vehicle collision;2;1;Other;na;na;na;na;Driver;Normal;Not a Pedestrian;Driving under the influence of drugs;Slight Injury
17:43:00;Friday;18-30;Male;Junior high school;Employee;5-10yr;Public (12 seats);Owner;Unknown;No defect; Church areas;Undivided Two way;Tangent road with flat terrain;No junction;Asphalt roads;Dry;Daylight;Normal;Vehicle with vehicle collision;2;1;Going straight;na;na;na;na;Self-employed;Normal;Not a Pedestrian;No priority to pedestrian;Slight Injury
16:25:00;Sunday;18-30;Male;Junior high school;Employee;Above 10yr;Automobile;Governmental;Unknown;No defect;Other;One way;Tangent road with flat terrain;No junction;Asphalt roads;Wet or damp;Daylight;Raining;Vehicle with vehicle collision;2;4;;Driver or rider;Male;Under 18;3;Self-employed;Normal;Not a Pedestrian;No priority to vehicle;Fatal injury
16:25:00;Sunday;18-30;Male;Junior high school;Employee;2-5yr;Automobile;Owner;Unknown;No defect;Office areas;Undivided Two way;Tangent road with flat terrain;No junction;Asphalt roads;Wet or damp;Daylight;Raining;Collision with pedestrians;2;4;Overtaking;Driver or rider;Male;18-30;3;Driver;Normal;Not a Pedestrian;Driving carelessly;Fatal injury
16:25:00;Sunday;18-30;Male;Junior high school;Owner;Above 10yr;Public (13?45 seats);Owner;1-2yr;;Office areas;Two-way (divided with broken lines road marking);Tangent road with flat terrain;No junction;Asphalt roads;Wet or damp;Daylight;Raining;Collision with roadside objects;2;4;Reversing;na;na;na;na;Self-employed;Normal;Not a Pedestrian;Moving Backward;Fatal injury
16:25:00;Sunday;18-30;Male;Junior high school;Employee;2-5yr;Lorry (41?100Q);Owner;Below 1yr;;Residential areas;Two-way (divided with broken lines road marking);Tangent road with flat terrain;No junction;Asphalt roads;Wet or damp;Daylight;Raining;;2;4;Going straight;Driver or rider;Male;Over 51;3;;;Not a Pedestrian;Driving carelessly;Fatal injury
09:58:00;Saturday;31-50;Male;Elementary school;Other;5-10yr;Lorry (41?100Q);;;;Other;Undivided Two way;Tangent road with flat terrain;Y Shape;Asphalt roads;Dry;Daylight;Normal;Vehicle with vehicle collision;1;1;Other;na;na;na;na;;;Not a Pedestrian;No priority to vehicle;Slight Injury
18:04:00;Saturday;31-50;Male;Elementary school;Employee;5-10yr;Lorry (11?40Q);Owner;5-10yrs;;Residential areas;Two-way (divided with broken lines road marking);Tangent road with flat terrain;Y Shape;Asphalt roads;Dry;Daylight;Normal;;1;1;Moving Backward;Driver or rider;Female;Over 51;3;;;Not a Pedestrian;Changing lane to the right;Slight Injury
11:50:00;Sunday;31-50;Male;Junior high school;;5-10yr;Motorcycle;Governmental;;;Office areas;Two-way (divided with broken lines road marking);Tangent road with flat terrain;No junction;Asphalt roads;Dry;Daylight;Normal;;2;1;Going straight;na;na;na;na;Self-employed;Normal;Not a Pedestrian;Changing lane to the left;Slight Injury
14:31:00;Saturday;31-50;Male;Junior high school;Employee;5-10yr;Lorry (41?100Q);Owner;5-10yrs;;Office areas;Undivided Two way;Tangent road with flat terrain;No junction;Asphalt roads;Wet or damp;Daylight;Raining;;2;1;Other;Driver or rider;Male;18-30;3;Driver;Normal;Not a Pedestrian;No priority to vehicle;Slight Injury
01:00:00;Saturday;Under 18;Male;Elementary school;Employee;Above 10yr;Stationwagen;Owner;Above 10yr;;Other;Undivided Two way;Tangent road with flat terrain;No junction;Asphalt roads;Wet or damp;Darkness - lights lit;Other;Vehicle with vehicle collision;2;1;Moving Backward;na;na;na;na;Employee;Normal;Not a Pedestrian;Driving carelessly;Slight Injury
01:00:00;Saturday;31-50;Male;Junior high school;;Below 1yr;Automobile;Owner;1-2yr;No defect;Other;other;Steep grade downward with mountainous terrain;No junction;Asphalt roads;Wet or damp;Darkness - lights lit;Other;Vehicle with vehicle collision;2;1;Going straight;na;na;na;na;Driver;Normal;Not a Pedestrian;Moving Backward;Slight Injury
05:55:00;Friday;18-30;Male;Junior high school;Employee;5-10yr;Other;Owner;2-5yrs;;Office areas;One way;Steep grade downward with mountainous terrain;Y Shape;Asphalt roads;Dry;Daylight;Normal;Collision with roadside objects;2;1;Going straight;na;na;na;na;Driver;Normal;Not a Pedestrian;No distancing;Slight Injury
05:55:00;Friday;31-50;Male;Elementary school;Employee;1-2yr;Other;Owner;;No defect;Residential areas;Two-way (divided with broken lines road marking);Tangent road with flat terrain;Y Shape;Asphalt roads;Dry;Daylight;Normal;Collision with roadside objects;2;1;Moving Backward;Driver or rider;Male;18-30;3;Driver;Normal;Not a Pedestrian;Changing lane to the left;Slight Injury
17:40:00;Friday;31-50;Male;;;;Taxi;Owner;;No defect;Other;Two-way (divided with broken lines road marking);Tangent road with flat terrain;Y Shape;Asphalt roads;Wet or damp;Daylight;Raining;Vehicle with vehicle collision;2;2;Going straight;Driver or rider;Male;31-50;3;Driver;Normal;Not a Pedestrian;Changing lane to the left;Slight Injury
17:40:00;Friday;18-30;Male;Junior high school;Employee;Above 10yr;Automobile;Organization;2-5yrs;;Residential areas;Undivided Two way;Tangent road with flat terrain;Y Shape;Asphalt roads;Wet or damp;Daylight;Raining;Vehicle with vehicle collision;2;2;Getting off;na;na;na;na;Driver;Normal;Not a Pedestrian;No distancing;Slight Injury
15:10:00;Tuesday;Over 51;Male;High school;Owner;2-5yr;Long lorry;Owner;;No defect; Church areas;Two-way (divided with broken lines road marking);Tangent road with flat terrain;Y Shape;Asphalt roads;Dry;Daylight;Normal;Vehicle with vehicle collision;3;1;Going straight;Driver or rider;Male;18-30;3;Driver;Normal;Not a Pedestrian;Changing lane to the left;Slight Injury
15:10:00;Tuesday;Over 51;Male;Junior high school;Employee;1-2yr;Long lorry;Governmental;;No defect;Residential areas;Two-way (divided with broken lines road marking);Tangent road with flat terrain;Y Shape;Asphalt roads;Dry;Daylight;Normal;Vehicle with vehicle collision;3;1;Going straight;na;na;na;na;Employee;Normal;Not a Pedestrian;Driving carelessly;Slight Injury
15:10:00;Tuesday;31-50;Male;Junior high school;Employee;1-2yr;Lorry (41?100Q);Owner;;No defect;Office areas;One way;Tangent road with flat terrain;Y Shape;Asphalt roads;Dry;Daylight;Normal;Vehicle with vehicle collision;3;1;Moving Backward;Driver or rider;Male;18-30;3;Driver;Normal;Not a Pedestrian;Changing lane to the left;Slight Injury
18:05:00;Wednesday;18-30;Male;Above high school;Owner;2-5yr;Lorry (41?100Q);Governmental;Below 1yr;No defect;Residential areas;Two-way (divided with broken lines road marking);Tangent road with flat terrain;Other;Asphalt roads;Dry;Daylight;Normal;Rollover;2;1;Going straight;na;na;na;na;Employee;Normal;Not a Pedestrian;No distancing;Slight Injury
18:05:00;Wednesday;31-50;Male;Junior high school;Employee;Above 10yr;Lorry (11?40Q);Owner;Unknown;No defect;Other;One way;Tangent road with flat terrain;Other;Asphalt roads;Dry;Daylight;Normal;Vehicle with vehicle collision;2;1;Going straight;Driver or rider;Male;5;3;Self-employed;Normal;Not a Pedestrian;Changing lane to the right;Slight Injury
11:00:00;Wednesday;Under 18;Male;Elementary school;Owner;2-5yr;Automobile;Owner;Unknown;; Industrial areas;Two-way (divided with broken lines road marking);Tangent road with flat terrain;No junction;Asphalt roads;Dry;Daylight;Normal;Collision with roadside objects;1;1;Going straight;na;na;na;na;Driver;Normal;Not a Pedestrian;No distancing;Slight Injury
18:30:00;Sunday;31-50;Male;Junior high school;Employee;5-10yr;Taxi;Owner;Unknown;; Church areas;Two-way (divided with broken lines road marking);Tangent road with flat terrain;Y Shape;Asphalt roads;Dry;Daylight;Normal;Collision with pedestrians;1;1;Going straight;na;na;na;na;Driver;Normal;Not a Pedestrian;Driving to the left;Serious Injury
13:50:00;Thursday;31-50;Male;Junior high school;Employee;Below 1yr;Other;Owner;2-5yrs;No defect;Residential areas;Undivided Two way;Steep grade downward with mountainous terrain;Y Shape;Asphalt roads;Dry;Daylight;Normal;Vehicle with vehicle collision;1;1;Going straight;Driver or rider;Male;18-30;3;Self-employed;Normal;Not a Pedestrian;No distancing;Slight Injury
09:30:00;Tuesday;Over 51;Male;Junior high school;Employee;5-10yr;Automobile;;;;;Two-way (divided with broken lines road marking);Tangent road with flat terrain;Crossing;Asphalt roads;Dry;Daylight;Normal;Vehicle with vehicle collision;2;1;Moving Backward;na;na;na;na;Self-employed;Normal;Not a Pedestrian;Overtaking;Slight Injury
09:30:00;Tuesday;18-30;Male;High school;Employee;Above 10yr;Automobile;;;;;Two-way (divided with broken lines road marking);Tangent road with flat terrain;Crossing;Asphalt roads;Dry;Daylight;Normal;Vehicle with vehicle collision;2;1;Going straight;Driver or rider;Male;31-50;3;Driver;Normal;Not a Pedestrian;Driving under the influence of drugs;Slight Injury
18:15:00;Wednesday;Unknown;Female;Junior high school;Employee;5-10yr;Automobile;Owner;1-2yr;No defect;Office areas;Undivided Two way;Tangent road with flat terrain;No junction;Asphalt roads;Dry;Daylight;Normal;Vehicle with vehicle collision;1;1;Going straight;na;na;na;na;Driver;Normal;Not a Pedestrian;No priority to pedestrian;Slight Injury
16:20:00;Saturday;Under 18;Male;Elementary school;Employee;1-2yr;Automobile;Owner;Above 10yr;No defect; Outside rural areas;Two-way (divided with broken lines road marking);Tangent road with mountainous terrain and;Y Shape;Asphalt roads;Dry;Daylight;Normal;Vehicle with vehicle collision;2;1;Moving Backward;Driver or rider;Male;5;3;Self-employed;Normal;Not a Pedestrian;Moving Backward;Slight Injury
16:20:00;Saturday;18-30;Male;Junior high school;Employee;;Public (> 45 seats);Owner;Above 10yr;No defect; Church areas;Two-way (divided with broken lines road marking);Steep grade downward with mountainous terrain;Y Shape;Asphalt roads;Dry;Daylight;Normal;Vehicle with vehicle collision;2;1;Moving Backward;na;na;na;na;Self-employed;Normal;Not a Pedestrian;Changing lane to the right;Slight Injury
10:30:00;Tuesday;Unknown;Female;Above high school;Employee;1-2yr;Lorry (11?40Q);Owner;;No defect;Office areas;other;Tangent road with mountainous terrain and;No junction;Asphalt roads;Dry;Daylight;Normal;Vehicle with vehicle collision;1;1;Going straight;Driver or rider;Male;18-30;2;Driver;Normal;Not a Pedestrian;Changing lane to the left;Slight Injury
15:30:00;Tuesday;Over 51;Male;Junior high school;Employee;Above 10yr;Lorry (41?100Q);Owner;Above 10yr;; Church areas;Two-way (divided with broken lines road marking);Steep grade downward with mountainous terrain;No junction;Asphalt roads;Wet or damp;Daylight;Raining;Collision with roadside objects;2;4;Going straight;Passenger;Male;5;2;Driver;Normal;Not a Pedestrian;Changing lane to the right;Slight Injury
15:30:00;Tuesday;18-30;Male;Junior high school;Employee;1-2yr;Lorry (41?100Q);;;;Office areas;other;Tangent road with mountainous terrain and;No junction;Asphalt roads;Wet or damp;Daylight;Raining;Rollover;2;4;Going straight;na;na;na;na;Driver;Normal;Not a Pedestrian;Driving under the influence of drugs;Slight Injury
15:30:00;Tuesday;18-30;Male;Junior high school;Employee;5-10yr;Stationwagen;Governmental;;No defect;Office areas;Undivided Two way;Tangent road with flat terrain;No junction;Asphalt roads;Wet or damp;Daylight;Raining;Vehicle with vehicle collision;2;4;Going straight;Driver or rider;Male;18-30;3;Driver;Normal;Not a Pedestrian;No priority to vehicle;Slight Injury
15:30:00;Tuesday;18-30;Male;Junior high school;Employee;2-5yr;Other;Owner;1-2yr;No defect;School areas;Two-way (divided with broken lines road marking);Tangent road with flat terrain;No junction;Asphalt roads;Wet or damp;Daylight;Raining;Collision with pedestrians;2;4;Going straight;na;na;na;na;;;Not a Pedestrian;No priority to vehicle;Slight Injury
16:05:00;Sunday;31-50;Male;;;;Automobile;Owner;Below 1yr;No defect;Residential areas;Two-way (divided with broken lines road marking);Tangent road with flat terrain;Y Shape;Asphalt roads;Dry;Daylight;Normal;Vehicle with vehicle collision;1;1;Going straight;Driver or rider;Female;31-50;3;;Normal;Not a Pedestrian;Changing lane to the left;Serious Injury
19:38:00;Thursday;Unknown;Female;Junior high school;Employee;2-5yr;Pick up upto 10Q;Owner;;No defect;Office areas;other;Tangent road with mountainous terrain and;Y Shape;Asphalt roads;Dry;Daylight;Unknown;Vehicle with vehicle collision;1;1;Going straight;na;na;na;na;Driver;Normal;Not a Pedestrian;Changing lane to the right;Serious Injury
21:45:00;Friday;18-30;Male;Junior high school;Employee;2-5yr;Motorcycle;Owner;Unknown;No defect;Rural village areasOffice areas;other;Tangent road with flat terrain;Other;Asphalt roads;Wet or damp;Darkness - no lighting;Raining;Collision with pedestrians;1;1;Going straight;na;na;na;na;;;Not a Pedestrian;Changing lane to the right;Serious Injury
18:50:00;Friday;18-30;Male;Junior high school;Employee;Above 10yr;Automobile;Owner;Unknown;No defect;Other;Two-way (divided with broken lines road marking);Tangent road with flat terrain;Crossing;Asphalt roads;Dry;Daylight;Normal;Collision with pedestrians;2;1;Going straight;Driver or rider;Female;Over 51;3;;;Not a Pedestrian;Changing lane to the left;Slight Injury
18:50:00;Friday;Under 18;Male;Junior high school;Employee;1-2yr;Pick up upto 10Q;Owner;Unknown;No defect;Residential areas;Undivided Two way;Tangent road with flat terrain;Crossing;Asphalt roads;Dry;Daylight;Normal;Vehicle with vehicle collision;2;1;Going straight;Driver or rider;Male;Over 51;3;;;Not a Pedestrian;Changing lane to the left;Slight Injury
18:15:00;Thursday;18-30;Male;Above high school;Owner;1-2yr;Motorcycle;Owner;Unknown;No defect;Office areas;Undivided Two way;Tangent road with flat terrain;Y Shape;Asphalt roads;Dry;Daylight;Normal;Vehicle with vehicle collision;2;1;Other;Passenger;Male;Over 51;3;Driver;Normal;Not a Pedestrian;Getting off the vehicle improperly;Slight Injury
18:15:00;Thursday;18-30;Male;Above high school;Employee;No Licence;Stationwagen;Owner;Unknown;No defect;Office areas;Undivided Two way;Tangent road with flat terrain;Y Shape;Asphalt roads;Dry;Daylight;Normal;Vehicle with vehicle collision;2;1;Going straight;na;na;na;na;;;Not a Pedestrian;Overtaking;Slight Injury
08:25:00;Thursday;Over 51;Male;Junior high school;Employee;1-2yr;Lorry (41?100Q);Owner;Unknown;No defect;Residential areas;Undivided Two way;Tangent road with flat terrain;Y Shape;Asphalt roads;Dry;Daylight;Normal;Vehicle with vehicle collision;1;1;Reversing;na;na;na;na;;;Not a Pedestrian;Changing lane to the left;Slight Injury
21:05:00;Tuesday;18-30;Male;Junior high school;Employee;5-10yr;Taxi;Owner;Unknown;No defect;Office areas;Undivided Two way;Tangent road with flat terrain;Crossing;Asphalt roads;Wet or damp;Darkness - lights lit;Normal;Vehicle with vehicle collision;2;2;Going straight;na;na;na;na;Driver;Normal;Not a Pedestrian;Driving under the influence of drugs;Slight Injury
21:05:00;Tuesday;18-30;Male;Junior high school;Employee;Above 10yr;Automobile;Owner;Unknown;No defect;Office areas;Undivided Two way;Tangent road with flat terrain;Crossing;Asphalt roads;Wet or damp;Darkness - lights lit;Normal;Collision with roadside objects;2;2;Reversing;Driver or rider;Male;18-30;3;Driver;Normal;Not a Pedestrian;Driving carelessly;Slight Injury
19:00:00;Thursday;31-50;Male;Junior high school;Employee;Above 10yr;Long lorry;Owner;Unknown;No defect;Office areas;;Tangent road with flat terrain;Y Shape;Asphalt roads;Dry;Daylight;Normal;Vehicle with vehicle collision;1;1;Going straight;Passenger;Male;Over 51;3;Driver;Normal;Not a Pedestrian;Moving Backward;Serious Injury
07:10:00;Friday;18-30;Male;Junior high school;Owner;5-10yr;Automobile;Owner;Unknown;No defect;Office areas;Two-way (divided with broken lines road marking);Tangent road with flat terrain;Crossing;Asphalt roads;Dry;Daylight;Normal;Vehicle with vehicle collision;2;1;Reversing;na;na;na;na;Driver;Normal;Not a Pedestrian;No distancing;Slight Injury
07:10:00;Friday;Over 51;Male;Elementary school;Employee;2-5yr;Public (12 seats);Owner;Unknown;No defect;Other;Undivided Two way;Tangent road with flat terrain;Crossing;Asphalt roads;Dry;Daylight;Normal;Vehicle with vehicle collision;2;1;;na;na;na;na;;;Not a Pedestrian;No priority to vehicle;Slight Injury
19:40:00;Monday;Under 18;Male;Junior high school;Employee;2-5yr;Lorry (11?40Q);Owner;Unknown;No defect;Other;Two-way (divided with broken lines road marking);Tangent road with flat terrain;No junction;Asphalt roads;Dry;Daylight;Normal;Vehicle with vehicle collision;1;1;Going straight;Driver or rider;Male;31-50;3;Driver;Normal;Not a Pedestrian;Overturning;Serious Injury
19:52:00;Sunday;Under 18;Male;Junior high school;Employee;Below 1yr;Pick up upto 10Q;Owner;2-5yrs;;Other;Two-way (divided with broken lines road marking);Tangent road with flat terrain;Y Shape;Asphalt roads;Dry;Darkness - lights lit;Normal;Vehicle with vehicle collision;2;1;Reversing;na;na;na;na;;;Not a Pedestrian;Changing lane to the left;Slight Injury
19:52:00;Sunday;18-30;Male;Junior high school;Employee;2-5yr;Lorry (41?100Q);Owner;2-5yrs;;Residential areas;One way;Tangent road with flat terrain;Y Shape;Asphalt roads;Dry;Darkness - lights lit;Normal;Vehicle with vehicle collision;2;1;Other;Pedestrian;Female;5;3;;;Crossing from nearside - masked by parked or statioNot a Pedestrianry vehicle;No distancing;Slight Injury
15:25:00;Tuesday;18-30;Male;Junior high school;Employee;2-5yr;Other;Owner;2-5yrs;;School areas;Undivided Two way;Tangent road with mild grade and flat terrain;Y Shape;Asphalt roads;Dry;Daylight;Normal;Vehicle with vehicle collision;1;1;Going straight;Driver or rider;Male;31-50;3;;;Not a Pedestrian;Moving Backward;Serious Injury
15:00:00;Thursday;31-50;Male;Elementary school;Employee;5-10yr;Automobile;Owner;2-5yrs;;Residential areas;Undivided Two way;Tangent road with mild grade and flat terrain;No junction;Asphalt roads;Dry;Daylight;Normal;Vehicle with vehicle collision;2;1;Going straight;Passenger;Female;5;3;;;Not a Pedestrian;No priority to vehicle;Slight Injury
15:00:00;Thursday;Over 51;Male;Junior high school;Employee;Above 10yr;Long lorry;Owner;2-5yrs;No defect;Office areas;Two-way (divided with broken lines road marking);Tangent road with flat terrain;No junction;Asphalt roads;Dry;Daylight;Normal;Vehicle with vehicle collision;2;1;Going straight;na;na;na;na;;;Not a Pedestrian;No priority to vehicle;Slight Injury
12:00:00;Saturday;Over 51;Male;;;;Lorry (11?40Q);Owner;;No defect; Church areas;One way;Tangent road with flat terrain;Crossing;Asphalt roads;Dry;Daylight;Normal;Vehicle with vehicle collision;1;1;Moving Backward;Pedestrian;Female;18-30;2;Driver;Normal;Not a Pedestrian;No distancing;Slight Injury
09:00:00;Monday;18-30;Male;Junior high school;Employee;2-5yr;Long lorry;Owner;;No defect;Other;Undivided Two way;Tangent road with flat terrain;Y Shape;Asphalt roads;Wet or damp;Daylight;Normal;Vehicle with vehicle collision;2;1;Going straight;na;na;na;na;Driver;Normal;Not a Pedestrian;No distancing;Slight Injury
09:00:00;Monday;31-50;Male;Junior high school;Employee;5-10yr;Automobile;Owner;2-5yrs;No defect;Other;One way;Tangent road with flat terrain;Y Shape;Asphalt roads;Wet or damp;Daylight;Normal;Vehicle with vehicle collision;2;1;Going straight;Driver or rider;Male;31-50;3;Driver;Normal;Not a Pedestrian;Overtaking;Slight Injury
17:22:00;Saturday;Over 51;Male;Above high school;Employee;2-5yr;Taxi;Owner;5-10yrs;No defect;Other;Two-way (divided with broken lines road marking);Tangent road with flat terrain;Y Shape;Asphalt roads;Dry;Daylight;Normal;Vehicle with vehicle collision;2;1;Going straight;Pedestrian;Female;31-50;2;Driver;Normal;Not a Pedestrian;Driving under the influence of drugs;Serious Injury
17:22:00;Saturday;31-50;Male;;;;Taxi;Owner;;No defect;Other;Two-way (divided with broken lines road marking);Tangent road with flat terrain;Y Shape;Asphalt roads;Dry;Daylight;Normal;Vehicle with vehicle collision;2;1;Going straight;Driver or rider;Female;18-30;3;Driver;Normal;Not a Pedestrian;Changing lane to the right;Serious Injury
14:20:00;Monday;18-30;Male;;Employee;1-2yr;Long lorry;Owner;;No defect;Office areas;Undivided Two way;Tangent road with flat terrain;Y Shape;Asphalt roads;Dry;Daylight;Normal;Vehicle with vehicle collision;2;1;Other;Passenger;Male;5;3;Driver;Normal;Not a Pedestrian;Changing lane to the left;Serious Injury
14:20:00;Monday;18-30;Male;Junior high school;Employee;2-5yr;Lorry (11?40Q);Owner;;No defect;Office areas;Two-way (divided with solid lines road marking);Tangent road with flat terrain;Y Shape;Asphalt roads;Dry;Daylight;Normal;Collision with roadside objects;2;1;;Driver or rider;Male;31-50;3;;;Not a Pedestrian;Driving carelessly;Serious Injury
13:40:00;Friday;31-50;Male;Junior high school;Employee;Above 10yr;Lorry (11?40Q);Owner;Unknown;No defect;Residential areas;Undivided Two way;Tangent road with flat terrain;No junction;Asphalt roads;Dry;Daylight;Normal;Vehicle with vehicle collision;2;1;Going straight;Pedestrian;Female;31-50;3;Driver;Normal;Not a Pedestrian;Moving Backward;Serious Injury
13:40:00;Friday;18-30;Male;Junior high school;Employee;Below 1yr;Long lorry;Owner;Unknown;No defect;Office areas;One way;Tangent road with flat terrain;No junction;Asphalt roads;Dry;Daylight;Normal;Vehicle with vehicle collision;2;1;Turnover;na;na;na;na;;;Not a Pedestrian;Moving Backward;Serious Injury
17:40:00;Thursday;18-30;Male;Junior high school;Employee;2-5yr;Turbo;Owner;Unknown;No defect;Residential areas;Two-way (divided with broken lines road marking);Tangent road with flat terrain;Y Shape;Asphalt roads;Dry;Daylight;Normal;Vehicle with vehicle collision;2;2;Going straight;Driver or rider;Male;18-30;3;Driver;Normal;Not a Pedestrian;Changing lane to the right;Slight Injury
17:40:00;Thursday;31-50;Male;Junior high school;Employee;Below 1yr;Long lorry;Owner;Unknown;No defect;Office areas;Undivided Two way;Tangent road with flat terrain;Y Shape;Asphalt roads;Dry;Daylight;Normal;Vehicle with vehicle collision;2;2;Moving Backward;Driver or rider;Male;18-30;3;Driver;Normal;Not a Pedestrian;No priority to vehicle;Slight Injury