Time;Day_of_week;Age_band_of_driver;Sex_of_driver;Educational_level;Vehicle_driver_relation;Driving_experience;Type_of_vehicle;Owner_of_vehicle;Service_year_of_vehicle;Defect_of_vehicle;Area_accident_occured;Lanes_or_Medians;Road_allignment;Types_of_Junction;Road_surface_type;Road_surface_conditions;Light_conditions;Weather_conditions;Type_of_collision;Number_of_vehicles_involved;Number_of_casualties;Vehicle_movement;Casualty_class;Sex_of_casualty;Age_band_of_casualty;Casualty_severity;Work_of_casuality;Fitness_of_casuality;Pedestrian_movement;Cause_of_accident;Accident_severity
17:40:00;Thursday;31-50;Male;High school;Employee;5-10yr;Long lorry;Owner;Unknown;No defect;Other;Two-way (divided with broken lines road marking);Tangent road with flat terrain;Y Shape;Asphalt roads;Dry;Daylight;Normal;Collision with pedestrians;2;2;Moving Backward;Passenger;Male;18-30;3;Driver;Normal;Not a Pedestrian;Driving at high speed;Slight Injury
11:40:00;Tuesday;18-30;Male;Above high school;Employee;1-2yr;Public (13?45 seats);Owner;Unknown;No defect;Office areas;One way;Tangent road with flat terrain;Y Shape;Asphalt roads;Wet or damp;Daylight;Normal;Vehicle with vehicle collision;2;2;Going straight;Passenger;Male;18-30;3;;;Not a Pedestrian;Driving under the influence of drugs;Slight Injury
11:40:00;Tuesday;18-30;Male;Junior high school;Employee;Below 1yr;Automobile;Owner;Unknown;No defect;School areas;Undivided Two way;Tangent road with flat terrain;Y Shape;Asphalt roads;Wet or damp;Daylight;Normal;Vehicle with vehicle collision;2;2;Other;Passenger;Male;Under 18;3;;;Not a Pedestrian;Changing lane to the right;Slight Injury
11:40:00;Tuesday;18-30;Male;;;;Automobile;Owner;;;Residential areas;One way;Tangent road with flat terrain;Y Shape;;Wet or damp;Daylight;Normal;Vehicle with vehicle collision;2;2;Going straight;Passenger;Male;Under 18;3;Driver;Normal;Not a Pedestrian;Driving carelessly;Slight Injury
08:20:00;Tuesday;Under 18;Male;High school;Employee;Below 1yr;Pick up upto 10Q;Owner;;;Office areas;Undivided Two way;Tangent road with flat terrain;Y Shape;Asphalt roads;Dry;Daylight;Normal;Vehicle with vehicle collision;2;1;Going straight;na;na;na;na;Driver;Normal;Not a Pedestrian;No distancing;Slight Injury
08:20:00;Tuesday;31-50;Male;High school;Employee;Below 1yr;;Owner;Unknown;No defect;Residential areas;Undivided Two way;Tangent road with flat terrain;Y Shape;Asphalt roads;Dry;Daylight;Normal;Vehicle with vehicle collision;2;1;Going straight;na;na;na;na;Driver;Normal;Not a Pedestrian;Changing lane to the left;Slight Injury
09:30:00;Tuesday;Over 51;Male;;;;Stationwagen;Owner;Unknown;No defect;Office areas;Undivided Two way;Tangent road with flat terrain;No junction;Asphalt roads;Dry;Daylight;Normal;Vehicle with vehicle collision;2;1;Going straight;Pedestrian;Male;18-30;3;Driver;Normal;In carriageway, statioNot a Pedestrianry - not crossing  (standing or playing);No distancing;Slight Injury
09:30:00;Tuesday;18-30;Female;High school;Employee;2-5yr;;Owner;2-5yrs;No defect;Office areas;Two-way (divided with broken lines road marking);Tangent road with flat terrain;No junction;Asphalt roads;Dry;Daylight;Normal;Vehicle with vehicle collision;2;1;Going straight;Driver or rider;Male;18-30;3;Self-employed;Normal;Not a Pedestrian;No distancing;Slight Injury
14:45:00;Wednesday;Under 18;Male;Junior high school;Employee;Above 10yr;Automobile;Owner;;;Residential areas;Undivided Two way;Tangent road with flat terrain;Y Shape;Asphalt roads;Dry;Daylight;Normal;Vehicle with vehicle collision;2;1;Going straight;na;na;na;na;Self-employed;Normal;Not a Pedestrian;Getting off the vehicle improperly;Serious Injury
14:45:00;Wednesday;Under 18;Male;Junior high school;Employee;Above 10yr;Automobile;Owner;Unknown;;Other;Two-way (divided with broken lines road marking);Tangent road with flat terrain;Y Shape;Asphalt roads;Dry;Daylight;Normal;Collision with pedestrians;2;1;Going straight;Pedestrian;Male;Over 51;3;Driver;Normal;Not a Pedestrian;Overtaking;Serious Injury
18:45:00;Thursday;31-50;Male;Junior high school;Employee;5-10yr;Long lorry;Owner;Above 10yr;; Industrial areas;Undivided Two way;Tangent road with flat terrain;Y Shape;Asphalt roads;Dry;Daylight;Normal;Vehicle with vehicle collision;2;1;Going straight;Driver or rider;Male;18-30;3;;;Not a Pedestrian;Driving carelessly;Serious Injury
18:45:00;Thursday;31-50;Male;Junior high school;Employee;1-2yr;Public (13?45 seats);Owner;Unknown;;Office areas;Two-way (divided with broken lines road marking);Tangent road with flat terrain;Y Shape;Asphalt roads;Dry;Daylight;Normal;Vehicle with vehicle collision;2;1;Other;na;na;na;na;;;Not a Pedestrian;Driving under the influence of drugs;Serious Injury
07:35:00;Monday;Over 51;Male;Unknown;Employee;Below 1yr;Public (13?45 seats);Organization;Unknown;;  Recreational areas;Two-way (divided with broken lines road marking);Tangent road with flat terrain;No junction;Asphalt roads;Wet or damp;Daylight;Raining;Vehicle with vehicle collision;3;2;Going straight;Driver or rider;Female;Over 51;3;;;Not a Pedestrian;Moving Backward;Serious Injury
07:35:00;Monday;18-30;Male;Junior high school;Employee;Below 1yr;Lorry (11?40Q);Owner;1-2yr;No defect;Residential areas;Two-way (divided with broken lines road marking);Tangent road with flat terrain;No junction;Asphalt roads;Wet or damp;Daylight;Raining;Vehicle with vehicle collision;3;2;Overtaking;na;na;na;na;Driver;Normal;Not a Pedestrian;Overturning;Serious Injury
07:35:00;Monday;31-50;Male;High school;Employee;2-5yr;Lorry (11?40Q);Owner;Above 10yr;;Residential areas;Undivided Two way;Tangent road with flat terrain;No junction;Asphalt roads;Wet or damp;Daylight;Raining;Collision with roadside objects;3;2;Going straight;Passenger;Female;18-30;3;;Normal;Not a Pedestrian;Driving under the influence of drugs;Serious Injury
15:10:00;Wednesday;18-30;Male;Junior high school;Owner;1-2yr;Pick up upto 10Q;Owner;5-10yrs;; Church areas;Undivided Two way;Steep grade downward with mountainous terrain;Crossing;Asphalt roads;Dry;Daylight;Normal;Vehicle with vehicle collision;1;1;Going straight;Driver or rider;Female;18-30;3;Driver;Normal;Not a Pedestrian;Changing lane to the right;Serious Injury
10:40:00;Friday;31-50;Male;Junior high school;Employee;5-10yr;Automobile;Owner;5-10yrs;;Residential areas;Undivided Two way;Tangent road with flat terrain;Crossing;Asphalt roads;Dry;Daylight;Normal;Vehicle with vehicle collision;2;1;Going straight;na;na;na;na;Driver;Normal;Not a Pedestrian;Changing lane to the left;Slight Injury
10:40:00;Friday;31-50;Male;Elementary school;Employee;2-5yr;Automobile;Owner;Unknown;No defect;;other;Tangent road with flat terrain;Crossing;Asphalt roads;Dry;Daylight;Normal;Vehicle with vehicle collision;2;1;U-Turn;Pedestrian;Female;Over 51;3;;;Unknown or other;No distancing;Slight Injury
17:20:00;Tuesday;31-50;Male;Elementary school;Owner;5-10yr;Automobile;Owner;5-10yrs;No defect;Other;Undivided Two way;Tangent road with flat terrain;Y Shape;Asphalt roads;Wet or damp;Daylight;Normal;Vehicle with vehicle collision;2;1;Going straight;na;na;na;na;Self-employed;Normal;Not a Pedestrian;No distancing;Slight Injury
17:20:00;Tuesday;18-30;Male;Junior high school;Employee;Above 10yr;Long lorry;Owner;Unknown;;Other;Two-way (divided with solid lines road marking);Tangent road with flat terrain;Y Shape;Asphalt roads;Wet or damp;Daylight;Normal;Vehicle with vehicle collision;2;1;Going straight;Driver or rider;Female;31-50;3;Driver;Normal;Not a Pedestrian;No priority to vehicle;Slight Injury
19:00:00;Thursday;18-30;Male;Junior high school;Employee;5-10yr;Long lorry;Owner;Unknown;No defect; Church areas;Two-way (divided with solid lines road marking);Tangent road with flat terrain;No junction;Asphalt roads;Dry;Darkness - lights unlit;Normal;Vehicle with vehicle collision;2;1;Going straight;na;na;na;na;Driver;Normal;Not a Pedestrian;Moving Backward;Slight Injury
19:00:00;Thursday;31-50;Male;High school;Employee;5-10yr;Automobile;Governmental;;No defect;Other;Two-way (divided with solid lines road marking);Tangent road with flat terrain;No junction;Asphalt roads;Dry;Darkness - lights unlit;Normal;Vehicle with vehicle collision;2;1;Going straight;Driver or rider;Male;18-30;3;Driver;Normal;Not a Pedestrian;Moving Backward;Slight Injury
06:20:00;Friday;Over 51;Male;Junior high school;Employee;5-10yr;Stationwagen;Owner;Unknown;No defect; Church areas;Two-way (divided with solid lines road marking);Tangent road with flat terrain;No junction;Asphalt roads;Wet or damp;Darkness - lights lit;Normal;Collision with roadside objects;2;1;Turnover;Pedestrian;Female;Under 18;3;Driver;Normal;Crossing from nearside - masked by parked or statioNot a Pedestrianry vehicle;Getting off the vehicle improperly;Slight Injury
06:20:00;Friday;31-50;Male;Junior high school;Employee;Above 10yr;;Owner;Unknown;No defect; Church areas;Two-way (divided with broken lines road marking);Tangent road with flat terrain;No junction;Asphalt roads;Wet or damp;Darkness - lights lit;Normal;Vehicle with vehicle collision;2;1;Going straight;Pedestrian;Female;31-50;3;Driver;Normal;Crossing from nearside - masked by parked or statioNot a Pedestrianry vehicle;Changing lane to the left;Slight Injury
02:30:00;Sunday;18-30;Male;Junior high school;;1-2yr;Other;Owner;Above 10yr;No defect;Other;Undivided Two way;Tangent road with flat terrain;Y Shape;Asphalt roads;Dry;Darkness - lights lit;Normal;Vehicle with vehicle collision;1;2;Going straight;Driver or rider;Female;18-30;3;Driver;Normal;Not a Pedestrian;Changing lane to the left;Slight Injury
02:30:00;Sunday;18-30;Male;Junior high school;Employee;2-5yr;Special vehicle;Governmental;5-10yrs;No defect;Other;Undivided Two way;Tangent road with flat terrain;Y Shape;Asphalt roads;Dry;Darkness - lights lit;Normal;Vehicle with vehicle collision;1;2;Moving Backward;na;na;na;na;Driver;Normal;Not a Pedestrian;No priority to vehicle;Slight Injury
08:35:00;Saturday;Under 18;Male;Junior high school;Employee;1-2yr;Lorry (41?100Q);Owner;5-10yrs;No defect;School areas;other;Tangent road with flat terrain;No junction;Asphalt roads;Dry;Daylight;Normal;Vehicle with vehicle collision;2;1;Going straight;Pedestrian;Female;18-30;3;Driver;Normal;Crossing from nearside - masked by parked or statioNot a Pedestrianry vehicle;Changing lane to the right;Serious Injury
08:35:00;Saturday;18-30;Male;;;;Pick up upto 10Q;Owner;Above 10yr;No defect;Residential areas;Undivided Two way;Tangent road with flat terrain;No junction;Asphalt roads;Dry;Daylight;Normal;Rollover;2;1;Moving Backward;Driver or rider;Female;18-30;3;Driver;Normal;Not a Pedestrian;Changing lane to the right;Serious Injury
07:00:00;Thursday;18-30;Male;Elementary school;Employee;5-10yr;Lorry (11?40Q);;1-2yr;No defect;Other;Two-way (divided with broken lines road marking);Tangent road with flat terrain;No junction;Asphalt roads;Wet or damp;Darkness - lights lit;Normal;Vehicle with vehicle collision;1;1;Going straight;na;na;na;na;Driver;Normal;Not a Pedestrian;Driving carelessly;Serious Injury
10:20:00;Thursday;Over 51;Male;Junior high school;Employee;5-10yr;Lorry (41?100Q);Owner;Above 10yr;No defect;Office areas;Undivided Two way;Tangent road with flat terrain;Y Shape;Asphalt roads;Dry;Daylight;Normal;Vehicle with vehicle collision;2;2;Going straight;Driver or rider;Male;18-30;3;;;Not a Pedestrian;Changing lane to the left;Slight Injury
10:20:00;Thursday;Over 51;Male;Junior high school;Employee;Above 10yr;Motorcycle;Owner;Above 10yr;No defect;Residential areas;Undivided Two way;Tangent road with flat terrain;Y Shape;Asphalt roads;Dry;Daylight;Normal;Collision with roadside objects;2;2;Going straight;Pedestrian;Female;Under 18;3;Self-employed;Normal;Crossing from nearside - masked by parked or statioNot a Pedestrianry vehicle;Changing lane to the right;Slight Injury
10:20:00;Thursday;Over 51;Male;Junior high school;Employee;2-5yr;Automobile;Owner;Above 10yr;No defect;Other;One way;Steep grade downward with mountainous terrain;Y Shape;Asphalt roads;Dry;Daylight;Normal;Vehicle with vehicle collision;2;2;Going straight;Pedestrian;Male;Over 51;2;Self-employed;Normal;Not a Pedestrian;Driving under the influence of drugs;Slight Injury
18:18:00;Saturday;18-30;Male;Junior high school;Owner;Above 10yr;Automobile;Owner;Above 10yr;No defect;Residential areas;Two-way (divided with broken lines road marking);Tangent road with flat terrain;Crossing;Gravel roads;Dry;Darkness - lights lit;Normal;Vehicle with vehicle collision;2;3;U-Turn;Pedestrian;Male;Under 18;3;Driver;Normal;Not a Pedestrian;Driving carelessly;Serious Injury
18:18:00;Saturday;31-50;Male;Junior high school;Employee;2-5yr;Automobile;Owner;5-10yrs;No defect;Residential areas;Undivided Two way;Tangent road with flat terrain;Crossing;Asphalt roads;Dry;Darkness - lights lit;Normal;Vehicle with vehicle collision;2;3;Going straight;na;na;na;na;Driver;Normal;Not a Pedestrian;No distancing;Serious Injury
18:18:00;Saturday;31-50;Male;Elementary school;Other;5-10yr;Stationwagen;Owner;;No defect;Residential areas;Two-way (divided with broken lines road marking);Tangent road with flat terrain;Crossing;Asphalt roads;Dry;Darkness - lights lit;Normal;Collision with roadside objects;2;3;Going straight;Driver or rider;Male;18-30;3;Self-employed;Normal;Not a Pedestrian;No priority to vehicle;Serious Injury
18:18:00;Saturday;31-50;Male;Elementary school;Employee;5-10yr;;Owner;1-2yr;No defect;Other;other;Tangent road with flat terrain;Crossing;Asphalt roads;Dry;Darkness - lights lit;Normal;Collision with roadside objects;2;3;Going straight;na;na;na;na;Self-employed;Normal;Not a Pedestrian;No priority to vehicle;Serious Injury
08:40:00;Wednesday;31-50;Male;Junior high school;;5-10yr;Public (> 45 seats);Owner;5-10yrs;No defect;Other;Undivided Two way;Tangent road with flat terrain;No junction;Asphalt roads;Dry;Daylight;Normal;Vehicle with vehicle collision;1;1;Going straight;Driver or rider;Male;31-50;3;;;Not a Pedestrian;No priority to vehicle;Slight Injury
02:40:00;Saturday;18-30;Male;Junior high school;Employee;5-10yr;Public (> 45 seats);Owner;5-10yrs;No defect;Other;One way;Tangent road with flat terrain;No junction;Asphalt roads;Dry;Darkness - lights lit;Normal;Vehicle with vehicle collision;1;1;Going straight;na;na;na;na;Employee;Normal;Not a Pedestrian;Changing lane to the left;Slight Injury
17:02:00;Monday;31-50;Male;Elementary school;Employee;Above 10yr;Stationwagen;Owner;1-2yr;No defect; Hospital areas;Undivided Two way;Tangent road with flat terrain;Y Shape;Asphalt roads;Dry;Daylight;Normal;Collision with roadside objects;2;1;Going straight;Driver or rider;Male;Under 18;3;;;Not a Pedestrian;Moving Backward;Slight Injury
17:02:00;Monday;18-30;Male;Junior high school;;Below 1yr;Automobile;Owner;2-5yrs;No defect;Residential areas;Undivided Two way;Tangent road with flat terrain;Y Shape;Asphalt roads;Dry;Daylight;Normal;Collision with roadside objects;2;1;Stopping;Driver or rider;Male;18-30;3;;;Not a Pedestrian;Driving carelessly;Slight Injury
18:00:00;Wednesday;31-50;Male;Junior high school;Employee;5-10yr;Bicycle;Owner;5-10yrs;No defect;Residential areas;One way;Tangent road with flat terrain;No junction;Asphalt roads;Dry;Darkness - lights lit;Normal;Vehicle with vehicle collision;2;1;Turnover;na;na;na;na;;;Not a Pedestrian;Driving under the influence of drugs;Slight Injury
18:00:00;Wednesday;31-50;Male;Elementary school;Employee;1-2yr;Automobile;Owner;5-10yrs;No defect;Residential areas;Undivided Two way;Tangent road with flat terrain;No junction;Asphalt roads;Dry;Darkness - lights lit;Normal;Collision with pedestrians;2;1;Getting off;na;na;na;na;Driver;Normal;Not a Pedestrian;Changing lane to the right;Slight Injury
19:15:00;Friday;31-50;Male;;;;Lorry (41?100Q);Owner;1-2yr;No defect;Other;Two-way (divided with broken lines road marking);Tangent road with flat terrain;Y Shape;Asphalt roads with some distress;Dry;Darkness - lights lit;Normal;Vehicle with vehicle collision;2;1;Moving Backward;Driver or rider;Male;18-30;3;Driver;Normal;Not a Pedestrian;No priority to vehicle;Slight Injury
19:15:00;Friday;Over 51;Male;Junior high school;Employee;Above 10yr;Automobile;Owner;1-2yr;No defect;Office areas;Two-way (divided with broken lines road marking);Tangent road with flat terrain;Y Shape;Asphalt roads;Dry;Darkness - lights lit;Normal;Vehicle with vehicle collision;2;1;Moving Backward;Pedestrian;Male;31-50;3;Driver;Normal;Not a Pedestrian;Changing lane to the right;Slight Injury
20:40:00;Tuesday;31-50;Male;High school;Owner;2-5yr;Public (13?45 seats);Owner;2-5yrs;No defect;Other;other;Tangent road with flat terrain;Y Shape;Asphalt roads;Dry;Darkness - lights lit;Normal;Vehicle with vehicle collision;1;1;Going straight;Driver or rider;Male;Under 18;3;Driver;Normal;Not a Pedestrian;Driving to the left;Slight Injury
17:35:00;Wednesday;31-50;Male;Junior high school;Employee;1-2yr;Special vehicle;Owner;Unknown;No defect;Office areas;Double carriageway (median);Tangent road with flat terrain;Other;Asphalt roads;Wet or damp;Darkness - lights lit;Raining;Vehicle with vehicle collision;2;1;Turnover;na;na;na;na;Driver;Normal;Not a Pedestrian;Moving Backward;Slight Injury
17:35:00;Wednesday;18-30;Male;Junior high school;Employee;1-2yr;Automobile;Owner;Unknown;No defect;Residential areas;Two-way (divided with broken lines road marking);Tangent road with flat terrain;Other;Asphalt roads;Wet or damp;Darkness - lights lit;Raining;Vehicle with vehicle collision;2;1;Going straight;na;na;na;na;Self-employed;Normal;Not a Pedestrian;No priority to vehicle;Slight Injury
08:01:00;Thursday;31-50;Male;Above high school;Owner;2-5yr;Public (13?45 seats);Owner;Unknown;No defect;Office areas;Double carriageway (median);Gentle horizontal curve;Y Shape;Asphalt roads;Dry;Daylight;Normal;Collision with roadside objects;2;1;Going straight;Driver or rider;Female;18-30;3;Self-employed;Normal;Not a Pedestrian;No distancing;Slight Injury
08:01:00;Thursday;31-50;Male;Junior high school;Employee;Above 10yr;;Owner;;No defect;Office areas;Double carriageway (median);Tangent road with flat terrain;Y Shape;Asphalt roads;Dry;Daylight;Normal;Collision with roadside objects;2;1;U-Turn;na;na;na;na;Self-employed;Normal;Not a Pedestrian;Driving carelessly;Slight Injury
10:25:00;Monday;Over 51;Male;Elementary school;Owner;2-5yr;Lorry (41?100Q);Organization;Unknown;No defect;Other;Double carriageway (median);Tangent road with flat terrain;Y Shape;Asphalt roads;Dry;Daylight;Normal;Vehicle with vehicle collision;2;1;Going straight;Driver or rider;Male;18-30;2;Self-employed;Normal;Not a Pedestrian;Changing lane to the left;Slight Injury
10:25:00;Monday;18-30;Male;Junior high school;Employee;5-10yr;Lorry (41?100Q);Owner;Unknown;No defect;Office areas;Two-way (divided with broken lines road marking);Tangent road with flat terrain;Y Shape;Asphalt roads;Dry;Daylight;Normal;Vehicle with vehicle collision;2;1;Going straight;Driver or rider;Male;31-50;3;;;Not a Pedestrian;No priority to vehicle;Slight Injury
11:30:00;Friday;Over 51;Male;Junior high school;Employee;Below 1yr;Public (12 seats);Owner;Unknown;No defect;Office areas;;Tangent road with flat terrain;No junction;Asphalt roads;Wet or damp;Daylight;Normal;Vehicle with vehicle collision;1;1;U-Turn;na;na;na;na;Self-employed;Normal;Not a Pedestrian;No priority to vehicle;Slight Injury
07:45:00;Thursday;Over 51;Male;Junior high school;Employee;5-10yr;Lorry (41?100Q);Governmental;Unknown;;Office areas;One way;Tangent road with flat terrain;Y Shape;Asphalt roads;Dry;Daylight;Normal;Vehicle with vehicle collision;2;1;Stopping;na;na;na;na;Self-employed;Normal;Not a Pedestrian;No distancing;Slight Injury
07:45:00;Thursday;Over 51;Male;High school;Employee;Above 10yr;Lorry (41?100Q);Owner;Unknown;;Other;Undivided Two way;Tangent road with flat terrain;Y Shape;Asphalt roads;Dry;Daylight;Normal;Vehicle with vehicle collision;2;1;Going straight;Driver or rider;Male;31-50;3;Self-employed;Normal;Not a Pedestrian;Driving to the left;Slight Injury
17:58:00;Monday;18-30;Male;Junior high school;Employee;5-10yr;Public (12 seats);Owner;Unknown;;Residential areas;;Tangent road with flat terrain;Y Shape;Asphalt roads;Wet or damp;Darkness - lights lit;Normal;Vehicle with vehicle collision;2;2;Moving Backward;na;na;na;na;Driver;Normal;Not a Pedestrian;Driving carelessly;Slight Injury
17:58:00;Monday;18-30;Male;Elementary school;Employee;1-2yr;Public (> 45 seats);Owner;2-5yrs;No defect;Residential areas;Two-way (divided with broken lines road marking);Gentle horizontal curve;Y Shape;Asphalt roads;Wet or damp;Darkness - lights lit;Normal;Vehicle with vehicle collision;2;2;Getting off;Driver or rider;Male;18-30;3;;;Not a Pedestrian;Driving carelessly;Slight Injury
17:32:00;Tuesday;18-30;Male;Junior high school;Employee;;Automobile;Owner;5-10yrs;; Church areas;Two-way (divided with broken lines road marking);Tangent road with flat terrain;Y Shape;Asphalt roads;Dry;Daylight;Normal;Vehicle with vehicle collision;3;1;Going straight;Pedestrian;Female;18-30;3;Driver;Normal;Crossing from nearside - masked by parked or statioNot a Pedestrianry vehicle;Changing lane to the right;Slight Injury
17:32:00;Tuesday;18-30;Male;Above high school;Employee;1-2yr;Pick up upto 10Q;Owner;5-10yrs;;Other;Two-way (divided with broken lines road marking);Tangent road with flat terrain;Y Shape;Asphalt roads;Dry;Daylight;Normal;Vehicle with vehicle collision;3;1;Going straight;Driver or rider;Male;31-50;3;Driver;Normal;Not a Pedestrian;Driving carelessly;Slight Injury
17:32:00;Tuesday;18-30;Male;Junior high school;Employee;Above 10yr;Stationwagen;Owner;Unknown;;Residential areas;Two-way (divided with broken lines road marking);Tangent road with flat terrain;Y Shape;Asphalt roads;Dry;Daylight;Normal;Vehicle with vehicle collision;3;1;Turnover;Passenger;Female;31-50;3;Self-employed;Normal;Not a Pedestrian;Changing lane to the left;Slight Injury
08:50:00;Wednesday;Over 51;Male;Junior high school;Employee;1-2yr;Other;Owner;2-5yrs;;Other;Undivided Two way;Tangent road with flat terrain;Y Shape;Asphalt roads;Dry;Daylight;Normal;Other;2;1;Moving Backward;Driver or rider;Female;18-30;3;Driver;Normal;Not a Pedestrian;Driving carelessly;Slight Injury
08:50:00;Wednesday;Over 51;Male;Junior high school;Employee;5-10yr;;Owner;2-5yrs;;Residential areas;Undivided Two way;Tangent road with flat terrain;Y Shape;Asphalt roads;Dry;Daylight;Normal;Vehicle with vehicle collision;2;1;Going straight;Passenger;Female;31-50;3;Driver;Normal;Not a Pedestrian;Driving carelessly;Slight Injury
12:20:00;Saturday;18-30;Male;Junior high school;Employee;2-5yr;Automobile;Owner;2-5yrs;;Residential areas;Two-way (divided with broken lines road marking);Tangent road with flat terrain;Crossing;Asphalt roads;Dry;Daylight;Normal;Collision with roadside objects;2;3;Moving Backward;Pedestrian;Male;Over 51;3;;;Crossing from nearside - masked by parked or statioNot a Pedestrianry vehicle;Driving under the influence of drugs;Slight Injury
12:20:00;Saturday;18-30;Male;;;;Stationwagen;Owner;5-10yrs;No defect;Other;Two-way (divided with broken lines road marking);Tangent road with flat terrain;Crossing;Asphalt roads;Dry;Daylight;Normal;Vehicle with vehicle collision;2;3;Going straight;Pedestrian;Male;5;3;Driver;Normal;Crossing from driver's nearside;Driving carelessly;Slight Injury
12:20:00;Saturday;18-30;Male;Junior high school;Employee;2-5yr;Pick up upto 10Q;;;;Other;Two-way (divided with broken lines road marking);Tangent road with flat terrain;Crossing;Asphalt roads;Dry;Daylight;Normal;Vehicle with vehicle collision;2;3;;Driver or rider;Male;Under 18;3;Driver;Normal;Not a Pedestrian;No distancing;Slight Injury
18:15:00;Saturday;31-50;Male;Junior high school;Employee;2-5yr;Lorry (41?100Q);Owner;Unknown;No defect;Other;Undivided Two way;Tangent road with flat terrain;No junction;Asphalt roads;Dry;Darkness - lights lit;Normal;Vehicle with vehicle collision;1;1;Going straight;Passenger;Male;Under 18;3;Driver;Normal;Not a Pedestrian;Driving carelessly;Slight Injury
11:48:00;Sunday;Over 51;Male;Junior high school;Employee;Above 10yr;Automobile;Owner;Unknown;No defect;Other;Double carriageway (median);Tangent road with flat terrain;Y Shape;Asphalt roads;Dry;Daylight;Normal;Vehicle with vehicle collision;2;1;;Passenger;Female;31-50;3;Driver;Normal;Not a Pedestrian;Driving to the left;Slight Injury
11:48:00;Sunday;18-30;Male;Junior high school;Employee;1-2yr;;Owner;Unknown;;Residential areas;Two-way (divided with broken lines road marking);Tangent road with flat terrain;Y Shape;Asphalt roads;Dry;Daylight;Normal;Vehicle with vehicle collision;2;1;Going straight;na;na;na;na;Driver;Normal;Not a Pedestrian;Overtaking;Slight Injury
11:45:00;Thursday;18-30;Male;Above high school;Owner;1-2yr;Lorry (41?100Q);Owner;2-5yrs;;  Recreational areas;Undivided Two way;Tangent road with flat terrain;No junction;Asphalt roads;Wet or damp;Daylight;Raining;Vehicle with vehicle collision;2;1;;na;na;na;na;Self-employed;Normal;Not a Pedestrian;No distancing;Slight Injury
11:45:00;Thursday;31-50;Male;Above high school;Employee;No Licence;Lorry (41?100Q);Owner;;;Other;other;Tangent road with flat terrain;No junction;Asphalt roads;Wet or damp;Daylight;Raining;Collision with roadside objects;2;1;Going straight;Driver or rider;Male;18-30;3;;;Not a Pedestrian;Driving carelessly;Slight Injury
07:55:00;Friday;31-50;Male;Junior high school;Employee;1-2yr;Lorry (41?100Q);Owner;;;Office areas;Undivided Two way;Tangent road with flat terrain;Y Shape;Asphalt roads;Wet or damp;Daylight;Raining;Collision with roadside objects;2;1;Going straight;na;na;na;na;Self-employed;Normal;Not a Pedestrian;No priority to vehicle;Slight Injury
07:55:00;Friday;31-50;Male;Junior high school;Employee;5-10yr;Pick up upto 10Q;;;;Other;Undivided Two way;Tangent road with flat terrain;Y Shape;Asphalt roads;Wet or damp;Daylight;Raining;Vehicle with vehicle collision;2;1;Going straight;Driver or rider;Male;Under 18;3;Driver;Normal;Not a Pedestrian;No priority to vehicle;Slight Injury
10:10:00;Tuesday;Over 51;Male;Junior high school;Employee;Above 10yr;Pick up upto 10Q;Owner;Unknown;;Office areas;Undivided Two way;Tangent road with flat terrain;Y Shape;Asphalt roads;Dry;Daylight;Normal;Collision with roadside objects;2;2;Going straight;Passenger;Female;Over 51;2;;;Not a Pedestrian;No priority to vehicle;Slight Injury
10:10:00;Tuesday;Over 51;Male;Junior high school;Employee;Above 10yr;Automobile;Owner;Unknown;;Office areas;One way;Tangent road with flat terrain;Y Shape;Asphalt roads;Dry;Daylight;Normal;Collision with roadside objects;2;2;Going straight;na;na;na;na;;;Not a Pedestrian;No priority to vehicle;Slight Injury
21:10:00;Tuesday;18-30;Male;Junior high school;Owner;5-10yr;Other;Owner;Unknown;;Office areas;Undivided Two way;Tangent road with flat terrain;Y Shape;Asphalt roads;Wet or damp;Darkness - lights lit;Normal;Vehicle with vehicle collision;2;1;Other;Pedestrian;Male;Over 51;3;Driver;Normal;Not a Pedestrian;No distancing;Slight Injury
21:10:00;Tuesday;31-50;Male;Elementary school;Employee;2-5yr;;Owner;Unknown;No defect;Other;Undivided Two way;Tangent road with flat terrain;Y Shape;Asphalt roads;Wet or damp;Darkness - lights lit;Normal;Vehicle with vehicle collision;2;1;Other;na;na;na;na;Driver;Normal;Not a Pedestrian;Moving Backward;Slight Injury
09:50:00;Friday;Over 51;Male;Junior high school;Employee;2-5yr;Automobile;Governmental;Unknown;;Other;Double carriageway (median);Tangent road with flat terrain;Y Shape;Asphalt roads;Wet or damp;Daylight;Raining;Collision with roadside objects;2;2;Going straight;Driver or rider;Male;18-30;3;Driver;Normal;Not a Pedestrian;No distancing;Slight Injury
09:50:00;Friday;Over 51;Male;Junior high school;Employee;Below 1yr;Motorcycle;Owner;Unknown;No defect;Office areas;Two-way (divided with solid lines road marking);Tangent road with flat terrain;Y Shape;Asphalt roads;Wet or damp;Daylight;Raining;Vehicle with vehicle collision;2;2;Going straight;Passenger;Female;5;3;Self-employed;Normal;Not a Pedestrian;Changing lane to the left;Slight Injury
09:50:00;Friday;31-50;Male;Junior high school;Employee;2-5yr;Automobile;Owner;Unknown;;Residential areas;other;Tangent road with flat terrain;Y Shape;Asphalt roads;Wet or damp;Daylight;Raining;Vehicle with vehicle collision;2;2;Getting off;na;na;na;na;Driver;Normal;Not a Pedestrian;Changing lane to the left;Slight Injury