Time;Day_of_week;Age_band_of_driver;Sex_of_driver;Educational_level;Vehicle_driver_relation;Driving_experience;Type_of_vehicle;Owner_of_vehicle;Service_year_of_vehicle;Defect_of_vehicle;Area_accident_occured;Lanes_or_Medians;Road_allignment;Types_of_Junction;Road_surface_type;Road_surface_conditions;Light_conditions;Weather_conditions;Type_of_collision;Number_of_vehicles_involved;Number_of_casualties;Vehicle_movement;Casualty_class;Sex_of_casualty;Age_band_of_casualty;Casualty_severity;Work_of_casuality;Fitness_of_casuality;Pedestrian_movement;Cause_of_accident;Accident_severity
20:10:00;Wednesday;18-30;Male;Junior high school;Employee;2-5yr;Automobile;Governmental;2-5yrs;;  Recreational areas;Undivided Two way;Tangent road with flat terrain;Y Shape;Asphalt roads;Wet or damp;Darkness - lights lit;Cloudy;Vehicle with vehicle collision;2;1;Going straight;Driver or rider;Male;18-30;3;Self-employed;Normal;Not a Pedestrian;No priority to pedestrian;Slight Injury
20:10:00;Wednesday;18-30;Male;Elementary school;Employee;5-10yr;Public (12 seats);Owner;1-2yr;No defect;Other;other;Tangent road with flat terrain;Y Shape;Asphalt roads;Wet or damp;Darkness - lights lit;Cloudy;Vehicle with vehicle collision;2;1;Going straight;Driver or rider;Male;Under 18;3;Driver;Normal;Not a Pedestrian;Moving Backward;Slight Injury
17:20:00;Tuesday;31-50;Male;Junior high school;Employee;Above 10yr;Long lorry;Owner;Above 10yr;No defect;Residential areas;other;Tangent road with flat terrain;Y Shape;Asphalt roads;Wet or damp;Darkness - lights lit;Raining;Vehicle with vehicle collision;2;1;Going straight;na;na;na;na;Driver;Normal;Not a Pedestrian;Changing lane to the left;Slight Injury
17:20:00;Tuesday;Under 18;Male;;;;;Owner;Unknown;No defect;Other;other;Tangent road with flat terrain;Y Shape;Asphalt roads;Wet or damp;Darkness - lights lit;Raining;Vehicle with vehicle collision;2;1;Going straight;Driver or rider;Male;31-50;3;;;Not a Pedestrian;No distancing;Slight Injury
15:25:00;Sunday;18-30;Male;Junior high school;Employee;2-5yr;Automobile;Owner;Unknown;;Other;other;Tangent road with flat terrain;No junction;Asphalt roads;Wet or damp;Daylight;Raining;Collision with pedestrians;2;2;Going straight;na;na;na;na;;;Not a Pedestrian;No priority to vehicle;Slight Injury
15:25:00;Sunday;31-50;Male;Junior high school;Employee;5-10yr;Public (> 45 seats);Owner;5-10yrs;;Other;One way;Tangent road with flat terrain;No junction;Asphalt roads;Wet or damp;Daylight;Raining;Vehicle with vehicle collision;2;2;Getting off;Driver or rider;Male;18-30;3;Self-employed;Normal;Not a Pedestrian;Changing lane to the right;Slight Injury
15:25:00;Sunday;31-50;Male;Above high school;Employee;2-5yr;Pick up upto 10Q;Owner;Unknown;No defect;Other;Two-way (divided with broken lines road marking);Tangent road with flat terrain;No junction;Asphalt roads;Wet or damp;Daylight;Raining;Collision with roadside objects;2;2;Going straight;na;na;na;na;Driver;Normal;Not a Pedestrian;No distancing;Slight Injury
15:35:00;Wednesday;Over 51;Male;;;;Lorry (41?100Q);Owner;2-5yrs;No defect;Other;other;Tangent road with flat terrain;Y Shape;Asphalt roads;Wet or damp;Daylight;Raining;Vehicle with vehicle collision;1;1;Going straight;Driver or rider;Female;31-50;3;Driver;Normal;Not a Pedestrian;No distancing;Serious Injury
15:30:00;Tuesday;18-30;Male;;Employee;1-2yr;Automobile;Owner;Unknown;No defect;School areas;Undivided Two way;Tangent road with flat terrain;Crossing;Asphalt roads;Dry;Daylight;Normal;Vehicle with vehicle collision;3;2;Other;na;na;na;na;Self-employed;Normal;Not a Pedestrian;Getting off the vehicle improperly;Slight Injury
15:30:00;Tuesday;Over 51;Male;Junior high school;Employee;2-5yr;Public (13?45 seats);Owner;;No defect;Office areas;Two-way (divided with broken lines road marking);Tangent road with flat terrain;Crossing;Asphalt roads;Dry;Daylight;Normal;Vehicle with vehicle collision;3;2;Going straight;Driver or rider;Male;18-30;3;Driver;Normal;Not a Pedestrian;No priority to pedestrian;Slight Injury
15:30:00;Tuesday;Over 51;Male;Junior high school;Employee;Above 10yr;Automobile;Owner;Unknown;No defect;Office areas;Two-way (divided with broken lines road marking);Tangent road with flat terrain;Crossing;Asphalt roads;Dry;Daylight;Normal;Vehicle with vehicle collision;3;2;Going straight;na;na;na;na;Driver;Normal;Not a Pedestrian;Changing lane to the left;Slight Injury
15:30:00;Tuesday;31-50;Male;Junior high school;Employee;Below 1yr;Public (> 45 seats);Owner;5-10yrs;No defect;Office areas;Two-way (divided with broken lines road marking);Tangent road with flat terrain;Crossing;Asphalt roads;Dry;Daylight;Normal;Vehicle with vehicle collision;3;2;Going straight;Driver or rider;Female;31-50;3;;Normal;Not a Pedestrian;No distancing;Slight Injury
11:10:00;Thursday;Over 51;Male;Junior high school;Employee;2-5yr;Public (12 seats);Owner;Unknown;No defect;School areas;;Tangent road with flat terrain;No junction;Asphalt roads;Dry;Daylight;Normal;Vehicle with vehicle collision;1;1;Going straight;na;na;na;na;Driver;Normal;Not a Pedestrian;Driving carelessly;Slight Injury
18:20:00;Tuesday;Unknown;Female;Junior high school;Employee;Below 1yr;Automobile;Governmental;;No defect;School areas;Undivided Two way;Tangent road with flat terrain;No junction;Asphalt roads;Wet or damp;Darkness - lights lit;Windy;Vehicle with vehicle collision;1;1;Going straight;Driver or rider;Female;31-50;3;Self-employed;Normal;Not a Pedestrian;No distancing;Slight Injury
23:03:00;Friday;18-30;Male;High school;Employee;5-10yr;Lorry (41?100Q);Owner;;No defect;Office areas;Two-way (divided with broken lines road marking);Tangent road with flat terrain;Crossing;Asphalt roads;Dry;Darkness - lights lit;Normal;Vehicle with vehicle collision;1;1;Reversing;na;na;na;na;Self-employed;Normal;Not a Pedestrian;Changing lane to the right;Serious Injury
22:43:00;Monday;18-30;Male;Above high school;Employee;1-2yr;Automobile;Owner;;No defect;Office areas;Two-way (divided with broken lines road marking);Tangent road with flat terrain;Y Shape;Asphalt roads;Wet or damp;Darkness - lights lit;Normal;Vehicle with vehicle collision;2;5;Other;Driver or rider;Male;18-30;3;;Normal;Not a Pedestrian;Overtaking;Slight Injury
22:43:00;Monday;Under 18;Male;Junior high school;Employee;Below 1yr;Pick up upto 10Q;Governmental;Above 10yr;No defect;School areas;Two-way (divided with broken lines road marking);Tangent road with flat terrain;Y Shape;Asphalt roads;Wet or damp;Darkness - lights lit;Normal;Collision with roadside objects;2;5;Going straight;na;na;na;na;Self-employed;Normal;Not a Pedestrian;Driving carelessly;Slight Injury
22:43:00;Monday;Under 18;Male;;;;Public (12 seats);Owner;1-2yr;No defect;;Two-way (divided with broken lines road marking);Tangent road with flat terrain;Y Shape;Asphalt roads;Wet or damp;Darkness - lights lit;Normal;Vehicle with vehicle collision;2;5;Going straight;Pedestrian;Female;Over 51;3;Driver;Normal;Not a Pedestrian;Moving Backward;Slight Injury
22:43:00;Monday;Under 18;Male;High school;Employee;Below 1yr;Automobile;Owner;Above 10yr;No defect;Other;Two-way (divided with broken lines road marking);Tangent road with flat terrain;Y Shape;Asphalt roads;Wet or damp;Darkness - lights lit;Normal;Collision with roadside objects;2;5;Going straight;Pedestrian;Male;31-50;3;Driver;Normal;Not a Pedestrian;No distancing;Slight Injury
22:43:00;Monday;Under 18;Male;High school;Employee;Below 1yr;Automobile;Owner;Below 1yr;No defect;Other;Undivided Two way;Tangent road with flat terrain;Y Shape;Asphalt roads;Wet or damp;Darkness - lights lit;Normal;Vehicle with vehicle collision;2;5;Going straight;Driver or rider;Male;31-50;3;;Normal;Not a Pedestrian;Overtaking;Slight Injury
18:20:00;Monday;18-30;Male;;;;Automobile;Owner;Above 10yr;No defect;Other;Two-way (divided with broken lines road marking);Tangent road with flat terrain;No junction;Asphalt roads;Wet or damp;Darkness - lights lit;Raining;Vehicle with vehicle collision;2;1;Going straight;na;na;na;na;Driver;Normal;Not a Pedestrian;Driving carelessly;Slight Injury
18:20:00;Monday;18-30;Male;High school;Employee;2-5yr;Stationwagen;Owner;Unknown;No defect;Residential areas;Undivided Two way;Tangent road with flat terrain;No junction;Asphalt roads;Wet or damp;Darkness - lights lit;Raining;;2;1;Going straight;Driver or rider;Male;18-30;3;Driver;Normal;Not a Pedestrian;Driving carelessly;Slight Injury
08:00:00;Thursday;31-50;Male;Junior high school;Employee;Above 10yr;Other;Governmental;1-2yr;No defect;Other;Undivided Two way;Tangent road with flat terrain;Y Shape;Asphalt roads;Wet or damp;Daylight;Raining;Collision with pedestrians;2;1;Going straight;Passenger;Male;18-30;3;Driver;Normal;Not a Pedestrian;Moving Backward;Slight Injury
08:00:00;Thursday;18-30;Male;Junior high school;Employee;Above 10yr;Other;Owner;1-2yr;No defect;Other;Undivided Two way;Tangent road with flat terrain;Y Shape;Asphalt roads;Wet or damp;Daylight;Raining;Vehicle with vehicle collision;2;1;Going straight;na;na;na;na;Self-employed;Normal;Not a Pedestrian;Driving carelessly;Slight Injury
04:10:00;Saturday;18-30;Male;Junior high school;Employee;5-10yr;Other;Owner;;No defect; Industrial areas;Undivided Two way;Tangent road with flat terrain;No junction;Asphalt roads;Wet or damp;Darkness - lights lit;Unknown;Vehicle with vehicle collision;2;1;Going straight;Driver or rider;Male;18-30;3;Driver;Normal;Not a Pedestrian;Driving to the left;Slight Injury
04:10:00;Saturday;Over 51;Male;Junior high school;Employee;1-2yr;Public (13?45 seats);Owner;;No defect;  Recreational areas;Undivided Two way;Tangent road with flat terrain;No junction;Asphalt roads;Wet or damp;Darkness - lights lit;Unknown;Vehicle with vehicle collision;2;1;Moving Backward;na;na;na;na;Driver;Normal;Not a Pedestrian;Changing lane to the left;Slight Injury
18:15:00;Monday;18-30;Male;Unknown;Employee;Below 1yr;Lorry (41?100Q);Owner;Above 10yr;No defect; Church areas;Two-way (divided with broken lines road marking);Tangent road with flat terrain;Y Shape;Asphalt roads;Wet or damp;Darkness - lights unlit;Raining;Collision with pedestrians;2;1;Moving Backward;Pedestrian;Female;Under 18;3;;Normal;Crossing from driver's nearside;No distancing;Slight Injury
18:15:00;Monday;18-30;Male;Junior high school;Employee;Below 1yr;Public (12 seats);Owner;;;Office areas;Two-way (divided with broken lines road marking);Tangent road with flat terrain;Y Shape;Asphalt roads;Wet or damp;Darkness - lights unlit;Raining;Collision with roadside objects;2;1;Turnover;na;na;na;na;Driver;Normal;Not a Pedestrian;No distancing;Slight Injury
10:40:00;Tuesday;Under 18;Male;High school;Employee;2-5yr;Automobile;Owner;;;Other;Two-way (divided with broken lines road marking);Tangent road with flat terrain;Y Shape;Asphalt roads;Dry;Daylight;Normal;;2;1;Other;Driver or rider;Female;18-30;3;;;Not a Pedestrian;Changing lane to the right;Slight Injury
10:40:00;Tuesday;Over 51;Male;Junior high school;Owner;1-2yr;Automobile;Owner;;;Office areas;Undivided Two way;Tangent road with flat terrain;Y Shape;Asphalt roads with some distress;Dry;Daylight;Normal;Vehicle with vehicle collision;2;1;Other;na;na;na;na;;;Not a Pedestrian;Driving under the influence of drugs;Slight Injury
12:00:00;Tuesday;Over 51;Male;Junior high school;Employee;5-10yr;Stationwagen;Owner;;;Office areas;Two-way (divided with broken lines road marking);Tangent road with flat terrain;Y Shape;Asphalt roads;Dry;Daylight;Normal;;2;1;Going straight;Pedestrian;Female;31-50;3;;;Not a Pedestrian;Changing lane to the right;Slight Injury
12:00:00;Tuesday;18-30;Male;Elementary school;Employee;2-5yr;Lorry (41?100Q);Owner;;;Other;Two-way (divided with broken lines road marking);Tangent road with flat terrain;Y Shape;Asphalt roads;Dry;Daylight;Normal;;2;1;Going straight;Driver or rider;Male;31-50;3;Self-employed;Normal;Not a Pedestrian;Changing lane to the left;Slight Injury
12:01:00;Tuesday;18-30;Male;Elementary school;Owner;5-10yr;Lorry (41?100Q);Owner;Above 10yr;;Residential areas;Undivided Two way;Tangent road with flat terrain;Crossing;Asphalt roads;Dry;Daylight;Normal;;1;1;Other;na;na;na;na;Self-employed;Normal;Not a Pedestrian;Moving Backward;Slight Injury
21:50:00;Monday;31-50;Male;Junior high school;Employee;Above 10yr;Lorry (41?100Q);Owner;Above 10yr;;Office areas;other;Tangent road with mountainous terrain and;Y Shape;Asphalt roads;Dry;Darkness - lights lit;Normal;Vehicle with vehicle collision;3;1;Other;Driver or rider;Male;Under 18;3;Driver;Normal;Not a Pedestrian;No distancing;Slight Injury
21:50:00;Monday;Unknown;Female;Junior high school;Employee;5-10yr;Public (> 45 seats);Owner;Above 10yr;No defect;Residential areas;other;Tangent road with flat terrain;Y Shape;Gravel roads;Dry;Darkness - lights lit;Normal;Vehicle with vehicle collision;3;1;Going straight;na;na;na;na;Self-employed;Normal;Not a Pedestrian;Changing lane to the right;Slight Injury
21:50:00;Monday;Unknown;Female;High school;Employee;5-10yr;Public (12 seats);;;;School areas;Two-way (divided with broken lines road marking);Tangent road with flat terrain;Y Shape;Asphalt roads;Dry;Darkness - lights lit;Normal;Collision with roadside objects;3;1;Reversing;na;na;na;na;Driver;Normal;Not a Pedestrian;Moving Backward;Slight Injury
09:02:00;Thursday;18-30;Male;Junior high school;Employee;5-10yr;Other;Owner;Above 10yr;No defect;Office areas;Two-way (divided with broken lines road marking);Sharp reverse curve;No junction;Asphalt roads;Wet or damp;Daylight;Normal;Collision with roadside objects;1;1;Other;Pedestrian;Female;18-30;2;Self-employed;Normal;Crossing from driver's nearside;No distancing;Slight Injury
16:20:00;Saturday;Unknown;Female;Junior high school;Employee;Above 10yr;Public (12 seats);Owner;5-10yrs;No defect;Other;other;Tangent road with flat terrain;Y Shape;Asphalt roads;Wet or damp;Darkness - lights lit;Normal;Vehicle with vehicle collision;3;1;Turnover;Pedestrian;Female;31-50;3;Employee;Normal;Crossing from offside - masked by  parked or statioNot a Pedestrianry vehicle;Driving to the left;Slight Injury
16:20:00;Saturday;18-30;Male;Junior high school;;1-2yr;Other;Owner;Above 10yr;No defect;Other;Undivided Two way;Tangent road with flat terrain;Y Shape;Asphalt roads;Wet or damp;Darkness - lights lit;Normal;Vehicle with vehicle collision;3;1;Going straight;Pedestrian;Male;Under 18;3;Driver;Normal;Not a Pedestrian;Driving to the left;Slight Injury
16:20:00;Saturday;18-30;Male;Junior high school;Employee;2-5yr;Public (12 seats);Owner;Above 10yr;No defect; Church areas;other;Tangent road with flat terrain;Y Shape;Asphalt roads;Wet or damp;Darkness - lights lit;Normal;Vehicle with vehicle collision;3;1;Going straight;Driver or rider;Male;18-30;3;Driver;Normal;Not a Pedestrian;Moving Backward;Slight Injury
16:40:00;Tuesday;18-30;Male;Junior high school;Employee;1-2yr;Stationwagen;Owner;;No defect;Office areas;Two-way (divided with broken lines road marking);Tangent road with flat terrain;No junction;Asphalt roads;Dry;Darkness - lights unlit;Normal;Vehicle with vehicle collision;2;1;Going straight;na;na;na;na;Driver;Normal;Not a Pedestrian;Moving Backward;Slight Injury
16:40:00;Tuesday;18-30;Male;;;;Automobile;Owner;;No defect;Other;Two-way (divided with broken lines road marking);Tangent road with flat terrain;No junction;Asphalt roads;Dry;Darkness - lights unlit;Normal;Vehicle with vehicle collision;2;1;Going straight;Pedestrian;Male;31-50;2;Driver;Normal;Crossing from nearside - masked by parked or statioNot a Pedestrianry vehicle;Overtaking;Slight Injury
07:14:00;Saturday;31-50;Male;Elementary school;Employee;5-10yr;Lorry (41?100Q);Owner;;No defect;Office areas;Two-way (divided with broken lines road marking);Tangent road with mild grade and flat terrain;Y Shape;Asphalt roads;Wet or damp;Darkness - lights lit;Windy;Rollover;1;1;Going straight;Driver or rider;Female;Over 51;2;Driver;Normal;Not a Pedestrian;Driving carelessly;Slight Injury
23:59:00;Thursday;18-30;Male;Junior high school;Employee;5-10yr;Special vehicle;Owner;;No defect;Office areas;Two-way (divided with broken lines road marking);Tangent road with flat terrain;Y Shape;Asphalt roads;Wet or damp;Darkness - lights lit;Normal;Vehicle with vehicle collision;1;1;Going straight;Passenger;Female;Over 51;3;Driver;Normal;Not a Pedestrian;Changing lane to the left;Slight Injury
17:30:00;Tuesday;Over 51;Male;Junior high school;Employee;Above 10yr;Lorry (41?100Q);Owner;Above 10yr;No defect;Office areas;Two-way (divided with broken lines road marking);Sharp reverse curve;Crossing;Asphalt roads;Wet or damp;Darkness - lights lit;Normal;Collision with roadside objects;2;1;Going straight;Pedestrian;Male;Under 18;3;Self-employed;Normal;Unknown or other;Driving under the influence of drugs;Slight Injury
17:30:00;Tuesday;31-50;Male;Junior high school;Employee;2-5yr;Lorry (41?100Q);Owner;Above 10yr;No defect; Church areas;Undivided Two way;Sharp reverse curve;Crossing;Asphalt roads;Wet or damp;Darkness - lights lit;Normal;Collision with pedestrians;2;1;Going straight;Pedestrian;Female;18-30;3;Self-employed;Normal;Crossing from driver's nearside;No distancing;Slight Injury
20:10:00;Thursday;31-50;Male;Junior high school;Owner;Above 10yr;Public (> 45 seats);Owner;Above 10yr;No defect;Office areas;Undivided Two way;Gentle horizontal curve;Y Shape;Asphalt roads;Wet or damp;Darkness - lights lit;Normal;Vehicle with vehicle collision;1;1;Going straight;na;na;na;na;Self-employed;Normal;Not a Pedestrian;Moving Backward;Slight Injury
18:21:00;Tuesday;18-30;Male;Junior high school;Employee;2-5yr;Automobile;Owner;5-10yrs;No defect;Other;Double carriageway (median);Gentle horizontal curve;No junction;Asphalt roads;Dry;Darkness - lights lit;Normal;Vehicle with vehicle collision;2;1;Other;Driver or rider;Male;18-30;3;Driver;Normal;Not a Pedestrian;Changing lane to the left;Serious Injury
18:21:00;Tuesday;18-30;Male;Elementary school;Other;5-10yr;Automobile;Owner;;;Other;Two-way (divided with broken lines road marking);Tangent road with flat terrain;No junction;Asphalt roads;Dry;Darkness - lights lit;Normal;Vehicle with vehicle collision;2;1;Going straight;na;na;na;na;;Normal;Not a Pedestrian;Changing lane to the right;Serious Injury
08:50:00;Wednesday;31-50;Male;Elementary school;Employee;5-10yr;Automobile;Owner;5-10yrs;No defect; Church areas;Unknown;Tangent road with mountainous terrain and;No junction;Asphalt roads;Wet or damp;Daylight;Normal;Vehicle with vehicle collision;1;1;Going straight;Driver or rider;Male;18-30;3;;Normal;Not a Pedestrian;No distancing;Slight Injury
13:55:00;Tuesday;31-50;Male;Junior high school;;5-10yr;Public (> 45 seats);Owner;1-2yr;;School areas;Undivided Two way;Tangent road with flat terrain;Y Shape;Asphalt roads;Dry;Daylight;Normal;Vehicle with vehicle collision;1;1;Moving Backward;Driver or rider;Male;18-30;3;Self-employed;Normal;Not a Pedestrian;Driving at high speed;Serious Injury
19:13:00;Tuesday;18-30;Male;Junior high school;Employee;5-10yr;Lorry (11?40Q);;;; Church areas;Two-way (divided with broken lines road marking);Tangent road with flat terrain;Y Shape;Asphalt roads;Wet or damp;Darkness - lights lit;Raining;Vehicle with vehicle collision;2;1;Going straight;na;na;na;na;Driver;Normal;Not a Pedestrian;Changing lane to the right;Slight Injury
19:13:00;Tuesday;18-30;Male;Elementary school;Employee;Above 10yr;Pick up upto 10Q;Owner;Above 10yr;;Office areas;Undivided Two way;Tangent road with flat terrain;Y Shape;Asphalt roads;Wet or damp;Darkness - lights lit;Raining;Vehicle with vehicle collision;2;1;Moving Backward;Pedestrian;Female;31-50;3;Employee;Normal;Crossing from nearside - masked by parked or statioNot a Pedestrianry vehicle;No priority to vehicle;Slight Injury
17:40:00;Thursday;31-50;Male;Junior high school;;Below 1yr;Lorry (11?40Q);Owner;2-5yrs;No defect;Other;other;Tangent road with flat terrain;Y Shape;Asphalt roads;Wet or damp;Darkness - lights lit;Cloudy;Collision with roadside objects;2;1;Other;na;na;na;na;Other;Normal;Not a Pedestrian;No distancing;Slight Injury
17:40:00;Thursday;18-30;Male;Junior high school;Employee;5-10yr;Pick up upto 10Q;Owner;Above 10yr;; Church areas;Two-way (divided with broken lines road marking);Steep grade upward with mountainous terrain;Y Shape;Asphalt roads;Wet or damp;Darkness - lights lit;Cloudy;Rollover;2;1;Going straight;Driver or rider;Female;18-30;3;Driver;Normal;Not a Pedestrian;Turnover;Slight Injury
15:45:00;Friday;18-30;Male;Elementary school;Employee;1-2yr;Special vehicle;Governmental;1-2yr;No defect;Other;Double carriageway (median);Tangent road with flat terrain;Y Shape;Earth roads;Wet or damp;Daylight;Normal;Vehicle with vehicle collision;1;1;Reversing;Passenger;Female;18-30;3;Driver;Normal;Not a Pedestrian;No distancing;Slight Injury
13:45:00;Monday;Over 51;Male;;;;Lorry (11?40Q);Governmental;Above 10yr;;Other;Double carriageway (median);Tangent road with flat terrain;No junction;Asphalt roads;Wet or damp;Daylight;Raining;Collision with pedestrians;2;2;Going straight;Driver or rider;Male;18-30;3;Driver;Normal;Not a Pedestrian;Changing lane to the right;Slight Injury
13:45:00;Monday;Over 51;Male;Junior high school;Employee;Above 10yr;;Organization;5-10yrs;No defect;Office areas;Two-way (divided with broken lines road marking);Gentle horizontal curve;No junction;Asphalt roads;Wet or damp;Daylight;Raining;Vehicle with vehicle collision;2;2;Other;Driver or rider;Male;Over 51;3;;Normal;Not a Pedestrian;No distancing;Slight Injury
08:38:00;Thursday;Under 18;Male;High school;Owner;2-5yr;;Organization;Above 10yr;No defect;Other;Two-way (divided with broken lines road marking);Tangent road with flat terrain;Y Shape;Asphalt roads;Dry;Daylight;Normal;Vehicle with vehicle collision;2;2;Other;na;na;na;na;Employee;Normal;Not a Pedestrian;Changing lane to the left;Slight Injury
08:38:00;Thursday;Over 51;Male;Junior high school;Employee;1-2yr;Lorry (41?100Q);Owner;2-5yrs;No defect;Other;Two-way (divided with broken lines road marking);Tangent road with flat terrain;Y Shape;Asphalt roads;Dry;Daylight;Normal;Collision with pedestrians;2;2;Other;na;na;na;na;;Normal;Not a Pedestrian;Driving carelessly;Slight Injury
19:22:00;Friday;31-50;Male;Junior high school;Employee;1-2yr;Other;Governmental;;No defect;Residential areas;Two-way (divided with broken lines road marking);Tangent road with flat terrain;No junction;Asphalt roads;Dry;Darkness - lights lit;Windy;Collision with pedestrians;1;1;Stopping;Driver or rider;Male;18-30;3;;Normal;Not a Pedestrian;Changing lane to the right;Slight Injury
23:40:00;Friday;Under 18;Male;Above high school;Owner;2-5yr;Other;Owner;2-5yrs;No defect;Office areas;Two-way (divided with broken lines road marking);Tangent road with flat terrain;Crossing;Asphalt roads;Wet or damp;Darkness - lights lit;Raining;Vehicle with vehicle collision;2;1;Other;Driver or rider;Male;31-50;2;;Normal;Not a Pedestrian;No priority to vehicle;Slight Injury
23:40:00;Friday;18-30;Male;;;;Automobile;Owner;2-5yrs;No defect; Church areas;One way;Tangent road with flat terrain;Crossing;Asphalt roads;Wet or damp;Darkness - lights lit;Raining;Vehicle with vehicle collision;2;1;Other;na;na;na;na;;;Not a Pedestrian;No distancing;Slight Injury
18:55:00;Thursday;31-50;Male;Elementary school;Owner;2-5yr;Other;Owner;1-2yr;No defect;;Undivided Two way;Tangent road with flat terrain;Y Shape;Asphalt roads;Dry;Darkness - lights lit;Normal;Vehicle with vehicle collision;1;1;Other;Driver or rider;Male;18-30;3;Driver;Normal;Not a Pedestrian;No priority to pedestrian;Fatal injury
08:20:00;Wednesday;18-30;Male;Junior high school;Employee;1-2yr;Automobile;Owner;Above 10yr;;  Market areas;other;Steep grade downward with mountainous terrain;No junction;Asphalt roads;Wet or damp;Daylight;Raining;Vehicle with vehicle collision;2;1;Going straight;Driver or rider;Male;18-30;3;Self-employed;Normal;Not a Pedestrian;No priority to pedestrian;Slight Injury
08:20:00;Wednesday;18-30;Male;;Owner;5-10yr;Public (13?45 seats);Owner;Above 10yr;No defect;Residential areas;;Tangent road with flat terrain;No junction;Asphalt roads with some distress;Wet or damp;Daylight;Raining;Vehicle with vehicle collision;2;1;Going straight;na;na;na;na;;;Not a Pedestrian;No priority to vehicle;Slight Injury
23:55:00;Thursday;18-30;Male;Junior high school;Employee;Below 1yr;Lorry (41?100Q);Owner;5-10yrs;No defect;Office areas;Undivided Two way;Tangent road with flat terrain;Y Shape;Asphalt roads;Snow;Darkness - lights lit;Other;Collision with roadside objects;2;1;Going straight;Driver or rider;Male;18-30;3;Driver;Normal;Not a Pedestrian;Changing lane to the left;Slight Injury
23:55:00;Thursday;31-50;Male;Junior high school;Employee;2-5yr;;Owner;;No defect;  Recreational areas;other;;Y Shape;Asphalt roads;Snow;Darkness - lights lit;Other;Vehicle with vehicle collision;2;1;Going straight;na;na;na;na;Driver;Normal;Not a Pedestrian;Changing lane to the left;Slight Injury
16:00:00;Tuesday;31-50;Male;Junior high school;Employee;5-10yr;Automobile;Governmental;;No defect;Office areas;other;Tangent road with mild grade and flat terrain;Y Shape;Asphalt roads;Dry;Daylight;Normal;Vehicle with vehicle collision;3;1;Going straight;Driver or rider;Male;31-50;3;Driver;Normal;Not a Pedestrian;No distancing;Slight Injury
16:00:00;Tuesday;31-50;Male;Junior high school;Employee;Above 10yr;;Owner;5-10yrs;No defect; Industrial areas;other;Tangent road with flat terrain;Y Shape;Asphalt roads;Dry;Daylight;Normal;Vehicle with vehicle collision;3;1;Going straight;na;na;na;na;Driver;Normal;Not a Pedestrian;No priority to vehicle;Slight Injury
16:00:00;Tuesday;31-50;Male;Elementary school;Employee;2-5yr;Lorry (41?100Q);;;;;;;Y Shape;Asphalt roads;Dry;Daylight;Normal;Vehicle with vehicle collision;3;1;Going straight;Driver or rider;Male;31-50;3;Self-employed;Normal;Not a Pedestrian;No distancing;Slight Injury
21:55:00;Wednesday;Under 18;Male;Elementary school;Owner;Above 10yr;;Owner;;No defect;Residential areas;Undivided Two way;Tangent road with flat terrain;No junction;Asphalt roads;Dry;Darkness - lights lit;Normal;Vehicle with vehicle collision;2;1;Going straight;Passenger;Female;Under 18;3;;;Not a Pedestrian;No distancing;Slight Injury
21:55:00;Wednesday;18-30;Male;Junior high school;Employee;1-2yr;Lorry (41?100Q);Governmental;Above 10yr;No defect;Residential areas;other;Tangent road with flat terrain;No junction;Asphalt roads;Dry;Darkness - lights lit;Normal;Vehicle with vehicle collision;2;1;Going straight;Passenger;Female;31-50;3;;;Not a Pedestrian;Changing lane to the right;Slight Injury
13:35:00;Friday;Over 51;Male;Junior high school;Employee;5-10yr;Taxi;Owner;1-2yr;No defect; Industrial areas;other;Tangent road with flat terrain;No junction;Asphalt roads;Dry;Daylight;Normal;Vehicle with vehicle collision;2;1;Going straight;na;na;na;na;Driver;Normal;Not a Pedestrian;Changing lane to the left;Slight Injury
13:35:00;Friday;18-30;Male;Junior high school;Employee;2-5yr;Lorry (41?100Q);Owner;2-5yrs;No defect;Residential areas;Undivided Two way;Tangent road with flat terrain;No junction;Asphalt roads;Dry;Daylight;Normal;Vehicle with vehicle collision;2;1;Going straight;Driver or rider;Male;31-50;3;Driver;Normal;Not a Pedestrian;No distancing;Slight Injury
10:50:00;Tuesday;Over 51;Male;Junior high school;Employee;2-5yr;Lorry (41?100Q);Owner;Unknown;No defect;Residential areas;other;Tangent road with flat terrain;Y Shape;Asphalt roads;Dry;Daylight;Normal;Vehicle with vehicle collision;1;1;Reversing;na;na;na;na;;;Not a Pedestrian;Overturning;Serious Injury
13:03:00;Saturday;Under 18;Male;Junior high school;Employee;2-5yr;Other;Owner;;No defect;Office areas;Undivided Two way;Tangent road with flat terrain;Y Shape;Asphalt roads;Wet or damp;Daylight;Normal;Vehicle with vehicle collision;2;1;Going straight;Passenger;Male;Under 18;3;Self-employed;Normal;Not a Pedestrian;No priority to vehicle;Slight Injury
13:03:00;Saturday;31-50;Male;Junior high school;Employee;2-5yr;Stationwagen;Owner;2-5yrs;No defect;Office areas;Double carriageway (median);Escarpments;Y Shape;Asphalt roads;Wet or damp;Daylight;Normal;Vehicle with vehicle collision;2;1;Other;na;na;na;na;;;Not a Pedestrian;Moving Backward;Slight Injury
20:40:00;Saturday;31-50;Male;Junior high school;Employee;Above 10yr;Stationwagen;Owner;Above 10yr;No defect;Office areas;other;Tangent road with flat terrain;Crossing;Asphalt roads;Dry;Darkness - lights lit;Normal;Vehicle with vehicle collision;1;1;;Passenger;Female;31-50;3;;;Not a Pedestrian;Driving under the influence of drugs;Serious Injury