Time;Day_of_week;Age_band_of_driver;Sex_of_driver;Educational_level;Vehicle_driver_relation;Driving_experience;Type_of_vehicle;Owner_of_vehicle;Service_year_of_vehicle;Defect_of_vehicle;Area_accident_occured;Lanes_or_Medians;Road_allignment;Types_of_Junction;Road_surface_type;Road_surface_conditions;Light_conditions;Weather_conditions;Type_of_collision;Number_of_vehicles_involved;Number_of_casualties;Vehicle_movement;Casualty_class;Sex_of_casualty;Age_band_of_casualty;Casualty_severity;Work_of_casuality;Fitness_of_casuality;Pedestrian_movement;Cause_of_accident;Accident_severity
18:10:00;Saturday;18-30;Male;Junior high school;Employee;1-2yr;Stationwagen;Owner;Unknown;; Church areas;Two-way (divided with broken lines road marking);Tangent road with flat terrain;No junction;Earth roads;Dry;Daylight;Normal;Rollover;2;2;Moving Backward;na;na;na;na;Driver;Normal;Not a Pedestrian;No priority to pedestrian;Slight Injury
18:10:00;Saturday;18-30;Male;Junior high school;Employee;2-5yr;Lorry (41?100Q);Governmental;Unknown;No defect; Church areas;Double carriageway (median);Tangent road with flat terrain;No junction;Asphalt roads;Dry;Daylight;Normal;Vehicle with vehicle collision;2;2;Going straight;Driver or rider;Male;5;3;Driver;Normal;Not a Pedestrian;No distancing;Slight Injury
08:00:00;Monday;18-30;Male;Junior high school;Employee;Below 1yr;Lorry (41?100Q);Owner;2-5yrs;No defect;Residential areas;Double carriageway (median);Tangent road with flat terrain;Y Shape;Asphalt roads;Dry;Daylight;Normal;Rollover;1;1;Going straight;na;na;na;na;;;Not a Pedestrian;No priority to vehicle;Slight Injury
08:30:00;Wednesday;31-50;Male;Junior high school;Employee;Above 10yr;Other;Owner;;No defect;Office areas;Two-way (divided with broken lines road marking);Tangent road with mild grade and flat terrain;Y Shape;Asphalt roads;Dry;Daylight;Normal;Vehicle with vehicle collision;2;2;Going straight;Driver or rider;Male;18-30;2;Driver;Normal;Not a Pedestrian;Other;Slight Injury
08:30:00;Wednesday;18-30;Male;Junior high school;Employee;1-2yr;Automobile;Owner;5-10yrs;No defect;Office areas;Two-way (divided with broken lines road marking);Tangent road with mild grade and flat terrain;Y Shape;Asphalt roads;Dry;Daylight;Normal;Vehicle with vehicle collision;2;2;Going straight;na;na;na;na;Employee;Normal;Not a Pedestrian;Driving carelessly;Slight Injury
17:50:00;Sunday;31-50;Male;Above high school;Employee;5-10yr;;Owner;2-5yrs;;Residential areas;Two-way (divided with broken lines road marking);Tangent road with flat terrain;Crossing;Asphalt roads;Dry;Daylight;Normal;Vehicle with vehicle collision;4;5;Moving Backward;Driver or rider;Male;31-50;3;;;Not a Pedestrian;Changing lane to the left;Slight Injury
17:50:00;Sunday;Under 18;Male;Junior high school;Employee;5-10yr;Taxi;Owner;5-10yrs;; Church areas;other;Tangent road with flat terrain;Crossing;Asphalt roads;Dry;Daylight;Normal;Fall from vehicles;4;5;Going straight;Pedestrian;Male;31-50;2;Driver;Normal;Not a Pedestrian;Driving carelessly;Slight Injury
17:50:00;Sunday;Under 18;Male;Elementary school;Owner;Below 1yr;Lorry (41?100Q);Owner;;;Other;Two-way (divided with broken lines road marking);Tangent road with flat terrain;Crossing;Asphalt roads;Dry;Daylight;Normal;Vehicle with vehicle collision;4;5;Other;Pedestrian;Female;31-50;3;;;Not a Pedestrian;Changing lane to the left;Slight Injury
17:50:00;Sunday;Under 18;Male;;;;Other;Owner;;;Office areas;Two-way (divided with broken lines road marking);Tangent road with flat terrain;Crossing;Asphalt roads;Dry;Daylight;Normal;Collision with roadside objects;4;5;Other;Driver or rider;Male;18-30;3;Driver;Normal;Not a Pedestrian;No priority to vehicle;Slight Injury
17:50:00;Sunday;18-30;Male;Junior high school;Employee;Above 10yr;Automobile;Owner;;;Other;Two-way (divided with broken lines road marking);Tangent road with flat terrain;Crossing;Asphalt roads;Dry;Daylight;Normal;Vehicle with vehicle collision;4;5;Going straight;Pedestrian;Female;18-30;3;Driver;Normal;Not a Pedestrian;No distancing;Slight Injury
17:50:00;Sunday;18-30;Male;Junior high school;;;Public (> 45 seats);Owner;;;Other;Two-way (divided with broken lines road marking);Tangent road with flat terrain;Crossing;Asphalt roads;Dry;Daylight;Normal;Vehicle with vehicle collision;4;5;Going straight;Driver or rider;Male;5;3;Self-employed;Normal;Not a Pedestrian;Changing lane to the right;Slight Injury
17:51:00;Monday;18-30;Male;Junior high school;Employee;1-2yr;Stationwagen;Owner;;;;;Tangent road with flat terrain;Y Shape;Asphalt roads;Dry;Daylight;Normal;Vehicle with vehicle collision;3;1;Going straight;na;na;na;na;Driver;Normal;Not a Pedestrian;Changing lane to the right;Serious Injury
17:51:00;Monday;Over 51;Male;Junior high school;Owner;2-5yr;Automobile;Governmental;2-5yrs;;Residential areas;Two-way (divided with broken lines road marking);;Y Shape;Asphalt roads;Dry;Daylight;Normal;Collision with pedestrians;3;1;Going straight;Driver or rider;Male;18-30;3;Employee;Normal;Not a Pedestrian;Driving at high speed;Serious Injury
17:51:00;Monday;18-30;Male;;Employee;unknown;Lorry (41?100Q);Owner;Below 1yr;; Church areas;Undivided Two way;Tangent road with flat terrain;Y Shape;Asphalt roads;Dry;Daylight;Normal;Vehicle with vehicle collision;3;1;Other;na;na;na;na;Driver;Normal;Not a Pedestrian;No distancing;Serious Injury
08:42:00;Thursday;31-50;Male;Junior high school;Employee;Above 10yr;Other;;;;Other;Undivided Two way;Tangent road with flat terrain;Y Shape;Asphalt roads;Dry;Daylight;Normal;Vehicle with vehicle collision;2;2;Going straight;Driver or rider;Male;18-30;2;;;Not a Pedestrian;Changing lane to the right;Serious Injury
08:42:00;Thursday;31-50;Male;Junior high school;Owner;2-5yr;Public (13?45 seats);Owner;Unknown;;Other;One way;Tangent road with flat terrain;Y Shape;Asphalt roads;Dry;Daylight;Normal;Vehicle with vehicle collision;2;2;Getting off;Passenger;Female;18-30;3;Driver;Normal;Not a Pedestrian;Changing lane to the left;Serious Injury
08:42:00;Thursday;31-50;Male;Junior high school;Employee;5-10yr;Other;Owner;Unknown;No defect;Residential areas;Two-way (divided with broken lines road marking);Tangent road with flat terrain;Y Shape;Asphalt roads;Dry;Daylight;Normal;Rollover;2;2;Going straight;Driver or rider;Female;Over 51;3;Self-employed;Normal;Not a Pedestrian;Getting off the vehicle improperly;Serious Injury
00:25:00;Saturday;Unknown;Female;Junior high school;Employee;2-5yr;Other;Owner;Unknown;;Office areas;One way;Tangent road with flat terrain;Crossing;Asphalt roads;Dry;Darkness - lights lit;Normal;Collision with roadside objects;2;3;Going straight;na;na;na;na;;;Not a Pedestrian;Other;Slight Injury
00:25:00;Saturday;18-30;Male;Junior high school;Employee;1-2yr;Ridden horse;Owner;Unknown;No defect; Industrial areas;Two-way (divided with broken lines road marking);Tangent road with flat terrain;Crossing;Asphalt roads;Dry;Darkness - lights lit;Normal;Vehicle with vehicle collision;2;3;Going straight;Driver or rider;Male;18-30;3;Self-employed;Normal;Not a Pedestrian;Other;Slight Injury
00:25:00;Saturday;18-30;Male;Junior high school;Employee;5-10yr;Lorry (41?100Q);Governmental;;No defect;Residential areas;Double carriageway (median);Tangent road with flat terrain;Crossing;Asphalt roads;Dry;Darkness - lights lit;Normal;Vehicle with vehicle collision;2;3;Going straight;na;na;na;na;Self-employed;Normal;Not a Pedestrian;No distancing;Slight Injury
00:25:00;Saturday;18-30;Male;Junior high school;Employee;2-5yr;Lorry (41?100Q);Owner;;No defect;Office areas;Unknown;Tangent road with flat terrain;Crossing;Asphalt roads;Dry;Darkness - lights lit;Normal;Collision with roadside objects;2;3;Going straight;Driver or rider;Male;18-30;3;;;Not a Pedestrian;No priority to vehicle;Slight Injury
10:50:00;Sunday;Over 51;Male;Elementary school;Employee;5-10yr;Pick up upto 10Q;Owner;2-5yrs;;Other;;Tangent road with flat terrain;Y Shape;Asphalt roads;Dry;Daylight;Normal;Vehicle with vehicle collision;1;1;Going straight;na;na;na;na;Driver;Normal;Not a Pedestrian;Overtaking;Slight Injury
08:15:00;Wednesday;31-50;Male;Above high school;Owner;5-10yr;Lorry (11?40Q);Owner;Unknown;; Church areas;other;Tangent road with flat terrain;Crossing;Asphalt roads;Wet or damp;Daylight;Raining;Vehicle with vehicle collision;2;1;Moving Backward;na;na;na;na;Driver;Normal;Not a Pedestrian;No priority to pedestrian;Slight Injury
08:15:00;Wednesday;31-50;Male;Junior high school;Employee;2-5yr;Automobile;Owner;Above 10yr;; Industrial areas;;Tangent road with flat terrain;Crossing;Asphalt roads;Wet or damp;Daylight;Raining;Vehicle with vehicle collision;2;1;Going straight;Driver or rider;Male;31-50;3;Other;Normal;Not a Pedestrian;No distancing;Slight Injury
10:58:00;Sunday;18-30;Male;Junior high school;Employee;2-5yr;Automobile;Owner;Unknown;No defect;  Recreational areas;One way;Tangent road with flat terrain;Other;Asphalt roads;Wet or damp;Daylight;Raining;Rollover;4;1;Other;Driver or rider;Male;31-50;3;Self-employed;Normal;Not a Pedestrian;Changing lane to the right;Slight Injury
10:58:00;Sunday;31-50;Male;Junior high school;Employee;2-5yr;Lorry (11?40Q);Owner;Unknown;No defect;  Market areas;Undivided Two way;Tangent road with flat terrain;Other;Asphalt roads;Wet or damp;Daylight;Raining;Rollover;4;1;Going straight;na;na;na;na;Self-employed;Normal;Not a Pedestrian;Driving carelessly;Slight Injury
10:58:00;Sunday;Unknown;Female;Junior high school;Employee;5-10yr;Motorcycle;Owner;Unknown;No defect;Other;Two-way (divided with broken lines road marking);Tangent road with flat terrain;Other;Asphalt roads;Wet or damp;Daylight;Raining;Collision with pedestrians;4;1;Going straight;Driver or rider;Male;31-50;3;Driver;Normal;Not a Pedestrian;Changing lane to the right;Slight Injury
10:58:00;Sunday;Unknown;Female;Junior high school;Employee;1-2yr;Lorry (41?100Q);Owner;Unknown;;Other;Two-way (divided with broken lines road marking);Tangent road with flat terrain;Other;Asphalt roads;Wet or damp;Daylight;Raining;Vehicle with vehicle collision;4;1;Going straight;na;na;na;na;Employee;Normal;Not a Pedestrian;Overtaking;Slight Injury
19:14:00;Monday;18-30;Male;Junior high school;Owner;2-5yr;Stationwagen;Owner;Unknown;No defect; Industrial areas;Two-way (divided with broken lines road marking);;Crossing;Asphalt roads;Dry;Daylight;Normal;Vehicle with vehicle collision;2;2;Going straight;na;na;na;na;;;Not a Pedestrian;Other;Slight Injury
19:14:00;Monday;18-30;Male;High school;Owner;2-5yr;Automobile;Governmental;2-5yrs;;Other;Two-way (divided with broken lines road marking);Tangent road with flat terrain;Crossing;Asphalt roads;Dry;Daylight;Normal;Vehicle with vehicle collision;2;2;;Driver or rider;Male;31-50;3;Driver;Normal;Not a Pedestrian;Driving to the left;Slight Injury
19:14:00;Monday;18-30;Male;;Employee;;Other;Governmental;;;Office areas;other;Tangent road with flat terrain;Crossing;Asphalt roads;Dry;Daylight;Normal;Collision with pedestrians;2;2;Moving Backward;Driver or rider;Male;Under 18;2;Driver;Normal;Not a Pedestrian;Driving at high speed;Slight Injury
08:34:00;Wednesday;18-30;Male;Junior high school;Owner;1-2yr;Other;Owner;Unknown;;;other;Tangent road with flat terrain;No junction;Asphalt roads;Wet or damp;Daylight;Normal;Collision with pedestrians;1;1;;na;na;na;na;Driver;Normal;Not a Pedestrian;Unknown;Serious Injury
14:19:00;Sunday;Over 51;Male;Junior high school;;Below 1yr;Taxi;Owner;;;Office areas;Two-way (divided with broken lines road marking);Tangent road with flat terrain;No junction;Asphalt roads;Dry;Daylight;Normal;Vehicle with vehicle collision;2;1;Going straight;Pedestrian;Male;31-50;3;Self-employed;Normal;Not a Pedestrian;Changing lane to the right;Serious Injury
14:19:00;Sunday;Over 51;Male;High school;Employee;1-2yr;Automobile;Owner;;;Office areas;Undivided Two way;Tangent road with flat terrain;No junction;Asphalt roads;Dry;Daylight;Normal;Vehicle with vehicle collision;2;1;Going straight;Driver or rider;Female;31-50;3;;Normal;Not a Pedestrian;No distancing;Serious Injury
14:20:00;Thursday;18-30;Male;Above high school;Employee;1-2yr;Long lorry;Organization;Unknown;;Other;other;Tangent road with flat terrain;Y Shape;Asphalt roads;Dry;Daylight;Normal;Vehicle with vehicle collision;2;1;;na;na;na;na;Other;Normal;Not a Pedestrian;Other;Serious Injury
14:20:00;Thursday;31-50;Male;Junior high school;Employee;Above 10yr;Long lorry;Governmental;2-5yrs;;Other;other;Tangent road with flat terrain;Y Shape;Asphalt roads;Dry;Daylight;Normal;Collision with roadside objects;2;1;Going straight;Driver or rider;Male;31-50;3;Driver;Normal;Not a Pedestrian;No priority to vehicle;Serious Injury
12:30:00;Thursday;18-30;Male;High school;Employee;1-2yr;Lorry (41?100Q);Owner;Unknown;No defect;Other;Undivided Two way;Tangent road with flat terrain;Y Shape;Asphalt roads;Dry;Daylight;Normal;Vehicle with vehicle collision;2;1;Going straight;na;na;na;na;Driver;Normal;Not a Pedestrian;Changing lane to the left;Slight Injury
12:30:00;Thursday;31-50;Male;Junior high school;Employee;2-5yr;Lorry (41?100Q);Owner;Above 10yr;;Other;other;Tangent road with flat terrain;Y Shape;Asphalt roads;Dry;Daylight;Normal;Collision with roadside objects;2;1;Going straight;na;na;na;na;Driver;Normal;Not a Pedestrian;No priority to pedestrian;Slight Injury
13:30:00;Tuesday;Over 51;Male;Above high school;Other;2-5yr;Lorry (11?40Q);;;;Residential areas;Undivided Two way;Tangent road with flat terrain;Crossing;Asphalt roads;Dry;Daylight;Normal;Vehicle with vehicle collision;1;1;Going straight;Driver or rider;Female;5;3;;;Not a Pedestrian;Overtaking;Slight Injury
14:00:00;Friday;18-30;Male;High school;Employee;Above 10yr;Automobile;Owner;2-5yrs;No defect; Church areas;Undivided Two way;Tangent road with flat terrain;Y Shape;Asphalt roads;Wet or damp;Daylight;Raining;Vehicle with vehicle collision;1;1;Going straight;na;na;na;na;Driver;Normal;Not a Pedestrian;Driving carelessly;Slight Injury
06:10:00;Friday;31-50;Male;Elementary school;Employee;5-10yr;Taxi;Owner;2-5yrs;;Office areas;Double carriageway (median);Tangent road with flat terrain;Unknown;Asphalt roads;Dry;Daylight;Normal;Collision with roadside objects;2;1;Going straight;Driver or rider;Female;31-50;3;Driver;Normal;Not a Pedestrian;No priority to vehicle;Slight Injury
06:10:00;Friday;Over 51;Male;High school;Employee;1-2yr;Other;Owner;2-5yrs;; Church areas;other;Tangent road with flat terrain;Unknown;Asphalt roads;Dry;Daylight;Normal;Vehicle with vehicle collision;2;1;Going straight;Pedestrian;Female;18-30;3;;;Not a Pedestrian;No priority to pedestrian;Slight Injury
15:30:00;Monday;18-30;Male;High school;Employee;5-10yr;Automobile;Owner;2-5yrs;;Other;Two-way (divided with broken lines road marking);Tangent road with flat terrain;No junction;Asphalt roads;Dry;Daylight;Normal;Vehicle with vehicle collision;1;1;Other;Pedestrian;Female;18-30;3;Driver;Normal;Not a Pedestrian;Changing lane to the right;Slight Injury
16:05:00;Friday;18-30;Male;High school;Employee;2-5yr;Automobile;Owner;;;;other;Tangent road with flat terrain;Other;Asphalt roads;Dry;Daylight;Normal;Collision with roadside objects;2;2;Going straight;Driver or rider;Male;31-50;3;Driver;Normal;Not a Pedestrian;Driving carelessly;Serious Injury
16:05:00;Friday;Under 18;Male;Junior high school;Employee;1-2yr;Automobile;Owner;1-2yr;;School areas;other;Steep grade downward with mountainous terrain;Other;Asphalt roads;Dry;Daylight;Normal;Collision with roadside objects;2;2;Going straight;na;na;na;na;Self-employed;Normal;Not a Pedestrian;Changing lane to the right;Serious Injury
07:50:00;Wednesday;18-30;Male;Above high school;Employee;Above 10yr;Automobile;Owner;5-10yrs;;Office areas;Two-way (divided with broken lines road marking);Tangent road with mild grade and flat terrain;Y Shape;Asphalt roads;Dry;Daylight;Normal;Vehicle with vehicle collision;2;1;Going straight;Driver or rider;Male;18-30;3;Driver;Normal;Not a Pedestrian;Changing lane to the right;Slight Injury
07:50:00;Wednesday;31-50;Male;Above high school;Employee;2-5yr;Public (> 45 seats);Owner;Below 1yr;;Other;other;Steep grade downward with mountainous terrain;Y Shape;Asphalt roads;Dry;Daylight;Normal;Vehicle with vehicle collision;2;1;Going straight;na;na;na;na;Driver;Normal;Not a Pedestrian;Changing lane to the left;Slight Injury
17:35:00;Wednesday;31-50;Male;Elementary school;Employee;5-10yr;Lorry (11?40Q);Owner;Unknown;;Office areas;Undivided Two way;Tangent road with flat terrain;Crossing;Asphalt roads;Dry;Daylight;Normal;Vehicle with vehicle collision;2;1;Going straight;Driver or rider;Male;31-50;3;Driver;Normal;Not a Pedestrian;Overturning;Slight Injury
17:35:00;Wednesday;31-50;Male;Elementary school;Employee;1-2yr;Lorry (41?100Q);Owner;;;Other;Undivided Two way;Tangent road with flat terrain;Crossing;Asphalt roads;Dry;Daylight;Normal;Vehicle with vehicle collision;2;1;Going straight;na;na;na;na;Driver;Normal;Not a Pedestrian;Driving carelessly;Slight Injury
08:15:00;Wednesday;31-50;Male;Junior high school;Employee;;Lorry (41?100Q);Owner;2-5yrs;;Other;Two-way (divided with broken lines road marking);Tangent road with flat terrain;No junction;Asphalt roads;Dry;Daylight;Normal;Vehicle with vehicle collision;2;1;Moving Backward;Driver or rider;Female;18-30;3;Driver;Normal;Not a Pedestrian;No distancing;Slight Injury
08:15:00;Wednesday;31-50;Male;;;;Stationwagen;Owner;;;Office areas;Undivided Two way;Tangent road with flat terrain;No junction;Asphalt roads;Dry;Daylight;Normal;Vehicle with vehicle collision;2;1;Going straight;Driver or rider;Female;18-30;3;Driver;Normal;Not a Pedestrian;Driving carelessly;Slight Injury
18:05:00;Sunday;31-50;Male;Elementary school;Employee;5-10yr;Other;Owner;;No defect;Other;Double carriageway (median);Tangent road with flat terrain;Y Shape;Asphalt roads;Dry;Daylight;Normal;Vehicle with vehicle collision;1;1;Going straight;na;na;na;na;Driver;Normal;Not a Pedestrian;Changing lane to the left;Slight Injury
19:56:00;Thursday;31-50;Male;Junior high school;Employee;2-5yr;Automobile;Owner;;; Church areas;other;Tangent road with flat terrain;Y Shape;Asphalt roads;Dry;Daylight;Normal;Vehicle with vehicle collision;2;1;Going straight;Driver or rider;Male;18-30;3;;;Not a Pedestrian;No priority to vehicle;Slight Injury
19:56:00;Thursday;31-50;Male;Junior high school;Employee;5-10yr;Pick up upto 10Q;Owner;;No defect;Office areas;Two-way (divided with broken lines road marking);Tangent road with flat terrain;Y Shape;Asphalt roads;Dry;Daylight;Normal;Vehicle with vehicle collision;2;1;Going straight;na;na;na;na;Driver;Normal;Not a Pedestrian;Changing lane to the right;Slight Injury
22:11:00;Friday;18-30;Male;High school;Employee;2-5yr;Motorcycle;Owner;Above 10yr;No defect;Office areas;Two-way (divided with broken lines road marking);Tangent road with flat terrain;Y Shape;Asphalt roads;Dry;Darkness - lights lit;Normal;Vehicle with vehicle collision;1;1;Going straight;Driver or rider;Male;18-30;3;;;Not a Pedestrian;No distancing;Slight Injury
13:07:00;Monday;Over 51;Male;Junior high school;Employee;1-2yr;Automobile;Owner;2-5yrs;;Other;Undivided Two way;Tangent road with mountainous terrain and;Crossing;Asphalt roads;Dry;Daylight;Normal;Vehicle with vehicle collision;2;3;Going straight;na;na;na;na;Driver;Normal;Not a Pedestrian;Moving Backward;Slight Injury
13:07:00;Monday;Over 51;Male;Junior high school;Employee;1-2yr;Pick up upto 10Q;Owner;2-5yrs;;Residential areas;Undivided Two way;Tangent road with flat terrain;Crossing;Asphalt roads;Dry;Daylight;Normal;Vehicle with vehicle collision;2;3;Going straight;na;na;na;na;Other;Normal;Not a Pedestrian;Moving Backward;Slight Injury
13:07:00;Monday;18-30;Male;Junior high school;Employee;5-10yr;Motorcycle;Owner;Unknown;No defect;Residential areas;Undivided Two way;Tangent road with flat terrain;Crossing;Asphalt roads;Dry;Daylight;Normal;Vehicle with vehicle collision;2;3;Going straight;Driver or rider;Male;31-50;3;Self-employed;Normal;Not a Pedestrian;No distancing;Slight Injury
07:40:00;Friday;18-30;Male;Illiterate;Employee;unknown;Stationwagen;Owner;5-10yrs;7;;Two-way (divided with broken lines road marking);Tangent road with flat terrain;Crossing;Asphalt roads;Dry;Daylight;Normal;Vehicle with vehicle collision;2;1;Going straight;Driver or rider;Male;18-30;3;Driver;Normal;Not a Pedestrian;No distancing;Slight Injury
07:40:00;Friday;31-50;Male;Junior high school;Employee;5-10yr;Lorry (41?100Q);Owner;Unknown;7;Other;other;Tangent road with flat terrain;Crossing;Asphalt roads;Dry;Daylight;Normal;Vehicle with vehicle collision;2;1;Going straight;na;na;na;na;;;Not a Pedestrian;No distancing;Slight Injury
22:30:00;Saturday;18-30;Male;Junior high school;Employee;1-2yr;Taxi;Owner;Unknown;No defect;Office areas;;Steep grade downward with mountainous terrain;No junction;Asphalt roads;Dry;Darkness - lights lit;Normal;Vehicle with vehicle collision;3;1;Going straight;na;na;na;na;Self-employed;Normal;Not a Pedestrian;No priority to pedestrian;Slight Injury
22:30:00;Saturday;31-50;Male;Junior high school;Employee;2-5yr;Automobile;Governmental;Unknown;No defect;School areas;Double carriageway (median);Tangent road with flat terrain;No junction;Asphalt roads;Dry;Darkness - lights lit;Normal;Vehicle with vehicle collision;3;1;Going straight;Driver or rider;Female;18-30;3;;;Not a Pedestrian;Driving carelessly;Slight Injury
22:30:00;Saturday;31-50;Male;Junior high school;Employee;Above 10yr;Long lorry;Owner;Unknown;No defect;Other;Two-way (divided with broken lines road marking);Steep grade downward with mountainous terrain;No junction;Asphalt roads;Dry;Darkness - lights lit;Normal;Vehicle with vehicle collision;3;1;Other;Passenger;Female;31-50;2;;;Not a Pedestrian;Changing lane to the right;Slight Injury
20:10:00;Friday;31-50;Male;Junior high school;Owner;5-10yr;Automobile;Owner;5-10yrs;No defect;Other;Two-way (divided with broken lines road marking);Tangent road with rolling terrain;Y Shape;Asphalt roads;Dry;Daylight;Normal;Collision with roadside objects;3;3;Going straight;Driver or rider;Male;31-50;3;Driver;;Not a Pedestrian;Changing lane to the left;Slight Injury
20:10:00;Friday;31-50;Male;High school;Employee;1-2yr;Public (12 seats);Governmental;Unknown;No defect; Church areas;Two-way (divided with broken lines road marking);Tangent road with flat terrain;Y Shape;Asphalt roads;Dry;Daylight;Normal;Vehicle with vehicle collision;3;3;Going straight;na;na;na;na;;;Not a Pedestrian;Driving carelessly;Slight Injury
20:10:00;Friday;31-50;Male;Junior high school;Employee;Above 10yr;Lorry (11?40Q);;;;Office areas;;Tangent road with mild grade and flat terrain;Y Shape;Asphalt roads;Dry;Daylight;Normal;Collision with pedestrians;3;3;Going straight;Driver or rider;Male;18-30;3;Unemployed;Normal;Not a Pedestrian;Driving carelessly;Slight Injury
20:10:00;Friday;31-50;Male;Junior high school;Employee;1-2yr;Pick up upto 10Q;Owner;;;Other;Two-way (divided with broken lines road marking);Tangent road with mild grade and flat terrain;Y Shape;Asphalt roads;Dry;Daylight;Normal;Vehicle with vehicle collision;3;3;Going straight;na;na;na;na;Driver;Normal;Not a Pedestrian;No distancing;Slight Injury
12:47:00;Tuesday;18-30;Male;Junior high school;Employee;2-5yr;Lorry (41?100Q);Governmental;;No defect;Residential areas;Double carriageway (median);Tangent road with flat terrain;Y Shape;Asphalt roads;Dry;Daylight;Normal;Collision with roadside objects;1;1;Going straight;na;na;na;na;Driver;Normal;Not a Pedestrian;Other;Serious Injury
02:34:00;Saturday;Unknown;Female;Junior high school;Employee;Above 10yr;Other;Owner;;;Office areas;Two-way (divided with broken lines road marking);Tangent road with flat terrain;No junction;Asphalt roads;Dry;Darkness - lights lit;Normal;Vehicle with vehicle collision;1;1;Going straight;Driver or rider;Male;18-30;3;Driver;Normal;Not a Pedestrian;Changing lane to the right;Serious Injury
20:15:00;Tuesday;31-50;Male;Junior high school;Employee;2-5yr;Automobile;Owner;;;Office areas;Undivided Two way;Tangent road with flat terrain;Crossing;Asphalt roads;Dry;Daylight;Normal;Vehicle with vehicle collision;2;1;Going straight;Pedestrian;Male;31-50;3;;;Unknown or other;Changing lane to the right;Serious Injury
20:15:00;Tuesday;31-50;Male;Elementary school;Employee;5-10yr;Long lorry;Owner;Below 1yr;;Office areas;Two-way (divided with broken lines road marking);Tangent road with flat terrain;Crossing;Asphalt roads;Dry;Daylight;Normal;Vehicle with vehicle collision;2;1;Other;Passenger;Male;Over 51;3;Driver;Normal;Not a Pedestrian;No distancing;Serious Injury
18:40:00;Tuesday;18-30;Male;;;;Lorry (11?40Q);Organization;1-2yr;; Church areas;;Tangent road with flat terrain;Y Shape;Asphalt roads;Dry;Daylight;Normal;Vehicle with vehicle collision;2;1;Going straight;Pedestrian;Female;18-30;2;Driver;Normal;Not a Pedestrian;No distancing;Slight Injury
18:40:00;Tuesday;18-30;Male;Elementary school;Employee;1-2yr;Long lorry;Owner;;;Office areas;Two-way (divided with broken lines road marking);Tangent road with flat terrain;Y Shape;Asphalt roads;Dry;Daylight;Normal;Vehicle with vehicle collision;2;1;Going straight;na;na;na;na;Self-employed;Normal;Not a Pedestrian;Overturning;Slight Injury
07:26:00;Thursday;Over 51;Male;Elementary school;Employee;5-10yr;Automobile;Owner;1-2yr;;Office areas;Two-way (divided with broken lines road marking);Tangent road with mild grade and flat terrain;No junction;Asphalt roads;Dry;Daylight;Normal;Rollover;2;1;Going straight;Driver or rider;Male;18-30;2;Driver;Normal;Not a Pedestrian;Driving at high speed;Slight Injury
07:26:00;Thursday;31-50;Male;Elementary school;Employee;5-10yr;Taxi;Owner;;;Office areas;Two-way (divided with broken lines road marking);Tangent road with mild grade and flat terrain;No junction;Asphalt roads;Dry;Daylight;Normal;Collision with roadside objects;2;1;Going straight;Pedestrian;Female;18-30;3;;;Not a Pedestrian;No priority to vehicle;Slight Injury
20:00:00;Thursday;31-50;Male;Junior high school;Employee;1-2yr;Taxi;Owner;5-10yrs;No defect;Office areas;Two-way (divided with broken lines road marking);Tangent road with flat terrain;Crossing;Asphalt roads;Dry;Daylight;Normal;Vehicle with vehicle collision;1;1;Going straight;na;na;na;na;Unknown;Normal;Not a Pedestrian;No priority to pedestrian;Serious Injury
09:24:00;Tuesday;18-30;Male;Junior high school;Employee;5-10yr;Long lorry;Owner;;No defect;Other;Two-way (divided with broken lines road marking);Tangent road with flat terrain;Y Shape;Asphalt roads;Dry;Daylight;Normal;Collision with roadside objects;6;2;Going straight;Driver or rider;Male;18-30;3;Driver;Normal;Not a Pedestrian;No priority to vehicle;Serious Injury
09:24:00;Tuesday;18-30;Male;Junior high school;Employee;5-10yr;Lorry (11?40Q);Owner;;No defect;Residential areas;Double carriageway (median);Tangent road with flat terrain;Y Shape;Asphalt roads;Dry;Daylight;Normal;Vehicle with vehicle collision;6;2;Going straight;na;na;na;na;;;Not a Pedestrian;Other;Serious Injury
09:24:00;Tuesday;31-50;Male;Junior high school;Employee;2-5yr;Lorry (11?40Q);Owner;;No defect; Church areas;Undivided Two way;Tangent road with flat terrain;Y Shape;Asphalt roads;Dry;Daylight;Normal;Vehicle with vehicle collision;6;2;Going straight;na;na;na;na;Driver;Normal;Not a Pedestrian;Other;Serious Injury
09:24:00;Tuesday;Over 51;Male;Junior high school;Employee;1-2yr;Long lorry;Owner;;No defect;Other;Two-way (divided with broken lines road marking);Tangent road with flat terrain;Y Shape;Asphalt roads;Dry;Daylight;Normal;Vehicle with vehicle collision;6;2;Going straight;Driver or rider;Male;31-50;3;Other;Normal;Not a Pedestrian;Moving Backward;Serious Injury
09:24:00;Tuesday;31-50;Male;Junior high school;Employee;5-10yr;Turbo;Owner;;No defect;  Recreational areas;Two-way (divided with broken lines road marking);Tangent road with flat terrain;Y Shape;Asphalt roads;Dry;Daylight;Normal;Vehicle with vehicle collision;6;2;Moving Backward;Driver or rider;Male;31-50;3;Other;Normal;Not a Pedestrian;No distancing;Serious Injury
09:24:00;Tuesday;Over 51;Male;Junior high school;Employee;Below 1yr;Long lorry;;;;;;Tangent road with flat terrain;Y Shape;Asphalt roads;Dry;Daylight;Normal;Vehicle with vehicle collision;6;2;Going straight;na;na;na;na;Self-employed;Normal;Not a Pedestrian;Moving Backward;Serious Injury