Time;Day_of_week;Age_band_of_driver;Sex_of_driver;Educational_level;Vehicle_driver_relation;Driving_experience;Type_of_vehicle;Owner_of_vehicle;Service_year_of_vehicle;Defect_of_vehicle;Area_accident_occured;Lanes_or_Medians;Road_allignment;Types_of_Junction;Road_surface_type;Road_surface_conditions;Light_conditions;Weather_conditions;Type_of_collision;Number_of_vehicles_involved;Number_of_casualties;Vehicle_movement;Casualty_class;Sex_of_casualty;Age_band_of_casualty;Casualty_severity;Work_of_casuality;Fitness_of_casuality;Pedestrian_movement;Cause_of_accident;Accident_severity
17:21:00;Thursday;Under 18;Male;Junior high school;Employee;5-10yr;Automobile;Owner;;;Office areas;;Tangent road with flat terrain;Crossing;Asphalt roads;Dry;Daylight;Normal;Vehicle with vehicle collision;2;1;Going straight;Driver or rider;Male;31-50;3;Driver;;Not a Pedestrian;Changing lane to the right;Slight Injury
17:21:00;Thursday;31-50;Male;Junior high school;Employee;1-2yr;Public (> 45 seats);Owner;;;Office areas;;Tangent road with flat terrain;Crossing;Asphalt roads;Dry;Daylight;Normal;Vehicle with vehicle collision;2;1;Going straight;na;na;na;na;Driver;;Not a Pedestrian;No distancing;Slight Injury
11:42:00;Wednesday;Over 51;Male;Junior high school;Employee;5-10yr;Lorry (41?100Q);Owner;;;Office areas;Two-way (divided with broken lines road marking);Tangent road with flat terrain;Y Shape;Asphalt roads;Dry;Daylight;Normal;Collision with pedestrians;2;2;Going straight;Driver or rider;Male;31-50;3;Driver;Normal;Not a Pedestrian;No distancing;Slight Injury
11:42:00;Wednesday;31-50;Male;Junior high school;Employee;5-10yr;Public (> 45 seats);Governmental;;No defect;Office areas;Two-way (divided with broken lines road marking);Tangent road with flat terrain;Y Shape;Asphalt roads;Dry;Daylight;Normal;Vehicle with vehicle collision;2;2;Getting off;Pedestrian;Male;18-30;2;Driver;Normal;Unknown or other;Changing lane to the left;Slight Injury
15:20:00;Wednesday;Unknown;Female;Above high school;Employee;5-10yr;;Owner;2-5yrs;; Church areas;Undivided Two way;Tangent road with flat terrain;No junction;Asphalt roads;Dry;Daylight;Normal;Collision with roadside objects;1;1;Going straight;Pedestrian;Male;18-30;3;Driver;Normal;Unknown or other;Changing lane to the right;Slight Injury
18:20:00;Sunday;31-50;Male;Junior high school;Employee;Above 10yr;;Governmental;;;Office areas;Two-way (divided with broken lines road marking);Tangent road with flat terrain;No junction;Asphalt roads;Wet or damp;Daylight;Raining;Vehicle with vehicle collision;2;4;Going straight;Pedestrian;Male;18-30;3;;Normal;Unknown or other;No priority to vehicle;Slight Injury
18:20:00;Sunday;31-50;Male;Elementary school;Employee;2-5yr;Automobile;Governmental;Unknown;;Residential areas;Two-way (divided with broken lines road marking);Tangent road with flat terrain;No junction;Asphalt roads;Wet or damp;Daylight;Raining;Vehicle with vehicle collision;2;4;Other;Driver or rider;Male;31-50;3;Driver;Normal;Not a Pedestrian;Changing lane to the left;Slight Injury
18:20:00;Sunday;31-50;Male;Junior high school;Employee;5-10yr;Automobile;Owner;;;School areas;Two-way (divided with broken lines road marking);Tangent road with flat terrain;No junction;Asphalt roads;Wet or damp;Daylight;Raining;Vehicle with vehicle collision;2;4;Going straight;na;na;na;na;Driver;Normal;Not a Pedestrian;No priority to vehicle;Slight Injury
18:20:00;Sunday;31-50;Male;;;;Lorry (41?100Q);Owner;Unknown;;Office areas;Undivided Two way;Tangent road with flat terrain;No junction;Asphalt roads;Wet or damp;Daylight;Raining;Vehicle with vehicle collision;2;4;Going straight;Driver or rider;Male;18-30;2;Self-employed;Normal;Not a Pedestrian;Moving Backward;Slight Injury
18:20:00;Sunday;31-50;Male;Junior high school;Employee;5-10yr;Automobile;Owner;5-10yrs;;Other;Undivided Two way;Tangent road with flat terrain;No junction;Asphalt roads;Wet or damp;Daylight;Raining;Vehicle with vehicle collision;2;4;Going straight;na;na;na;na;Driver;Normal;Not a Pedestrian;Turnover;Slight Injury
14:42:00;Sunday;Over 51;Male;Junior high school;Employee;;Public (13?45 seats);Owner;;;Other;Double carriageway (median);Tangent road with flat terrain;Y Shape;Asphalt roads;Wet or damp;Daylight;Raining;Vehicle with vehicle collision;2;2;Going straight;na;na;na;na;Driver;Normal;Not a Pedestrian;No distancing;Slight Injury
14:42:00;Sunday;Over 51;Male;Junior high school;Employee;;Automobile;Governmental;;No defect;Other;Double carriageway (median);Tangent road with flat terrain;Y Shape;Asphalt roads;Wet or damp;Daylight;Raining;Vehicle with vehicle collision;2;2;Going straight;Driver or rider;Male;18-30;3;Self-employed;Normal;Not a Pedestrian;No distancing;Slight Injury
14:42:00;Sunday;Over 51;Male;Junior high school;Employee;1-2yr;Public (> 45 seats);Owner;5-10yrs;No defect;Other;Two-way (divided with broken lines road marking);Tangent road with flat terrain;Y Shape;Asphalt roads;Wet or damp;Daylight;Raining;Vehicle with vehicle collision;2;2;Reversing;Pedestrian;Female;Under 18;3;;;Crossing from driver's nearside;No distancing;Slight Injury
18:23:00;Friday;18-30;Male;Above high school;Owner;5-10yr;Lorry (41?100Q);Owner;Unknown;No defect;Office areas;Double carriageway (median);Tangent road with mild grade and flat terrain;Y Shape;Asphalt roads;Dry;Daylight;Normal;Vehicle with vehicle collision;1;1;Other;Pedestrian;Female;Under 18;3;Driver;Normal;Crossing from driver's nearside;Changing lane to the left;Slight Injury
10:35:00;Thursday;18-30;Male;Junior high school;Employee;2-5yr;Automobile;Owner;;;Office areas;Two-way (divided with broken lines road marking);Tangent road with flat terrain;Y Shape;Asphalt roads;Dry;Daylight;Normal;Collision with roadside objects;2;1;Going straight;na;na;na;na;Other;Normal;Not a Pedestrian;No priority to vehicle;Slight Injury
10:35:00;Thursday;18-30;Male;Junior high school;Owner;5-10yr;Lorry (11?40Q);Owner;;;Office areas;;Tangent road with mild grade and flat terrain;Y Shape;Asphalt roads;Dry;Daylight;Normal;Vehicle with vehicle collision;2;1;Going straight;Driver or rider;Male;5;3;Driver;Normal;Not a Pedestrian;Driving at high speed;Slight Injury
06:25:00;Thursday;Over 51;Male;High school;Employee;2-5yr;Public (13?45 seats);Owner;;;Office areas;;Tangent road with mild grade and flat terrain;No junction;Asphalt roads;Wet or damp;Daylight;Normal;Collision with roadside objects;2;1;Going straight;Driver or rider;Male;Under 18;3;Self-employed;Normal;Not a Pedestrian;Overtaking;Serious Injury
06:25:00;Thursday;18-30;Male;Junior high school;Employee;Above 10yr;Public (13?45 seats);Owner;;;Office areas;One way;Tangent road with flat terrain;No junction;Asphalt roads;Wet or damp;Daylight;Normal;Vehicle with vehicle collision;2;1;Going straight;na;na;na;na;Driver;Normal;Not a Pedestrian;Other;Serious Injury
16:25:00;Saturday;18-30;Male;Junior high school;Employee;Below 1yr;;;;;Office areas;Two-way (divided with broken lines road marking);Tangent road with flat terrain;Crossing;Asphalt roads;Wet or damp;Daylight;Normal;Vehicle with vehicle collision;2;1;Going straight;Driver or rider;Male;18-30;3;Driver;Normal;Not a Pedestrian;Changing lane to the left;Slight Injury
16:25:00;Saturday;18-30;Male;Junior high school;Employee;Below 1yr;Long lorry;Owner;;;Office areas;;Tangent road with flat terrain;Crossing;Asphalt roads;Wet or damp;Daylight;Normal;;2;1;Going straight;na;na;na;na;;;Not a Pedestrian;No priority to pedestrian;Slight Injury
16:20:00;Monday;Under 18;Male;;Owner;;Lorry (41?100Q);Owner;5-10yrs;;Other;Undivided Two way;Tangent road with flat terrain;Y Shape;Asphalt roads;Dry;Daylight;Normal;Collision with pedestrians;2;1;Going straight;Pedestrian;Female;Over 51;3;Driver;Normal;Crossing from nearside - masked by parked or statioNot a Pedestrianry vehicle;Changing lane to the left;Slight Injury
16:20:00;Monday;31-50;Male;Junior high school;Employee;2-5yr;Lorry (11?40Q);Owner;;No defect;Other;Two-way (divided with broken lines road marking);Tangent road with flat terrain;Y Shape;Asphalt roads;Dry;Daylight;Normal;Vehicle with vehicle collision;2;1;Going straight;Pedestrian;Female;31-50;2;Driver;Normal;Crossing from nearside - masked by parked or statioNot a Pedestrianry vehicle;No distancing;Slight Injury
16:37:00;Wednesday;18-30;Male;;;;Lorry (41?100Q);;2-5yrs;No defect;Residential areas;Two-way (divided with broken lines road marking);Tangent road with flat terrain;Y Shape;Asphalt roads;Dry;Daylight;Normal;Vehicle with vehicle collision;2;1;Going straight;na;na;na;na;;;Not a Pedestrian;Moving Backward;Slight Injury
16:37:00;Wednesday;31-50;Male;Elementary school;Employee;No Licence;Public (12 seats);Owner;;No defect;Other;Two-way (divided with broken lines road marking);Tangent road with flat terrain;Y Shape;Asphalt roads;Dry;Daylight;Normal;Vehicle with vehicle collision;2;1;Moving Backward;Driver or rider;Male;18-30;3;;;Not a Pedestrian;Changing lane to the left;Slight Injury
23:15:00;Monday;Unknown;Female;Junior high school;Employee;Above 10yr;;Owner;5-10yrs;No defect;Other;Two-way (divided with broken lines road marking);Tangent road with flat terrain;No junction;Asphalt roads;Dry;Darkness - lights lit;Normal;Collision with pedestrians;1;1;Moving Backward;Driver or rider;Male;31-50;3;Driver;Normal;Not a Pedestrian;Other;Serious Injury
15:27:00;Tuesday;31-50;Male;Junior high school;Owner;Above 10yr;Taxi;Governmental;;No defect;Other;Two-way (divided with broken lines road marking);Tangent road with flat terrain;No junction;Asphalt roads;Dry;Daylight;Normal;Collision with roadside objects;1;1;Turnover;na;na;na;na;Driver;Normal;Not a Pedestrian;No distancing;Slight Injury
15:10:00;Thursday;Unknown;Female;Junior high school;Employee;Above 10yr;;Owner;5-10yrs;;Other;Undivided Two way;Tangent road with flat terrain;Crossing;Asphalt roads;Dry;Daylight;Normal;;2;1;Other;Driver or rider;Male;18-30;3;;;Not a Pedestrian;Moving Backward;Slight Injury
15:10:00;Thursday;Over 51;Male;Junior high school;Employee;Above 10yr;Automobile;Owner;;; Industrial areas;Undivided Two way;Tangent road with flat terrain;Crossing;Asphalt roads with some distress;Dry;Daylight;Normal;Vehicle with vehicle collision;2;1;Other;na;na;na;na;;;Not a Pedestrian;No distancing;Slight Injury
14:30:00;Tuesday;18-30;Male;Junior high school;Owner;5-10yr;;Owner;5-10yrs;; Industrial areas;Undivided Two way;Tangent road with flat terrain;Y Shape;Asphalt roads;Dry;Daylight;Normal;;1;1;Going straight;Driver or rider;Male;Over 51;3;Driver;Normal;Not a Pedestrian;Changing lane to the left;Serious Injury
13:15:00;Saturday;18-30;Male;Junior high school;Employee;Below 1yr;Lorry (41?100Q);Owner;;No defect; Church areas;Double carriageway (median);Tangent road with flat terrain;Crossing;Asphalt roads;Dry;Daylight;Normal;;2;1;Going straight;Passenger;Female;Under 18;3;Driver;Normal;Not a Pedestrian;Changing lane to the left;Serious Injury
13:15:00;Saturday;31-50;Male;Junior high school;Employee;2-5yr;Automobile;Owner;;No defect;Other;Undivided Two way;Tangent road with flat terrain;Crossing;Asphalt roads;Dry;Daylight;Normal;;2;1;Other;Passenger;Female;Under 18;3;;;Not a Pedestrian;No priority to pedestrian;Serious Injury
13:15:00;Wednesday;Under 18;Male;Junior high school;Employee;;Automobile;Owner;Above 10yr;;Other;Undivided Two way;Tangent road with flat terrain;Y Shape;Asphalt roads;Dry;Daylight;Normal;Vehicle with vehicle collision;2;1;Other;Passenger;Male;Under 18;3;;;Not a Pedestrian;Changing lane to the left;Slight Injury
13:15:00;Wednesday;Unknown;Female;Above high school;Employee;1-2yr;Lorry (41?100Q);Owner;Unknown;No defect;Office areas;Undivided Two way;Tangent road with flat terrain;Y Shape;Gravel roads;Dry;Daylight;Normal;Vehicle with vehicle collision;2;1;Going straight;Passenger;Female;31-50;3;Driver;Normal;Not a Pedestrian;Driving carelessly;Slight Injury
14:13:00;Tuesday;Over 51;Male;Junior high school;Employee;1-2yr;Automobile;Owner;Unknown;No defect;Office areas;Undivided Two way;Tangent road with flat terrain;Y Shape;Asphalt roads;Dry;Daylight;Normal;Collision with roadside objects;2;3;Reversing;Driver or rider;Female;18-30;3;Driver;Normal;Not a Pedestrian;Driving carelessly;Slight Injury
14:13:00;Tuesday;31-50;Male;Junior high school;Employee;1-2yr;Automobile;Governmental;Below 1yr;;Residential areas;Two-way (divided with broken lines road marking);Tangent road with flat terrain;Y Shape;Asphalt roads;Dry;Daylight;Normal;Collision with roadside objects;2;3;Other;na;na;na;na;;;Not a Pedestrian;No priority to pedestrian;Slight Injury
14:13:00;Tuesday;31-50;Male;Unknown;Employee;5-10yr;Automobile;Owner;Unknown;No defect; Industrial areas;Undivided Two way;Tangent road with flat terrain;Y Shape;Asphalt roads;Dry;Daylight;Normal;Vehicle with vehicle collision;2;3;Turnover;Driver or rider;Female;18-30;3;Driver;;Not a Pedestrian;Getting off the vehicle improperly;Slight Injury
14:13:00;Tuesday;31-50;Male;Junior high school;Employee;Above 10yr;Taxi;Owner;;No defect;Office areas;Undivided Two way;Tangent road with flat terrain;Y Shape;Asphalt roads;Dry;Daylight;Normal;Vehicle with vehicle collision;2;3;Going straight;Driver or rider;Male;Over 51;3;Driver;Normal;Not a Pedestrian;No distancing;Slight Injury
15:40:00;Tuesday;18-30;Male;Junior high school;Employee;Above 10yr;;Owner;;No defect;Other;Undivided Two way;Tangent road with flat terrain;No junction;Asphalt roads;Dry;Daylight;Normal;Vehicle with vehicle collision;3;3;Going straight;Driver or rider;Male;18-30;3;Driver;Normal;Not a Pedestrian;Changing lane to the left;Slight Injury
15:40:00;Tuesday;18-30;Male;Junior high school;Employee;5-10yr;;Owner;;;Other;Two-way (divided with broken lines road marking);Tangent road with flat terrain;No junction;Asphalt roads;Dry;Daylight;Normal;Vehicle with vehicle collision;3;3;Going straight;Driver or rider;Female;18-30;3;Driver;Normal;Not a Pedestrian;No priority to vehicle;Slight Injury
15:40:00;Tuesday;31-50;Male;Junior high school;Employee;2-5yr;Automobile;Owner;;No defect;Residential areas;Undivided Two way;Tangent road with flat terrain;No junction;Asphalt roads;Dry;Daylight;Normal;Vehicle with vehicle collision;3;3;Going straight;na;na;na;na;Driver;Normal;Not a Pedestrian;No distancing;Slight Injury
15:40:00;Tuesday;Over 51;Male;Junior high school;Employee;Below 1yr;Pick up upto 10Q;Owner;;;Office areas;Two-way (divided with broken lines road marking);Tangent road with flat terrain;No junction;Asphalt roads;Dry;Daylight;Normal;Rollover;3;3;Going straight;na;na;na;na;;;Not a Pedestrian;No priority to pedestrian;Slight Injury
20:15:00;Saturday;18-30;Male;Junior high school;Employee;1-2yr;;Organization;;;Residential areas;other;Tangent road with flat terrain;No junction;Asphalt roads;Dry;Darkness - lights lit;Normal;Vehicle with vehicle collision;6;2;Going straight;Driver or rider;Male;31-50;3;Driver;;Not a Pedestrian;No priority to pedestrian;Slight Injury
20:15:00;Saturday;18-30;Male;Junior high school;Employee;5-10yr;Automobile;Owner;;;Office areas;Two-way (divided with broken lines road marking);Tangent road with flat terrain;No junction;Asphalt roads;Dry;Darkness - lights lit;Normal;Collision with roadside objects;6;2;Going straight;na;na;na;na;Driver;Normal;Not a Pedestrian;No priority to vehicle;Slight Injury
20:15:00;Saturday;18-30;Male;Junior high school;Employee;Below 1yr;Public (12 seats);;;; Church areas;Two-way (divided with broken lines road marking);Tangent road with flat terrain;No junction;Asphalt roads;Dry;Darkness - lights lit;Normal;Collision with pedestrians;6;2;Going straight;Driver or rider;Female;31-50;3;Self-employed;Normal;Not a Pedestrian;Driving carelessly;Slight Injury
20:15:00;Saturday;18-30;Male;Elementary school;Employee;5-10yr;Public (13?45 seats);Organization;5-10yrs;;Residential areas;Two-way (divided with broken lines road marking);Tangent road with flat terrain;No junction;Asphalt roads;Dry;Darkness - lights lit;Normal;Vehicle with vehicle collision;6;2;Going straight;Driver or rider;Male;Under 18;2;Employee;Normal;Not a Pedestrian;Changing lane to the right;Slight Injury
20:15:00;Saturday;18-30;Male;Junior high school;Employee;2-5yr;Lorry (11?40Q);Owner;Above 10yr;;School areas;other;Tangent road with flat terrain;No junction;Asphalt roads;Dry;Darkness - lights lit;Normal;Vehicle with vehicle collision;6;2;Other;na;na;na;na;Driver;Normal;Not a Pedestrian;Changing lane to the left;Slight Injury
20:15:00;Saturday;18-30;Male;Junior high school;Employee;5-10yr;Stationwagen;Owner;5-10yrs;; Hospital areas;other;Steep grade downward with mountainous terrain;No junction;Earth roads;Dry;Darkness - lights lit;Normal;Vehicle with vehicle collision;6;2;Going straight;na;na;na;na;Other;Normal;Not a Pedestrian;Moving Backward;Slight Injury
08:15:00;Monday;18-30;Male;Elementary school;Employee;5-10yr;Ridden horse;Owner;2-5yrs;;Other;Undivided Two way;Tangent road with flat terrain;Y Shape;Asphalt roads;Dry;Daylight;Normal;Vehicle with vehicle collision;3;2;Going straight;Driver or rider;Female;Over 51;3;Self-employed;Normal;Not a Pedestrian;Driving carelessly;Slight Injury
08:15:00;Monday;31-50;Male;Junior high school;Employee;Above 10yr;Stationwagen;Owner;;;School areas;Double carriageway (median);Tangent road with flat terrain;Y Shape;;Dry;Daylight;Normal;Vehicle with vehicle collision;3;2;Moving Backward;Driver or rider;Male;18-30;3;Self-employed;Normal;Not a Pedestrian;Driving to the left;Slight Injury
08:15:00;Monday;Over 51;Male;Junior high school;Employee;1-2yr;Automobile;Owner;Above 10yr;No defect;Other;other;Tangent road with flat terrain;Y Shape;;Dry;Daylight;Normal;Vehicle with vehicle collision;3;2;Going straight;na;na;na;na;Employee;Normal;Not a Pedestrian;Driving to the left;Slight Injury
09:18:00;Tuesday;Over 51;Male;High school;Employee;Below 1yr;Automobile;Owner;5-10yrs;; Industrial areas;Undivided Two way;Tangent road with flat terrain;Y Shape;Asphalt roads;Dry;Daylight;Normal;Vehicle with vehicle collision;2;1;Moving Backward;na;na;na;na;Self-employed;Normal;Not a Pedestrian;No priority to pedestrian;Serious Injury
09:18:00;Tuesday;Over 51;Male;Elementary school;Employee;Above 10yr;Other;Owner;Unknown;No defect; Church areas;Two-way (divided with broken lines road marking);Tangent road with flat terrain;Y Shape;Earth roads;Dry;Daylight;Normal;Collision with roadside objects;2;1;Other;Driver or rider;Male;18-30;3;;;Not a Pedestrian;Changing lane to the left;Serious Injury
13:10:00;Sunday;Under 18;Male;High school;Owner;1-2yr;Taxi;Owner;;No defect;Office areas;Two-way (divided with broken lines road marking);Tangent road with flat terrain;No junction;Asphalt roads;Dry;Daylight;Normal;Rollover;2;4;Going straight;na;na;na;na;Driver;Normal;Not a Pedestrian;Changing lane to the right;Slight Injury
13:10:00;Sunday;Under 18;Male;Junior high school;Employee;2-5yr;Automobile;Owner;;No defect;Other;Two-way (divided with broken lines road marking);Tangent road with flat terrain;No junction;Asphalt roads;Dry;Daylight;Normal;Vehicle with vehicle collision;2;4;Reversing;Driver or rider;Male;31-50;3;Driver;Normal;Not a Pedestrian;Driving carelessly;Slight Injury
13:10:00;Sunday;Under 18;Male;;Employee;5-10yr;Stationwagen;Owner;;No defect;Office areas;Double carriageway (median);Tangent road with flat terrain;No junction;Earth roads;Dry;Daylight;Normal;Collision with pedestrians;2;4;Going straight;Pedestrian;Male;18-30;3;Driver;Normal;Unknown or other;No distancing;Slight Injury
13:10:00;Sunday;31-50;Male;High school;Owner;2-5yr;Automobile;Owner;;No defect;Office areas;Double carriageway (median);Tangent road with flat terrain;No junction;Asphalt roads;Dry;Daylight;Normal;Vehicle with vehicle collision;2;4;Other;Driver or rider;Male;Under 18;3;Driver;Normal;Not a Pedestrian;Getting off the vehicle improperly;Slight Injury
13:41:00;Tuesday;Unknown;Female;High school;Employee;Above 10yr;Public (12 seats);Governmental;;No defect;Office areas;Double carriageway (median);Tangent road with flat terrain;Crossing;Asphalt roads;Dry;Daylight;Normal;Vehicle with vehicle collision;4;2;Other;Driver or rider;Female;18-30;3;;;Not a Pedestrian;Driving under the influence of drugs;Slight Injury
13:41:00;Tuesday;Over 51;Male;Junior high school;Employee;1-2yr;;Owner;;No defect;Residential areas;Double carriageway (median);Tangent road with flat terrain;Crossing;Asphalt roads;Dry;Daylight;Normal;Collision with pedestrians;4;2;Other;na;na;na;na;Driver;Normal;Not a Pedestrian;Changing lane to the right;Slight Injury
13:41:00;Tuesday;Over 51;Male;Elementary school;Employee;1-2yr;Automobile;Owner;;No defect;Office areas;Double carriageway (median);Tangent road with flat terrain;Crossing;Asphalt roads;Dry;Daylight;Normal;Collision with pedestrians;4;2;Stopping;Driver or rider;Male;31-50;3;;;Not a Pedestrian;Driving carelessly;Slight Injury
13:41:00;Tuesday;Over 51;Male;High school;Employee;1-2yr;Lorry (41?100Q);Owner;2-5yrs;;Other;Undivided Two way;Tangent road with flat terrain;Crossing;Asphalt roads;Dry;Daylight;Normal;Vehicle with vehicle collision;4;2;Other;na;na;na;na;Driver;Normal;Not a Pedestrian;Moving Backward;Slight Injury
13:41:00;Tuesday;18-30;Male;Above high school;Employee;5-10yr;;Owner;2-5yrs;; Industrial areas;One way;;Crossing;Asphalt roads;Dry;Daylight;Normal;Vehicle with vehicle collision;4;2;Other;na;na;na;na;Self-employed;Normal;Not a Pedestrian;Turnover;Slight Injury
12:30:00;Tuesday;18-30;Male;;;;Public (> 45 seats);Owner;;No defect;Other;One way;Tangent road with flat terrain;Crossing;Asphalt roads;Dry;Daylight;Normal;Vehicle with vehicle collision;2;1;Other;Driver or rider;Male;31-50;2;Driver;Normal;Not a Pedestrian;Changing lane to the right;Slight Injury
12:30:00;Tuesday;18-30;Male;Junior high school;Employee;5-10yr;;Owner;;No defect;Office areas;Double carriageway (median);Tangent road with flat terrain;Crossing;Asphalt roads;Dry;Daylight;Normal;Vehicle with vehicle collision;2;1;Going straight;na;na;na;na;Driver;Normal;Not a Pedestrian;Driving carelessly;Slight Injury
11:30:00;Wednesday;31-50;Male;Elementary school;Owner;5-10yr;Public (12 seats);Governmental;Unknown;;Office areas;Two-way (divided with broken lines road marking);Tangent road with flat terrain;Y Shape;Asphalt roads;Dry;Daylight;Normal;Vehicle with vehicle collision;1;1;Going straight;Driver or rider;Male;31-50;3;Self-employed;Normal;Not a Pedestrian;No priority to vehicle;Serious Injury
22:20:00;Sunday;18-30;Male;Elementary school;Employee;5-10yr;Public (12 seats);Governmental;;No defect;;Double carriageway (median);Tangent road with flat terrain;Y Shape;Asphalt roads;Dry;Darkness - lights lit;Normal;Collision with roadside objects;2;1;Going straight;Driver or rider;Male;31-50;3;Driver;Normal;Not a Pedestrian;Moving Backward;Slight Injury
22:20:00;Sunday;18-30;Male;High school;Owner;5-10yr;Automobile;Owner;;;Other;;Tangent road with flat terrain;Y Shape;Asphalt roads;Dry;Darkness - lights lit;Normal;Vehicle with vehicle collision;2;1;Going straight;na;na;na;na;Driver;Normal;Not a Pedestrian;Changing lane to the left;Slight Injury
10:57:00;Tuesday;18-30;Male;Junior high school;Employee;5-10yr;;Owner;Unknown;;Office areas;Double carriageway (median);Tangent road with flat terrain;Other;Asphalt roads;Dry;Daylight;Normal;Vehicle with vehicle collision;3;1;Going straight;Driver or rider;Male;18-30;3;Self-employed;Normal;Not a Pedestrian;Overturning;Slight Injury
10:57:00;Tuesday;18-30;Male;Junior high school;Owner;1-2yr;Automobile;Owner;;No defect;Office areas;Two-way (divided with broken lines road marking);Tangent road with flat terrain;Other;Asphalt roads with some distress;Dry;Daylight;Normal;Vehicle with vehicle collision;3;1;Going straight;Driver or rider;Male;18-30;3;;;Not a Pedestrian;No distancing;Slight Injury
10:57:00;Tuesday;Over 51;Male;Junior high school;Employee;2-5yr;Lorry (41?100Q);Owner;5-10yrs;;Office areas;Undivided Two way;Tangent road with flat terrain;Other;Asphalt roads;Dry;Daylight;Normal;Vehicle with vehicle collision;3;1;Going straight;Driver or rider;Female;18-30;3;Self-employed;Normal;Not a Pedestrian;Driving carelessly;Slight Injury
11:08:00;Thursday;Over 51;Male;Junior high school;Owner;5-10yr;Public (12 seats);Owner;;;Other;Undivided Two way;Tangent road with flat terrain;No junction;Asphalt roads;Dry;Daylight;Normal;Vehicle with vehicle collision;1;2;Going straight;na;na;na;na;Self-employed;Normal;Not a Pedestrian;No distancing;Serious Injury
11:08:00;Thursday;Over 51;Male;Junior high school;Owner;Above 10yr;Lorry (11?40Q);Owner;;No defect;Other;Undivided Two way;Tangent road with flat terrain;No junction;Asphalt roads;Dry;Daylight;Normal;Vehicle with vehicle collision;1;2;Going straight;Driver or rider;Male;31-50;3;Self-employed;Normal;Not a Pedestrian;Changing lane to the left;Serious Injury
02:47:00;Friday;31-50;Male;High school;Employee;5-10yr;Automobile;Owner;;No defect;  Recreational areas;Undivided Two way;Tangent road with flat terrain;No junction;Asphalt roads;Dry;Darkness - lights lit;Normal;Vehicle with vehicle collision;1;1;Going straight;na;na;na;na;Driver;Normal;Not a Pedestrian;No priority to pedestrian;Fatal injury
09:35:00;Wednesday;31-50;Male;High school;Owner;2-5yr;Automobile;Owner;;No defect; Church areas;Undivided Two way;Tangent road with flat terrain;Crossing;Asphalt roads;Dry;Daylight;Normal;Vehicle with vehicle collision;2;2;Going straight;Pedestrian;Male;31-50;3;;;Not a Pedestrian;No distancing;Slight Injury
09:35:00;Wednesday;31-50;Male;Junior high school;Employee;5-10yr;Automobile;Other;1-2yr;No defect;  Recreational areas;other;Tangent road with flat terrain;Crossing;Asphalt roads;Dry;Daylight;Normal;Vehicle with vehicle collision;2;2;Reversing;Driver or rider;Female;Over 51;3;Student;Normal;Not a Pedestrian;No distancing;Slight Injury
17:02:00;Monday;18-30;Male;Elementary school;Employee;2-5yr;Bajaj;Owner;5-10yrs;No defect;School areas;other;Tangent road with flat terrain;No junction;Asphalt roads;Dry;Daylight;Normal;Vehicle with vehicle collision;3;2;Going straight;na;na;na;na;Driver;Normal;Not a Pedestrian;Changing lane to the left;Slight Injury
17:02:00;Monday;31-50;Male;Elementary school;Employee;5-10yr;Public (12 seats);Owner;;No defect; Church areas;Double carriageway (median);Tangent road with flat terrain;No junction;Asphalt roads;Dry;Daylight;Normal;Vehicle with vehicle collision;3;2;Other;Driver or rider;Female;18-30;3;;;Not a Pedestrian;No distancing;Slight Injury
17:02:00;Monday;18-30;Male;Junior high school;Employee;1-2yr;Lorry (11?40Q);Owner;5-10yrs;;Office areas;;Tangent road with flat terrain;No junction;Asphalt roads;Dry;Daylight;Normal;Vehicle with vehicle collision;3;2;;na;na;na;na;Self-employed;Normal;Not a Pedestrian;Changing lane to the left;Slight Injury
01:06:00;Sunday;18-30;Male;Junior high school;Employee;5-10yr;;Owner;2-5yrs;;Residential areas;One way;Steep grade downward with mountainous terrain;Y Shape;Asphalt roads;Dry;Darkness - lights lit;Normal;Vehicle with vehicle collision;2;2;Getting off;na;na;na;na;Self-employed;Normal;Not a Pedestrian;No distancing;Slight Injury
01:06:00;Sunday;18-30;Male;;;;;Owner;;No defect;Other;One way;Tangent road with flat terrain;Y Shape;Asphalt roads;Dry;Darkness - lights lit;Normal;Vehicle with vehicle collision;2;2;Going straight;Driver or rider;Male;18-30;3;Driver;Normal;Not a Pedestrian;No distancing;Slight Injury
14:15:00;Friday;31-50;Male;Elementary school;Employee;Above 10yr;Automobile;Owner;;No defect;Other;Undivided Two way;Tangent road with flat terrain;Y Shape;Asphalt roads;Dry;Daylight;Normal;Vehicle with vehicle collision;1;1;Going straight;Pedestrian;Female;Over 51;3;;Normal;Crossing from nearside - masked by parked or statioNot a Pedestrianry vehicle;No distancing;Slight Injury
17:30:00;Wednesday;18-30;Male;Elementary school;Employee;Below 1yr;Lorry (11?40Q);Governmental;1-2yr;No defect; Industrial areas;One way;Tangent road with flat terrain;Crossing;Asphalt roads;Dry;Daylight;Normal;Collision with roadside objects;1;1;Going straight;Driver or rider;Male;31-50;3;;;Not a Pedestrian;Changing lane to the left;Slight Injury
17:20:00;Friday;18-30;Male;Junior high school;Employee;2-5yr;Lorry (41?100Q);Governmental;1-2yr;No defect; Church areas;other;Steep grade downward with mountainous terrain;Y Shape;Asphalt roads;Dry;Daylight;Normal;Vehicle with vehicle collision;3;1;Going straight;na;na;na;na;Self-employed;Normal;Not a Pedestrian;Changing lane to the right;Slight Injury