Time;Day_of_week;Age_band_of_driver;Sex_of_driver;Educational_level;Vehicle_driver_relation;Driving_experience;Type_of_vehicle;Owner_of_vehicle;Service_year_of_vehicle;Defect_of_vehicle;Area_accident_occured;Lanes_or_Medians;Road_allignment;Types_of_Junction;Road_surface_type;Road_surface_conditions;Light_conditions;Weather_conditions;Type_of_collision;Number_of_vehicles_involved;Number_of_casualties;Vehicle_movement;Casualty_class;Sex_of_casualty;Age_band_of_casualty;Casualty_severity;Work_of_casuality;Fitness_of_casuality;Pedestrian_movement;Cause_of_accident;Accident_severity
17:20:00;Friday;18-30;Male;Elementary school;Owner;1-2yr;Pick up upto 10Q;Organization;1-2yr;No defect;Office areas;other;Tangent road with flat terrain;Y Shape;Asphalt roads;Dry;Daylight;Normal;Vehicle with vehicle collision;3;1;Turnover;Driver or rider;Female;5;3;Driver;Normal;Not a Pedestrian;Moving Backward;Slight Injury
17:20:00;Friday;18-30;Male;Junior high school;Owner;5-10yr;Lorry (11?40Q);Owner;Unknown;No defect;Office areas;Undivided Two way;Tangent road with flat terrain;Y Shape;Asphalt roads;Dry;Daylight;Normal;Vehicle with vehicle collision;3;1;Entering a junction;na;na;na;na;;Normal;Not a Pedestrian;Changing lane to the right;Slight Injury
14:40:00;Saturday;18-30;Male;Junior high school;Employee;2-5yr;Stationwagen;Owner;;;Office areas;Double carriageway (median);Tangent road with flat terrain;No junction;Asphalt roads;Dry;Daylight;Normal;Vehicle with vehicle collision;2;1;Entering a junction;na;na;na;na;;Normal;Not a Pedestrian;No distancing;Slight Injury
14:40:00;Saturday;31-50;Male;Junior high school;Employee;2-5yr;Other;Owner;2-5yrs;;Other;Two-way (divided with broken lines road marking);Tangent road with flat terrain;No junction;Asphalt roads;Dry;Daylight;Normal;Collision with pedestrians;2;1;Entering a junction;Driver or rider;Male;18-30;3;Self-employed;Normal;Not a Pedestrian;Overtaking;Slight Injury
17:45:00;Thursday;18-30;Male;High school;Employee;2-5yr;Other;Owner;;;Office areas;Undivided Two way;Tangent road with flat terrain;No junction;Asphalt roads;Dry;Daylight;Normal;Vehicle with vehicle collision;2;2;Entering a junction;na;na;na;na;Self-employed;Normal;Not a Pedestrian;Other;Slight Injury
17:45:00;Thursday;31-50;Male;Junior high school;Employee;Above 10yr;Lorry (11?40Q);Owner;;No defect;Other;Double carriageway (median);Tangent road with flat terrain;No junction;Gravel roads;Dry;Daylight;Normal;Vehicle with vehicle collision;2;2;Other;Driver or rider;Female;31-50;3;;Normal;Not a Pedestrian;Other;Slight Injury
17:45:00;Thursday;31-50;Male;Junior high school;Employee;2-5yr;;Owner;Above 10yr;No defect; Industrial areas;Two-way (divided with broken lines road marking);Tangent road with flat terrain;No junction;Asphalt roads;Dry;Daylight;Normal;Vehicle with vehicle collision;2;2;Entering a junction;Pedestrian;Male;Over 51;3;Driver;Normal;Crossing from nearside - masked by parked or statioNot a Pedestrianry vehicle;Changing lane to the right;Slight Injury
22:45:00;Monday;18-30;Female;Junior high school;Employee;1-2yr;Automobile;Owner;;No defect;Residential areas;other;Tangent road with flat terrain;Y Shape;Asphalt roads;Wet or damp;Darkness - lights lit;Raining;Vehicle with vehicle collision;2;3;Turnover;na;na;na;na;Other;Normal;Not a Pedestrian;No priority to pedestrian;Slight Injury
22:45:00;Monday;18-30;Male;Junior high school;Employee;2-5yr;Lorry (41?100Q);Owner;;No defect;Other;Two-way (divided with broken lines road marking);Tangent road with flat terrain;Y Shape;Asphalt roads;Wet or damp;Darkness - lights lit;Raining;Vehicle with vehicle collision;2;3;Entering a junction;Driver or rider;Male;18-30;3;Employee;Normal;Not a Pedestrian;No priority to vehicle;Slight Injury
22:45:00;Monday;18-30;Male;Junior high school;Employee;5-10yr;Other;Owner;5-10yrs;;Other;One way;Tangent road with flat terrain;Y Shape;Asphalt roads;Wet or damp;Darkness - lights lit;Raining;Vehicle with vehicle collision;2;3;Entering a junction;Driver or rider;Male;31-50;3;Driver;Normal;Not a Pedestrian;Changing lane to the left;Slight Injury
22:45:00;Monday;18-30;Male;Junior high school;Employee;1-2yr;Lorry (41?100Q);Owner;1-2yr;No defect;Other;One way;Tangent road with flat terrain;Y Shape;Asphalt roads;Wet or damp;Darkness - lights lit;Raining;Vehicle with vehicle collision;2;3;Entering a junction;na;na;na;na;Driver;Normal;Not a Pedestrian;Changing lane to the left;Slight Injury
08:20:00;Tuesday;18-30;Male;Elementary school;Employee;1-2yr;Automobile;Owner;;;Other;Undivided Two way;Tangent road with flat terrain;Y Shape;Asphalt roads;Dry;Daylight;Normal;Vehicle with vehicle collision;2;1;Entering a junction;na;na;na;na;Employee;Normal;Not a Pedestrian;Overtaking;Slight Injury
08:20:00;Tuesday;Under 18;Male;Junior high school;Employee;2-5yr;Pick up upto 10Q;;;;Other;Two-way (divided with broken lines road marking);Tangent road with flat terrain;Y Shape;Asphalt roads;Dry;Daylight;Normal;Collision with pedestrians;2;1;Entering a junction;Driver or rider;Female;5;3;Driver;Normal;Not a Pedestrian;No distancing;Slight Injury
15:10:00;Thursday;18-30;Male;Junior high school;Employee;Above 10yr;Lorry (41?100Q);Governmental;Below 1yr;No defect;Residential areas;other;Steep grade downward with mountainous terrain;Crossing;Asphalt roads;Dry;Daylight;Normal;Vehicle with vehicle collision;1;1;Other;Pedestrian;Female;Over 51;2;Driver;Normal;Not a Pedestrian;No priority to vehicle;Slight Injury
12:11:00;Thursday;18-30;Male;Junior high school;Employee;Below 1yr;Public (13?45 seats);Owner;;No defect;Office areas;Two-way (divided with broken lines road marking);Tangent road with flat terrain;Y Shape;Asphalt roads;Dry;Daylight;Normal;Vehicle with vehicle collision;2;1;Going straight;na;na;na;na;Driver;Normal;Not a Pedestrian;Changing lane to the right;Serious Injury
12:11:00;Thursday;31-50;Male;Junior high school;Employee;Above 10yr;Long lorry;Owner;;;Office areas;Two-way (divided with broken lines road marking);Tangent road with flat terrain;Y Shape;Asphalt roads;Dry;Daylight;Normal;Vehicle with vehicle collision;2;1;Going straight;Driver or rider;Male;18-30;3;Driver;Normal;Not a Pedestrian;Changing lane to the left;Serious Injury
18:36:00;Wednesday;18-30;Male;Elementary school;Owner;5-10yr;Automobile;Owner;Unknown;No defect;Other;Two-way (divided with broken lines road marking);Tangent road with flat terrain;Crossing;Asphalt roads;Dry;Daylight;Normal;Vehicle with vehicle collision;2;3;Other;Driver or rider;Male;18-30;3;;Normal;Not a Pedestrian;No distancing;Slight Injury
18:36:00;Wednesday;18-30;Male;Elementary school;Employee;Above 10yr;Automobile;Owner;Above 10yr;No defect;Other;One way;Tangent road with flat terrain;Crossing;Asphalt roads;Dry;Daylight;Normal;Collision with roadside objects;2;3;Going straight;Passenger;Female;Over 51;3;;Normal;Not a Pedestrian;Driving carelessly;Slight Injury
18:36:00;Wednesday;18-30;Male;Junior high school;Employee;1-2yr;Other;Owner;;No defect;Office areas;Two-way (divided with broken lines road marking);Tangent road with flat terrain;Crossing;Asphalt roads;Dry;Daylight;Normal;Vehicle with vehicle collision;2;3;Going straight;Passenger;Female;Over 51;3;;Normal;Not a Pedestrian;No priority to pedestrian;Slight Injury
14:35:00;Friday;18-30;Male;;;;;Owner;2-5yrs;;Office areas;Undivided Two way;Tangent road with flat terrain;No junction;Asphalt roads;Dry;Daylight;Normal;Vehicle with vehicle collision;1;1;Going straight;Driver or rider;Male;18-30;3;;Normal;Not a Pedestrian;Driving carelessly;Slight Injury
12:25:00;Tuesday;Over 51;Male;High school;Owner;5-10yr;Long lorry;Owner;;No defect;Other;Two-way (divided with broken lines road marking);Tangent road with flat terrain;No junction;Gravel roads;Dry;Daylight;Normal;Vehicle with vehicle collision;2;1;Going straight;na;na;na;na;;Normal;Not a Pedestrian;Moving Backward;Slight Injury
12:25:00;Tuesday;18-30;Male;Elementary school;Employee;2-5yr;Public (12 seats);Owner;;No defect;Other;Two-way (divided with broken lines road marking);Tangent road with flat terrain;No junction;Asphalt roads;Dry;Daylight;Normal;Vehicle with vehicle collision;2;1;Going straight;na;na;na;na;;Normal;Not a Pedestrian;No distancing;Slight Injury
15:30:00;Monday;18-30;Male;;;;Public (12 seats);Governmental;Unknown;;Residential areas;Two-way (divided with broken lines road marking);Tangent road with flat terrain;Crossing;Asphalt roads;Dry;Daylight;Normal;Vehicle with vehicle collision;1;1;Reversing;Driver or rider;Female;18-30;3;;;Not a Pedestrian;No distancing;Slight Injury
18:10:00;Thursday;18-30;Male;;;;Other;Owner;1-2yr;No defect;Other;Undivided Two way;Tangent road with flat terrain;No junction;Asphalt roads;Dry;Daylight;Normal;Vehicle with vehicle collision;1;1;Moving Backward;Driver or rider;Male;31-50;3;Self-employed;;Not a Pedestrian;No distancing;Slight Injury
15:25:00;Thursday;18-30;Male;High school;Owner;1-2yr;Other;Owner;;No defect;Office areas;Undivided Two way;Tangent road with flat terrain;No junction;Asphalt roads;Dry;Daylight;Normal;Vehicle with vehicle collision;2;1;Overtaking;Driver or rider;Male;18-30;3;Self-employed;Normal;Not a Pedestrian;Changing lane to the left;Slight Injury
15:25:00;Thursday;31-50;Male;Junior high school;Employee;1-2yr;Other;Owner;2-5yrs;No defect;Office areas;Undivided Two way;Tangent road with flat terrain;No junction;Earth roads;Dry;Daylight;Normal;Collision with roadside objects;2;1;Going straight;na;na;na;na;;Normal;Not a Pedestrian;Changing lane to the left;Slight Injury
13:57:00;Saturday;Over 51;Male;Junior high school;Employee;1-2yr;Public (12 seats);;;;Other;Undivided Two way;Tangent road with flat terrain;O Shape;Asphalt roads;Dry;Daylight;Normal;Vehicle with vehicle collision;2;1;Going straight;na;na;na;na;;;Not a Pedestrian;Moving Backward;Slight Injury
13:57:00;Saturday;18-30;Male;Junior high school;Employee;Above 10yr;Lorry (41?100Q);Owner;Unknown;;Other;;Tangent road with flat terrain;O Shape;Asphalt roads;Dry;Daylight;Normal;Vehicle with vehicle collision;2;1;Going straight;Driver or rider;Male;Over 51;3;Driver;Normal;Not a Pedestrian;Changing lane to the right;Slight Injury
20:30:00;Friday;18-30;Male;Junior high school;Employee;1-2yr;Other;Owner;Above 10yr;;Other;Undivided Two way;Tangent road with flat terrain;Crossing;;Dry;Darkness - lights lit;Normal;Vehicle with vehicle collision;2;2;Going straight;na;na;na;na;;;Not a Pedestrian;No priority to vehicle;Slight Injury
20:30:00;Friday;Over 51;Male;High school;Owner;Above 10yr;Public (12 seats);Owner;;No defect;Office areas;;Tangent road with flat terrain;Crossing;Gravel roads;Dry;Darkness - lights lit;Normal;Vehicle with vehicle collision;2;2;Going straight;Driver or rider;Male;31-50;2;;;Not a Pedestrian;Moving Backward;Slight Injury
20:30:00;Friday;Over 51;Male;Junior high school;Employee;Above 10yr;Other;Owner;Above 10yr;No defect;Office areas;Two-way (divided with broken lines road marking);Tangent road with flat terrain;Crossing;Asphalt roads;Dry;Darkness - lights lit;Normal;Rollover;2;2;Going straight;Driver or rider;Female;18-30;3;;;Not a Pedestrian;Driving carelessly;Slight Injury
16:30:00;Sunday;Over 51;Male;Junior high school;Employee;1-2yr;Lorry (11?40Q);Owner;;No defect;Other;Two-way (divided with broken lines road marking);Steep grade downward with mountainous terrain;No junction;;Dry;Daylight;Normal;Vehicle with vehicle collision;2;1;Going straight;na;na;na;na;Other;Normal;Not a Pedestrian;Driving carelessly;Slight Injury
16:30:00;Sunday;31-50;Male;Junior high school;Employee;1-2yr;Other;Owner;Above 10yr;No defect; Church areas;other;Tangent road with flat terrain;No junction;Asphalt roads;Dry;Daylight;Normal;Vehicle with vehicle collision;2;1;Reversing;na;na;na;na;Employee;Normal;Not a Pedestrian;Driving under the influence of drugs;Slight Injury
21:50:00;Sunday;31-50;Male;High school;Employee;2-5yr;Other;Governmental;;No defect; Industrial areas;Undivided Two way;Tangent road with flat terrain;No junction;Earth roads;Dry;Darkness - lights lit;Normal;Collision with roadside objects;2;2;Going straight;Driver or rider;Male;18-30;3;Self-employed;Normal;Not a Pedestrian;No priority to pedestrian;Slight Injury
21:50:00;Sunday;18-30;Male;Junior high school;Employee;2-5yr;Other;Organization;2-5yrs;;Other;Undivided Two way;Tangent road with flat terrain;No junction;Asphalt roads;Dry;Darkness - lights lit;Normal;Vehicle with vehicle collision;2;2;Going straight;na;na;na;na;Driver;Normal;Not a Pedestrian;No priority to vehicle;Slight Injury
09:12:00;Wednesday;18-30;Male;Junior high school;Employee;1-2yr;Pick up upto 10Q;Owner;5-10yrs;No defect;Other;Two-way (divided with broken lines road marking);Tangent road with flat terrain;Y Shape;Asphalt roads;Dry;Daylight;Normal;Vehicle with vehicle collision;2;1;Other;Driver or rider;Male;18-30;3;;;Not a Pedestrian;Driving carelessly;Slight Injury
09:12:00;Wednesday;18-30;Male;Elementary school;Employee;5-10yr;Automobile;Owner;1-2yr;;Office areas;Undivided Two way;Tangent road with mountainous terrain and;Y Shape;Asphalt roads;Dry;Daylight;Normal;Vehicle with vehicle collision;2;1;Entering a junction;na;na;na;na;Other;Normal;Not a Pedestrian;Moving Backward;Slight Injury
14:40:00;Friday;31-50;Male;Junior high school;Employee;5-10yr;Other;Owner;Unknown;No defect;Other;One way;Tangent road with flat terrain;Y Shape;Asphalt roads;Dry;Daylight;Normal;Collision with roadside objects;1;1;Turnover;Driver or rider;Male;18-30;3;;;Not a Pedestrian;Driving carelessly;Serious Injury
10:36:00;Friday;31-50;Male;Junior high school;Employee;1-2yr;Lorry (41?100Q);Owner;Unknown;No defect;  Recreational areas;Undivided Two way;Steep grade downward with mountainous terrain;Crossing;Asphalt roads;Dry;Daylight;Normal;Collision with roadside objects;2;1;Going straight;Pedestrian;Female;31-50;3;Driver;Normal;Not a Pedestrian;No priority to vehicle;Slight Injury
10:36:00;Friday;31-50;Male;Elementary school;Other;5-10yr;Public (13?45 seats);Governmental;Unknown;No defect;Other;Two-way (divided with broken lines road marking);Steep grade downward with mountainous terrain;Crossing;Earth roads;Dry;Daylight;Normal;Vehicle with vehicle collision;2;1;Going straight;na;na;na;na;Driver;Normal;Not a Pedestrian;Changing lane to the right;Slight Injury
18:19:00;Monday;18-30;Male;Junior high school;Employee;2-5yr;Automobile;Governmental;5-10yrs;No defect; Church areas;Two-way (divided with broken lines road marking);Tangent road with flat terrain;Crossing;Asphalt roads;Dry;Daylight;Normal;Vehicle with vehicle collision;2;1;Going straight;Driver or rider;Male;31-50;3;Driver;Normal;Not a Pedestrian;Changing lane to the left;Slight Injury
18:19:00;Monday;18-30;Male;Elementary school;Employee;5-10yr;Pick up upto 10Q;Owner;;;Residential areas;Undivided Two way;Tangent road with flat terrain;Crossing;Asphalt roads;Dry;Daylight;Normal;Collision with roadside objects;2;1;Going straight;Driver or rider;Male;18-30;3;Driver;Normal;Not a Pedestrian;No priority to vehicle;Slight Injury
19:12:00;Tuesday;18-30;Male;Junior high school;Employee;Above 10yr;Lorry (41?100Q);Owner;5-10yrs;No defect;Office areas;Two-way (divided with broken lines road marking);;Other;Asphalt roads;Dry;Daylight;Normal;Collision with roadside objects;2;1;Going straight;Driver or rider;Male;18-30;3;Driver;Normal;Not a Pedestrian;Driving carelessly;Slight Injury
19:12:00;Tuesday;31-50;Male;Junior high school;Employee;Above 10yr;Public (12 seats);Owner;2-5yrs;No defect;Other;Two-way (divided with broken lines road marking);Tangent road with flat terrain;Other;Asphalt roads;Dry;Daylight;Normal;Vehicle with vehicle collision;2;1;Going straight;Driver or rider;Female;31-50;3;Driver;Normal;Not a Pedestrian;Moving Backward;Slight Injury
11:38:00;Saturday;Over 51;Male;Elementary school;Owner;2-5yr;Other;Governmental;2-5yrs;;Office areas;Undivided Two way;Tangent road with flat terrain;No junction;Asphalt roads;Dry;Daylight;Normal;Vehicle with vehicle collision;3;3;Going straight;na;na;na;na;Driver;Normal;Not a Pedestrian;No distancing;Slight Injury
11:38:00;Saturday;31-50;Male;Elementary school;Employee;5-10yr;Lorry (41?100Q);Owner;;;Office areas;other;Tangent road with flat terrain;No junction;Asphalt roads;Dry;Daylight;Normal;Vehicle with vehicle collision;3;3;Going straight;Passenger;Female;31-50;3;Driver;Normal;Not a Pedestrian;Changing lane to the left;Slight Injury
11:38:00;Saturday;31-50;Male;Junior high school;Owner;1-2yr;Pick up upto 10Q;Owner;;No defect;Other;One way;Escarpments;No junction;Asphalt roads;Dry;Daylight;Normal;Collision with roadside objects;3;3;Getting off;Pedestrian;Male;31-50;3;Self-employed;Normal;Unknown or other;Changing lane to the left;Slight Injury
11:38:00;Saturday;18-30;Male;Elementary school;Employee;Above 10yr;Other;Owner;;No defect;Residential areas;Undivided Two way;Tangent road with flat terrain;No junction;Asphalt roads;Dry;Daylight;Normal;Vehicle with vehicle collision;3;3;Getting off;na;na;na;na;Other;Normal;Not a Pedestrian;No distancing;Slight Injury
13:30:00;Thursday;18-30;Male;Junior high school;Employee;5-10yr;Lorry (41?100Q);Owner;;No defect;  Recreational areas;One way;Tangent road with flat terrain;No junction;Asphalt roads;Dry;Daylight;Normal;Collision with roadside-parked vehicles;2;1;Getting off;Driver or rider;Male;Over 51;3;Driver;Normal;Not a Pedestrian;Changing lane to the left;Slight Injury
13:30:00;Thursday;31-50;Male;Junior high school;Employee;2-5yr;Ridden horse;Owner;;No defect; Church areas;Undivided Two way;Tangent road with flat terrain;No junction;Asphalt roads;Dry;Daylight;Normal;Vehicle with vehicle collision;2;1;Moving Backward;Driver or rider;Male;Under 18;3;Driver;Normal;Not a Pedestrian;Driving carelessly;Slight Injury
12:39:00;Tuesday;18-30;Male;Elementary school;Employee;Above 10yr;Automobile;Owner;;No defect;Other;One way;Tangent road with flat terrain;Unknown;Asphalt roads;Wet or damp;Daylight;Raining;Collision with roadside objects;2;1;Going straight;Pedestrian;Male;Under 18;3;Self-employed;Normal;Crossing from offside - masked by  parked or statioNot a Pedestrianry vehicle;Changing lane to the left;Slight Injury
12:39:00;Tuesday;Over 51;Male;Junior high school;Employee;2-5yr;Automobile;Owner;;No defect;Other;Undivided Two way;Tangent road with flat terrain;Unknown;Earth roads;Wet or damp;Daylight;Raining;Vehicle with vehicle collision;2;1;Going straight;Pedestrian;Male;18-30;3;Driver;Normal;Unknown or other;No distancing;Slight Injury
12:30:00;Friday;18-30;Male;Elementary school;Employee;Above 10yr;Stationwagen;Owner;Unknown;No defect;Other;Two-way (divided with broken lines road marking);Tangent road with flat terrain;Y Shape;Asphalt roads;Dry;Daylight;Normal;Vehicle with vehicle collision;2;1;Waiting to go;Passenger;Male;18-30;3;Driver;Normal;Not a Pedestrian;Changing lane to the right;Slight Injury
12:30:00;Friday;31-50;Male;Junior high school;Employee;Above 10yr;Other;Governmental;;No defect;Residential areas;other;Tangent road with flat terrain;Y Shape;Asphalt roads;Dry;Daylight;Normal;Vehicle with vehicle collision;2;1;Going straight;Driver or rider;Female;18-30;3;Driver;Normal;Not a Pedestrian;No distancing;Slight Injury
16:55:00;Sunday;31-50;Male;Junior high school;Employee;2-5yr;Lorry (41?100Q);Owner;Above 10yr;No defect;School areas;other;Tangent road with flat terrain;Y Shape;Asphalt roads;Dry;Daylight;Normal;Vehicle with vehicle collision;2;1;Other;na;na;na;na;Other;Normal;Not a Pedestrian;Driving to the left;Slight Injury
16:55:00;Sunday;31-50;Male;Junior high school;Employee;Above 10yr;Lorry (41?100Q);Owner;Above 10yr;No defect; Church areas;Two-way (divided with broken lines road marking);Tangent road with flat terrain;Y Shape;Asphalt roads;Dry;Daylight;Normal;Vehicle with vehicle collision;2;1;Going straight;na;na;na;na;;Normal;Not a Pedestrian;No distancing;Slight Injury
18:25:00;Monday;Unknown;Female;Junior high school;Employee;Above 10yr;Long lorry;Owner;Above 10yr;No defect;Other;other;Tangent road with flat terrain;No junction;Other;Dry;Daylight;Normal;Collision with roadside-parked vehicles;2;1;Going straight;Driver or rider;Female;18-30;3;Driver;Normal;Not a Pedestrian;Overtaking;Slight Injury
18:25:00;Monday;31-50;Male;Junior high school;Employee;Below 1yr;Stationwagen;Owner;Below 1yr;;Other;Two-way (divided with broken lines road marking);Tangent road with flat terrain;No junction;Gravel roads;Dry;Daylight;Normal;Collision with roadside-parked vehicles;2;1;Going straight;Driver or rider;Female;31-50;3;Driver;Normal;Not a Pedestrian;Driving under the influence of drugs;Slight Injury
13:01:00;Thursday;31-50;Male;Junior high school;Owner;Above 10yr;Public (12 seats);Owner;2-5yrs;;Office areas;Undivided Two way;Tangent road with flat terrain;O Shape;Gravel roads;Dry;Daylight;Normal;Collision with animals;2;1;Going straight;na;na;na;na;Driver;Normal;Not a Pedestrian;No priority to pedestrian;Slight Injury
13:01:00;Thursday;18-30;Male;High school;Other;Above 10yr;Automobile;Owner;2-5yrs;;Office areas;Two-way (divided with broken lines road marking);Tangent road with flat terrain;O Shape;Asphalt roads;Dry;Daylight;Normal;Collision with animals;2;1;Overtaking;Driver or rider;Female;18-30;3;Driver;Normal;Not a Pedestrian;Moving Backward;Slight Injury
13:45:00;Wednesday;18-30;Male;Junior high school;Employee;5-10yr;Public (12 seats);Owner;2-5yrs;No defect;Other;Undivided Two way;Tangent road with flat terrain;No junction;Asphalt roads;Dry;Daylight;Normal;Collision with animals;2;1;Going straight;na;na;na;na;Driver;Normal;Not a Pedestrian;Changing lane to the right;Slight Injury
13:45:00;Wednesday;31-50;Male;Elementary school;;;Lorry (41?100Q);Owner;Below 1yr;No defect; Hospital areas;Undivided Two way;Tangent road with flat terrain;No junction;Earth roads;Dry;Daylight;Normal;Collision with animals;2;1;Going straight;Driver or rider;Female;18-30;3;;;Not a Pedestrian;Changing lane to the left;Slight Injury
18:45:00;Monday;18-30;Male;Junior high school;Employee;5-10yr;Automobile;Owner;2-5yrs;;Other;Undivided Two way;Tangent road with flat terrain;Crossing;Asphalt roads;Dry;Darkness - lights lit;Normal;Collision with animals;2;1;Going straight;na;na;na;na;Driver;Normal;Not a Pedestrian;Changing lane to the right;Slight Injury
18:45:00;Monday;31-50;Male;Junior high school;Employee;5-10yr;Lorry (41?100Q);Owner;;;Other;Two-way (divided with broken lines road marking);Tangent road with flat terrain;Crossing;Asphalt roads;Dry;Darkness - lights lit;Normal;Collision with animals;2;1;Turnover;Driver or rider;Male;31-50;3;Driver;Normal;Not a Pedestrian;Driving under the influence of drugs;Slight Injury
11:02:00;Thursday;31-50;Male;Junior high school;Owner;Below 1yr;Lorry (41?100Q);Owner;;;Other;Undivided Two way;Tangent road with flat terrain;No junction;Asphalt roads;Dry;Daylight;Normal;Collision with animals;1;4;Going straight;Driver or rider;Male;18-30;3;Driver;Normal;Not a Pedestrian;No priority to vehicle;Slight Injury
11:02:00;Thursday;31-50;Male;Junior high school;Employee;5-10yr;Pick up upto 10Q;;;;Other;Double carriageway (median);Tangent road with flat terrain;No junction;Asphalt roads;Dry;Daylight;Normal;Collision with animals;1;4;Going straight;na;na;na;na;Driver;Normal;Not a Pedestrian;No priority to vehicle;Slight Injury
11:02:00;Thursday;31-50;Male;Elementary school;Employee;2-5yr;Other;Governmental;;No defect;Other;Two-way (divided with broken lines road marking);Tangent road with mild grade and flat terrain;No junction;Earth roads;Dry;Daylight;Normal;Collision with animals;1;4;Getting off;Pedestrian;Female;18-30;3;Self-employed;Normal;Not a Pedestrian;Changing lane to the left;Slight Injury
11:02:00;Thursday;31-50;Male;Junior high school;Owner;2-5yr;Automobile;Owner;Above 10yr;No defect; Hospital areas;Two-way (divided with broken lines road marking);Tangent road with flat terrain;No junction;Asphalt roads;Dry;Daylight;Normal;Collision with animals;1;4;Moving Backward;Pedestrian;Female;31-50;3;;;Crossing from driver's nearside;Changing lane to the right;Slight Injury
15:55:00;Tuesday;Over 51;Male;Elementary school;Employee;2-5yr;Automobile;;Above 10yr;No defect;Other;Two-way (divided with broken lines road marking);Tangent road with flat terrain;No junction;Asphalt roads;Dry;Daylight;Normal;Collision with animals;1;1;Getting off;Passenger;Female;5;3;Driver;Normal;Not a Pedestrian;Changing lane to the right;Serious Injury
15:00:00;Wednesday;Over 51;Male;Junior high school;Owner;2-5yr;Lorry (11?40Q);Owner;;No defect;Other;One way;Tangent road with flat terrain;No junction;Asphalt roads;Dry;Daylight;Normal;Collision with animals;1;1;Overtaking;Driver or rider;Male;18-30;3;Self-employed;Normal;Not a Pedestrian;Changing lane to the left;Slight Injury
20:00:00;Sunday;31-50;Male;Junior high school;Employee;Above 10yr;Bajaj;Owner;2-5yrs;No defect;Other;Two-way (divided with broken lines road marking);Tangent road with mild grade and flat terrain;Y Shape;Asphalt roads;Dry;Darkness - lights lit;Normal;Other;2;1;Going straight;na;na;na;na;Driver;Normal;Not a Pedestrian;Changing lane to the left;Slight Injury
20:00:00;Sunday;Under 18;Male;Junior high school;Employee;2-5yr;Automobile;Owner;;;Office areas;Two-way (divided with broken lines road marking);Tangent road with flat terrain;Y Shape;Asphalt roads;Dry;Darkness - lights lit;Normal;Rollover;2;1;Going straight;Driver or rider;Female;31-50;3;Employee;Normal;Not a Pedestrian;Getting off the vehicle improperly;Slight Injury
18:48:00;Wednesday;31-50;Male;Junior high school;Employee;1-2yr;Lorry (41?100Q);Owner;Unknown;;Residential areas;Two-way (divided with broken lines road marking);Tangent road with flat terrain;Crossing;Asphalt roads;Wet or damp;Darkness - lights lit;Normal;Collision with animals;2;1;Going straight;Driver or rider;Male;5;3;Driver;Normal;Not a Pedestrian;Overtaking;Serious Injury
18:48:00;Wednesday;31-50;Male;Junior high school;Employee;2-5yr;Lorry (11?40Q);Owner;2-5yrs;No defect;Other;Two-way (divided with broken lines road marking);Tangent road with flat terrain;Crossing;Asphalt roads;Wet or damp;Darkness - lights lit;Normal;Rollover;2;1;Reversing;Passenger;Male;5;3;Self-employed;Normal;Not a Pedestrian;Changing lane to the left;Serious Injury
15:55:00;Sunday;Over 51;Male;Junior high school;Employee;1-2yr;Lorry (11?40Q);Owner;Unknown;;Residential areas;Two-way (divided with broken lines road marking);Tangent road with flat terrain;Unknown;Asphalt roads;Dry;Daylight;Normal;Collision with animals;1;2;Getting off;na;na;na;na;;;Not a Pedestrian;Driving under the influence of drugs;Slight Injury
15:55:00;Sunday;Over 51;Male;Junior high school;Employee;5-10yr;Automobile;Owner;Unknown;;Other;Undivided Two way;Tangent road with flat terrain;Unknown;Asphalt roads;Dry;Daylight;Normal;Collision with animals;1;2;Going straight;Driver or rider;Male;18-30;3;Driver;Normal;Not a Pedestrian;Driving carelessly;Slight Injury
23:25:00;Wednesday;Over 51;Male;Junior high school;Employee;5-10yr;;Owner;2-5yrs;;Residential areas;Double carriageway (median);Tangent road with flat terrain;Crossing;Asphalt roads;Dry;Darkness - lights lit;Normal;Vehicle with vehicle collision;2;3;Going straight;na;na;na;na;Driver;Normal;Not a Pedestrian;Moving Backward;Slight Injury
23:25:00;Wednesday;Over 51;Male;Elementary school;Owner;2-5yr;Automobile;Owner;;;Office areas;Two-way (divided with broken lines road marking);Tangent road with flat terrain;Crossing;Earth roads;Dry;Darkness - lights lit;Normal;Fall from vehicles;2;3;Going straight;Driver or rider;Male;Under 18;3;Driver;Normal;Not a Pedestrian;No distancing;Slight Injury
23:25:00;Wednesday;31-50;Male;Elementary school;Employee;Below 1yr;Public (13?45 seats);Owner;5-10yrs;;Office areas;Two-way (divided with broken lines road marking);Tangent road with mild grade and flat terrain;Crossing;Asphalt roads;Dry;Darkness - lights lit;Normal;Collision with roadside-parked vehicles;2;3;Reversing;na;na;na;na;;Normal;Not a Pedestrian;No priority to vehicle;Slight Injury
07:40:00;Monday;18-30;Male;;;;Public (12 seats);Owner;Unknown;;Office areas;Double carriageway (median);Tangent road with flat terrain;Y Shape;Asphalt roads;Dry;Daylight;Normal;Collision with roadside-parked vehicles;2;1;Going straight;Driver or rider;Female;18-30;3;;;Not a Pedestrian;Overturning;Serious Injury