Time;Day_of_week;Age_band_of_driver;Sex_of_driver;Educational_level;Vehicle_driver_relation;Driving_experience;Type_of_vehicle;Owner_of_vehicle;Service_year_of_vehicle;Defect_of_vehicle;Area_accident_occured;Lanes_or_Medians;Road_allignment;Types_of_Junction;Road_surface_type;Road_surface_conditions;Light_conditions;Weather_conditions;Type_of_collision;Number_of_vehicles_involved;Number_of_casualties;Vehicle_movement;Casualty_class;Sex_of_casualty;Age_band_of_casualty;Casualty_severity;Work_of_casuality;Fitness_of_casuality;Pedestrian_movement;Cause_of_accident;Accident_severity
17:45:00;Sunday;18-30;Male;Junior high school;Employee;Below 1yr;Automobile;Owner;5-10yrs;; Church areas;Undivided Two way;Steep grade downward with mountainous terrain;Crossing;Asphalt roads;Dry;Darkness - lights lit;Normal;Collision with pedestrians;2;3;Going straight;Driver or rider;Male;18-30;3;;Normal;Not a Pedestrian;Changing lane to the right;Slight Injury
17:45:00;Sunday;18-30;Male;Junior high school;Employee;Below 1yr;Automobile;Owner;5-10yrs;;Residential areas;Undivided Two way;Tangent road with flat terrain;Crossing;;Dry;Darkness - lights lit;Normal;Vehicle with vehicle collision;2;3;Reversing;na;na;na;na;;Normal;Not a Pedestrian;No priority to vehicle;Slight Injury
17:45:00;Sunday;18-30;Male;Elementary school;Employee;;;Owner;Unknown;No defect;;other;Tangent road with flat terrain;Crossing;Asphalt roads;Dry;Darkness - lights lit;Normal;Vehicle with vehicle collision;2;3;Going straight;Driver or rider;Male;18-30;3;Driver;;Not a Pedestrian;No distancing;Slight Injury
19:10:00;Friday;31-50;Male;Junior high school;Employee;Below 1yr;Public (> 45 seats);Owner;5-10yrs;No defect;Other;Undivided Two way;Tangent road with flat terrain;Crossing;Asphalt roads;Wet or damp;Darkness - lights lit;Raining;Vehicle with vehicle collision;1;1;Reversing;na;na;na;na;Driver;;Not a Pedestrian;No priority to pedestrian;Slight Injury
10:13:00;Thursday;31-50;Male;Junior high school;Employee;1-2yr;Automobile;Owner;Unknown;;Other;Two-way (divided with solid lines road marking);Tangent road with flat terrain;Y Shape;Asphalt roads;Dry;Daylight;Normal;Collision with roadside objects;2;1;Other;Driver or rider;Male;18-30;3;Driver;Normal;Not a Pedestrian;No priority to pedestrian;Serious Injury
10:13:00;Thursday;Over 51;Male;Elementary school;Employee;2-5yr;Other;Owner;Unknown;No defect; Church areas;Two-way (divided with solid lines road marking);Tangent road with flat terrain;Y Shape;Earth roads;Dry;Daylight;Normal;Collision with roadside objects;2;1;;na;na;na;na;Driver;Normal;Not a Pedestrian;No priority to vehicle;Serious Injury
09:48:00;Friday;Under 18;Male;High school;Employee;1-2yr;Automobile;Governmental;;No defect;Other;Two-way (divided with solid lines road marking);Tangent road with flat terrain;Crossing;Asphalt roads;Dry;Daylight;Normal;Vehicle with vehicle collision;2;1;Going straight;Pedestrian;Female;18-30;3;Driver;Normal;In carriageway, statioNot a Pedestrianry - not crossing  (standing or playing);Changing lane to the left;Slight Injury
09:48:00;Friday;18-30;Male;Junior high school;Employee;5-10yr;Other;Owner;Unknown;No defect; Church areas;Two-way (divided with solid lines road marking);Tangent road with flat terrain;Crossing;Asphalt roads;Dry;Daylight;Normal;Vehicle with vehicle collision;2;1;Going straight;na;na;na;na;;Normal;Not a Pedestrian;Changing lane to the left;Slight Injury
16:20:00;Monday;18-30;Male;Junior high school;Employee;Below 1yr;Lorry (41?100Q);Owner;Unknown;No defect; Church areas;Two-way (divided with broken lines road marking);Tangent road with flat terrain;Y Shape;Asphalt roads;Wet or damp;Darkness - lights lit;Normal;Vehicle with vehicle collision;2;1;Going straight;Driver or rider;Male;31-50;3;Driver;Normal;Not a Pedestrian;No distancing;Slight Injury
16:20:00;Monday;18-30;Male;High school;Employee;Above 10yr;Pick up upto 10Q;Owner;Above 10yr;No defect;Other;Undivided Two way;Tangent road with flat terrain;Y Shape;Asphalt roads;Wet or damp;Darkness - lights lit;Normal;Vehicle with vehicle collision;2;1;Going straight;Pedestrian;Female;Over 51;3;Driver;Normal;Crossing from nearside - masked by parked or statioNot a Pedestrianry vehicle;No priority to vehicle;Slight Injury
19:40:00;Thursday;18-30;Male;Elementary school;Owner;5-10yr;Public (13?45 seats);Governmental;5-10yrs;No defect;Other;Undivided Two way;Tangent road with flat terrain;Y Shape;Asphalt roads;Dry;Darkness - lights lit;Normal;Vehicle with vehicle collision;1;1;Going straight;Pedestrian;Female;18-30;3;Self-employed;Normal;Crossing from nearside - masked by parked or statioNot a Pedestrianry vehicle;No distancing;Slight Injury
16:53:00;Wednesday;18-30;Male;Elementary school;Employee;Below 1yr;Automobile;Owner;5-10yrs;No defect;School areas;other;Tangent road with flat terrain;Y Shape;Asphalt roads;Dry;Darkness - lights lit;Normal;Vehicle with vehicle collision;1;1;Going straight;Driver or rider;Male;31-50;3;Driver;Normal;Not a Pedestrian;No distancing;Slight Injury
12:55:00;Wednesday;31-50;Male;Junior high school;Employee;5-10yr;Pick up upto 10Q;Owner;Above 10yr;No defect;Residential areas;Undivided Two way;Tangent road with flat terrain;No junction;Asphalt roads;Dry;Daylight;Normal;Vehicle with vehicle collision;1;1;Going straight;na;na;na;na;Driver;Normal;Not a Pedestrian;Changing lane to the right;Slight Injury
19:32:00;Friday;31-50;Male;Elementary school;Owner;5-10yr;Automobile;;1-2yr;No defect;Other;Two-way (divided with broken lines road marking);Tangent road with flat terrain;Y Shape;Asphalt roads;Wet or damp;Darkness - lights lit;Raining;Vehicle with vehicle collision;2;2;Going straight;na;na;na;na;Self-employed;Normal;Not a Pedestrian;Changing lane to the left;Slight Injury
19:32:00;Friday;18-30;Male;Junior high school;Employee;2-5yr;Lorry (41?100Q);Owner;Above 10yr;No defect;Office areas;Undivided Two way;Tangent road with flat terrain;Y Shape;Asphalt roads;Wet or damp;Darkness - lights lit;Raining;Vehicle with vehicle collision;2;2;Going straight;Driver or rider;Male;Under 18;3;;;Not a Pedestrian;No distancing;Slight Injury
17:35:00;Saturday;18-30;Male;Junior high school;Employee;Above 10yr;Automobile;Owner;Above 10yr;No defect;Residential areas;Undivided Two way;Tangent road with flat terrain;Crossing;Asphalt roads;Wet or damp;Darkness - lights lit;Raining;Collision with roadside objects;2;2;Going straight;Driver or rider;Male;Under 18;3;Driver;Normal;Not a Pedestrian;Overturning;Slight Injury
17:35:00;Saturday;Over 51;Male;Junior high school;Employee;5-10yr;Lorry (41?100Q);Owner;Above 10yr;No defect;Other;One way;Steep grade downward with mountainous terrain;Crossing;Asphalt roads;Wet or damp;Darkness - lights lit;Raining;Collision with roadside objects;2;2;Going straight;na;na;na;na;Other;Normal;Not a Pedestrian;No priority to vehicle;Slight Injury
17:35:00;Saturday;Over 51;Male;High school;Employee;1-2yr;Lorry (41?100Q);Owner;Above 10yr;No defect;Residential areas;Two-way (divided with broken lines road marking);Tangent road with flat terrain;Crossing;Asphalt roads;Wet or damp;Darkness - lights lit;Raining;Collision with pedestrians;2;2;Going straight;Pedestrian;Male;18-30;3;Driver;Normal;Crossing from offside - masked by  parked or statioNot a Pedestrianry vehicle;Moving Backward;Slight Injury
18:40:00;Tuesday;18-30;Male;Elementary school;Employee;5-10yr;Lorry (41?100Q);Owner;5-10yrs;No defect;Residential areas;Undivided Two way;Tangent road with flat terrain;Crossing;Asphalt roads;Dry;Darkness - lights lit;Normal;Vehicle with vehicle collision;2;1;Going straight;Driver or rider;Male;Over 51;3;Self-employed;Normal;Not a Pedestrian;Driving under the influence of drugs;Slight Injury
18:40:00;Tuesday;18-30;Male;Elementary school;Employee;2-5yr;Public (13?45 seats);Owner;;No defect;Residential areas;Two-way (divided with broken lines road marking);Tangent road with flat terrain;Crossing;Asphalt roads;Dry;Darkness - lights lit;Normal;Vehicle with vehicle collision;2;1;Going straight;Pedestrian;Male;31-50;3;Driver;Normal;Crossing from driver's nearside;Moving Backward;Slight Injury
15:47:00;Thursday;31-50;Male;Junior high school;Employee;Below 1yr;Automobile;Owner;1-2yr;No defect;Other;other;Tangent road with flat terrain;Y Shape;Asphalt roads;Wet or damp;Daylight;Normal;Vehicle with vehicle collision;1;1;Going straight;na;na;na;na;Driver;Normal;Not a Pedestrian;Changing lane to the right;Slight Injury
14:57:00;Sunday;Under 18;Male;Junior high school;Employee;Below 1yr;Other;Owner;5-10yrs;No defect;Other;Undivided Two way;Tangent road with flat terrain;No junction;Asphalt roads;Dry;Daylight;Normal;Vehicle with vehicle collision;1;1;Moving Backward;Driver or rider;Male;18-30;3;;;Not a Pedestrian;Overspeed;Slight Injury
17:25:00;Friday;31-50;Male;Junior high school;Employee;5-10yr;Other;Owner;5-10yrs;No defect;Other;One way;Tangent road with flat terrain;Y Shape;Asphalt roads;Wet or damp;Darkness - no lighting;Normal;Vehicle with vehicle collision;2;2;Going straight;na;na;na;na;Driver;Normal;Not a Pedestrian;Driving under the influence of drugs;Serious Injury
17:25:00;Friday;31-50;Male;Junior high school;Owner;5-10yr;Other;Owner;1-2yr;No defect; Hospital areas;Undivided Two way;Tangent road with flat terrain;Y Shape;Earth roads;Wet or damp;Darkness - no lighting;Normal;Vehicle with vehicle collision;2;2;Going straight;Driver or rider;Male;31-50;3;Driver;Normal;Not a Pedestrian;Driving carelessly;Serious Injury
17:25:00;Friday;31-50;Male;Elementary school;Employee;1-2yr;Automobile;Owner;2-5yrs;No defect;Residential areas;Undivided Two way;Tangent road with flat terrain;Y Shape;Asphalt roads;Wet or damp;Darkness - no lighting;Normal;Vehicle with vehicle collision;2;2;Going straight;na;na;na;na;;;Not a Pedestrian;No distancing;Serious Injury
17:22:00;Sunday;Over 51;Male;Junior high school;Employee;;Other;Owner;5-10yrs;No defect;Residential areas;One way;Tangent road with flat terrain;Crossing;Asphalt roads;Wet or damp;Darkness - lights lit;Normal;Vehicle with vehicle collision;2;2;;Driver or rider;Male;18-30;3;;;Not a Pedestrian;No priority to vehicle;Serious Injury
17:22:00;Sunday;Under 18;Male;Elementary school;Employee;Above 10yr;Lorry (41?100Q);Owner;5-10yrs;No defect;Residential areas;Undivided Two way;Tangent road with flat terrain;Crossing;Asphalt roads;Wet or damp;Darkness - lights lit;Normal;Vehicle with vehicle collision;2;2;Turnover;na;na;na;na;Driver;Normal;Not a Pedestrian;Overspeed;Serious Injury
16:05:00;Monday;18-30;Male;Junior high school;Owner;1-2yr;Public (12 seats);Owner;1-2yr;No defect;Other;Two-way (divided with broken lines road marking);Tangent road with flat terrain;Y Shape;Asphalt roads;Dry;Daylight;Normal;Collision with pedestrians;3;1;Going straight;Driver or rider;Male;5;3;Driver;Normal;Not a Pedestrian;Driving under the influence of drugs;Slight Injury
16:05:00;Monday;31-50;Male;;;;Lorry (41?100Q);Owner;1-2yr;No defect;Office areas;Two-way (divided with broken lines road marking);Tangent road with flat terrain;Y Shape;Asphalt roads;Dry;Daylight;Normal;Collision with pedestrians;3;1;Going straight;Driver or rider;Male;31-50;3;;;Not a Pedestrian;Changing lane to the right;Slight Injury
16:05:00;Monday;18-30;Male;Junior high school;Employee;Above 10yr;Public (12 seats);Owner;2-5yrs;No defect;Other;other;Tangent road with flat terrain;Y Shape;Asphalt roads;Dry;Daylight;Normal;Vehicle with vehicle collision;3;1;Going straight;na;na;na;na;;;Not a Pedestrian;Changing lane to the right;Slight Injury
09:00:00;Thursday;18-30;Male;Elementary school;Owner;2-5yr;Lorry (41?100Q);Owner;Unknown;No defect;Office areas;Double carriageway (median);Tangent road with flat terrain;Crossing;Asphalt roads;Wet or damp;Daylight;Other;Vehicle with vehicle collision;2;1;Going straight;na;na;na;na;Driver;Normal;Not a Pedestrian;Changing lane to the right;Slight Injury
09:00:00;Thursday;18-30;Male;Junior high school;Employee;5-10yr;Other;Owner;Unknown;No defect;Residential areas;Two-way (divided with broken lines road marking);Tangent road with flat terrain;Crossing;Asphalt roads;Wet or damp;Daylight;Other;Vehicle with vehicle collision;2;1;Going straight;Driver or rider;Male;18-30;3;Driver;Normal;Not a Pedestrian;Changing lane to the right;Slight Injury
08:55:00;Saturday;18-30;Male;Junior high school;Employee;Below 1yr;Lorry (41?100Q);Owner;Unknown;No defect;Office areas;Double carriageway (median);Gentle horizontal curve;Y Shape;Asphalt roads;Dry;Daylight;Normal;Vehicle with vehicle collision;1;1;Going straight;Driver or rider;Male;18-30;3;;;Not a Pedestrian;Moving Backward;Slight Injury
10:44:00;Friday;31-50;Male;Junior high school;Employee;5-10yr;;Owner;;No defect;Office areas;Double carriageway (median);Tangent road with flat terrain;No junction;Asphalt roads;Dry;Daylight;Normal;Vehicle with vehicle collision;1;1;Going straight;na;na;na;na;;;Not a Pedestrian;No distancing;Slight Injury
16:18:00;Wednesday;18-30;Male;High school;Employee;Above 10yr;Public (> 45 seats);Organization;Unknown;No defect;Other;Double carriageway (median);Tangent road with flat terrain;Unknown;Earth roads;Wet or damp;Darkness - lights lit;Normal;Vehicle with vehicle collision;1;1;Going straight;Driver or rider;Male;18-30;3;Driver;Normal;Not a Pedestrian;Overspeed;Slight Injury
17:21:00;Thursday;18-30;Male;Junior high school;Employee;5-10yr;Lorry (41?100Q);Owner;Unknown;No defect;Office areas;Two-way (divided with broken lines road marking);Tangent road with flat terrain;No junction;Asphalt roads;Wet or damp;Darkness - lights lit;Normal;Vehicle with vehicle collision;4;2;Going straight;Driver or rider;Male;18-30;3;Driver;Normal;Not a Pedestrian;No distancing;Slight Injury
17:21:00;Thursday;31-50;Male;Elementary school;Employee;1-2yr;Other;Owner;Unknown;No defect;Office areas;;Tangent road with flat terrain;No junction;Asphalt roads;Wet or damp;Darkness - lights lit;Normal;Vehicle with vehicle collision;4;2;Turnover;Passenger;Female;5;3;;;Not a Pedestrian;Driving carelessly;Slight Injury
17:21:00;Thursday;31-50;Male;Junior high school;Employee;;Other;Governmental;Unknown;;Office areas;One way;Tangent road with flat terrain;No junction;Asphalt roads;Wet or damp;Darkness - lights lit;Normal;Vehicle with vehicle collision;4;2;;Passenger;Female;5;3;Driver;;Not a Pedestrian;No distancing;Slight Injury
17:21:00;Thursday;31-50;Male;Elementary school;Employee;1-2yr;Automobile;Owner;Unknown;;Other;Undivided Two way;Tangent road with flat terrain;No junction;Asphalt roads;Wet or damp;Darkness - lights lit;Normal;Vehicle with vehicle collision;4;2;Reversing;Passenger;Male;5;3;Driver;Normal;Not a Pedestrian;No distancing;Slight Injury
15:40:00;Monday;18-30;Male;Junior high school;Owner;1-2yr;Lorry (41?100Q);Owner;Unknown;;Residential areas;;Tangent road with flat terrain;Y Shape;Asphalt roads;Dry;Daylight;Normal;Vehicle with vehicle collision;4;1;Other;Passenger;Male;5;3;Driver;Normal;Not a Pedestrian;No distancing;Slight Injury
15:40:00;Monday;18-30;Male;Above high school;Owner;1-2yr;Pick up upto 10Q;Owner;2-5yrs;No defect;Residential areas;Two-way (divided with broken lines road marking);Gentle horizontal curve;Y Shape;Asphalt roads;Dry;Daylight;Normal;Vehicle with vehicle collision;4;1;Going straight;Passenger;Male;5;3;Driver;Normal;Not a Pedestrian;Changing lane to the right;Slight Injury
15:40:00;Monday;18-30;Male;Junior high school;Owner;5-10yr;Automobile;Owner;5-10yrs;; Church areas;Two-way (divided with broken lines road marking);Tangent road with flat terrain;Y Shape;Asphalt roads;Dry;Daylight;Normal;Vehicle with vehicle collision;4;1;Going straight;Passenger;Female;5;3;Driver;Normal;Not a Pedestrian;No distancing;Slight Injury
15:40:00;Monday;31-50;Female;Junior high school;Employee;5-10yr;;Owner;5-10yrs;;Other;Two-way (divided with broken lines road marking);Tangent road with flat terrain;Y Shape;Asphalt roads;Dry;Daylight;Normal;Vehicle with vehicle collision;4;1;Turnover;Passenger;Male;18-30;3;;;Not a Pedestrian;No priority to vehicle;Slight Injury
16:46:00;Thursday;18-30;Male;Elementary school;Employee;5-10yr;Other;Owner;Unknown;;Residential areas;Two-way (divided with broken lines road marking);Tangent road with flat terrain;Y Shape;Gravel roads;Wet or damp;Darkness - lights lit;Cloudy;Vehicle with vehicle collision;3;2;Other;Passenger;Female;18-30;3;Student;Normal;Not a Pedestrian;Changing lane to the left;Slight Injury
16:46:00;Thursday;Over 51;Male;High school;Owner;Below 1yr;Automobile;Owner;2-5yrs;;Other;Undivided Two way;Tangent road with flat terrain;Y Shape;Asphalt roads;Wet or damp;Darkness - lights lit;Cloudy;Vehicle with vehicle collision;3;2;Going straight;Passenger;Male;Under 18;3;;;Not a Pedestrian;Moving Backward;Slight Injury
16:46:00;Thursday;31-50;Male;Junior high school;Employee;Above 10yr;Stationwagen;Owner;2-5yrs;;Residential areas;Undivided Two way;Tangent road with flat terrain;Y Shape;Asphalt roads;Wet or damp;Darkness - lights lit;Cloudy;Vehicle with vehicle collision;3;2;Going straight;Driver or rider;Male;31-50;3;;;Not a Pedestrian;Driving carelessly;Slight Injury
17:45:00;Sunday;18-30;Male;Junior high school;Employee;5-10yr;Other;Owner;2-5yrs;;Residential areas;Two-way (divided with broken lines road marking);Tangent road with flat terrain;Other;Asphalt roads;Wet or damp;Darkness - lights lit;Raining;Vehicle with vehicle collision;2;2;Other;Driver or rider;Male;18-30;3;;Normal;Not a Pedestrian;Changing lane to the left;Slight Injury
17:45:00;Sunday;31-50;Male;Junior high school;Employee;Below 1yr;;Owner;5-10yrs;No defect;Other;Two-way (divided with broken lines road marking);Tangent road with flat terrain;Other;Asphalt roads;Wet or damp;Darkness - lights lit;Raining;Vehicle with vehicle collision;2;2;Going straight;Driver or rider;Male;18-30;2;Driver;Normal;Not a Pedestrian;No priority to pedestrian;Slight Injury
11:45:00;Saturday;Unknown;Female;Junior high school;Employee;Above 10yr;Ridden horse;;;;Other;Two-way (divided with broken lines road marking);Tangent road with flat terrain;Y Shape;Asphalt roads;Snow;Daylight;Snow;Vehicle with vehicle collision;3;2;Turnover;Pedestrian;Male;18-30;2;Driver;Normal;Not a Pedestrian;No distancing;Slight Injury
11:45:00;Saturday;Over 51;Male;Junior high school;Employee;5-10yr;;Owner;Unknown;No defect;Other;Undivided Two way;Tangent road with flat terrain;Y Shape;Asphalt roads;Snow;Daylight;Snow;Vehicle with vehicle collision;3;2;Going straight;na;na;na;na;;;Not a Pedestrian;No distancing;Slight Injury
11:45:00;Saturday;31-50;Male;Junior high school;Owner;Above 10yr;Other;Owner;Unknown;No defect;Other;Double carriageway (median);Tangent road with flat terrain;Y Shape;Asphalt roads;Snow;Daylight;Snow;Collision with roadside objects;3;2;Turnover;Driver or rider;Male;5;2;;;Not a Pedestrian;Overturning;Slight Injury
11:45:00;Saturday;31-50;Male;Junior high school;Employee;5-10yr;Lorry (41?100Q);Owner;Unknown;;Residential areas;Two-way (divided with broken lines road marking);Tangent road with flat terrain;Y Shape;Asphalt roads;Snow;Daylight;Snow;Collision with roadside objects;3;2;Going straight;Driver or rider;Male;18-30;3;;;Not a Pedestrian;No distancing;Slight Injury
12:00:00;Saturday;Over 51;Male;Junior high school;Employee;1-2yr;Lorry (41?100Q);Owner;2-5yrs;;  Recreational areas;Undivided Two way;Tangent road with flat terrain;Crossing;Asphalt roads;Snow;Daylight;Snow;Vehicle with vehicle collision;3;2;Moving Backward;na;na;na;na;;;Not a Pedestrian;Drunk driving;Slight Injury
12:00:00;Saturday;Over 51;Male;Junior high school;Employee;1-2yr;Lorry (41?100Q);Owner;;;Other;other;Tangent road with flat terrain;Crossing;Asphalt roads;Snow;Daylight;Snow;Vehicle with vehicle collision;3;2;;na;na;na;na;Driver;Normal;Not a Pedestrian;Moving Backward;Slight Injury
12:00:00;Saturday;18-30;Male;Junior high school;Employee;1-2yr;Stationwagen;Owner;;;Office areas;Undivided Two way;Tangent road with flat terrain;Crossing;Asphalt roads;Snow;Daylight;Snow;Vehicle with vehicle collision;3;2;Going straight;Driver or rider;Female;18-30;3;Driver;Normal;Not a Pedestrian;No priority to pedestrian;Slight Injury
12:00:00;Saturday;18-30;Male;High school;Employee;2-5yr;Lorry (41?100Q);;;;Other;Undivided Two way;Tangent road with flat terrain;Crossing;Asphalt roads;Snow;Daylight;Snow;Vehicle with vehicle collision;3;2;Going straight;Driver or rider;Male;Over 51;3;Driver;Normal;Not a Pedestrian;Changing lane to the left;Slight Injury
07:50:00;Friday;31-50;Male;High school;Owner;Above 10yr;Automobile;Owner;Unknown;;Office areas;Undivided Two way;Tangent road with flat terrain;No junction;Asphalt roads;Wet or damp;Daylight;Snow;Collision with roadside objects;2;1;Reversing;na;na;na;na;Other;Normal;Not a Pedestrian;Changing lane to the left;Slight Injury
07:50:00;Friday;31-50;Male;Elementary school;Employee;2-5yr;Automobile;Owner;Unknown;;Office areas;One way;Tangent road with flat terrain;No junction;Asphalt roads;Wet or damp;Daylight;Snow;Vehicle with vehicle collision;2;1;Reversing;Pedestrian;Male;31-50;3;Driver;Normal;Not a Pedestrian;Getting off the vehicle improperly;Slight Injury
19:55:00;Sunday;18-30;Male;Junior high school;Employee;Above 10yr;Pick up upto 10Q;Owner;Unknown;;Office areas;Undivided Two way;Tangent road with flat terrain;No junction;Asphalt roads;Dry;Darkness - no lighting;Snow;Collision with roadside objects;2;2;Reversing;na;na;na;na;;;Not a Pedestrian;No distancing;Slight Injury
19:55:00;Sunday;31-50;Male;High school;Employee;2-5yr;Taxi;Owner;Unknown;No defect;Other;Undivided Two way;Tangent road with flat terrain;No junction;Asphalt roads;Dry;Darkness - no lighting;Snow;Collision with roadside objects;2;2;Going straight;Driver or rider;Female;18-30;3;Driver;Normal;Not a Pedestrian;Changing lane to the right;Slight Injury
20:30:00;Sunday;Over 51;Male;Junior high school;Other;No Licence;;Governmental;Unknown;;Other;Double carriageway (median);Tangent road with flat terrain;No junction;Asphalt roads;Wet or damp;Darkness - lights lit;Normal;Collision with pedestrians;2;6;Going straight;na;na;na;na;Driver;Normal;Not a Pedestrian;Changing lane to the right;Slight Injury
20:30:00;Sunday;Over 51;Male;Junior high school;Employee;1-2yr;Automobile;Owner;Unknown;No defect;Office areas;Two-way (divided with solid lines road marking);Tangent road with flat terrain;No junction;Asphalt roads;Wet or damp;Darkness - lights lit;Normal;Vehicle with vehicle collision;2;6;Going straight;Driver or rider;Male;18-30;3;Unemployed;Normal;Not a Pedestrian;Moving Backward;Slight Injury
20:30:00;Sunday;Over 51;Male;Junior high school;Owner;5-10yr;;Owner;Unknown;;Residential areas;other;Tangent road with flat terrain;No junction;Asphalt roads;Wet or damp;Darkness - lights lit;Normal;Collision with roadside objects;2;6;Going straight;Passenger;Male;18-30;3;Driver;Normal;Not a Pedestrian;Driving at high speed;Slight Injury
20:30:00;Sunday;Over 51;Male;Junior high school;Employee;1-2yr;Long lorry;Governmental;2-5yrs;;  Recreational areas;Undivided Two way;Tangent road with flat terrain;No junction;Asphalt roads;Wet or damp;Darkness - lights lit;Normal;Vehicle with vehicle collision;2;6;Moving Backward;Driver or rider;Male;31-50;3;Driver;Normal;Not a Pedestrian;Changing lane to the left;Slight Injury
20:30:00;Sunday;Over 51;Male;Junior high school;Employee;Above 10yr;Public (12 seats);Owner;1-2yr;No defect;Other;other;Tangent road with flat terrain;No junction;Earth roads;Wet or damp;Darkness - lights lit;Normal;Vehicle with vehicle collision;2;6;Going straight;Driver or rider;Male;Under 18;3;Driver;Normal;Not a Pedestrian;Changing lane to the right;Slight Injury
20:30:00;Sunday;31-50;Male;Junior high school;Employee;1-2yr;Pick up upto 10Q;Owner;Above 10yr;No defect;Residential areas;other;Tangent road with flat terrain;No junction;Asphalt roads;Wet or damp;Darkness - lights lit;Normal;Vehicle with vehicle collision;2;6;Moving Backward;na;na;na;na;Driver;Normal;Not a Pedestrian;No distancing;Slight Injury
13:57:00;Wednesday;Over 51;Male;Junior high school;Employee;1-2yr;;Owner;Unknown;No defect;Other;other;Tangent road with flat terrain;Crossing;Asphalt roads;Snow;Daylight;Normal;Vehicle with vehicle collision;4;2;Moving Backward;Driver or rider;Female;18-30;2;Employee;Normal;Not a Pedestrian;Changing lane to the right;Slight Injury
13:57:00;Wednesday;18-30;Male;Junior high school;Employee;2-5yr;Other;Owner;Unknown;;Other;other;Tangent road with flat terrain;Crossing;Asphalt roads;Snow;Daylight;Normal;Vehicle with vehicle collision;4;2;Going straight;na;na;na;na;Driver;Normal;Not a Pedestrian;Changing lane to the right;Slight Injury
13:57:00;Wednesday;Unknown;Female;High school;Employee;1-2yr;Lorry (41?100Q);Owner;5-10yrs;;Other;One way;Tangent road with flat terrain;Crossing;Asphalt roads;Snow;Daylight;Normal;Vehicle with vehicle collision;4;2;Other;Driver or rider;Male;31-50;3;Self-employed;Normal;Not a Pedestrian;No distancing;Slight Injury
13:57:00;Wednesday;Unknown;Female;Junior high school;Employee;1-2yr;Automobile;Owner;Unknown;No defect;Other;Two-way (divided with broken lines road marking);Tangent road with flat terrain;Crossing;Asphalt roads;Snow;Daylight;Normal;Collision with roadside objects;4;2;Going straight;na;na;na;na;Driver;Normal;Not a Pedestrian;Changing lane to the right;Slight Injury
13:45:00;Sunday;Under 18;Male;Elementary school;Employee;Above 10yr;Pick up upto 10Q;Owner;2-5yrs;No defect;Other;other;Tangent road with flat terrain;No junction;Asphalt roads;Wet or damp;Daylight;Snow;Vehicle with vehicle collision;2;1;Other;na;na;na;na;Driver;Normal;Not a Pedestrian;Driving carelessly;Slight Injury
13:45:00;Sunday;18-30;Male;Junior high school;Employee;Above 10yr;Lorry (41?100Q);Owner;Unknown;No defect;School areas;Undivided Two way;Tangent road with flat terrain;No junction;Asphalt roads;Wet or damp;Daylight;Snow;Collision with roadside objects;2;1;Going straight;Driver or rider;Female;31-50;3;;;Not a Pedestrian;Driving carelessly;Slight Injury
07:44:00;Friday;18-30;Male;Elementary school;Employee;Above 10yr;Lorry (41?100Q);Owner;;No defect;Office areas;Two-way (divided with broken lines road marking);Tangent road with flat terrain;Y Shape;Gravel roads;Dry;Darkness - lights lit;Normal;Vehicle with vehicle collision;2;1;Reversing;Pedestrian;Male;Over 51;3;Driver;Normal;Unknown or other;Changing lane to the right;Slight Injury
07:44:00;Friday;18-30;Male;Junior high school;Employee;Above 10yr;Long lorry;Owner;Unknown;No defect;Office areas;Two-way (divided with broken lines road marking);Tangent road with flat terrain;Y Shape;Asphalt roads;Dry;Darkness - lights lit;Normal;Vehicle with vehicle collision;2;1;;Driver or rider;Male;18-30;3;;;Not a Pedestrian;Overturning;Slight Injury
15:35:00;Thursday;31-50;Male;Junior high school;Employee;1-2yr;Public (> 45 seats);Owner;5-10yrs;No defect;Office areas;Two-way (divided with broken lines road marking);Tangent road with flat terrain;No junction;Asphalt roads;Dry;Daylight;Normal;Vehicle with vehicle collision;1;1;Going straight;na;na;na;na;;;Not a Pedestrian;Changing lane to the right;Slight Injury
20:00:00;Friday;Over 51;Male;Junior high school;Employee;5-10yr;Public (> 45 seats);Owner;Unknown;No defect;School areas;;Tangent road with flat terrain;Y Shape;Asphalt roads;Wet or damp;Darkness - lights lit;Cloudy;Collision with roadside objects;2;2;Going straight;Driver or rider;Male;Under 18;3;;Normal;Not a Pedestrian;Moving Backward;Slight Injury
20:00:00;Friday;31-50;Male;High school;Owner;2-5yr;Automobile;Governmental;;No defect;School areas;Undivided Two way;Tangent road with flat terrain;Y Shape;Other;Wet or damp;Darkness - lights lit;Cloudy;Collision with roadside objects;2;2;Going straight;Pedestrian;Female;Under 18;3;Driver;Normal;Crossing from offside - masked by  parked or statioNot a Pedestrianry vehicle;No distancing;Slight Injury
20:00:00;Friday;31-50;Male;Junior high school;Employee;2-5yr;Automobile;Owner;;No defect;Office areas;Two-way (divided with broken lines road marking);Tangent road with flat terrain;Y Shape;Asphalt roads;Wet or damp;Darkness - lights lit;Cloudy;Vehicle with vehicle collision;2;2;Going straight;Driver or rider;Male;31-50;3;Driver;Normal;Not a Pedestrian;Overturning;Slight Injury