Time;Day_of_week;Age_band_of_driver;Sex_of_driver;Educational_level;Vehicle_driver_relation;Driving_experience;Type_of_vehicle;Owner_of_vehicle;Service_year_of_vehicle;Defect_of_vehicle;Area_accident_occured;Lanes_or_Medians;Road_allignment;Types_of_Junction;Road_surface_type;Road_surface_conditions;Light_conditions;Weather_conditions;Type_of_collision;Number_of_vehicles_involved;Number_of_casualties;Vehicle_movement;Casualty_class;Sex_of_casualty;Age_band_of_casualty;Casualty_severity;Work_of_casuality;Fitness_of_casuality;Pedestrian_movement;Cause_of_accident;Accident_severity
17:46:00;Thursday;Over 51;Male;Junior high school;Employee;5-10yr;Automobile;Owner;;No defect;Office areas;Two-way (divided with broken lines road marking);Tangent road with flat terrain;Y Shape;Asphalt roads;Snow;Darkness - lights lit;Other;Vehicle with vehicle collision;2;3;Going straight;na;na;na;na;Driver;Normal;Not a Pedestrian;Driving carelessly;Slight Injury
17:46:00;Thursday;Over 51;Male;Junior high school;Employee;5-10yr;Other;Governmental;Above 10yr;No defect;School areas;Two-way (divided with broken lines road marking);Tangent road with flat terrain;Y Shape;Asphalt roads;Snow;Darkness - lights lit;Other;Vehicle with vehicle collision;2;3;Going straight;na;na;na;na;Driver;Normal;Not a Pedestrian;Changing lane to the right;Slight Injury
17:46:00;Thursday;31-50;Male;Junior high school;Employee;2-5yr;Public (12 seats);Owner;1-2yr;No defect;;Two-way (divided with broken lines road marking);Tangent road with flat terrain;Y Shape;Asphalt roads;Snow;Darkness - lights lit;Other;Vehicle with vehicle collision;2;3;Other;Driver or rider;Male;18-30;3;Driver;Normal;Not a Pedestrian;Driving at high speed;Slight Injury
14:20:00;Friday;18-30;Male;High school;Employee;Above 10yr;Automobile;Owner;Above 10yr;No defect;Other;Two-way (divided with broken lines road marking);Tangent road with flat terrain;Y Shape;Asphalt roads;Dry;Daylight;Normal;Vehicle with vehicle collision;1;1;Going straight;na;na;na;na;Driver;Normal;Not a Pedestrian;Changing lane to the left;Slight Injury
12:15:00;Sunday;31-50;Male;Elementary school;Employee;5-10yr;Stationwagen;Owner;Below 1yr;No defect;Other;Undivided Two way;Tangent road with flat terrain;Y Shape;Asphalt roads;Dry;Daylight;Normal;Vehicle with vehicle collision;2;1;Going straight;Driver or rider;Male;Under 18;3;Employee;Normal;Not a Pedestrian;Driving carelessly;Slight Injury
12:15:00;Sunday;18-30;Male;Junior high school;Employee;Above 10yr;Automobile;Owner;Above 10yr;No defect;Other;Two-way (divided with broken lines road marking);Tangent road with flat terrain;Y Shape;Asphalt roads;Dry;Daylight;Normal;Vehicle with vehicle collision;2;1;Going straight;Pedestrian;Male;18-30;3;;Normal;Walking along in carriageway, back to traffic;No distancing;Slight Injury
07:40:00;Tuesday;18-30;Male;Writing & reading;Employee;2-5yr;Automobile;Owner;Unknown;No defect;Residential areas;Undivided Two way;Tangent road with flat terrain;Y Shape;Asphalt roads;Wet or damp;Darkness - lights lit;Normal;Collision with roadside objects;1;1;Going straight;na;na;na;na;Driver;Normal;Not a Pedestrian;Moving Backward;Slight Injury
16:10:00;Wednesday;31-50;Male;Junior high school;Employee;2-5yr;Automobile;Governmental;1-2yr;No defect;Other;Undivided Two way;Tangent road with flat terrain;Y Shape;Asphalt roads;Wet or damp;Darkness - lights lit;Raining;Collision with roadside objects;1;1;Reversing;Driver or rider;Female;31-50;3;;;Not a Pedestrian;No priority to pedestrian;Slight Injury
08:35:00;Wednesday;31-50;Male;High school;Employee;2-5yr;;Owner;1-2yr;No defect;Other;Undivided Two way;Tangent road with flat terrain;Y Shape;Asphalt roads;Wet or damp;Daylight;Windy;Collision with roadside objects;2;1;Going straight;Passenger;Female;31-50;3;Self-employed;Normal;Not a Pedestrian;Moving Backward;Slight Injury
08:35:00;Wednesday;18-30;Male;Junior high school;Employee;1-2yr;;Owner;;No defect; Industrial areas;Undivided Two way;Tangent road with flat terrain;Y Shape;Asphalt roads;Wet or damp;Daylight;Windy;Vehicle with vehicle collision;2;1;Going straight;Passenger;Female;Over 51;3;;;Not a Pedestrian;Changing lane to the right;Slight Injury
08:40:00;Wednesday;18-30;Male;High school;Employee;5-10yr;Pick up upto 10Q;Owner;;No defect;  Recreational areas;Undivided Two way;Tangent road with flat terrain;Y Shape;Asphalt roads;Dry;Daylight;Normal;Vehicle with vehicle collision;1;1;Other;Passenger;Female;18-30;3;Self-employed;Normal;Not a Pedestrian;No distancing;Slight Injury
18:49:00;Tuesday;18-30;Male;Elementary school;Employee;2-5yr;Turbo;Owner;Above 10yr;No defect; Church areas;Two-way (divided with broken lines road marking);Tangent road with flat terrain;Y Shape;Asphalt roads;Dry;Darkness - lights lit;Normal;Vehicle with vehicle collision;1;1;Going straight;Passenger;Female;31-50;3;;;Not a Pedestrian;Drunk driving;Slight Injury
12:46:00;Friday;31-50;Male;Junior high school;Employee;1-2yr;Pick up upto 10Q;Owner;;;Office areas;Two-way (divided with broken lines road marking);Tangent road with flat terrain;Y Shape;Asphalt roads;Dry;Daylight;Normal;Vehicle with vehicle collision;2;1;Going straight;Pedestrian;Female;18-30;3;Self-employed;Normal;Crossing from nearside - masked by parked or statioNot a Pedestrianry vehicle;Changing lane to the right;Slight Injury
12:46:00;Friday;31-50;Male;Elementary school;Employee;1-2yr;Other;Owner;;;Other;Two-way (divided with broken lines road marking);Tangent road with flat terrain;Y Shape;Gravel roads;Dry;Daylight;Normal;Collision with pedestrians;2;1;Going straight;na;na;na;na;;;Not a Pedestrian;Driving carelessly;Slight Injury
07:40:00;Wednesday;18-30;Male;High school;Employee;No Licence;Stationwagen;Owner;;;Office areas;Undivided Two way;Tangent road with flat terrain;Y Shape;Asphalt roads;Dry;Daylight;Normal;Collision with pedestrians;2;1;Turnover;Driver or rider;Male;31-50;3;;;Not a Pedestrian;Driving to the left;Slight Injury
07:40:00;Wednesday;31-50;Male;Junior high school;Owner;5-10yr;Pick up upto 10Q;Owner;;;Office areas;Two-way (divided with broken lines road marking);Tangent road with flat terrain;Y Shape;Asphalt roads;Dry;Daylight;Normal;Vehicle with vehicle collision;2;1;Going straight;Driver or rider;Male;31-50;3;Self-employed;Normal;Not a Pedestrian;Changing lane to the right;Slight Injury
06:00:00;Sunday;Unknown;Female;Junior high school;Employee;1-2yr;Lorry (41?100Q);Owner;;;Other;Two-way (divided with broken lines road marking);Tangent road with flat terrain;Crossing;Asphalt roads;Dry;Darkness - lights lit;Normal;Vehicle with vehicle collision;2;1;Going straight;na;na;na;na;Employee;Normal;Not a Pedestrian;Changing lane to the right;Serious Injury
06:00:00;Sunday;18-30;Male;Junior high school;Employee;2-5yr;Lorry (41?100Q);Owner;Above 10yr;;Residential areas;Undivided Two way;Tangent road with flat terrain;Crossing;Other;Dry;Darkness - lights lit;Normal;Vehicle with vehicle collision;2;1;Reversing;Pedestrian;Female;Over 51;3;Other;Normal;Not a Pedestrian;Driving carelessly;Serious Injury
15:00:00;Saturday;31-50;Male;Junior high school;Employee;5-10yr;Automobile;Owner;Above 10yr;;Office areas;other;Tangent road with mountainous terrain and;Y Shape;Asphalt roads;Dry;Daylight;Normal;Vehicle with vehicle collision;1;1;Other;Pedestrian;Female;18-30;3;Employee;Normal;Crossing from offside - masked by  parked or statioNot a Pedestrianry vehicle;Changing lane to the left;Slight Injury
18:02:00;Wednesday;31-50;Male;;;;Automobile;Owner;Above 10yr;No defect;Residential areas;other;Tangent road with flat terrain;Crossing;Other;Dry;Darkness - no lighting;Normal;Vehicle with vehicle collision;1;1;Going straight;Driver or rider;Male;31-50;3;;;Not a Pedestrian;No priority to vehicle;Slight Injury
21:25:00;Thursday;18-30;Male;;;;Pick up upto 10Q;;;;School areas;Two-way (divided with broken lines road marking);Tangent road with flat terrain;Y Shape;Asphalt roads;Wet or damp;Darkness - lights lit;Normal;Vehicle with vehicle collision;2;2;Going straight;na;na;na;na;Employee;Normal;Not a Pedestrian;Driving carelessly;Slight Injury
21:25:00;Thursday;18-30;Male;Junior high school;Employee;2-5yr;Pick up upto 10Q;Owner;Above 10yr;No defect;Office areas;Two-way (divided with broken lines road marking);Sharp reverse curve;Y Shape;Asphalt roads;Wet or damp;Darkness - lights lit;Normal;Vehicle with vehicle collision;2;2;Moving Backward;na;na;na;na;;;Not a Pedestrian;Changing lane to the right;Slight Injury
21:25:00;Thursday;18-30;Male;Junior high school;Employee;Above 10yr;Lorry (41?100Q);Owner;5-10yrs;No defect;Other;other;Tangent road with flat terrain;Y Shape;Asphalt roads;Wet or damp;Darkness - lights lit;Normal;Vehicle with vehicle collision;2;2;Reversing;Driver or rider;Male;18-30;3;Employee;Normal;Not a Pedestrian;Driving carelessly;Slight Injury
16:55:00;Friday;31-50;Male;Junior high school;Owner;Above 10yr;Public (12 seats);Owner;Above 10yr;No defect;Other;Undivided Two way;Tangent road with flat terrain;No junction;Asphalt roads;Dry;Daylight;Normal;Vehicle with vehicle collision;3;3;Going straight;Passenger;Male;31-50;3;Employee;Normal;Not a Pedestrian;Driving under the influence of drugs;Slight Injury
16:55:00;Friday;31-50;Male;;;;Other;Owner;Above 10yr;No defect; Church areas;other;Tangent road with flat terrain;No junction;Asphalt roads;Dry;Daylight;Normal;Vehicle with vehicle collision;3;3;Going straight;Passenger;Female;18-30;3;Employee;Normal;Not a Pedestrian;No distancing;Slight Injury
16:55:00;Friday;31-50;Male;Elementary school;Owner;Above 10yr;Stationwagen;Owner;;No defect;Office areas;Two-way (divided with broken lines road marking);Tangent road with flat terrain;No junction;Asphalt roads;Dry;Daylight;Normal;Collision with roadside objects;3;3;Moving Backward;Driver or rider;Male;18-30;3;Driver;Normal;Not a Pedestrian;Changing lane to the left;Slight Injury
16:55:00;Friday;Unknown;Female;Junior high school;Employee;Above 10yr;Automobile;Owner;;No defect;Other;Two-way (divided with broken lines road marking);Tangent road with flat terrain;No junction;Asphalt roads;Dry;Daylight;Normal;Rollover;3;3;Going straight;Pedestrian;Male;Over 51;2;Driver;Normal;Unknown or other;No priority to vehicle;Slight Injury
16:55:00;Friday;Unknown;Female;Elementary school;Owner;2-5yr;Automobile;Owner;;No defect;Office areas;Two-way (divided with broken lines road marking);Tangent road with mild grade and flat terrain;No junction;Asphalt roads;Dry;Daylight;Normal;Vehicle with vehicle collision;3;3;Going straight;na;na;na;na;Student;Normal;Not a Pedestrian;Moving Backward;Slight Injury
20:15:00;Monday;18-30;Male;Junior high school;Employee;5-10yr;Lorry (41?100Q);Owner;;No defect;Office areas;Two-way (divided with broken lines road marking);Tangent road with flat terrain;No junction;Asphalt roads;Dry;Darkness - no lighting;Normal;Vehicle with vehicle collision;2;2;Going straight;Driver or rider;Male;18-30;3;Driver;Normal;Not a Pedestrian;Moving Backward;Slight Injury
20:15:00;Monday;18-30;Male;Junior high school;Employee;Below 1yr;Stationwagen;Owner;Above 10yr;No defect;Office areas;Two-way (divided with broken lines road marking);Sharp reverse curve;No junction;Asphalt roads;Dry;Darkness - no lighting;Normal;Vehicle with vehicle collision;2;2;Going straight;na;na;na;na;Self-employed;Normal;Not a Pedestrian;No distancing;Slight Injury
20:15:00;Monday;18-30;Male;Junior high school;Employee;5-10yr;Lorry (41?100Q);Owner;Above 10yr;No defect; Church areas;Undivided Two way;Sharp reverse curve;No junction;Asphalt roads;Dry;Darkness - no lighting;Normal;Vehicle with vehicle collision;2;2;Going straight;Driver or rider;Male;Under 18;3;;;Not a Pedestrian;Changing lane to the right;Slight Injury
15:30:00;Tuesday;31-50;Male;High school;Employee;Above 10yr;Public (> 45 seats);Owner;Above 10yr;No defect;Office areas;Undivided Two way;Gentle horizontal curve;Y Shape;Asphalt roads;Dry;Daylight;Normal;Vehicle with vehicle collision;1;1;Going straight;na;na;na;na;;;Not a Pedestrian;Changing lane to the right;Slight Injury
20:17:00;Thursday;31-50;Male;Junior high school;Employee;5-10yr;Automobile;Owner;5-10yrs;No defect;Other;Double carriageway (median);Gentle horizontal curve;No junction;Asphalt roads;Wet or damp;Darkness - lights lit;Normal;Collision with roadside objects;2;1;;Driver or rider;Male;18-30;3;Driver;Normal;Not a Pedestrian;Moving Backward;Slight Injury
20:17:00;Thursday;31-50;Male;Elementary school;Employee;1-2yr;Automobile;Owner;;;Other;Two-way (divided with broken lines road marking);Tangent road with flat terrain;No junction;Asphalt roads;Wet or damp;Darkness - lights lit;Normal;Collision with roadside objects;2;1;Going straight;na;na;na;na;Driver;Normal;Not a Pedestrian;Driving carelessly;Slight Injury
13:07:00;Sunday;31-50;Male;Junior high school;Employee;;Automobile;Owner;5-10yrs;No defect; Church areas;Unknown;Tangent road with mountainous terrain and;Crossing;Asphalt roads;Wet or damp;Daylight;Raining;Vehicle with vehicle collision;2;2;Reversing;Passenger;Male;18-30;3;Driver;Normal;Not a Pedestrian;Driving under the influence of drugs;Slight Injury
13:07:00;Sunday;31-50;Male;Above high school;Employee;1-2yr;;Owner;1-2yr;;School areas;Undivided Two way;Tangent road with flat terrain;Crossing;Asphalt roads;Wet or damp;Daylight;Raining;Collision with roadside objects;2;2;Going straight;na;na;na;na;Driver;Normal;Not a Pedestrian;No distancing;Slight Injury
13:07:00;Sunday;31-50;Male;Junior high school;Employee;Above 10yr;Lorry (41?100Q);;;; Church areas;Two-way (divided with broken lines road marking);Tangent road with flat terrain;Crossing;Asphalt roads;Wet or damp;Daylight;Raining;Vehicle with vehicle collision;2;2;Going straight;Driver or rider;Male;31-50;3;;;Not a Pedestrian;No distancing;Slight Injury
16:30:00;Tuesday;31-50;Male;Junior high school;Employee;1-2yr;Lorry (41?100Q);Owner;Above 10yr;;Office areas;Undivided Two way;Tangent road with flat terrain;Crossing;Asphalt roads;Dry;Daylight;Normal;Vehicle with vehicle collision;2;1;Going straight;na;na;na;na;Driver;Normal;Not a Pedestrian;No priority to vehicle;Slight Injury
16:30:00;Tuesday;31-50;Male;Junior high school;Employee;5-10yr;Automobile;Owner;2-5yrs;No defect;Other;other;Tangent road with flat terrain;Crossing;Asphalt roads;Dry;Daylight;Normal;Vehicle with vehicle collision;2;1;Going straight;Driver or rider;Male;18-30;3;Self-employed;Normal;Not a Pedestrian;Driving to the left;Slight Injury
15:18:00;Monday;31-50;Male;Junior high school;Employee;2-5yr;Stationwagen;Owner;Above 10yr;; Church areas;Two-way (divided with broken lines road marking);Steep grade upward with mountainous terrain;No junction;Asphalt roads;Dry;Daylight;Normal;Vehicle with vehicle collision;1;1;Going straight;Driver or rider;Male;Under 18;3;Self-employed;Normal;Not a Pedestrian;No priority to vehicle;Serious Injury
17:40:00;Wednesday;18-30;Male;;;;Public (12 seats);Governmental;1-2yr;No defect;Other;Double carriageway (median);Tangent road with flat terrain;No junction;Asphalt roads;Dry;Daylight;Normal;Vehicle with vehicle collision;1;1;Going straight;na;na;na;na;Self-employed;Normal;Not a Pedestrian;No priority to vehicle;Slight Injury
18:32:00;Tuesday;18-30;Male;Junior high school;Employee;2-5yr;Public (12 seats);Governmental;Above 10yr;;Other;Double carriageway (median);Tangent road with flat terrain;No junction;Earth roads;Dry;Darkness - lights lit;Normal;Vehicle with vehicle collision;3;3;Other;Driver or rider;Female;31-50;3;Driver;Normal;Not a Pedestrian;No priority to vehicle;Slight Injury
18:32:00;Tuesday;18-30;Male;Junior high school;Employee;2-5yr;Automobile;Organization;5-10yrs;No defect;Office areas;Two-way (divided with broken lines road marking);Gentle horizontal curve;No junction;Asphalt roads;Dry;Darkness - lights lit;Normal;Collision with pedestrians;3;3;Moving Backward;Passenger;Male;18-30;3;Other;Normal;Not a Pedestrian;No distancing;Slight Injury
18:32:00;Tuesday;31-50;Male;Junior high school;Employee;Above 10yr;Public (12 seats);Organization;Above 10yr;No defect;Other;Two-way (divided with broken lines road marking);Tangent road with flat terrain;No junction;Asphalt roads;Dry;Darkness - lights lit;Normal;Vehicle with vehicle collision;3;3;Other;na;na;na;na;;;Not a Pedestrian;Moving Backward;Slight Injury
18:32:00;Tuesday;Over 51;Male;Junior high school;Employee;1-2yr;Public (12 seats);Owner;2-5yrs;No defect;Other;Two-way (divided with broken lines road marking);Tangent road with flat terrain;No junction;Asphalt roads;Dry;Darkness - lights lit;Normal;Collision with roadside objects;3;3;Going straight;na;na;na;na;Self-employed;Normal;Not a Pedestrian;Changing lane to the right;Slight Injury
18:35:00;Saturday;31-50;Male;Above high school;Owner;1-2yr;Lorry (41?100Q);Governmental;;No defect;Residential areas;Two-way (divided with broken lines road marking);Tangent road with flat terrain;No junction;Asphalt roads;Dry;Darkness - lights lit;Normal;Vehicle with vehicle collision;2;1;Going straight;Driver or rider;Male;18-30;3;Other;Normal;Not a Pedestrian;Driving carelessly;Slight Injury
18:35:00;Saturday;31-50;Male;Above high school;Employee;No Licence;Automobile;Owner;2-5yrs;No defect;Office areas;Two-way (divided with broken lines road marking);Tangent road with flat terrain;No junction;Asphalt roads;Dry;Darkness - lights lit;Normal;Collision with roadside objects;2;1;Going straight;Driver or rider;Male;31-50;2;;;Not a Pedestrian;Changing lane to the left;Slight Injury
12:10:00;Friday;18-30;Male;Junior high school;Employee;1-2yr;Lorry (41?100Q);Owner;2-5yrs;No defect; Church areas;One way;Tangent road with flat terrain;Y Shape;Asphalt roads;Dry;Daylight;Normal;Vehicle with vehicle collision;2;1;Other;na;na;na;na;;;Not a Pedestrian;No distancing;Slight Injury
12:10:00;Friday;18-30;Male;Junior high school;Employee;5-10yr;;Owner;1-2yr;No defect;;Undivided Two way;Tangent road with flat terrain;Y Shape;Asphalt roads;Dry;Daylight;Normal;Vehicle with vehicle collision;2;1;Going straight;Driver or rider;Male;31-50;3;Driver;Normal;Not a Pedestrian;Changing lane to the right;Slight Injury
15:08:00;Monday;18-30;Male;Junior high school;Employee;Above 10yr;Automobile;Owner;Above 10yr;;  Market areas;other;Steep grade downward with mountainous terrain;Y Shape;Asphalt roads;Dry;Daylight;Unknown;Collision with pedestrians;3;4;;na;na;na;na;;;Not a Pedestrian;Driving under the influence of drugs;Serious Injury
15:08:00;Monday;18-30;Male;Junior high school;Employee;Above 10yr;Stationwagen;Owner;Above 10yr;;Other;Two-way (divided with broken lines road marking);Tangent road with mountainous terrain and;Y Shape;Asphalt roads;Dry;Daylight;Unknown;Vehicle with vehicle collision;3;4;Going straight;na;na;na;na;Driver;Normal;Not a Pedestrian;No distancing;Serious Injury
15:08:00;Monday;Over 51;Male;Junior high school;Owner;5-10yr;;Owner;;No defect;Other;Undivided Two way;Tangent road with mountainous terrain and;Y Shape;Asphalt roads;Dry;Daylight;Unknown;Vehicle with vehicle collision;3;4;Going straight;Driver or rider;Male;5;3;Driver;Normal;Not a Pedestrian;Overturning;Serious Injury
15:08:00;Monday;Over 51;Male;Elementary school;Employee;2-5yr;;Owner;;No defect; Church areas;Undivided Two way;Tangent road with flat terrain;Y Shape;Gravel roads;Dry;Daylight;Unknown;Vehicle with vehicle collision;3;4;Going straight;Driver or rider;Male;18-30;3;Driver;Normal;Not a Pedestrian;No distancing;Serious Injury
08:54:00;Thursday;18-30;Male;Junior high school;Employee;2-5yr;Automobile;Governmental;1-2yr;No defect;Residential areas;Undivided Two way;Tangent road with flat terrain;Crossing;Asphalt roads;Dry;Daylight;Normal;Vehicle with vehicle collision;1;1;Going straight;na;na;na;na;Driver;Normal;Not a Pedestrian;Changing lane to the right;Slight Injury
16:51:00;Wednesday;31-50;Male;Junior high school;Employee;Below 1yr;Stationwagen;Owner;Unknown;No defect;Other;Undivided Two way;Tangent road with flat terrain;No junction;Earth roads;Dry;Daylight;Normal;Collision with pedestrians;1;1;Moving Backward;Driver or rider;Male;18-30;3;Self-employed;Normal;Not a Pedestrian;No priority to vehicle;Serious Injury
19:02:00;Saturday;18-30;Male;Junior high school;Employee;2-5yr;Automobile;Owner;Unknown;No defect;Other;Two-way (divided with broken lines road marking);Tangent road with flat terrain;Crossing;Asphalt roads;Wet or damp;Darkness - lights lit;Normal;Vehicle with vehicle collision;2;1;Moving Backward;na;na;na;na;Self-employed;Normal;Not a Pedestrian;Changing lane to the right;Slight Injury
19:02:00;Saturday;18-30;Male;Junior high school;Employee;2-5yr;Other;Owner;Unknown;No defect;Other;Double carriageway (median);Tangent road with flat terrain;Crossing;Asphalt roads;Wet or damp;Darkness - lights lit;Normal;Vehicle with vehicle collision;2;1;Going straight;Passenger;Female;Over 51;3;Driver;Normal;Not a Pedestrian;Changing lane to the left;Slight Injury
08:10:00;Monday;18-30;Male;Elementary school;Employee;5-10yr;Other;Owner;;No defect;  Recreational areas;Two-way (divided with broken lines road marking);Tangent road with flat terrain;Y Shape;Asphalt roads;Wet or damp;Daylight;Fog or mist;Vehicle with vehicle collision;2;1;Going straight;Pedestrian;Female;Over 51;3;Driver;Normal;Unknown or other;No distancing;Slight Injury
08:10:00;Monday;31-50;Male;Junior high school;Employee;Above 10yr;Automobile;Owner;Unknown;No defect;  Recreational areas;One way;Tangent road with flat terrain;Y Shape;Earth roads;Wet or damp;Daylight;Fog or mist;Vehicle with vehicle collision;2;1;Turnover;Driver or rider;Male;Under 18;3;;;Not a Pedestrian;No priority to pedestrian;Slight Injury
17:50:00;Saturday;18-30;Male;;;;Lorry (41?100Q);Owner;;No defect;Other;Two-way (divided with broken lines road marking);Tangent road with flat terrain;Y Shape;Asphalt roads;Dry;Daylight;Normal;Collision with roadside objects;2;1;Going straight;Driver or rider;Female;31-50;3;Driver;Normal;Not a Pedestrian;Driving carelessly;Slight Injury
17:50:00;Saturday;31-50;Male;Junior high school;Employee;2-5yr;Lorry (41?100Q);Organization;1-2yr;No defect;Office areas;Two-way (divided with broken lines road marking);Tangent road with flat terrain;Y Shape;Asphalt roads;Dry;Daylight;Normal;Vehicle with vehicle collision;2;1;Going straight;Passenger;Female;Over 51;3;Driver;Normal;Not a Pedestrian;No distancing;Slight Injury
20:51:00;Tuesday;18-30;Male;Junior high school;Employee;5-10yr;Lorry (41?100Q);Owner;2-5yrs;No defect;Residential areas;Two-way (divided with broken lines road marking);Tangent road with flat terrain;Y Shape;Asphalt roads;Wet or damp;Darkness - lights lit;Windy;Vehicle with vehicle collision;1;1;Going straight;na;na;na;na;Driver;Normal;Not a Pedestrian;Driving carelessly;Serious Injury
14:00:00;Saturday;31-50;Male;Above high school;Employee;2-5yr;Automobile;Owner;2-5yrs;No defect;Other;Two-way (divided with broken lines road marking);Tangent road with flat terrain;Y Shape;Asphalt roads;Dry;Daylight;Normal;Vehicle with vehicle collision;2;1;Going straight;Driver or rider;Male;18-30;3;;Normal;Not a Pedestrian;Driving carelessly;Slight Injury
14:00:00;Saturday;18-30;Male;;;;Automobile;;1-2yr;;Residential areas;Undivided Two way;Steep grade downward with mountainous terrain;Y Shape;Asphalt roads;Dry;Daylight;Normal;Vehicle with vehicle collision;2;1;Going straight;na;na;na;na;;;Not a Pedestrian;Moving Backward;Slight Injury
14:43:00;Friday;Over 51;Male;;Employee;1-2yr;Public (13?45 seats);Owner;;No defect; Church areas;Double carriageway (median);Tangent road with flat terrain;Other;Asphalt roads;Dry;Daylight;Normal;Collision with roadside objects;1;1;Going straight;na;na;na;na;Driver;Normal;Not a Pedestrian;Overtaking;Slight Injury
16:26:00;Tuesday;Over 51;Male;Junior high school;Employee;2-5yr;Public (13?45 seats);Owner;2-5yrs;;Other;One way;Tangent road with flat terrain;Y Shape;Asphalt roads;Dry;Daylight;Normal;Vehicle with vehicle collision;2;1;Going straight;Driver or rider;Male;31-50;3;Driver;Normal;Not a Pedestrian;No priority to vehicle;Serious Injury
16:26:00;Tuesday;Over 51;Male;Junior high school;Employee;Above 10yr;Lorry (41?100Q);Owner;5-10yrs;No defect;Office areas;Two-way (divided with broken lines road marking);Tangent road with mountainous terrain and;Y Shape;Asphalt roads;Dry;Daylight;Normal;Vehicle with vehicle collision;2;1;Going straight;na;na;na;na;Self-employed;Normal;Not a Pedestrian;No priority to vehicle;Serious Injury
13:54:00;Saturday;31-50;Male;Junior high school;Employee;Below 1yr;Lorry (41?100Q);Owner;2-5yrs;;Other;Undivided Two way;Tangent road with flat terrain;Y Shape;Asphalt roads;Dry;Daylight;Normal;Vehicle with vehicle collision;2;2;;Driver or rider;Male;31-50;3;Driver;Normal;Not a Pedestrian;Changing lane to the left;Slight Injury
13:54:00;Saturday;31-50;Male;Junior high school;Employee;2-5yr;Public (12 seats);Owner;Unknown;;  Recreational areas;Two-way (divided with broken lines road marking);Steep grade downward with mountainous terrain;Y Shape;Asphalt roads;Dry;Daylight;Normal;Vehicle with vehicle collision;2;2;Other;na;na;na;na;Driver;Normal;Not a Pedestrian;No priority to vehicle;Slight Injury
13:54:00;Saturday;18-30;Male;Junior high school;Employee;Below 1yr;Other;Owner;;No defect;Other;Undivided Two way;Tangent road with flat terrain;Y Shape;Asphalt roads;Dry;Daylight;Normal;Vehicle with vehicle collision;2;2;Getting off;Driver or rider;Male;Under 18;3;Driver;Normal;Not a Pedestrian;No distancing;Slight Injury
15:31:00;Monday;31-50;Male;High school;Employee;5-10yr;Lorry (41?100Q);Owner;1-2yr;No defect;Office areas;Two-way (divided with broken lines road marking);Tangent road with flat terrain;Y Shape;Asphalt roads;Dry;Daylight;Cloudy;Vehicle with vehicle collision;2;1;Going straight;Driver or rider;Male;18-30;3;;;Not a Pedestrian;Moving Backward;Slight Injury
15:31:00;Monday;Over 51;Male;Above high school;Employee;1-2yr;Automobile;Governmental;;No defect;Residential areas;Undivided Two way;Tangent road with flat terrain;Y Shape;Asphalt roads;Dry;Daylight;Cloudy;Vehicle with vehicle collision;2;1;Going straight;na;na;na;na;Driver;Normal;Not a Pedestrian;Changing lane to the right;Slight Injury
12:30:00;Thursday;18-30;Male;Junior high school;Employee;Below 1yr;Other;Owner;Unknown;No defect;Office areas;One way;Tangent road with flat terrain;No junction;Asphalt roads;Wet or damp;Daylight;Normal;Vehicle with vehicle collision;1;1;Going straight;Driver or rider;Male;31-50;3;Driver;Normal;Not a Pedestrian;No distancing;Slight Injury
18:45:00;Wednesday;18-30;Male;;;;Motorcycle;Owner;;No defect;Office areas;Two-way (divided with broken lines road marking);Tangent road with flat terrain;No junction;Asphalt roads;Wet or damp;Darkness - lights lit;Raining;Vehicle with vehicle collision;2;1;Other;na;na;na;na;Self-employed;Normal;Not a Pedestrian;Overtaking;Slight Injury
18:45:00;Wednesday;31-50;Male;High school;Employee;Below 1yr;Automobile;Owner;Unknown;No defect; Church areas;Double carriageway (median);Tangent road with flat terrain;No junction;Asphalt roads;Wet or damp;Darkness - lights lit;Raining;Vehicle with vehicle collision;2;1;Going straight;Driver or rider;Male;18-30;3;;Normal;Not a Pedestrian;No distancing;Slight Injury
19:12:00;Tuesday;31-50;Male;High school;Employee;Below 1yr;Automobile;Owner;;No defect; Church areas;Undivided Two way;Tangent road with flat terrain;No junction;Asphalt roads;Dry;Darkness - lights lit;Normal;Vehicle with vehicle collision;1;1;Moving Backward;na;na;na;na;;;Not a Pedestrian;Changing lane to the left;Serious Injury
17:25:00;Friday;31-50;Male;;;;Lorry (41?100Q);Owner;;No defect;Residential areas;Undivided Two way;Tangent road with flat terrain;No junction;Asphalt roads;Dry;Daylight;Normal;Collision with roadside objects;2;1;Other;Driver or rider;Male;31-50;3;Driver;Normal;Not a Pedestrian;Driving under the influence of drugs;Slight Injury
17:25:00;Friday;31-50;Male;High school;Employee;2-5yr;Automobile;Owner;;No defect;Other;Undivided Two way;Tangent road with flat terrain;No junction;Asphalt roads;Dry;Daylight;Normal;Collision with roadside objects;2;1;Going straight;na;na;na;na;Driver;Normal;Not a Pedestrian;No distancing;Slight Injury