Time;Day_of_week;Age_band_of_driver;Sex_of_driver;Educational_level;Vehicle_driver_relation;Driving_experience;Type_of_vehicle;Owner_of_vehicle;Service_year_of_vehicle;Defect_of_vehicle;Area_accident_occured;Lanes_or_Medians;Road_allignment;Types_of_Junction;Road_surface_type;Road_surface_conditions;Light_conditions;Weather_conditions;Type_of_collision;Number_of_vehicles_involved;Number_of_casualties;Vehicle_movement;Casualty_class;Sex_of_casualty;Age_band_of_casualty;Casualty_severity;Work_of_casuality;Fitness_of_casuality;Pedestrian_movement;Cause_of_accident;Accident_severity
17:41:00;Monday;31-50;Male;;;;Public (13?45 seats);Organization;Unknown;;  Recreational areas;Two-way (divided with broken lines road marking);Tangent road with flat terrain;Y Shape;Asphalt roads;Dry;Daylight;Normal;Collision with roadside objects;4;1;Going straight;na;na;na;na;;;Not a Pedestrian;Moving Backward;Slight Injury
17:25:00;Friday;31-50;Male;Junior high school;Employee;2-5yr;Lorry (11?40Q);Owner;1-2yr;No defect;Residential areas;Two-way (divided with broken lines road marking);Tangent road with flat terrain;No junction;Asphalt roads;Dry;Daylight;Normal;Vehicle with vehicle collision;3;4;Overtaking;Driver or rider;Male;18-30;3;Driver;Normal;Not a Pedestrian;Driving under the influence of drugs;Slight Injury
17:25:00;Friday;Under 18;Male;Junior high school;Employee;2-5yr;Lorry (11?40Q);Owner;Above 10yr;;Residential areas;Undivided Two way;Tangent road with flat terrain;No junction;Asphalt roads;Dry;Daylight;Normal;Collision with roadside objects;3;4;Going straight;na;na;na;na;;Normal;Not a Pedestrian;Changing lane to the right;Slight Injury
17:25:00;Friday;31-50;Male;Junior high school;Employee;Above 10yr;Pick up upto 10Q;Owner;5-10yrs;; Church areas;Undivided Two way;Steep grade downward with mountainous terrain;No junction;Asphalt roads;Dry;Daylight;Normal;Vehicle with vehicle collision;3;4;Going straight;Driver or rider;Female;5;3;Driver;Normal;Not a Pedestrian;No priority to vehicle;Slight Injury
17:25:00;Friday;31-50;Male;Junior high school;Employee;1-2yr;Automobile;Owner;5-10yrs;;Residential areas;Undivided Two way;Tangent road with flat terrain;No junction;Asphalt roads;Dry;Daylight;Normal;Vehicle with vehicle collision;3;4;Going straight;Driver or rider;Male;Over 51;2;Driver;Normal;Not a Pedestrian;Changing lane to the left;Slight Injury
17:25:00;Friday;31-50;Male;Above high school;Owner;1-2yr;Automobile;Owner;Unknown;No defect;;other;Tangent road with flat terrain;No junction;Asphalt roads;Dry;Daylight;Normal;Vehicle with vehicle collision;3;4;U-Turn;Driver or rider;Male;18-30;3;;;Not a Pedestrian;Driving carelessly;Slight Injury
11:10:00;Sunday;18-30;Male;Above high school;Employee;No Licence;Automobile;Owner;5-10yrs;No defect;Other;Undivided Two way;Tangent road with flat terrain;No junction;Asphalt roads;Wet or damp;Daylight;Raining;Vehicle with vehicle collision;3;2;Going straight;na;na;na;na;Self-employed;Normal;Not a Pedestrian;No priority to pedestrian;Slight Injury
11:10:00;Sunday;18-30;Male;Junior high school;Employee;1-2yr;Long lorry;Owner;Unknown;;Other;Two-way (divided with solid lines road marking);Tangent road with flat terrain;No junction;Asphalt roads;Wet or damp;Daylight;Raining;Vehicle with vehicle collision;3;2;Going straight;Pedestrian;Female;18-30;2;Driver;Normal;Not a Pedestrian;No priority to pedestrian;Slight Injury
11:10:00;Sunday;31-50;Male;Junior high school;Employee;5-10yr;Long lorry;Owner;Unknown;No defect; Church areas;Two-way (divided with solid lines road marking);Tangent road with flat terrain;No junction;Asphalt roads;Wet or damp;Daylight;Raining;Vehicle with vehicle collision;3;2;Going straight;Pedestrian;Male;Over 51;3;Driver;Normal;Not a Pedestrian;Changing lane to the right;Slight Injury
03:15:00;Saturday;18-30;Male;Junior high school;Employee;Above 10yr;Automobile;Governmental;;No defect;Other;Two-way (divided with solid lines road marking);Tangent road with flat terrain;No junction;Asphalt roads;Dry;Darkness - lights lit;Normal;Vehicle with vehicle collision;1;2;Going straight;Driver or rider;Male;31-50;3;Driver;Normal;Not a Pedestrian;Drunk driving;Serious Injury
03:15:00;Saturday;18-30;Male;Junior high school;Employee;Above 10yr;Stationwagen;Owner;Unknown;No defect; Church areas;Two-way (divided with solid lines road marking);Tangent road with flat terrain;No junction;Asphalt roads;Dry;Darkness - lights lit;Normal;Vehicle with vehicle collision;1;2;Turnover;na;na;na;na;Driver;Normal;Not a Pedestrian;Changing lane to the left;Serious Injury
17:00:00;Tuesday;31-50;Male;Junior high school;Owner;5-10yr;;Owner;Unknown;No defect; Church areas;Two-way (divided with broken lines road marking);Tangent road with flat terrain;Crossing;Asphalt roads;Dry;Daylight;Normal;Collision with pedestrians;2;1;Going straight;Driver or rider;Female;18-30;3;Driver;Normal;Not a Pedestrian;Changing lane to the left;Slight Injury
17:00:00;Tuesday;Under 18;Male;Elementary school;Employee;2-5yr;Other;Owner;Above 10yr;No defect;Other;Undivided Two way;Tangent road with flat terrain;Crossing;Asphalt roads;Dry;Daylight;Normal;Collision with roadside objects;2;1;Going straight;na;na;na;na;Driver;Normal;Not a Pedestrian;Driving to the left;Slight Injury
17:10:00;Friday;31-50;Male;Junior high school;Employee;2-5yr;Special vehicle;Governmental;5-10yrs;No defect;Other;Undivided Two way;Tangent road with flat terrain;No junction;Asphalt roads;Dry;Daylight;Normal;Vehicle with vehicle collision;2;1;Moving Backward;na;na;na;na;Driver;Normal;Not a Pedestrian;Changing lane to the left;Slight Injury
17:10:00;Friday;Under 18;Male;Junior high school;Employee;Below 1yr;Lorry (41?100Q);Owner;5-10yrs;No defect;School areas;other;Tangent road with flat terrain;No junction;Asphalt roads;Dry;Daylight;Normal;Vehicle with vehicle collision;2;1;Going straight;Driver or rider;Male;18-30;3;Driver;Normal;Not a Pedestrian;Driving under the influence of drugs;Slight Injury
17:23:00;Tuesday;31-50;Male;Junior high school;Employee;2-5yr;Pick up upto 10Q;Owner;Above 10yr;No defect;Residential areas;Undivided Two way;Tangent road with flat terrain;Unknown;Asphalt roads;Dry;Daylight;Normal;Collision with roadside objects;2;1;Moving Backward;na;na;na;na;Driver;Normal;Not a Pedestrian;No priority to pedestrian;Slight Injury
17:23:00;Tuesday;31-50;Male;Junior high school;Employee;2-5yr;Lorry (11?40Q);;1-2yr;No defect;Other;Two-way (divided with broken lines road marking);Tangent road with flat terrain;Unknown;Asphalt roads;Dry;Daylight;Normal;Vehicle with vehicle collision;2;1;Going straight;Driver or rider;Female;31-50;3;Driver;Normal;Not a Pedestrian;Changing lane to the left;Slight Injury
18:00:00;Sunday;31-50;Male;Elementary school;Employee;5-10yr;Lorry (41?100Q);Owner;Above 10yr;No defect;Office areas;Undivided Two way;Tangent road with flat terrain;Y Shape;Asphalt roads;Dry;Daylight;Normal;Vehicle with vehicle collision;1;1;Going straight;Pedestrian;Female;31-50;3;;;Crossing from driver's nearside;Moving Backward;Slight Injury
23:35:00;Wednesday;31-50;Male;Junior high school;Employee;Above 10yr;Motorcycle;Owner;Above 10yr;No defect;Residential areas;Undivided Two way;Tangent road with flat terrain;Crossing;Asphalt roads;Dry;Darkness - lights lit;Normal;Collision with pedestrians;2;1;Going straight;na;na;na;na;Self-employed;Normal;Not a Pedestrian;No distancing;Serious Injury
23:35:00;Wednesday;31-50;Male;;;;Automobile;Owner;Above 10yr;No defect;Other;One way;Steep grade downward with mountainous terrain;Crossing;Asphalt roads;Dry;Darkness - lights lit;Normal;Vehicle with vehicle collision;2;1;Going straight;Driver or rider;Male;18-30;3;Self-employed;Normal;Not a Pedestrian;Changing lane to the right;Serious Injury
14:59:00;Wednesday;Under 18;Male;Junior high school;Employee;2-5yr;Automobile;Owner;Above 10yr;No defect;Residential areas;Two-way (divided with broken lines road marking);Tangent road with flat terrain;Other;Gravel roads;Dry;Daylight;Normal;Collision with pedestrians;2;2;U-Turn;na;na;na;na;Driver;Normal;Not a Pedestrian;No priority to vehicle;Slight Injury
14:59:00;Wednesday;Under 18;Male;Junior high school;Employee;5-10yr;Automobile;Owner;5-10yrs;No defect;Residential areas;Undivided Two way;Tangent road with flat terrain;Other;Asphalt roads;Dry;Daylight;Normal;Vehicle with vehicle collision;2;2;Going straight;Driver or rider;Male;18-30;3;Driver;Normal;Not a Pedestrian;Moving Backward;Slight Injury
14:59:00;Wednesday;Over 51;Male;Above high school;Employee;2-5yr;Stationwagen;Owner;;No defect;Residential areas;Two-way (divided with broken lines road marking);Tangent road with flat terrain;Other;Asphalt roads;Dry;Daylight;Normal;Vehicle with vehicle collision;2;2;Going straight;Driver or rider;Male;18-30;3;Self-employed;Normal;Not a Pedestrian;Overtaking;Slight Injury
14:40:00;Saturday;Unknown;Female;;;;;Owner;1-2yr;No defect;Other;other;Tangent road with flat terrain;Y Shape;Asphalt roads;Dry;Daylight;Normal;Collision with roadside objects;3;1;Going straight;na;na;na;na;Self-employed;Normal;Not a Pedestrian;Changing lane to the left;Slight Injury
14:40:00;Saturday;18-30;Male;;Employee;1-2yr;Public (> 45 seats);Owner;5-10yrs;No defect;Other;Undivided Two way;Tangent road with flat terrain;Y Shape;Asphalt roads;Dry;Daylight;Normal;Vehicle with vehicle collision;3;1;Going straight;Driver or rider;Female;31-50;3;;;Not a Pedestrian;Changing lane to the right;Slight Injury
14:40:00;Saturday;18-30;Male;Junior high school;Employee;2-5yr;Public (> 45 seats);Owner;5-10yrs;No defect;Other;One way;Tangent road with flat terrain;Y Shape;Asphalt roads;Dry;Daylight;Normal;Vehicle with vehicle collision;3;1;Going straight;Driver or rider;Female;Over 51;3;Employee;Normal;Not a Pedestrian;Overtaking;Slight Injury
12:48:00;Sunday;31-50;Male;Junior high school;Employee;Above 10yr;Stationwagen;Owner;1-2yr;No defect; Hospital areas;Undivided Two way;Tangent road with flat terrain;Y Shape;Asphalt roads;Wet or damp;Daylight;Raining;Vehicle with vehicle collision;2;4;Going straight;na;na;na;na;;;Not a Pedestrian;Overloading;Slight Injury
12:48:00;Sunday;18-30;Male;Junior high school;Employee;Below 1yr;Automobile;Owner;2-5yrs;No defect;Residential areas;Undivided Two way;Tangent road with flat terrain;Y Shape;Asphalt roads;Wet or damp;Daylight;Raining;Collision with pedestrians;2;4;Stopping;Driver or rider;Male;18-30;3;;;Not a Pedestrian;Other;Slight Injury
12:48:00;Sunday;18-30;Male;Junior high school;Employee;2-5yr;Bicycle;Owner;5-10yrs;No defect;Residential areas;One way;Tangent road with flat terrain;Y Shape;Asphalt roads;Wet or damp;Daylight;Raining;Collision with roadside objects;2;4;Turnover;Driver or rider;Male;31-50;3;;;Not a Pedestrian;No priority to vehicle;Slight Injury
12:48:00;Sunday;18-30;Male;Junior high school;Employee;Below 1yr;Automobile;Owner;5-10yrs;No defect;Residential areas;Undivided Two way;Tangent road with flat terrain;Y Shape;Asphalt roads;Wet or damp;Daylight;Raining;Collision with pedestrians;2;4;Getting off;Passenger;Male;Over 51;3;Driver;Normal;Not a Pedestrian;Changing lane to the right;Slight Injury
12:48:00;Sunday;18-30;Male;High school;Employee;5-10yr;Lorry (41?100Q);Owner;1-2yr;No defect;Other;Two-way (divided with broken lines road marking);Tangent road with flat terrain;Y Shape;Asphalt roads with some distress;Wet or damp;Daylight;Raining;Vehicle with vehicle collision;2;4;Moving Backward;Passenger;Female;31-50;3;Driver;Normal;Not a Pedestrian;Moving Backward;Slight Injury
18:40:00;Friday;18-30;Male;Above high school;Employee;1-2yr;Automobile;Owner;1-2yr;No defect;Office areas;Two-way (divided with broken lines road marking);Tangent road with flat terrain;No junction;Asphalt roads;Dry;Daylight;Normal;Vehicle with vehicle collision;2;1;Moving Backward;Passenger;Female;31-50;3;Driver;Normal;Not a Pedestrian;Changing lane to the left;Slight Injury
18:40:00;Friday;18-30;Male;Junior high school;Employee;Below 1yr;Public (13?45 seats);Owner;2-5yrs;No defect;Other;other;Tangent road with flat terrain;No junction;Asphalt roads;Dry;Daylight;Normal;Vehicle with vehicle collision;2;1;Going straight;Driver or rider;Male;18-30;3;Driver;Normal;Not a Pedestrian;No priority to pedestrian;Slight Injury
11:11:00;Wednesday;18-30;Male;;;;Special vehicle;Owner;Unknown;No defect;Office areas;Double carriageway (median);Tangent road with flat terrain;Y Shape;Asphalt roads;Dry;Daylight;Normal;Vehicle with vehicle collision;2;1;Turnover;Driver or rider;Male;31-50;3;Driver;Normal;Not a Pedestrian;No distancing;Slight Injury
11:11:00;Wednesday;18-30;Male;High school;Employee;Below 1yr;Automobile;Owner;Unknown;No defect;Residential areas;Two-way (divided with broken lines road marking);Tangent road with flat terrain;Y Shape;Asphalt roads;Dry;Daylight;Normal;Vehicle with vehicle collision;2;1;Going straight;na;na;na;na;Self-employed;Normal;Not a Pedestrian;No priority to vehicle;Slight Injury
07:50:00;Tuesday;Over 51;Male;High school;Employee;Below 1yr;Public (13?45 seats);Owner;Unknown;No defect;Office areas;Double carriageway (median);Gentle horizontal curve;Y Shape;Asphalt roads;Dry;Daylight;Normal;Collision with roadside objects;2;2;Going straight;Driver or rider;Male;18-30;3;Self-employed;Normal;Not a Pedestrian;No distancing;Slight Injury
07:50:00;Tuesday;18-30;Male;;;;;Owner;;No defect;Office areas;Double carriageway (median);Tangent road with flat terrain;Y Shape;Asphalt roads;Dry;Daylight;Normal;Collision with roadside objects;2;2;U-Turn;na;na;na;na;Self-employed;Normal;Not a Pedestrian;No distancing;Slight Injury
07:50:00;Tuesday;18-30;Male;High school;Employee;2-5yr;Lorry (41?100Q);Organization;Unknown;No defect;Other;Double carriageway (median);Tangent road with flat terrain;Y Shape;Asphalt roads;Dry;Daylight;Normal;Vehicle with vehicle collision;2;2;Going straight;na;na;na;na;Self-employed;Normal;Not a Pedestrian;Moving Backward;Slight Injury
16:30:00;Tuesday;18-30;Male;Junior high school;Employee;Above 10yr;Lorry (41?100Q);Owner;Unknown;No defect;Office areas;Two-way (divided with broken lines road marking);Tangent road with flat terrain;No junction;Asphalt roads;Wet or damp;Daylight;Raining;Vehicle with vehicle collision;2;1;Going straight;Driver or rider;Male;Over 51;3;;;Not a Pedestrian;Changing lane to the right;Slight Injury
16:30:00;Tuesday;31-50;Male;Junior high school;Employee;Above 10yr;Public (12 seats);Owner;Unknown;No defect;Office areas;;Tangent road with flat terrain;No junction;Asphalt roads;Wet or damp;Daylight;Raining;Vehicle with vehicle collision;2;1;U-Turn;na;na;na;na;Self-employed;Normal;Not a Pedestrian;No priority to pedestrian;Slight Injury
18:56:00;Monday;Under 18;Male;Junior high school;Employee;5-10yr;Lorry (41?100Q);Governmental;Unknown;;Office areas;One way;Tangent road with flat terrain;Y Shape;Asphalt roads;Wet or damp;Daylight;Raining;Vehicle with vehicle collision;2;1;Stopping;Driver or rider;Female;18-30;3;Self-employed;Normal;Not a Pedestrian;Moving Backward;Slight Injury
18:56:00;Monday;Unknown;Female;Junior high school;Employee;1-2yr;Lorry (41?100Q);Owner;Unknown;;Other;Undivided Two way;Tangent road with flat terrain;Y Shape;Asphalt roads;Wet or damp;Daylight;Raining;Vehicle with vehicle collision;2;1;Going straight;na;na;na;na;Self-employed;Normal;Not a Pedestrian;Getting off the vehicle improperly;Slight Injury
18:13:00;Tuesday;18-30;Male;Unknown;Employee;Below 1yr;Public (12 seats);Owner;Unknown;;Residential areas;;Tangent road with flat terrain;No junction;Asphalt roads;Dry;Daylight;Normal;Vehicle with vehicle collision;3;1;Moving Backward;Driver or rider;Female;18-30;3;Driver;Normal;Not a Pedestrian;Overtaking;Serious Injury
18:13:00;Tuesday;31-50;Male;Junior high school;Employee;Below 1yr;Public (> 45 seats);Owner;2-5yrs;No defect;Residential areas;Two-way (divided with broken lines road marking);Gentle horizontal curve;No junction;Asphalt roads;Dry;Daylight;Normal;Vehicle with vehicle collision;3;1;Getting off;Passenger;Female;Under 18;3;;;Not a Pedestrian;Overloading;Serious Injury
18:13:00;Tuesday;31-50;Male;High school;Employee;2-5yr;Automobile;Owner;5-10yrs;; Church areas;Two-way (divided with broken lines road marking);Tangent road with flat terrain;No junction;Asphalt roads;Dry;Daylight;Normal;Vehicle with vehicle collision;3;1;Going straight;Driver or rider;Male;31-50;3;Driver;Normal;Not a Pedestrian;Changing lane to the right;Serious Injury
15:15:00;Sunday;18-30;Male;Junior high school;Owner;1-2yr;Pick up upto 10Q;Owner;5-10yrs;;Other;Two-way (divided with broken lines road marking);Tangent road with flat terrain;Y Shape;Asphalt roads;Dry;Daylight;Normal;Vehicle with vehicle collision;3;2;Going straight;na;na;na;na;Driver;Normal;Not a Pedestrian;Improper parking;Slight Injury
15:15:00;Sunday;31-50;Male;Junior high school;Employee;5-10yr;Stationwagen;Owner;Unknown;;Residential areas;Two-way (divided with broken lines road marking);Tangent road with flat terrain;Y Shape;Asphalt roads;Dry;Daylight;Normal;Vehicle with vehicle collision;3;2;Turnover;na;na;na;na;Self-employed;Normal;Not a Pedestrian;Other;Slight Injury
15:15:00;Sunday;31-50;Male;Elementary school;Employee;2-5yr;Other;Owner;2-5yrs;;Other;Undivided Two way;Tangent road with flat terrain;Y Shape;Asphalt roads;Dry;Daylight;Normal;Other;3;2;Moving Backward;na;na;na;na;Driver;Normal;Not a Pedestrian;Changing lane to the left;Slight Injury
10:12:00;Tuesday;18-30;Male;Elementary school;Owner;5-10yr;;Owner;2-5yrs;;Residential areas;Undivided Two way;Tangent road with flat terrain;Crossing;Asphalt roads;Dry;Daylight;Normal;Vehicle with vehicle collision;1;1;Going straight;Driver or rider;Male;31-50;3;Driver;Normal;Not a Pedestrian;Changing lane to the right;Slight Injury
19:25:00;Monday;31-50;Male;Junior high school;Employee;Above 10yr;Automobile;Owner;2-5yrs;;Residential areas;Two-way (divided with broken lines road marking);Tangent road with flat terrain;Crossing;Asphalt roads;Dry;Daylight;Normal;Collision with roadside objects;1;1;Moving Backward;na;na;na;na;;;Not a Pedestrian;No priority to pedestrian;Slight Injury
14:57:00;Friday;18-30;Male;Junior high school;Employee;5-10yr;Stationwagen;Owner;5-10yrs;No defect;Other;Two-way (divided with broken lines road marking);Tangent road with flat terrain;No junction;Asphalt roads;Wet or damp;Daylight;Normal;Vehicle with vehicle collision;2;3;Going straight;Driver or rider;Male;31-50;3;Driver;Normal;Not a Pedestrian;Overspeed;Slight Injury
14:57:00;Friday;31-50;Male;High school;Employee;5-10yr;Pick up upto 10Q;;;;Other;Two-way (divided with broken lines road marking);Tangent road with flat terrain;No junction;Asphalt roads;Wet or damp;Daylight;Normal;Vehicle with vehicle collision;2;3;;Driver or rider;Male;18-30;3;Driver;Normal;Not a Pedestrian;Changing lane to the left;Slight Injury
14:57:00;Friday;31-50;Male;Junior high school;Employee;5-10yr;Lorry (41?100Q);Owner;Unknown;No defect;Other;Undivided Two way;Tangent road with flat terrain;No junction;Asphalt roads;Wet or damp;Daylight;Normal;Vehicle with vehicle collision;2;3;Going straight;na;na;na;na;Driver;Normal;Not a Pedestrian;No priority to vehicle;Slight Injury
08:30:00;Sunday;Under 18;Male;Junior high school;Employee;Above 10yr;Automobile;Owner;Unknown;No defect;Other;Double carriageway (median);Tangent road with flat terrain;No junction;Asphalt roads;Wet or damp;Daylight;Normal;Vehicle with vehicle collision;1;1;;Driver or rider;Male;18-30;3;Driver;Normal;Not a Pedestrian;Changing lane to the right;Serious Injury
22:05:00;Monday;Unknown;Female;Junior high school;;1-2yr;;Owner;Unknown;;Residential areas;Two-way (divided with broken lines road marking);Tangent road with flat terrain;Y Shape;Asphalt roads;Dry;Darkness - no lighting;Cloudy;Vehicle with vehicle collision;2;1;Going straight;Pedestrian;Female;Under 18;3;Driver;Normal;Not a Pedestrian;No distancing;Slight Injury
22:05:00;Monday;18-30;Male;Junior high school;Employee;2-5yr;Lorry (41?100Q);Owner;2-5yrs;;  Recreational areas;Undivided Two way;Tangent road with flat terrain;Y Shape;Asphalt roads;Dry;Darkness - no lighting;Cloudy;Vehicle with vehicle collision;2;1;;Pedestrian;Female;Under 18;3;Self-employed;Normal;Not a Pedestrian;No priority to pedestrian;Slight Injury
15:30:00;Friday;18-30;Male;Junior high school;Employee;1-2yr;Lorry (41?100Q);Owner;;;Other;other;Tangent road with flat terrain;No junction;Asphalt roads;Wet or damp;Daylight;Raining;Collision with roadside objects;2;2;Going straight;na;na;na;na;;;Not a Pedestrian;No distancing;Slight Injury
15:30:00;Friday;Over 51;Male;;;;Lorry (41?100Q);Owner;;;Office areas;Undivided Two way;Tangent road with flat terrain;No junction;Asphalt roads;Wet or damp;Daylight;Raining;Collision with roadside objects;2;2;Going straight;Driver or rider;Male;18-30;3;Self-employed;Normal;Not a Pedestrian;No priority to vehicle;Slight Injury
15:30:00;Friday;Over 51;Male;Elementary school;Employee;5-10yr;Pick up upto 10Q;;;;Other;Undivided Two way;Tangent road with flat terrain;No junction;Asphalt roads;Wet or damp;Daylight;Raining;Vehicle with vehicle collision;2;2;Going straight;Driver or rider;Male;31-50;3;Driver;Normal;Not a Pedestrian;Other;Slight Injury
21:15:00;Sunday;31-50;Male;Junior high school;Employee;5-10yr;Pick up upto 10Q;Owner;Unknown;;Office areas;Undivided Two way;Tangent road with flat terrain;No junction;Asphalt roads;Dry;Darkness - lights lit;Normal;Collision with roadside objects;2;4;Going straight;na;na;na;na;;;Not a Pedestrian;Driving carelessly;Fatal injury
21:15:00;Sunday;31-50;Male;Junior high school;Employee;Above 10yr;Automobile;Owner;Unknown;;Office areas;One way;Tangent road with flat terrain;No junction;Asphalt roads;Dry;Darkness - lights lit;Normal;Collision with roadside objects;2;4;Going straight;na;na;na;na;;;Not a Pedestrian;Changing lane to the left;Fatal injury
21:15:00;Sunday;18-30;Male;Junior high school;Employee;2-5yr;Other;Owner;Unknown;;Office areas;Undivided Two way;Tangent road with flat terrain;No junction;Asphalt roads;Dry;Darkness - lights lit;Normal;Vehicle with vehicle collision;2;4;Other;Driver or rider;Female;18-30;3;Driver;Normal;Not a Pedestrian;Driving carelessly;Fatal injury
21:15:00;Sunday;18-30;Male;Junior high school;Owner;Above 10yr;;Owner;Unknown;No defect;Other;Undivided Two way;Tangent road with flat terrain;No junction;Asphalt roads;Dry;Darkness - lights lit;Normal;Vehicle with vehicle collision;2;4;Other;Driver or rider;Female;31-50;3;Driver;Normal;Not a Pedestrian;Changing lane to the left;Fatal injury
16:32:00;Monday;18-30;Male;Junior high school;Employee;2-5yr;Automobile;Governmental;Unknown;;Other;Double carriageway (median);Tangent road with flat terrain;No junction;Asphalt roads;Dry;Daylight;Normal;Collision with roadside objects;3;1;Going straight;na;na;na;na;Driver;Normal;Not a Pedestrian;No priority to vehicle;Slight Injury
16:32:00;Monday;31-50;Male;Elementary school;Other;5-10yr;Motorcycle;Owner;Unknown;No defect;Office areas;Two-way (divided with solid lines road marking);Tangent road with flat terrain;No junction;Asphalt roads;Dry;Daylight;Normal;Vehicle with vehicle collision;3;1;Going straight;na;na;na;na;Self-employed;Normal;Not a Pedestrian;No distancing;Slight Injury
16:32:00;Monday;Over 51;Male;Elementary school;Employee;5-10yr;Automobile;Owner;Unknown;;Residential areas;other;Tangent road with flat terrain;No junction;Asphalt roads;Dry;Daylight;Normal;Vehicle with vehicle collision;3;1;Getting off;Driver or rider;Male;18-30;3;Driver;Normal;Not a Pedestrian;Changing lane to the right;Slight Injury
15:30:00;Friday;31-50;Male;Junior high school;;5-10yr;Automobile;Governmental;2-5yrs;;  Recreational areas;Undivided Two way;Tangent road with flat terrain;No junction;Asphalt roads;Wet or damp;Daylight;Normal;Vehicle with vehicle collision;2;1;Going straight;na;na;na;na;Self-employed;Normal;Not a Pedestrian;Changing lane to the right;Slight Injury
15:30:00;Friday;31-50;Male;Junior high school;Employee;5-10yr;Public (12 seats);Owner;1-2yr;No defect;Other;other;Tangent road with flat terrain;No junction;Asphalt roads;Wet or damp;Daylight;Normal;Vehicle with vehicle collision;2;1;Going straight;Driver or rider;Male;18-30;3;Driver;Normal;Not a Pedestrian;Driving at high speed;Slight Injury
14:45:00;Saturday;Over 51;Male;Elementary school;Employee;Above 10yr;Long lorry;Owner;Above 10yr;No defect;Residential areas;other;Tangent road with flat terrain;No junction;Asphalt roads;Dry;Daylight;Normal;Vehicle with vehicle collision;1;1;Going straight;Driver or rider;Male;31-50;3;Driver;Normal;Not a Pedestrian;No distancing;Fatal injury
19:30:00;Wednesday;31-50;Male;Junior high school;;Below 1yr;;Owner;Unknown;No defect;Other;other;Tangent road with flat terrain;Y Shape;Asphalt roads;Dry;Daylight;Normal;Vehicle with vehicle collision;2;2;Going straight;na;na;na;na;;;Not a Pedestrian;Changing lane to the right;Slight Injury
19:30:00;Wednesday;Over 51;Male;Junior high school;Employee;5-10yr;Automobile;Owner;Unknown;;Other;other;Tangent road with flat terrain;Y Shape;Asphalt roads;Dry;Daylight;Normal;Collision with pedestrians;2;2;Going straight;Driver or rider;Male;31-50;3;;;Not a Pedestrian;Changing lane to the left;Slight Injury
16:56:00;Friday;Over 51;Male;Elementary school;Employee;1-2yr;Public (> 45 seats);Owner;5-10yrs;;Other;One way;Tangent road with flat terrain;Y Shape;Asphalt roads;Wet or damp;Daylight;Normal;Vehicle with vehicle collision;1;1;Getting off;na;na;na;na;Self-employed;Normal;Not a Pedestrian;Getting off the vehicle improperly;Slight Injury
17:50:00;Monday;18-30;Male;;;;Pick up upto 10Q;Owner;Unknown;No defect;Other;Two-way (divided with broken lines road marking);Tangent road with flat terrain;Y Shape;Asphalt roads;Dry;Daylight;Normal;Collision with roadside objects;2;1;Going straight;Pedestrian;Female;18-30;3;Driver;Normal;Crossing from nearside - masked by parked or statioNot a Pedestrianry vehicle;Other;Slight Injury
17:50:00;Monday;18-30;Male;Junior high school;Employee;Above 10yr;Lorry (41?100Q);Owner;2-5yrs;No defect;Other;other;Tangent road with flat terrain;Y Shape;Asphalt roads;Dry;Daylight;Normal;Vehicle with vehicle collision;2;1;Going straight;Passenger;Female;18-30;3;Driver;Normal;Not a Pedestrian;Other;Slight Injury
09:04:00;Tuesday;31-50;Male;High school;Owner;2-5yr;Automobile;Owner;Unknown;No defect;School areas;Undivided Two way;Tangent road with flat terrain;No junction;Asphalt roads;Dry;Daylight;Normal;Vehicle with vehicle collision;2;1;Other;Driver or rider;Female;18-30;3;Self-employed;Normal;Not a Pedestrian;No distancing;Serious Injury
09:04:00;Tuesday;Over 51;Male;Junior high school;Employee;1-2yr;Public (13?45 seats);Owner;;No defect;Office areas;Two-way (divided with broken lines road marking);Tangent road with flat terrain;No junction;Asphalt roads;Dry;Daylight;Normal;Vehicle with vehicle collision;2;1;Going straight;na;na;na;na;Driver;Normal;Not a Pedestrian;No priority to vehicle;Serious Injury
10:40:00;Thursday;Over 51;Male;Junior high school;Employee;1-2yr;Automobile;Owner;Unknown;No defect;Office areas;Two-way (divided with broken lines road marking);Tangent road with flat terrain;No junction;Asphalt roads;Dry;Daylight;Normal;Vehicle with vehicle collision;2;1;Going straight;na;na;na;na;Driver;Normal;Not a Pedestrian;Overtaking;Slight Injury
10:40:00;Thursday;Over 51;Male;Above high school;Owner;2-5yr;Public (> 45 seats);Owner;5-10yrs;No defect;Office areas;Two-way (divided with broken lines road marking);Tangent road with flat terrain;No junction;Asphalt roads;Dry;Daylight;Normal;Vehicle with vehicle collision;2;1;Going straight;Driver or rider;Male;31-50;3;;Normal;Not a Pedestrian;No priority to pedestrian;Slight Injury
21:15:00;Thursday;18-30;Male;;;;Public (12 seats);Owner;Unknown;No defect;School areas;;Tangent road with flat terrain;Crossing;Asphalt roads;Dry;Darkness - lights lit;Normal;Vehicle with vehicle collision;2;1;Going straight;Pedestrian;Male;Over 51;3;Driver;Normal;Crossing from nearside - masked by parked or statioNot a Pedestrianry vehicle;No distancing;Fatal injury
21:15:00;Thursday;18-30;Male;Elementary school;Owner;2-5yr;Automobile;Governmental;;No defect;School areas;Undivided Two way;Tangent road with flat terrain;Crossing;Asphalt roads;Dry;Darkness - lights lit;Normal;Vehicle with vehicle collision;2;1;Going straight;na;na;na;na;Self-employed;Normal;Not a Pedestrian;Changing lane to the right;Fatal injury