Time;Day_of_week;Age_band_of_driver;Sex_of_driver;Educational_level;Vehicle_driver_relation;Driving_experience;Type_of_vehicle;Owner_of_vehicle;Service_year_of_vehicle;Defect_of_vehicle;Area_accident_occured;Lanes_or_Medians;Road_allignment;Types_of_Junction;Road_surface_type;Road_surface_conditions;Light_conditions;Weather_conditions;Type_of_collision;Number_of_vehicles_involved;Number_of_casualties;Vehicle_movement;Casualty_class;Sex_of_casualty;Age_band_of_casualty;Casualty_severity;Work_of_casuality;Fitness_of_casuality;Pedestrian_movement;Cause_of_accident;Accident_severity
18:30:00;Sunday;Over 51;Male;Junior high school;Employee;5-10yr;Public (13?45 seats);Owner;5-10yrs;No defect;Other;Undivided Two way;Tangent road with flat terrain;No junction;Asphalt roads;Wet or damp;Darkness - lights lit;Normal;Vehicle with vehicle collision;2;5;Entering a junction;na;na;na;na;Driver;Normal;Not a Pedestrian;Changing lane to the right;Slight Injury
18:30:00;Sunday;Over 51;Male;Elementary school;Employee;1-2yr;Other;Governmental;;No defect;Residential areas;other;Tangent road with flat terrain;No junction;Asphalt roads;Wet or damp;Darkness - lights lit;Normal;Vehicle with vehicle collision;2;5;Entering a junction;Driver or rider;Male;5;3;Self-employed;Normal;Not a Pedestrian;No distancing;Slight Injury
18:30:00;Sunday;31-50;Male;Junior high school;Employee;;Other;Owner;1-2yr;No defect;Rural village areas;Undivided Two way;Gentle horizontal curve;No junction;Asphalt roads;Wet or damp;Darkness - lights lit;Normal;Vehicle with vehicle collision;2;5;Entering a junction;na;na;na;na;Self-employed;Normal;Not a Pedestrian;Other;Slight Injury
18:30:00;Sunday;31-50;Male;Above high school;Employee;1-2yr;Ridden horse;Owner;2-5yrs;No defect;Rural village areas;Undivided Two way;Gentle horizontal curve;No junction;Asphalt roads;Wet or damp;Darkness - lights lit;Normal;Collision with pedestrians;2;5;Entering a junction;Driver or rider;Male;31-50;2;Employee;Normal;Not a Pedestrian;No priority to vehicle;Slight Injury
18:30:00;Sunday;31-50;Male;Junior high school;Employee;Above 10yr;Lorry (41?100Q);Owner;;No defect;Office areas;Double carriageway (median);Tangent road with flat terrain;No junction;Asphalt roads;Wet or damp;Darkness - lights lit;Normal;Vehicle with vehicle collision;2;5;Other;Driver or rider;Male;18-30;3;Driver;Normal;Not a Pedestrian;Changing lane to the left;Slight Injury
15:50:00;Thursday;Unknown;Female;Junior high school;Employee;1-2yr;Lorry (41?100Q);Owner;2-5yrs;No defect;Residential areas;Undivided Two way;Gentle horizontal curve;No junction;Asphalt roads;Wet or damp;Darkness - lights lit;Raining;Vehicle with vehicle collision;2;1;Going straight;na;na;na;na;Driver;Normal;Not a Pedestrian;No priority to pedestrian;Slight Injury
15:50:00;Thursday;31-50;Male;Junior high school;Employee;5-10yr;Pick up upto 10Q;Owner;;;Residential areas;other;Tangent road with flat terrain;No junction;Asphalt roads;Wet or damp;Darkness - lights lit;Raining;Vehicle with vehicle collision;2;1;Going straight;na;na;na;na;Employee;Normal;Not a Pedestrian;Overtaking;Slight Injury
15:40:00;Friday;Under 18;Male;Junior high school;Employee;2-5yr;Lorry (11?40Q);Owner;;7; Outside rural areas;other;Tangent road with flat terrain;Crossing;Asphalt roads;Wet or damp;Darkness - lights lit;Normal;Vehicle with vehicle collision;2;1;Other;Driver or rider;Male;31-50;2;Self-employed;Normal;Not a Pedestrian;Driving carelessly;Slight Injury
15:40:00;Friday;Over 51;Male;;;;Automobile;Owner;Above 10yr;;Residential areas;other;Tangent road with flat terrain;Crossing;Asphalt roads;Wet or damp;Darkness - lights lit;Normal;Collision with roadside objects;2;1;Going straight;na;na;na;na;Driver;Normal;Not a Pedestrian;No priority to vehicle;Slight Injury
07:50:00;Thursday;18-30;Male;Junior high school;Employee;2-5yr;Automobile;Owner;5-10yrs;5; Church areas;other;Tangent road with flat terrain;O Shape;Asphalt roads;Wet or damp;Daylight;Normal;Vehicle with vehicle collision;2;1;Going straight;Driver or rider;Male;18-30;3;Driver;Normal;Not a Pedestrian;No priority to pedestrian;Serious Injury
07:50:00;Thursday;31-50;Male;Junior high school;Employee;2-5yr;Pick up upto 10Q;Owner;;No defect;Office areas;Undivided Two way;Tangent road with flat terrain;O Shape;Asphalt roads;Wet or damp;Daylight;Normal;Vehicle with vehicle collision;2;1;Going straight;Pedestrian;Female;31-50;3;Self-employed;Normal;Not a Pedestrian;Changing lane to the right;Serious Injury
17:05:00;Monday;31-50;Male;Junior high school;Employee;Above 10yr;Automobile;Owner;Unknown;No defect;Office areas;Two-way (divided with broken lines road marking);Tangent road with mountainous terrain and;Y Shape;Asphalt roads;Dry;Daylight;Normal;Vehicle with vehicle collision;1;1;Going straight;Pedestrian;Male;31-50;3;Driver;Normal;Not a Pedestrian;Driving carelessly;Serious Injury
15:25:00;Monday;31-50;Male;Junior high school;Employee;1-2yr;Other;Governmental;;No defect;Office areas;Two-way (divided with broken lines road marking);Escarpments;No junction;Asphalt roads;Wet or damp;Daylight;Cloudy;Vehicle with vehicle collision;1;1;Going straight;Driver or rider;Female;18-30;3;Driver;Normal;Not a Pedestrian;Changing lane to the right;Slight Injury
09:45:00;Monday;Over 51;Male;Above high school;Owner;1-2yr;Lorry (41?100Q);Owner;2-5yrs;;Other;Undivided Two way;Tangent road with mountainous terrain and;Unknown;Asphalt roads;Dry;Daylight;Normal;Vehicle with vehicle collision;2;2;Reversing;na;na;na;na;Driver;Normal;Not a Pedestrian;Changing lane to the right;Slight Injury
09:45:00;Monday;Over 51;Male;Above high school;Employee;No Licence;Public (13?45 seats);Owner;2-5yrs;;Other;Undivided Two way;Tangent road with flat terrain;Unknown;Asphalt roads;Dry;Daylight;Normal;Vehicle with vehicle collision;2;2;Moving Backward;Driver or rider;Male;18-30;3;Self-employed;Normal;Not a Pedestrian;Changing lane to the left;Slight Injury
09:45:00;Monday;Unknown;Female;Junior high school;Employee;1-2yr;Pick up upto 10Q;Owner;Unknown;No defect;Residential areas;Two-way (divided with broken lines road marking);Tangent road with flat terrain;Unknown;Asphalt roads;Dry;Daylight;Normal;Vehicle with vehicle collision;2;2;Overtaking;Pedestrian;Male;Under 18;3;Employee;Normal;Not a Pedestrian;Overturning;Slight Injury
10:16:00;Friday;18-30;Male;Junior high school;Employee;5-10yr;Stationwagen;Owner;;;Other;Two-way (divided with broken lines road marking);Tangent road with flat terrain;No junction;Asphalt roads;Wet or damp;Daylight;Raining;Collision with roadside objects;1;1;Going straight;Driver or rider;Male;31-50;3;;;Not a Pedestrian;Driving carelessly;Slight Injury
08:54:00;Thursday;Over 51;Male;Junior high school;Employee;Above 10yr;Other;Owner;Below 1yr;;Other;Undivided Two way;Tangent road with mild grade and flat terrain;Y Shape;Asphalt roads;Wet or damp;Daylight;Other;Vehicle with vehicle collision;1;1;Going straight;na;na;na;na;Self-employed;Normal;Not a Pedestrian;No distancing;Slight Injury
13:00:00;Thursday;18-30;Male;Junior high school;Employee;Above 10yr;Pick up upto 10Q;Owner;5-10yrs;;Other;Two-way (divided with broken lines road marking);Tangent road with flat terrain;No junction;Asphalt roads;Wet or damp;Daylight;Raining;Vehicle with vehicle collision;2;1;Going straight;na;na;na;na;Driver;Normal;Not a Pedestrian;Driving carelessly;Serious Injury
13:00:00;Thursday;Under 18;Male;Junior high school;Owner;5-10yr;Public (13?45 seats);Governmental;5-10yrs;No defect;Other;Undivided Two way;Tangent road with flat terrain;No junction;Asphalt roads;Wet or damp;Daylight;Raining;Vehicle with vehicle collision;2;1;Going straight;Driver or rider;Male;18-30;3;Driver;Normal;Not a Pedestrian;Changing lane to the left;Serious Injury
17:10:00;Wednesday;18-30;Male;Elementary school;Employee;2-5yr;Public (12 seats);Owner;2-5yrs;No defect;Other;Double carriageway (median);Tangent road with mild grade and flat terrain;Y Shape;Asphalt roads;Wet or damp;Darkness - lights lit;Normal;Vehicle with vehicle collision;2;1;Going straight;Driver or rider;Male;18-30;3;Driver;Normal;Not a Pedestrian;No priority to vehicle;Slight Injury
17:10:00;Wednesday;31-50;Male;Junior high school;Employee;2-5yr;Lorry (41?100Q);Owner;;No defect;Other;Two-way (divided with broken lines road marking);Tangent road with flat terrain;Y Shape;Asphalt roads;Wet or damp;Darkness - lights lit;Normal;Rollover;2;1;Going straight;na;na;na;na;Driver;Normal;Not a Pedestrian;Changing lane to the right;Slight Injury
21:00:00;Saturday;18-30;Male;Junior high school;Employee;Below 1yr;Pick up upto 10Q;Owner;2-5yrs;; Church areas;Two-way (divided with broken lines road marking);Tangent road with flat terrain;Y Shape;Asphalt roads;Wet or damp;Darkness - lights lit;Raining;Vehicle with vehicle collision;1;1;Going straight;Driver or rider;Male;18-30;2;Self-employed;Normal;Not a Pedestrian;No distancing;Fatal injury
16:13:00;Wednesday;Under 18;Male;Junior high school;Employee;2-5yr;Lorry (41?100Q);Owner;5-10yrs;;Other;Undivided Two way;Tangent road with flat terrain;Crossing;Asphalt roads;Wet or damp;Darkness - lights lit;Cloudy;Vehicle with vehicle collision;2;1;Going straight;na;na;na;na;Driver;Normal;Not a Pedestrian;Moving Backward;Slight Injury
16:13:00;Wednesday;31-50;Male;Junior high school;Employee;2-5yr;Pick up upto 10Q;Organization;2-5yrs;; Industrial areas;Two-way (divided with broken lines road marking);Tangent road with flat terrain;Crossing;Asphalt roads;Wet or damp;Darkness - lights lit;Cloudy;Collision with roadside objects;2;1;Going straight;Driver or rider;Male;31-50;3;Driver;Normal;Not a Pedestrian;Moving Backward;Slight Injury
17:20:00;Tuesday;18-30;Male;Elementary school;Employee;5-10yr;Long lorry;Owner;;No defect;Residential areas;Double carriageway (median);Tangent road with flat terrain;Y Shape;Asphalt roads;Dry;Darkness - lights lit;Normal;Vehicle with vehicle collision;2;1;Going straight;Pedestrian;Female;18-30;3;;;Not a Pedestrian;No distancing;Slight Injury
17:20:00;Tuesday;18-30;Male;Junior high school;Employee;Above 10yr;;Governmental;Above 10yr;No defect;Other;Two-way (divided with broken lines road marking);Tangent road with flat terrain;Y Shape;Asphalt roads;Dry;Darkness - lights lit;Normal;Vehicle with vehicle collision;2;1;Going straight;na;na;na;na;Self-employed;Normal;Not a Pedestrian;No distancing;Slight Injury
22:00:00;Saturday;31-50;Male;;;;Other;Owner;;No defect;Office areas;Two-way (divided with broken lines road marking);Tangent road with flat terrain;No junction;Asphalt roads;Wet or damp;Darkness - lights lit;Windy;Vehicle with vehicle collision;1;1;Other;Driver or rider;Female;18-30;3;Driver;Normal;Not a Pedestrian;No distancing;Slight Injury
07:58:00;Monday;18-30;Male;Junior high school;Employee;2-5yr;;Owner;;No defect; Industrial areas;Unknown;Tangent road with flat terrain;No junction;Asphalt roads;Wet or damp;Daylight;Raining;Collision with roadside objects;2;1;Going straight;Passenger;Female;31-50;3;Driver;Normal;Not a Pedestrian;No priority to pedestrian;Slight Injury
07:58:00;Monday;18-30;Male;Junior high school;Employee;5-10yr;Public (13?45 seats);Owner;1-2yr;No defect; Industrial areas;Double carriageway (median);Tangent road with flat terrain;No junction;Asphalt roads;Wet or damp;Daylight;Raining;Collision with roadside objects;2;1;Moving Backward;Driver or rider;Female;18-30;3;Driver;Normal;Not a Pedestrian;Driving carelessly;Slight Injury
20:16:00;Sunday;31-50;Male;Above high school;Employee;2-5yr;Special vehicle;Owner;;No defect;Other;Two-way (divided with broken lines road marking);Tangent road with flat terrain;Y Shape;Asphalt roads;Dry;Darkness - lights lit;Normal;Vehicle with vehicle collision;2;1;Other;Passenger;Female;18-30;3;Other;Normal;Not a Pedestrian;Changing lane to the right;Slight Injury
20:16:00;Sunday;Unknown;Female;;;;Lorry (41?100Q);Organization;Above 10yr;; Hospital areas;Two-way (divided with broken lines road marking);Tangent road with flat terrain;Y Shape;Asphalt roads;Dry;Darkness - lights lit;Normal;Vehicle with vehicle collision;2;1;Going straight;Passenger;Female;18-30;3;Employee;Normal;Not a Pedestrian;Changing lane to the left;Slight Injury
20:00:00;Saturday;Over 51;Male;;Employee;1-2yr;Lorry (41?100Q);Owner;Unknown;;Office areas;One way;Tangent road with flat terrain;Crossing;Asphalt roads;Wet or damp;Darkness - lights lit;Other;Collision with roadside objects;1;1;Going straight;na;na;na;na;Driver;Normal;Not a Pedestrian;Driving carelessly;Slight Injury
18:40:00;Thursday;18-30;Male;Junior high school;Employee;2-5yr;Public (> 45 seats);Owner;2-5yrs;No defect; Church areas;Undivided Two way;Tangent road with flat terrain;No junction;Asphalt roads;Wet or damp;Darkness - lights lit;Windy;Collision with roadside objects;1;1;Going straight;Driver or rider;Male;18-30;3;Self-employed;Normal;Not a Pedestrian;Driving carelessly;Slight Injury
16:31:00;Wednesday;31-50;Male;Junior high school;Employee;Above 10yr;Automobile;Organization;5-10yrs;No defect; Hospital areas;Undivided Two way;Tangent road with mountainous terrain and;Unknown;Asphalt roads;Wet or damp;Darkness - lights lit;Raining;Vehicle with vehicle collision;1;1;Going straight;na;na;na;na;Driver;Normal;Not a Pedestrian;No distancing;Slight Injury
18:45:00;Tuesday;18-30;Male;Junior high school;Employee;Below 1yr;Automobile;Owner;Above 10yr;No defect;Office areas;other;Tangent road with flat terrain;O Shape;Asphalt roads;Wet or damp;Darkness - lights lit;Raining;Vehicle with vehicle collision;2;1;Going straight;na;na;na;na;;;Not a Pedestrian;Other;Serious Injury
18:45:00;Tuesday;18-30;Male;Junior high school;Employee;2-5yr;Automobile;Owner;2-5yrs;No defect;Other;Two-way (divided with broken lines road marking);Escarpments;O Shape;Asphalt roads;Wet or damp;Darkness - lights lit;Raining;Vehicle with vehicle collision;2;1;Going straight;Driver or rider;Male;31-50;3;Driver;Normal;Not a Pedestrian;Changing lane to the right;Serious Injury
15:16:00;Monday;18-30;Male;Junior high school;Employee;Below 1yr;Public (> 45 seats);Owner;1-2yr;;Office areas;Undivided Two way;Tangent road with flat terrain;No junction;Asphalt roads;Wet or damp;Daylight;Cloudy;Collision with roadside objects;1;1;Going straight;Pedestrian;Male;31-50;3;Driver;Normal;Crossing from driver's nearside;Changing lane to the right;Slight Injury
18:35:00;Wednesday;Under 18;Male;High school;Employee;5-10yr;Lorry (11?40Q);Owner;2-5yrs;;Office areas;Two-way (divided with broken lines road marking);Tangent road with mountainous terrain and;No junction;Asphalt roads;Wet or damp;Darkness - lights lit;Raining;Vehicle with vehicle collision;2;2;Going straight;Driver or rider;Male;18-30;3;Self-employed;Normal;Not a Pedestrian;No distancing;Slight Injury
18:35:00;Wednesday;18-30;Male;Above high school;Employee;1-2yr;Pick up upto 10Q;Owner;;No defect;Other;Double carriageway (median);Steep grade downward with mountainous terrain;No junction;Asphalt roads;Wet or damp;Darkness - lights lit;Raining;Vehicle with vehicle collision;2;2;Going straight;na;na;na;na;Self-employed;Normal;Not a Pedestrian;No distancing;Slight Injury
20:40:00;Tuesday;31-50;Male;Junior high school;Employee;Below 1yr;Lorry (11?40Q);Owner;1-2yr;No defect;Office areas;Undivided Two way;Tangent road with mild grade and flat terrain;Y Shape;Asphalt roads;Wet or damp;Darkness - lights lit;Normal;Vehicle with vehicle collision;1;2;Other;na;na;na;na;Driver;Normal;Not a Pedestrian;Overturning;Slight Injury
20:40:00;Tuesday;31-50;Male;;;;Pick up upto 10Q;Owner;;No defect;Residential areas;Undivided Two way;Tangent road with flat terrain;Y Shape;Asphalt roads;Wet or damp;Darkness - lights lit;Normal;Rollover;1;2;Reversing;Driver or rider;Male;5;3;Driver;Normal;Not a Pedestrian;Driving at high speed;Slight Injury
17:34:00;Monday;31-50;Male;High school;Employee;Below 1yr;Special vehicle;Owner;Unknown;;Other;Two-way (divided with broken lines road marking);Tangent road with flat terrain;Y Shape;Asphalt roads;Dry;Darkness - lights lit;Normal;Vehicle with vehicle collision;2;1;Other;na;na;na;na;Self-employed;Normal;Not a Pedestrian;No priority to vehicle;Slight Injury
17:34:00;Monday;18-30;Male;High school;Employee;Below 1yr;Lorry (11?40Q);Owner;2-5yrs;;Office areas;Double carriageway (median);Tangent road with flat terrain;Y Shape;Asphalt roads;Dry;Darkness - lights lit;Normal;Vehicle with vehicle collision;2;1;Other;Driver or rider;Male;18-30;3;Driver;Normal;Not a Pedestrian;No priority to pedestrian;Slight Injury
20:20:00;Wednesday;18-30;Male;;;;;Owner;5-10yrs;;Office areas;Undivided Two way;Tangent road with mountainous terrain and;Crossing;Asphalt roads;Wet or damp;Darkness - lights lit;Normal;Collision with pedestrians;1;1;Reversing;na;na;na;na;Self-employed;Normal;Not a Pedestrian;No priority to vehicle;Serious Injury
22:25:00;Friday;31-50;Male;High school;Employee;2-5yr;;;;;Office areas;other;Tangent road with flat terrain;No junction;Asphalt roads;Dry;Darkness - lights lit;Normal;Vehicle with vehicle collision;2;2;Going straight;Driver or rider;Male;31-50;3;Driver;Normal;Not a Pedestrian;Other;Slight Injury
22:25:00;Friday;31-50;Male;Junior high school;Employee;Above 10yr;Lorry (41?100Q);Owner;5-10yrs;No defect;Other;Two-way (divided with broken lines road marking);Tangent road with mild grade and flat terrain;No junction;Asphalt roads;Dry;Darkness - lights lit;Normal;Vehicle with vehicle collision;2;2;Going straight;Driver or rider;Female;18-30;3;Driver;Normal;Not a Pedestrian;Other;Slight Injury
22:25:00;Friday;18-30;Male;Junior high school;Employee;Above 10yr;Other;Owner;;No defect; Church areas;Undivided Two way;Tangent road with flat terrain;No junction;Asphalt roads;Dry;Darkness - lights lit;Normal;Vehicle with vehicle collision;2;2;Going straight;na;na;na;na;Driver;Normal;Not a Pedestrian;Moving Backward;Slight Injury
15:10:00;Friday;Over 51;Male;Junior high school;Employee;5-10yr;Other;Owner;Unknown;No defect; Industrial areas;Undivided Two way;Tangent road with flat terrain;Y Shape;Asphalt roads;Wet or damp;Daylight;Normal;Vehicle with vehicle collision;1;1;Going straight;na;na;na;na;Driver;Normal;Not a Pedestrian;No distancing;Slight Injury
17:10:00;Wednesday;31-50;Male;Junior high school;Employee;1-2yr;Automobile;Owner;1-2yr;No defect;Office areas;Double carriageway (median);Tangent road with flat terrain;Y Shape;Asphalt roads;Dry;Darkness - lights lit;Normal;Collision with roadside objects;2;1;Turnover;Driver or rider;Male;18-30;3;Driver;Normal;Not a Pedestrian;Moving Backward;Slight Injury
17:10:00;Wednesday;18-30;Male;Unknown;Employee;Below 1yr;Other;Owner;Unknown;No defect; Church areas;Undivided Two way;Tangent road with flat terrain;Y Shape;Asphalt roads;Dry;Darkness - lights lit;Normal;Vehicle with vehicle collision;2;1;Going straight;Driver or rider;Male;5;3;;;Not a Pedestrian;No priority to vehicle;Slight Injury
06:12:00;Saturday;18-30;Male;Junior high school;Employee;Below 1yr;Automobile;Owner;;;Office areas;Undivided Two way;Tangent road with flat terrain;Crossing;Asphalt roads;Wet or damp;Darkness - lights lit;Raining;Vehicle with vehicle collision;3;1;Going straight;na;na;na;na;Driver;Normal;Not a Pedestrian;Driving carelessly;Slight Injury
06:12:00;Saturday;Over 51;Male;High school;Employee;2-5yr;Public (13?45 seats);Owner;;No defect;Office areas;other;Tangent road with flat terrain;Crossing;Asphalt roads;Wet or damp;Darkness - lights lit;Raining;Vehicle with vehicle collision;3;1;Going straight;na;na;na;na;Driver;Normal;Not a Pedestrian;No distancing;Slight Injury
06:12:00;Saturday;Over 51;Male;Junior high school;Owner;1-2yr;Lorry (41?100Q);Owner;;;Residential areas;Two-way (divided with broken lines road marking);Tangent road with flat terrain;Crossing;Asphalt roads;Wet or damp;Darkness - lights lit;Raining;Vehicle with vehicle collision;3;1;Going straight;Driver or rider;Male;18-30;3;;;Not a Pedestrian;Other;Slight Injury
11:05:00;Thursday;Over 51;Male;Junior high school;Employee;5-10yr;;Owner;5-10yrs;;Office areas;Two-way (divided with broken lines road marking);Tangent road with flat terrain;Y Shape;Asphalt roads;Wet or damp;Daylight;Normal;Collision with roadside objects;2;1;Going straight;Driver or rider;Male;31-50;3;Self-employed;Normal;Not a Pedestrian;Changing lane to the right;Serious Injury
11:05:00;Thursday;18-30;Male;Elementary school;Employee;2-5yr;Automobile;Owner;5-10yrs;;Residential areas;Undivided Two way;Tangent road with flat terrain;Y Shape;Asphalt roads;Wet or damp;Daylight;Normal;Vehicle with vehicle collision;2;1;Moving Backward;na;na;na;na;Driver;Normal;Not a Pedestrian;No distancing;Serious Injury
17:43:00;Wednesday;18-30;Male;Elementary school;Owner;5-10yr;;Owner;2-5yrs;;Office areas;Double carriageway (median);Tangent road with flat terrain;Y Shape;Asphalt roads;Dry;Darkness - lights lit;Normal;Collision with roadside objects;2;2;Going straight;Driver or rider;Male;18-30;3;Driver;Normal;Not a Pedestrian;Driving carelessly;Slight Injury
17:43:00;Wednesday;18-30;Male;Junior high school;Employee;Above 10yr;Lorry (41?100Q);Owner;2-5yrs;No defect;Office areas;Double carriageway (median);Tangent road with flat terrain;Y Shape;Asphalt roads;Dry;Darkness - lights lit;Normal;Vehicle with vehicle collision;2;2;Going straight;Pedestrian;Male;31-50;3;Self-employed;Normal;Crossing from driver's nearside;No distancing;Slight Injury
17:43:00;Wednesday;18-30;Male;Junior high school;Employee;5-10yr;;;;No defect;Other;Two-way (divided with broken lines road marking);Tangent road with flat terrain;Y Shape;Asphalt roads;Dry;Darkness - lights lit;Normal;Rollover;2;2;Turnover;Driver or rider;Female;18-30;3;Driver;Normal;Not a Pedestrian;No priority to vehicle;Slight Injury
17:00:00;Friday;31-50;Male;High school;Employee;5-10yr;Lorry (41?100Q);Owner;Unknown;No defect;Other;Two-way (divided with broken lines road marking);Tangent road with flat terrain;Y Shape;Asphalt roads;Dry;Darkness - lights lit;Normal;Vehicle with vehicle collision;1;1;Going straight;na;na;na;na;Employee;Normal;Not a Pedestrian;Changing lane to the right;Slight Injury
10:07:00;Monday;18-30;Male;Junior high school;Employee;5-10yr;Taxi;Owner;Above 10yr;No defect;Residential areas;Two-way (divided with broken lines road marking);Tangent road with flat terrain;Crossing;Asphalt roads;Wet or damp;Daylight;Raining;Vehicle with vehicle collision;2;2;Going straight;Driver or rider;Female;31-50;2;Driver;Normal;Not a Pedestrian;No priority to pedestrian;Slight Injury
10:07:00;Monday;Over 51;Male;Junior high school;Employee;Above 10yr;Lorry (41?100Q);Owner;Unknown;; Church areas;Two-way (divided with broken lines road marking);Tangent road with flat terrain;Crossing;Asphalt roads;Wet or damp;Daylight;Raining;Vehicle with vehicle collision;2;2;Going straight;na;na;na;na;Driver;Normal;Not a Pedestrian;No priority to vehicle;Slight Injury
10:40:00;Monday;31-50;Male;Junior high school;;1-2yr;Lorry (41?100Q);Governmental;Unknown;No defect; Church areas;Double carriageway (median);Tangent road with flat terrain;Y Shape;Asphalt roads;Wet or damp;Daylight;Raining;Vehicle with vehicle collision;2;1;Going straight;Driver or rider;Male;31-50;3;;;Not a Pedestrian;Changing lane to the left;Slight Injury
10:40:00;Monday;31-50;Male;Junior high school;Employee;2-5yr;Other;Owner;2-5yrs;No defect;Residential areas;Double carriageway (median);Tangent road with flat terrain;Y Shape;Asphalt roads;Wet or damp;Daylight;Raining;Vehicle with vehicle collision;2;1;Going straight;Passenger;Female;18-30;3;Driver;Normal;Not a Pedestrian;Turnover;Slight Injury
18:40:00;Friday;18-30;Male;Junior high school;Employee;1-2yr;Stationwagen;Owner;;No defect;Office areas;Two-way (divided with broken lines road marking);Tangent road with mild grade and flat terrain;Y Shape;Asphalt roads;Wet or damp;Darkness - lights lit;Raining;Collision with pedestrians;1;1;Going straight;na;na;na;na;Driver;Normal;Not a Pedestrian;Driving to the left;Serious Injury
17:55:00;Saturday;18-30;Male;;;;Stationwagen;Owner;5-10yrs;No defect;Office areas;Two-way (divided with broken lines road marking);Tangent road with mild grade and flat terrain;Y Shape;Earth roads;Wet or damp;Darkness - lights lit;Raining;Rollover;2;2;Moving Backward;na;na;na;na;Driver;Normal;Not a Pedestrian;Driving carelessly;Slight Injury
17:55:00;Saturday;18-30;Male;Elementary school;Employee;5-10yr;Lorry (41?100Q);Owner;2-5yrs;;Residential areas;Two-way (divided with broken lines road marking);Tangent road with flat terrain;Y Shape;Asphalt roads;Wet or damp;Darkness - lights lit;Raining;Vehicle with vehicle collision;2;2;Going straight;Pedestrian;Male;Over 51;3;Driver;Normal;Not a Pedestrian;Driving to the left;Slight Injury
17:57:00;Saturday;Over 51;Male;Junior high school;Employee;5-10yr;Lorry (41?100Q);Owner;5-10yrs;; Church areas;other;Tangent road with flat terrain;Crossing;Asphalt roads;Wet or damp;Darkness - no lighting;Raining;Rollover;1;1;Going straight;Driver or rider;Female;31-50;3;;;Not a Pedestrian;Driving carelessly;Serious Injury
17:45:00;Wednesday;18-30;Male;Junior high school;Employee;Above 10yr;Other;Owner;;;Other;Two-way (divided with broken lines road marking);Tangent road with flat terrain;Y Shape;Asphalt roads;Wet or damp;Darkness - lights lit;Raining;Vehicle with vehicle collision;1;1;Going straight;Driver or rider;Male;18-30;3;Driver;Normal;Not a Pedestrian;No priority to pedestrian;Slight Injury
19:40:00;Monday;18-30;Male;Junior high school;Employee;2-5yr;Automobile;Owner;;;Office areas;Two-way (divided with broken lines road marking);Tangent road with flat terrain;Y Shape;Asphalt roads;Dry;Darkness - lights lit;Normal;Vehicle with vehicle collision;2;2;Going straight;na;na;na;na;Employee;Normal;Not a Pedestrian;Driving carelessly;Slight Injury
19:40:00;Monday;31-50;Male;Junior high school;Owner;Above 10yr;;Owner;;;Other;Two-way (divided with broken lines road marking);Tangent road with flat terrain;Y Shape;Asphalt roads;Dry;Darkness - lights lit;Normal;Vehicle with vehicle collision;2;2;Moving Backward;Driver or rider;Male;18-30;3;;;Not a Pedestrian;Changing lane to the right;Slight Injury
21:05:00;Thursday;31-50;Male;Junior high school;Employee;2-5yr;Taxi;Owner;;;Other;Two-way (divided with broken lines road marking);Tangent road with flat terrain;No junction;Asphalt roads;Wet or damp;Darkness - lights lit;Raining;Fall from vehicles;1;2;Going straight;na;na;na;na;Driver;Normal;Not a Pedestrian;Moving Backward;Serious Injury
21:05:00;Thursday;31-50;Male;Elementary school;Other;5-10yr;Lorry (41?100Q);Owner;;;;;Tangent road with flat terrain;No junction;Asphalt roads;Wet or damp;Darkness - lights lit;Raining;Vehicle with vehicle collision;1;2;Other;Driver or rider;Male;31-50;3;;;Not a Pedestrian;Driving carelessly;Serious Injury
13:05:00;Monday;Over 51;Male;Elementary school;Employee;5-10yr;Other;Governmental;2-5yrs;;Residential areas;Two-way (divided with broken lines road marking);;Y Shape;Asphalt roads;Dry;Daylight;Normal;Collision with roadside objects;2;1;Other;Passenger;Female;Over 51;3;Driver;Normal;Not a Pedestrian;Changing lane to the right;Slight Injury
13:05:00;Monday;Over 51;Male;Junior high school;;5-10yr;Automobile;Owner;Below 1yr;; Church areas;Undivided Two way;Tangent road with flat terrain;Y Shape;Asphalt roads;Dry;Daylight;Normal;Vehicle with vehicle collision;2;1;Going straight;Pedestrian;Female;18-30;3;Driver;Normal;In carriageway, statioNot a Pedestrianry - not crossing  (standing or playing) - masked by parked or statioNot a Pedestrianry vehicle;Driving carelessly;Slight Injury
04:01:00;Thursday;31-50;Male;Junior high school;Employee;5-10yr;Public (> 45 seats);;;;Other;Undivided Two way;Tangent road with flat terrain;Y Shape;Asphalt roads;Wet or damp;Darkness - lights lit;Normal;Vehicle with vehicle collision;1;1;Going straight;Pedestrian;Male;31-50;3;Self-employed;Normal;Crossing from nearside - masked by parked or statioNot a Pedestrianry vehicle;Driving carelessly;Slight Injury
13:53:00;Friday;31-50;Male;Elementary school;Employee;Above 10yr;Stationwagen;Owner;Unknown;;Other;One way;Tangent road with flat terrain;Y Shape;Asphalt roads;Dry;Daylight;Normal;Vehicle with vehicle collision;2;1;Going straight;Passenger;Male;Over 51;3;Driver;Normal;Not a Pedestrian;Driving carelessly;Slight Injury
13:53:00;Friday;Over 51;Male;Junior high school;;Below 1yr;Automobile;Owner;Unknown;No defect;Residential areas;Two-way (divided with broken lines road marking);Tangent road with flat terrain;Y Shape;Asphalt roads;Dry;Daylight;Normal;Collision with pedestrians;2;1;Going straight;na;na;na;na;Employee;Normal;Not a Pedestrian;Changing lane to the right;Slight Injury