Time;Day_of_week;Age_band_of_driver;Sex_of_driver;Educational_level;Vehicle_driver_relation;Driving_experience;Type_of_vehicle;Owner_of_vehicle;Service_year_of_vehicle;Defect_of_vehicle;Area_accident_occured;Lanes_or_Medians;Road_allignment;Types_of_Junction;Road_surface_type;Road_surface_conditions;Light_conditions;Weather_conditions;Type_of_collision;Number_of_vehicles_involved;Number_of_casualties;Vehicle_movement;Casualty_class;Sex_of_casualty;Age_band_of_casualty;Casualty_severity;Work_of_casuality;Fitness_of_casuality;Pedestrian_movement;Cause_of_accident;Accident_severity
19:31:00;Wednesday;18-30;Male;Junior high school;Owner;5-10yr;Lorry (11?40Q);Owner;;;Office areas;;Tangent road with mild grade and flat terrain;;Asphalt roads;Dry;Daylight;Normal;Vehicle with vehicle collision;2;1;Going straight;Pedestrian;Male;31-50;3;Self-employed;Normal;Crossing from offside - masked by  parked or statioNot a Pedestrianry vehicle;Moving Backward;Slight Injury
09:25:00;Friday;31-50;Male;Illiterate;Employee;2-5yr;Public (13?45 seats);Owner;;;Office areas;;Tangent road with mild grade and flat terrain;;Asphalt roads;Dry;Daylight;Normal;Vehicle with vehicle collision;2;1;Reversing;na;na;na;na;;;Not a Pedestrian;Changing lane to the right;Slight Injury
09:25:00;Friday;18-30;Male;Junior high school;Employee;5-10yr;Public (13?45 seats);Owner;;;Office areas;One way;Tangent road with flat terrain;;Asphalt roads;Wet or damp;Daylight;Raining;Vehicle with vehicle collision;1;1;Other;Driver or rider;Male;18-30;3;Driver;Normal;Not a Pedestrian;No priority to vehicle;Slight Injury
14:10:00;Wednesday;18-30;Male;Junior high school;Employee;Below 1yr;;;;;Office areas;Two-way (divided with broken lines road marking);Tangent road with flat terrain;;Asphalt roads;Dry;Daylight;Normal;Collision with roadside objects;2;1;Going straight;Driver or rider;Female;18-30;3;Other;Normal;Not a Pedestrian;Moving Backward;Slight Injury
14:10:00;Wednesday;Over 51;Male;Junior high school;Employee;1-2yr;Long lorry;Owner;;;Office areas;;Tangent road with flat terrain;;Asphalt roads;Dry;Daylight;Normal;Vehicle with vehicle collision;2;1;Going straight;na;na;na;na;Driver;Normal;Not a Pedestrian;Driving carelessly;Slight Injury
14:00:00;Friday;31-50;Male;Elementary school;Employee;2-5yr;Lorry (41?100Q);Owner;5-10yrs;;Other;Undivided Two way;Tangent road with flat terrain;;Asphalt roads;Dry;Daylight;Normal;Collision with roadside objects;2;1;Going straight;Driver or rider;Male;Under 18;3;Self-employed;Normal;Not a Pedestrian;Driving carelessly;Slight Injury
14:00:00;Friday;31-50;Male;Elementary school;Employee;2-5yr;Lorry (11?40Q);Owner;;No defect;Other;Two-way (divided with broken lines road marking);Tangent road with flat terrain;;Asphalt roads;Dry;Daylight;Normal;Vehicle with vehicle collision;2;1;Going straight;Passenger;Female;18-30;3;Driver;Normal;Not a Pedestrian;Driving under the influence of drugs;Slight Injury
22:05:00;Tuesday;Unknown;Male;Elementary school;Employee;5-10yr;Lorry (41?100Q);;2-5yrs;No defect;Residential areas;Two-way (divided with broken lines road marking);Tangent road with flat terrain;;Asphalt roads;Wet or damp;Daylight;Raining;Vehicle with vehicle collision;1;1;Going straight;na;na;na;na;Driver;Normal;Not a Pedestrian;No priority to pedestrian;Serious Injury
22:05:00;Tuesday;Over 51;Male;Junior high school;Employee;5-10yr;Public (12 seats);Owner;;No defect;Other;Two-way (divided with broken lines road marking);Tangent road with flat terrain;;Asphalt roads;Dry;Daylight;Normal;;2;1;Going straight;Pedestrian;Female;31-50;3;;;Crossing from nearside - masked by parked or statioNot a Pedestrianry vehicle;No priority to vehicle;Slight Injury
07:00:00;Thursday;18-30;Male;;;;;Owner;5-10yrs;No defect;Other;Two-way (divided with broken lines road marking);Tangent road with flat terrain;;Asphalt roads;Dry;Daylight;Normal;Collision with pedestrians;2;1;Going straight;Driver or rider;Male;18-30;3;Driver;Normal;Not a Pedestrian;Driving carelessly;Slight Injury
07:00:00;Thursday;31-50;Male;Junior high school;Employee;Above 10yr;Taxi;Governmental;;No defect;Other;Two-way (divided with broken lines road marking);Tangent road with flat terrain;;Asphalt roads;Dry;Daylight;Normal;Vehicle with vehicle collision;3;2;Going straight;Pedestrian;Female;18-30;3;Driver;Normal;Not a Pedestrian;Moving Backward;Slight Injury
07:35:00;Thursday;18-30;Male;Junior high school;Employee;Above 10yr;;Owner;5-10yrs;;Other;Undivided Two way;Tangent road with flat terrain;;Asphalt roads;Dry;Daylight;Normal;Vehicle with vehicle collision;3;2;Going straight;Driver or rider;Male;Over 51;3;;;Not a Pedestrian;Driving carelessly;Slight Injury
07:35:00;Thursday;31-50;Unknown;Junior high school;Owner;Above 10yr;Automobile;Owner;;; Industrial areas;Undivided Two way;Tangent road with flat terrain;;Asphalt roads;Dry;Daylight;Normal;Vehicle with vehicle collision;3;2;Moving Backward;na;na;na;na;;;Not a Pedestrian;No priority to vehicle;Slight Injury
08:43:00;Wednesday;31-50;Male;Junior high school;Employee;unknown;;Owner;5-10yrs;; Industrial areas;Undivided Two way;Tangent road with flat terrain;;Asphalt roads;Wet or damp;Daylight;Raining;Collision with pedestrians;2;1;Moving Backward;na;na;na;na;Driver;Normal;Not a Pedestrian;Changing lane to the right;Slight Injury
08:43:00;Wednesday;31-50;Female;Junior high school;Employee;5-10yr;Lorry (41?100Q);Owner;;No defect; Church areas;Double carriageway (median);Tangent road with flat terrain;;Asphalt roads;Wet or damp;Daylight;Raining;Collision with roadside objects;2;1;Turnover;Driver or rider;Male;18-30;3;Driver;Normal;Not a Pedestrian;Changing lane to the left;Slight Injury
16:05:00;Tuesday;Over 51;Male;Junior high school;Employee;2-5yr;Automobile;Owner;;No defect;Other;Undivided Two way;Tangent road with flat terrain;;Asphalt roads;Dry;Daylight;Normal;;2;1;Other;Passenger;Male;Over 51;3;Student;Normal;Not a Pedestrian;No priority to vehicle;Serious Injury
22:05:00;Friday;18-30;Male;Elementary school;Employee;5-10yr;Automobile;Owner;Above 10yr;;Other;Undivided Two way;Tangent road with flat terrain;;Asphalt roads with some distress;Dry;Daylight;Normal;Vehicle with vehicle collision;2;1;Other;Passenger;Female;31-50;2;;;Not a Pedestrian;Driving carelessly;Serious Injury
22:05:00;Friday;18-30;Male;Junior high school;Employee;2-5yr;Lorry (41?100Q);Owner;Unknown;No defect;Office areas;Undivided Two way;Tangent road with flat terrain;;Asphalt roads;Wet or damp;Daylight;Normal;;2;1;Going straight;Driver or rider;Male;18-30;3;;;Not a Pedestrian;Moving Backward;Slight Injury
22:05:00;Friday;18-30;Male;High school;Owner;5-10yr;Automobile;Owner;Unknown;No defect;Office areas;Undivided Two way;Tangent road with flat terrain;;Asphalt roads;Wet or damp;Daylight;Normal;;2;1;Going straight;na;na;na;na;;Normal;Not a Pedestrian;No distancing;Slight Injury
22:05:00;Friday;18-30;Male;Junior high school;Employee;Above 10yr;Automobile;Governmental;Below 1yr;;Residential areas;Two-way (divided with broken lines road marking);Tangent road with flat terrain;;Asphalt roads;Dry;Daylight;Normal;;2;1;Other;Pedestrian;Female;31-50;3;Driver;Normal;In carriageway, statioNot a Pedestrianry - not crossing  (standing or playing);Changing lane to the left;Slight Injury
03:40:00;Saturday;18-30;Female;Junior high school;Employee;2-5yr;Automobile;Owner;Unknown;No defect; Industrial areas;Undivided Two way;Tangent road with flat terrain;;Asphalt roads;Dry;Daylight;Normal;Vehicle with vehicle collision;2;1;Other;Pedestrian;Male;18-30;3;Driver;Normal;Crossing from offside - masked by  parked or statioNot a Pedestrianry vehicle;Changing lane to the left;Slight Injury
09:25:00;Tuesday;Over 51;Male;Elementary school;Employee;2-5yr;Taxi;Owner;;No defect;Office areas;Undivided Two way;Tangent road with flat terrain;;Gravel roads;Dry;Daylight;Normal;Vehicle with vehicle collision;2;1;Going straight;Pedestrian;Male;18-30;3;;;Crossing from offside - masked by  parked or statioNot a Pedestrianry vehicle;No distancing;Serious Injury
09:25:00;Tuesday;Unknown;Male;High school;Owner;Above 10yr;;Owner;;No defect;Other;Undivided Two way;Tangent road with flat terrain;;Asphalt roads;Dry;Daylight;Normal;Collision with roadside objects;2;1;Reversing;na;na;na;na;;;Not a Pedestrian;Changing lane to the left;Serious Injury
09:25:00;Tuesday;Unknown;Male;Elementary school;Employee;1-2yr;;Owner;;;Other;Two-way (divided with broken lines road marking);Tangent road with flat terrain;;Asphalt roads;Dry;Daylight;Normal;Collision with roadside objects;1;2;Other;Driver or rider;Male;18-30;3;;;Not a Pedestrian;Driving carelessly;Serious Injury
09:25:00;Tuesday;Unknown;Male;Junior high school;Employee;Above 10yr;Automobile;Owner;;No defect;Residential areas;Undivided Two way;Tangent road with flat terrain;;Asphalt roads;Dry;Daylight;Normal;Vehicle with vehicle collision;1;2;Turnover;na;na;na;na;;;Not a Pedestrian;Changing lane to the left;Serious Injury
09:25:00;Tuesday;Unknown;Male;;;;Pick up upto 10Q;Owner;;;Office areas;Two-way (divided with broken lines road marking);Tangent road with flat terrain;;Asphalt roads;Wet or damp;Daylight;Normal;Vehicle with vehicle collision;2;1;Going straight;Driver or rider;Male;31-50;3;Driver;Normal;Not a Pedestrian;No distancing;Slight Injury
09:25:00;Tuesday;Unknown;Male;Junior high school;Owner;5-10yr;;Organization;;;Residential areas;other;Tangent road with flat terrain;;Asphalt roads;Wet or damp;Daylight;Normal;Vehicle with vehicle collision;2;1;Going straight;na;na;na;na;Driver;Normal;Not a Pedestrian;Changing lane to the right;Slight Injury
07:58:00;Thursday;Under 18;Male;Above high school;Employee;5-10yr;Automobile;Owner;;;Office areas;Two-way (divided with broken lines road marking);Tangent road with flat terrain;;Asphalt roads;Dry;Daylight;Normal;Vehicle with vehicle collision;2;2;Going straight;Driver or rider;Male;Under 18;3;Driver;Normal;Not a Pedestrian;No distancing;Serious Injury
07:58:00;Thursday;18-30;Male;Junior high school;Employee;5-10yr;Public (12 seats);;;; Church areas;Two-way (divided with broken lines road marking);Tangent road with flat terrain;;Asphalt roads;Dry;Daylight;Normal;Vehicle with vehicle collision;2;2;Going straight;Driver or rider;Male;31-50;3;Other;Normal;Not a Pedestrian;Driving to the left;Serious Injury
20:15:00;Tuesday;18-30;Female;Junior high school;Employee;Above 10yr;Public (13?45 seats);Organization;5-10yrs;;Residential areas;Two-way (divided with broken lines road marking);Tangent road with flat terrain;;Asphalt roads;Dry;Daylight;Normal;Rollover;2;2;Going straight;na;na;na;na;Driver;Normal;Not a Pedestrian;No distancing;Serious Injury
20:15:00;Tuesday;18-30;Male;Junior high school;Employee;1-2yr;Lorry (11?40Q);Owner;Above 10yr;;School areas;other;Tangent road with flat terrain;;Asphalt roads;Dry;Daylight;Normal;Vehicle with vehicle collision;1;1;Going straight;Driver or rider;Female;18-30;3;;;Not a Pedestrian;Overtaking;Serious Injury
17:10:00;Tuesday;18-30;Male;Junior high school;Employee;2-5yr;Stationwagen;Owner;5-10yrs;; Hospital areas;other;Steep grade downward with mountainous terrain;;Earth roads;Wet or damp;Daylight;Normal;Collision with roadside objects;3;4;Going straight;na;na;na;na;Driver;Normal;Not a Pedestrian;Driving under the influence of drugs;Slight Injury
17:10:00;Tuesday;31-50;Male;Junior high school;Employee;Below 1yr;Ridden horse;Owner;2-5yrs;;Other;Undivided Two way;Tangent road with flat terrain;;Asphalt roads;Wet or damp;Daylight;Normal;Collision with pedestrians;3;4;Going straight;Driver or rider;Male;31-50;3;Driver;Normal;Not a Pedestrian;No priority to pedestrian;Slight Injury
17:10:00;Tuesday;31-50;Male;Junior high school;Employee;Above 10yr;Stationwagen;Owner;;;School areas;Double carriageway (median);Tangent road with flat terrain;;;Wet or damp;Daylight;Normal;Vehicle with vehicle collision;3;4;Going straight;na;na;na;na;Unemployed;Normal;Not a Pedestrian;Moving Backward;Slight Injury
15:30:00;Saturday;Unknown;Male;Junior high school;Employee;1-2yr;Automobile;Owner;Above 10yr;No defect;Other;other;Tangent road with flat terrain;;;Wet or damp;Daylight;Normal;Vehicle with vehicle collision;3;4;Other;Pedestrian;Male;Over 51;3;Driver;Normal;Not a Pedestrian;Changing lane to the right;Slight Injury
15:30:00;Saturday;18-30;Male;Above high school;Employee;5-10yr;Automobile;Owner;5-10yrs;; Industrial areas;Undivided Two way;Tangent road with flat terrain;;Asphalt roads;Wet or damp;Daylight;Normal;Vehicle with vehicle collision;2;1;Going straight;na;na;na;na;Driver;Normal;Not a Pedestrian;Changing lane to the left;Slight Injury
09:47:00;Saturday;18-30;Male;Junior high school;Employee;5-10yr;Other;Owner;Unknown;No defect; Church areas;Two-way (divided with broken lines road marking);Tangent road with flat terrain;;Earth roads;Wet or damp;Daylight;Normal;Vehicle with vehicle collision;2;1;Going straight;Driver or rider;Male;31-50;3;Driver;Normal;Not a Pedestrian;Changing lane to the right;Slight Injury
09:47:00;Saturday;Over 51;Female;Elementary school;Owner;Below 1yr;Taxi;Owner;;No defect;Office areas;Two-way (divided with broken lines road marking);Tangent road with flat terrain;;Asphalt roads;Dry;Daylight;Other;Vehicle with vehicle collision;2;1;Moving Backward;na;na;na;na;Driver;Normal;Not a Pedestrian;Driving under the influence of drugs;Slight Injury
09:47:00;Saturday;31-50;Male;;;;Automobile;Owner;;No defect;Other;Two-way (divided with broken lines road marking);Tangent road with flat terrain;;Asphalt roads;Dry;Daylight;Other;Vehicle with vehicle collision;2;1;Going straight;Driver or rider;Male;18-30;3;Employee;Normal;Not a Pedestrian;No priority to vehicle;Slight Injury
11:19:00;Monday;18-30;Male;Junior high school;Employee;Above 10yr;Stationwagen;Owner;;No defect;Office areas;Double carriageway (median);Tangent road with flat terrain;;Earth roads;Wet or damp;Daylight;Other;Vehicle with vehicle collision;2;3;Moving Backward;Passenger;Male;31-50;3;Driver;Normal;Not a Pedestrian;No priority to vehicle;Slight Injury
11:19:00;Monday;Over 51;Male;Junior high school;;;Automobile;Owner;;No defect;Office areas;Double carriageway (median);Tangent road with flat terrain;;Asphalt roads;Wet or damp;Daylight;Other;Collision with roadside objects;2;3;Other;Passenger;Male;5;3;Self-employed;Normal;Not a Pedestrian;Changing lane to the left;Slight Injury
13:13:00;Friday;Unknown;Male;Junior high school;Employee;1-2yr;Public (12 seats);Governmental;;No defect;Office areas;Double carriageway (median);Tangent road with flat terrain;;Asphalt roads;Wet or damp;Daylight;Other;Rollover;2;3;Going straight;Driver or rider;Male;5;3;Driver;Normal;Not a Pedestrian;Changing lane to the right;Slight Injury
13:13:00;Friday;18-30;Male;Junior high school;Owner;2-5yr;;Owner;;No defect;Residential areas;Double carriageway (median);Tangent road with flat terrain;;Asphalt roads;Wet or damp;Daylight;Other;Vehicle with vehicle collision;2;3;Reversing;Passenger;Female;5;3;Driver;Normal;Not a Pedestrian;Changing lane to the right;Slight Injury
15:55:00;Thursday;18-30;Male;;Employee;unknown;Automobile;Owner;;No defect;Office areas;Double carriageway (median);Tangent road with flat terrain;;Asphalt roads;Dry;Daylight;Normal;Collision with pedestrians;2;1;Going straight;na;na;na;na;;;Not a Pedestrian;Changing lane to the left;Serious Injury
15:55:00;Thursday;18-30;Male;Junior high school;Employee;Above 10yr;Lorry (41?100Q);Owner;2-5yrs;;Other;Undivided Two way;Tangent road with flat terrain;;Asphalt roads;Dry;Daylight;Normal;Vehicle with vehicle collision;2;1;Other;Driver or rider;Female;18-30;3;Driver;Normal;Not a Pedestrian;Changing lane to the left;Serious Injury
15:55:00;Thursday;31-50;Male;Junior high school;Owner;2-5yr;;Owner;2-5yrs;; Industrial areas;One way;;;Asphalt roads;Dry;Daylight;Normal;Vehicle with vehicle collision;1;1;Other;na;na;na;na;;;Not a Pedestrian;Getting off the vehicle improperly;Serious Injury
10:47:00;Thursday;31-50;Male;Junior high school;Employee;5-10yr;Public (> 45 seats);Owner;;No defect;Other;One way;Tangent road with flat terrain;;Asphalt roads;Dry;Daylight;Normal;Collision with pedestrians;3;1;Other;Driver or rider;Male;31-50;3;;;Not a Pedestrian;Overtaking;Slight Injury
10:47:00;Thursday;31-50;Male;Junior high school;Employee;2-5yr;;Owner;;No defect;Office areas;Double carriageway (median);Tangent road with flat terrain;;Asphalt roads;Dry;Daylight;Normal;Collision with pedestrians;3;1;Stopping;na;na;na;na;;Normal;Not a Pedestrian;Changing lane to the left;Slight Injury
15:00:00;Thursday;18-30;Male;Junior high school;Employee;1-2yr;Public (12 seats);Governmental;Unknown;;Office areas;Two-way (divided with broken lines road marking);Tangent road with flat terrain;;Asphalt roads;Dry;Daylight;Normal;Vehicle with vehicle collision;3;1;Other;na;na;na;na;Driver;Normal;Not a Pedestrian;Driving under the influence of drugs;Slight Injury
15:00:00;Thursday;18-30;Male;Junior high school;Employee;5-10yr;Public (12 seats);Governmental;;No defect;;Double carriageway (median);Tangent road with flat terrain;;Asphalt roads;Wet or damp;Daylight;Raining;Vehicle with vehicle collision;2;2;Other;Driver or rider;Male;18-30;3;Driver;Normal;Not a Pedestrian;Driving carelessly;Slight Injury
18:40:00;Thursday;18-30;Male;Junior high school;Employee;2-5yr;Automobile;Owner;;;Other;;Tangent road with flat terrain;;Asphalt roads;Wet or damp;Daylight;Raining;Vehicle with vehicle collision;2;2;Other;Driver or rider;Female;Over 51;3;Driver;Normal;Not a Pedestrian;Moving Backward;Slight Injury
03:55:00;Monday;18-30;Male;Elementary school;Employee;5-10yr;;Owner;Unknown;;Office areas;Double carriageway (median);Tangent road with flat terrain;;Asphalt roads;Dry;Daylight;Normal;Vehicle with vehicle collision;2;1;Going straight;na;na;na;na;Driver;Normal;Not a Pedestrian;No distancing;Slight Injury
03:55:00;Monday;18-30;Male;Above high school;Owner;5-10yr;Automobile;Owner;;No defect;Office areas;Two-way (divided with broken lines road marking);Tangent road with flat terrain;;Asphalt roads with some distress;Dry;Daylight;Normal;Vehicle with vehicle collision;2;1;Going straight;Passenger;Female;18-30;2;Driver;Normal;Not a Pedestrian;No priority to vehicle;Slight Injury
03:55:00;Monday;18-30;Male;Junior high school;Employee;2-5yr;Lorry (41?100Q);Owner;5-10yrs;;Office areas;Undivided Two way;Tangent road with flat terrain;;Asphalt roads;Dry;Daylight;Normal;Collision with roadside objects;3;1;Going straight;na;na;na;na;Driver;Normal;Not a Pedestrian;Overturning;Slight Injury
17:45:00;Sunday;31-50;Male;Junior high school;Employee;2-5yr;Public (12 seats);Owner;;;Other;Undivided Two way;Tangent road with flat terrain;;Asphalt roads;Dry;Daylight;Normal;Vehicle with vehicle collision;3;1;Going straight;Passenger;Male;Over 51;3;Employee;Normal;Not a Pedestrian;Changing lane to the left;Slight Injury
17:45:00;Sunday;18-30;Male;Junior high school;Employee;2-5yr;Lorry (11?40Q);Owner;;No defect;Other;Undivided Two way;Tangent road with flat terrain;;Asphalt roads;Dry;Daylight;Normal;Vehicle with vehicle collision;3;1;Going straight;na;na;na;na;;Normal;Not a Pedestrian;No distancing;Slight Injury
17:45:00;Sunday;18-30;Male;Junior high school;Employee;5-10yr;Automobile;Owner;;No defect;  Recreational areas;Undivided Two way;Tangent road with flat terrain;;Asphalt roads;Dry;Daylight;Normal;Vehicle with vehicle collision;1;1;Going straight;Driver or rider;Male;18-30;3;Driver;Normal;Not a Pedestrian;Moving Backward;Slight Injury
17:45:00;Sunday;18-30;Male;Junior high school;Employee;1-2yr;Automobile;Owner;;No defect; Church areas;Undivided Two way;Tangent road with flat terrain;;Asphalt roads;Dry;Darkness - lights lit;Normal;Vehicle with vehicle collision;4;1;Going straight;na;na;na;na;;;Not a Pedestrian;No priority to vehicle;Slight Injury
19:10:00;Friday;31-50;Male;Junior high school;Owner;2-5yr;Automobile;Other;1-2yr;No defect;  Recreational areas;other;Tangent road with flat terrain;;Asphalt roads;Dry;Darkness - lights lit;Normal;Vehicle with vehicle collision;4;1;Going straight;Driver or rider;Male;18-30;3;Self-employed;Normal;Not a Pedestrian;No priority to vehicle;Slight Injury
10:13:00;Thursday;31-50;Male;High school;Owner;2-5yr;Bajaj;Owner;5-10yrs;No defect;School areas;other;Tangent road with flat terrain;;Asphalt roads;Dry;Darkness - lights lit;Normal;Vehicle with vehicle collision;4;1;Going straight;na;na;na;na;;;Not a Pedestrian;No distancing;Slight Injury
10:13:00;Thursday;Over 51;Male;;Employee;;Public (12 seats);Owner;;No defect; Church areas;Double carriageway (median);Tangent road with flat terrain;;Asphalt roads;Dry;Darkness - lights lit;Normal;Vehicle with vehicle collision;4;1;Going straight;Driver or rider;Male;18-30;3;Self-employed;Normal;Not a Pedestrian;No distancing;Slight Injury
09:48:00;Friday;Under 18;Male;Junior high school;Owner;1-2yr;Lorry (11?40Q);Owner;5-10yrs;;Office areas;;Tangent road with flat terrain;;Asphalt roads;Dry;Daylight;Normal;Vehicle with vehicle collision;3;3;Going straight;Driver or rider;Male;31-50;3;;;Not a Pedestrian;Overtaking;Slight Injury
09:48:00;Friday;18-30;Male;Junior high school;;Below 1yr;;Owner;2-5yrs;;Residential areas;One way;Steep grade downward with mountainous terrain;;Asphalt roads;Dry;Daylight;Normal;Vehicle with vehicle collision;3;3;Reversing;na;na;na;na;Self-employed;Normal;Not a Pedestrian;Driving under the influence of drugs;Slight Injury
16:20:00;Monday;18-30;Male;High school;Employee;1-2yr;;Owner;;No defect;Other;One way;Tangent road with flat terrain;;Asphalt roads;Dry;Daylight;Normal;Vehicle with vehicle collision;3;3;Going straight;na;na;na;na;;;Not a Pedestrian;Changing lane to the right;Slight Injury
16:20:00;Monday;18-30;Male;Above high school;Employee;1-2yr;Automobile;Owner;;No defect;Other;Undivided Two way;Tangent road with flat terrain;;Asphalt roads;Dry;Daylight;Normal;Vehicle with vehicle collision;2;1;Other;Driver or rider;Male;31-50;3;;;Not a Pedestrian;Changing lane to the left;Slight Injury
19:40:00;Thursday;18-30;Male;Junior high school;Employee;Above 10yr;Lorry (11?40Q);Governmental;1-2yr;No defect; Industrial areas;One way;Tangent road with flat terrain;;Asphalt roads;Dry;Daylight;Normal;Vehicle with vehicle collision;2;1;;Driver or rider;Female;31-50;3;Self-employed;Normal;Not a Pedestrian;Driving carelessly;Slight Injury
16:53:00;Wednesday;18-30;Male;High school;Employee;1-2yr;Lorry (41?100Q);Governmental;1-2yr;No defect; Church areas;other;Steep grade downward with mountainous terrain;;Asphalt roads;Dry;Daylight;Normal;Vehicle with vehicle collision;2;1;Getting off;na;na;na;na;Employee;Normal;Not a Pedestrian;Moving Backward;Slight Injury
12:55:00;Wednesday;31-50;Male;Junior high school;Employee;2-5yr;Pick up upto 10Q;Organization;1-2yr;No defect;Office areas;other;Tangent road with flat terrain;;Asphalt roads;Dry;Daylight;Normal;Vehicle with vehicle collision;2;1;Going straight;na;na;na;na;Other;Normal;Not a Pedestrian;Moving Backward;Slight Injury
19:32:00;Friday;31-50;Male;Above high school;Other;2-5yr;Lorry (11?40Q);Owner;Unknown;No defect;Office areas;Undivided Two way;Tangent road with flat terrain;;Asphalt roads;Dry;Daylight;Normal;Vehicle with vehicle collision;2;1;Going straight;Driver or rider;Male;31-50;3;Employee;Normal;Not a Pedestrian;Changing lane to the right;Slight Injury
19:32:00;Friday;18-30;Male;High school;Employee;Above 10yr;Stationwagen;Owner;;;Office areas;Double carriageway (median);Tangent road with flat terrain;;Asphalt roads;Dry;Daylight;Normal;Collision with roadside objects;2;1;Going straight;Pedestrian;Female;18-30;3;;;Not a Pedestrian;No priority to vehicle;Slight Injury
17:35:00;Saturday;18-30;Male;Elementary school;Employee;5-10yr;Other;Owner;2-5yrs;;Other;Two-way (divided with broken lines road marking);Tangent road with flat terrain;;Asphalt roads;Dry;Daylight;Normal;Vehicle with vehicle collision;2;1;Going straight;Pedestrian;Male;18-30;2;Employee;Normal;Not a Pedestrian;Driving at high speed;Slight Injury
17:35:00;Saturday;Over 51;Male;High school;Employee;1-2yr;Other;Owner;;;Office areas;Undivided Two way;Tangent road with flat terrain;;Asphalt roads;Dry;Daylight;Normal;Vehicle with vehicle collision;2;1;Turnover;Pedestrian;Female;Over 51;2;;;Not a Pedestrian;Driving under the influence of drugs;Slight Injury
17:35:00;Saturday;Over 51;Male;High school;Employee;5-10yr;Lorry (11?40Q);Owner;;No defect;Other;Double carriageway (median);Tangent road with flat terrain;;Gravel roads;Dry;Daylight;Normal;Vehicle with vehicle collision;1;1;Entering a junction;Pedestrian;Female;31-50;3;Employee;Normal;Crossing from nearside - masked by parked or statioNot a Pedestrianry vehicle;Changing lane to the right;Serious Injury
18:40:00;Tuesday;18-30;Male;High school;Employee;2-5yr;;Owner;Above 10yr;No defect; Industrial areas;Two-way (divided with broken lines road marking);Tangent road with flat terrain;;Asphalt roads;Dry;Daylight;Normal;Vehicle with vehicle collision;2;1;Entering a junction;na;na;na;na;Employee;Normal;Not a Pedestrian;Driving carelessly;Slight Injury
18:40:00;Tuesday;18-30;Male;Junior high school;Employee;1-2yr;Automobile;Owner;;No defect;Residential areas;other;Tangent road with flat terrain;;Asphalt roads;Dry;Daylight;Normal;Collision with pedestrians;2;1;Entering a junction;Driver or rider;Male;31-50;3;Employee;Normal;Not a Pedestrian;No distancing;Slight Injury
15:47:00;Thursday;31-50;Male;Above high school;Employee;Above 10yr;Lorry (41?100Q);Owner;;No defect;Other;Two-way (divided with broken lines road marking);Tangent road with flat terrain;;Asphalt roads;Dry;Daylight;Normal;Vehicle with vehicle collision;3;1;Entering a junction;Driver or rider;Male;31-50;3;Driver;Normal;Not a Pedestrian;Changing lane to the left;Slight Injury
14:57:00;Sunday;Under 18;Male;Above high school;Employee;2-5yr;Other;Owner;5-10yrs;;Other;One way;Tangent road with flat terrain;;Asphalt roads;Dry;Daylight;Normal;Vehicle with vehicle collision;3;1;Other;na;na;na;na;Driver;Normal;Not a Pedestrian;No distancing;Slight Injury
17:25:00;Friday;31-50;Male;Elementary school;Employee;5-10yr;Lorry (41?100Q);Owner;1-2yr;No defect;Other;One way;Tangent road with flat terrain;;Asphalt roads;Dry;Daylight;Normal;Vehicle with vehicle collision;3;1;Entering a junction;Driver or rider;Female;18-30;3;Student;Normal;Not a Pedestrian;No distancing;Slight Injury
17:25:00;Friday;31-50;Male;Elementary school;Employee;1-2yr;Automobile;Owner;;;Other;Undivided Two way;Tangent road with flat terrain;;Asphalt roads;Dry;Daylight;Normal;Vehicle with vehicle collision;1;1;Turnover;na;na;na;na;Driver;Normal;Not a Pedestrian;Getting off the vehicle improperly;Slight Injury
17:25:00;Friday;31-50;Male;Junior high school;Employee;;Pick up upto 10Q;;;;Other;Two-way (divided with broken lines road marking);Tangent road with flat terrain;;Asphalt roads;Dry;Daylight;Normal;Vehicle with vehicle collision;2;1;Entering a junction;na;na;na;na;Self-employed;Normal;Not a Pedestrian;Overtaking;Slight Injury
17:22:00;Sunday;Over 51;Male;;;;Lorry (41?100Q);Governmental;Below 1yr;No defect;Residential areas;other;Steep grade downward with mountainous terrain;;Asphalt roads;Dry;Daylight;Normal;Vehicle with vehicle collision;2;1;Entering a junction;Driver or rider;Male;18-30;3;;;Not a Pedestrian;Driving carelessly;Slight Injury
17:22:00;Sunday;Under 18;Male;Elementary school;Employee;5-10yr;Public (13?45 seats);Owner;;No defect;Office areas;Two-way (divided with broken lines road marking);Tangent road with flat terrain;;Asphalt roads;Dry;Daylight;Normal;Vehicle with vehicle collision;1;2;Entering a junction;Pedestrian;Female;18-30;3;;;Unknown or other;Driving under the influence of drugs;Serious Injury
16:05:00;Monday;18-30;Male;Junior high school;Employee;2-5yr;Long lorry;Owner;;;Office areas;Two-way (divided with broken lines road marking);Tangent road with flat terrain;;Asphalt roads;Dry;Daylight;Normal;Vehicle with vehicle collision;1;2;Entering a junction;na;na;na;na;Driver;Normal;Not a Pedestrian;Moving Backward;Serious Injury