Time;Day_of_week;Age_band_of_driver;Sex_of_driver;Educational_level;Vehicle_driver_relation;Driving_experience;Type_of_vehicle;Owner_of_vehicle;Service_year_of_vehicle;Defect_of_vehicle;Area_accident_occured;Lanes_or_Medians;Road_allignment;Types_of_Junction;Road_surface_type;Road_surface_conditions;Light_conditions;Weather_conditions;Type_of_collision;Number_of_vehicles_involved;Number_of_casualties;Vehicle_movement;Casualty_class;Sex_of_casualty;Age_band_of_casualty;Casualty_severity;Work_of_casuality;Fitness_of_casuality;Pedestrian_movement;Cause_of_accident;Accident_severity
16:05:00;Monday;31-50;Male;Junior high school;Employee;5-10yr;Automobile;Owner;Unknown;No defect;Other;Two-way (divided with broken lines road marking);Tangent road with flat terrain;;Asphalt roads;Dry;Daylight;Normal;Collision with pedestrians;3;1;Entering a junction;Driver or rider;Male;31-50;3;Driver;Normal;Not a Pedestrian;Overturning;Slight Injury
16:05:00;Monday;18-30;Male;High school;Employee;2-5yr;Automobile;Owner;Above 10yr;No defect;Other;One way;Tangent road with flat terrain;;Asphalt roads;Dry;Daylight;Normal;Vehicle with vehicle collision;3;1;Other;na;na;na;na;Driver;Normal;Not a Pedestrian;Driving under the influence of drugs;Slight Injury
09:00:00;Thursday;18-30;Male;Junior high school;Employee;1-2yr;Other;Owner;;No defect;Office areas;Two-way (divided with broken lines road marking);Tangent road with flat terrain;;Asphalt roads;Dry;Daylight;Normal;Vehicle with vehicle collision;3;1;Going straight;Pedestrian;Male;31-50;3;Driver;Normal;Not a Pedestrian;Changing lane to the right;Slight Injury
09:00:00;Thursday;18-30;Male;Junior high school;Employee;1-2yr;;Owner;2-5yrs;;Office areas;Undivided Two way;Tangent road with flat terrain;;Asphalt roads;Dry;Daylight;Normal;Vehicle with vehicle collision;2;1;Going straight;Driver or rider;Male;18-30;3;;;Not a Pedestrian;Changing lane to the left;Slight Injury
08:55:00;Saturday;18-30;Male;Junior high school;Employee;5-10yr;Long lorry;Owner;;No defect;Other;Two-way (divided with broken lines road marking);Tangent road with flat terrain;;Gravel roads;Dry;Daylight;Normal;Vehicle with vehicle collision;2;1;Other;na;na;na;na;Driver;Normal;Not a Pedestrian;No distancing;Slight Injury
10:44:00;Friday;31-50;Male;Illiterate;Employee;unknown;Public (12 seats);Owner;;No defect;Other;Two-way (divided with broken lines road marking);Tangent road with flat terrain;;Asphalt roads;Dry;Daylight;Normal;Collision with roadside objects;2;1;Going straight;Driver or rider;Male;18-30;3;Self-employed;Normal;Not a Pedestrian;No distancing;Slight Injury
16:18:00;Wednesday;18-30;Male;Junior high school;Employee;5-10yr;Public (12 seats);Governmental;Unknown;;Residential areas;Two-way (divided with broken lines road marking);Tangent road with flat terrain;;Asphalt roads;Dry;Daylight;Normal;Vehicle with vehicle collision;2;1;Going straight;na;na;na;na;Self-employed;Normal;Not a Pedestrian;No priority to vehicle;Slight Injury
17:21:00;Thursday;18-30;Male;Junior high school;Employee;1-2yr;Other;Owner;1-2yr;No defect;Other;Undivided Two way;Tangent road with flat terrain;;Asphalt roads;Dry;Daylight;Normal;Vehicle with vehicle collision;3;1;Going straight;Driver or rider;Male;5;3;Self-employed;Normal;Not a Pedestrian;Moving Backward;Slight Injury
17:21:00;Thursday;31-50;Male;Junior high school;Employee;2-5yr;Other;Owner;;No defect;Office areas;Undivided Two way;Tangent road with flat terrain;;Asphalt roads;Dry;Daylight;Normal;Vehicle with vehicle collision;3;1;Going straight;Driver or rider;Male;18-30;3;Driver;Normal;Not a Pedestrian;Moving Backward;Slight Injury
17:21:00;Thursday;31-50;Male;Junior high school;Employee;Above 10yr;Other;Owner;2-5yrs;No defect;Office areas;Undivided Two way;Tangent road with flat terrain;;Earth roads;Dry;Daylight;Normal;Vehicle with vehicle collision;3;1;Going straight;na;na;na;na;Other;Normal;Not a Pedestrian;Getting off the vehicle improperly;Slight Injury
17:21:00;Thursday;31-50;Unknown;Junior high school;Owner;5-10yr;Public (12 seats);;;;Other;Undivided Two way;Tangent road with flat terrain;;Asphalt roads;Dry;Daylight;Normal;Vehicle with vehicle collision;2;1;Reversing;Pedestrian;Female;18-30;2;;;Not a Pedestrian;Changing lane to the left;Slight Injury
15:40:00;Monday;18-30;Male;High school;Employee;1-2yr;Lorry (41?100Q);Owner;Unknown;;Other;;Tangent road with flat terrain;;Asphalt roads;Dry;Daylight;Normal;Vehicle with vehicle collision;2;1;Moving Backward;na;na;na;na;Self-employed;Normal;Not a Pedestrian;Changing lane to the left;Slight Injury
15:40:00;Monday;18-30;Male;Junior high school;Employee;Above 10yr;Other;Owner;Above 10yr;;Other;Undivided Two way;Tangent road with flat terrain;;;Dry;Darkness - lights lit;Normal;Vehicle with vehicle collision;1;2;Overtaking;Driver or rider;Male;18-30;3;Other;Normal;Not a Pedestrian;No priority to vehicle;Serious Injury
15:40:00;Monday;18-30;Male;Junior high school;Employee;1-2yr;Public (12 seats);Owner;;No defect;Office areas;;Tangent road with flat terrain;;Gravel roads;Dry;Darkness - lights lit;Normal;Collision with roadside objects;1;2;Going straight;Pedestrian;Female;18-30;3;;;Crossing from nearside - masked by parked or statioNot a Pedestrianry vehicle;Changing lane to the right;Serious Injury
15:40:00;Monday;31-50;Male;Junior high school;Employee;2-5yr;Other;Owner;Above 10yr;No defect;Office areas;Two-way (divided with broken lines road marking);Tangent road with flat terrain;;Asphalt roads;Dry;Daylight;Normal;Vehicle with vehicle collision;3;1;Going straight;Pedestrian;Female;18-30;3;;;Not a Pedestrian;Changing lane to the right;Slight Injury
16:46:00;Thursday;18-30;Male;Junior high school;Employee;Above 10yr;Lorry (11?40Q);Owner;;No defect;Other;Two-way (divided with broken lines road marking);Steep grade downward with mountainous terrain;;;Dry;Daylight;Normal;Vehicle with vehicle collision;3;1;Going straight;na;na;na;na;Driver;Normal;Not a Pedestrian;Driving carelessly;Slight Injury
16:46:00;Thursday;Over 51;Male;Junior high school;Employee;2-5yr;Other;Owner;Above 10yr;No defect; Church areas;other;Tangent road with flat terrain;;Asphalt roads;Dry;Daylight;Normal;Vehicle with vehicle collision;3;1;Reversing;Driver or rider;Male;18-30;3;;;Not a Pedestrian;Changing lane to the left;Slight Injury
16:46:00;Thursday;31-50;Male;Elementary school;Employee;5-10yr;Other;Governmental;;No defect; Industrial areas;Undivided Two way;Tangent road with flat terrain;;Earth roads;Dry;Darkness - lights lit;Normal;Vehicle with vehicle collision;2;2;Going straight;Driver or rider;Male;18-30;3;Driver;Normal;Not a Pedestrian;Changing lane to the right;Slight Injury
17:45:00;Sunday;18-30;Male;;;;Other;Organization;2-5yrs;;Other;Undivided Two way;Tangent road with flat terrain;;Asphalt roads;Dry;Darkness - lights lit;Normal;Rollover;2;2;Going straight;na;na;na;na;Driver;Normal;Not a Pedestrian;Driving under the influence of drugs;Slight Injury
17:45:00;Sunday;31-50;Male;Elementary school;Employee;1-2yr;Pick up upto 10Q;Owner;5-10yrs;No defect;Other;Two-way (divided with broken lines road marking);Tangent road with flat terrain;;Asphalt roads;Dry;Daylight;Normal;Vehicle with vehicle collision;1;2;Other;Driver or rider;Male;31-50;3;Driver;Normal;Not a Pedestrian;Driving carelessly;Serious Injury
11:45:00;Saturday;Unknown;Male;Elementary school;Employee;5-10yr;Automobile;Owner;1-2yr;;Office areas;Undivided Two way;Tangent road with mountainous terrain and;;Asphalt roads;Dry;Daylight;Normal;Vehicle with vehicle collision;1;2;Entering a junction;na;na;na;na;Driver;Normal;Not a Pedestrian;No distancing;Serious Injury
11:45:00;Saturday;Over 51;Male;Elementary school;Employee;5-10yr;Other;Owner;Unknown;No defect;Other;One way;Tangent road with flat terrain;;Asphalt roads;Dry;Daylight;Normal;Collision with roadside objects;2;1;Turnover;na;na;na;na;Self-employed;Normal;Not a Pedestrian;No priority to vehicle;Slight Injury
11:45:00;Saturday;31-50;Male;Junior high school;Employee;1-2yr;Lorry (41?100Q);Owner;Unknown;No defect;  Recreational areas;Undivided Two way;Steep grade downward with mountainous terrain;;Asphalt roads;Dry;Daylight;Normal;Vehicle with vehicle collision;2;1;Going straight;Driver or rider;Male;18-30;3;Self-employed;Normal;Not a Pedestrian;No priority to vehicle;Slight Injury
11:45:00;Saturday;31-50;Male;Junior high school;Employee;5-10yr;Public (13?45 seats);Governmental;Unknown;No defect;Other;Two-way (divided with broken lines road marking);Steep grade downward with mountainous terrain;;Earth roads;Dry;Darkness - lights lit;Normal;Vehicle with vehicle collision;1;1;Going straight;Driver or rider;Male;31-50;3;Driver;Normal;Not a Pedestrian;No priority to vehicle;Fatal injury
12:00:00;Saturday;Over 51;Male;Junior high school;Employee;5-10yr;Automobile;Governmental;5-10yrs;No defect; Church areas;Two-way (divided with broken lines road marking);Tangent road with flat terrain;;Asphalt roads;Dry;Daylight;Normal;Vehicle with vehicle collision;1;1;Going straight;Driver or rider;Female;18-30;3;Driver;Normal;Not a Pedestrian;Changing lane to the left;Slight Injury
12:00:00;Saturday;Over 51;Male;Junior high school;Employee;2-5yr;Pick up upto 10Q;Owner;;;Residential areas;Undivided Two way;Tangent road with flat terrain;;Asphalt roads;Dry;Daylight;Normal;Collision with roadside objects;2;2;Going straight;Driver or rider;Male;Under 18;3;;;Not a Pedestrian;Moving Backward;Slight Injury
12:00:00;Saturday;18-30;Male;Junior high school;Employee;1-2yr;Lorry (41?100Q);Owner;5-10yrs;No defect;Office areas;Two-way (divided with broken lines road marking);;;Asphalt roads;Dry;Daylight;Normal;Collision with roadside objects;2;2;Going straight;Driver or rider;Female;18-30;3;Driver;Normal;Not a Pedestrian;Driving carelessly;Slight Injury
12:00:00;Saturday;18-30;Male;Junior high school;Employee;5-10yr;Public (12 seats);Owner;2-5yrs;No defect;Other;Two-way (divided with broken lines road marking);Tangent road with flat terrain;;Asphalt roads;Dry;Daylight;Normal;Vehicle with vehicle collision;2;1;Going straight;na;na;na;na;Driver;Normal;Not a Pedestrian;Driving under the influence of drugs;Slight Injury
07:50:00;Friday;31-50;Male;Junior high school;Employee;Below 1yr;Other;Governmental;2-5yrs;;Office areas;Undivided Two way;Tangent road with flat terrain;;Asphalt roads;Dry;Daylight;Normal;Vehicle with vehicle collision;2;1;Going straight;na;na;na;na;Driver;Normal;Not a Pedestrian;Changing lane to the right;Slight Injury
07:50:00;Friday;31-50;Male;Junior high school;Employee;5-10yr;Lorry (41?100Q);Owner;;;Office areas;other;Tangent road with flat terrain;;Asphalt roads;Wet or damp;Daylight;Raining;Collision with roadside objects;2;4;Going straight;Driver or rider;Male;Under 18;3;;Normal;Not a Pedestrian;No priority to vehicle;Fatal injury
19:55:00;Sunday;18-30;Male;Junior high school;Owner;5-10yr;Pick up upto 10Q;Owner;;No defect;Other;One way;Escarpments;;Asphalt roads;Wet or damp;Daylight;Raining;Collision with roadside objects;2;4;Getting off;Driver or rider;Male;18-30;3;;;Not a Pedestrian;Changing lane to the right;Fatal injury
19:55:00;Sunday;31-50;Male;;Owner;5-10yr;Other;Owner;;No defect;Residential areas;Undivided Two way;Tangent road with flat terrain;;Asphalt roads;Wet or damp;Daylight;Raining;Vehicle with vehicle collision;2;4;Getting off;na;na;na;na;Driver;Normal;Not a Pedestrian;Driving to the left;Fatal injury
20:30:00;Sunday;Over 51;Male;Junior high school;Employee;5-10yr;Lorry (41?100Q);Owner;;No defect;  Recreational areas;One way;Tangent road with flat terrain;;Asphalt roads;Wet or damp;Daylight;Raining;Collision with pedestrians;2;4;Getting off;Driver or rider;Male;Over 51;3;Driver;Normal;Not a Pedestrian;Moving Backward;Fatal injury
20:30:00;Sunday;Over 51;Male;High school;Employee;2-5yr;Ridden horse;Owner;;No defect; Church areas;Undivided Two way;Tangent road with flat terrain;;Asphalt roads;Dry;Daylight;Normal;Vehicle with vehicle collision;1;1;Moving Backward;na;na;na;na;Self-employed;Normal;Not a Pedestrian;No priority to vehicle;Slight Injury
20:30:00;Sunday;Over 51;Male;Above high school;Employee;5-10yr;Automobile;Owner;;No defect;Other;One way;Tangent road with flat terrain;;Asphalt roads;Dry;Daylight;Normal;Vehicle with vehicle collision;1;1;Going straight;Driver or rider;Female;Over 51;3;Driver;Normal;Not a Pedestrian;No distancing;Slight Injury
20:30:00;Sunday;Over 51;Female;Junior high school;Employee;Above 10yr;Automobile;Owner;;No defect;Other;Undivided Two way;Tangent road with flat terrain;;Earth roads;Dry;Daylight;Normal;Vehicle with vehicle collision;2;1;Going straight;na;na;na;na;Driver;Normal;Not a Pedestrian;Driving carelessly;Slight Injury
20:30:00;Sunday;Over 51;Male;Junior high school;Employee;Below 1yr;Stationwagen;Owner;Unknown;No defect;Other;Two-way (divided with broken lines road marking);Tangent road with flat terrain;;Asphalt roads;Wet or damp;Daylight;Raining;Vehicle with vehicle collision;2;1;Waiting to go;Driver or rider;Male;18-30;3;Driver;Normal;Not a Pedestrian;Changing lane to the left;Slight Injury
20:30:00;Sunday;31-50;Male;Elementary school;Employee;5-10yr;Other;Governmental;;No defect;Residential areas;other;Tangent road with flat terrain;;Asphalt roads;Wet or damp;Darkness - lights lit;Other;Vehicle with vehicle collision;2;1;Going straight;na;na;na;na;;;Not a Pedestrian;No priority to vehicle;Slight Injury
13:57:00;Wednesday;Over 51;Male;Elementary school;Employee;2-5yr;Lorry (41?100Q);Owner;Above 10yr;No defect;School areas;other;Tangent road with flat terrain;;Asphalt roads;Wet or damp;Darkness - lights lit;Other;Collision with roadside objects;2;1;Other;na;na;na;na;Driver;Normal;Not a Pedestrian;No priority to vehicle;Slight Injury
13:57:00;Wednesday;18-30;Male;Junior high school;Employee;2-5yr;Lorry (41?100Q);Owner;Above 10yr;No defect; Church areas;Two-way (divided with broken lines road marking);Tangent road with flat terrain;;Asphalt roads;Dry;Daylight;Normal;Collision with roadside objects;2;1;Going straight;na;na;na;na;Driver;Normal;Not a Pedestrian;No distancing;Slight Injury
13:57:00;Wednesday;Unknown;Male;Junior high school;Employee;1-2yr;Long lorry;Owner;Above 10yr;No defect;Other;other;Tangent road with flat terrain;;Other;Dry;Daylight;Normal;Vehicle with vehicle collision;2;1;Going straight;Driver or rider;Male;18-30;3;Self-employed;Normal;Not a Pedestrian;Driving to the left;Slight Injury
13:57:00;Wednesday;Unknown;Male;Junior high school;Employee;2-5yr;Stationwagen;Owner;Below 1yr;;Other;Two-way (divided with broken lines road marking);Tangent road with flat terrain;;Gravel roads;Wet or damp;Daylight;Raining;Vehicle with vehicle collision;2;2;Going straight;Driver or rider;Male;31-50;3;;Normal;Not a Pedestrian;Driving carelessly;Slight Injury
13:45:00;Sunday;Under 18;Male;Junior high school;Employee;2-5yr;Public (12 seats);Owner;2-5yrs;;Office areas;Undivided Two way;Tangent road with flat terrain;;Gravel roads;Wet or damp;Daylight;Raining;Vehicle with vehicle collision;2;2;Going straight;na;na;na;na;;;Not a Pedestrian;Driving carelessly;Slight Injury
13:45:00;Sunday;18-30;Male;Junior high school;Employee;Above 10yr;Automobile;Owner;2-5yrs;;Office areas;Two-way (divided with broken lines road marking);Tangent road with flat terrain;;Asphalt roads;Dry;Daylight;Normal;Vehicle with vehicle collision;3;1;Overtaking;Driver or rider;Male;18-30;3;Driver;Normal;Not a Pedestrian;Changing lane to the right;Slight Injury
07:44:00;Friday;18-30;Male;High school;Employee;Below 1yr;Public (12 seats);Owner;2-5yrs;No defect;Other;Undivided Two way;Tangent road with flat terrain;;Asphalt roads;Dry;Daylight;Normal;Vehicle with vehicle collision;3;1;Going straight;na;na;na;na;Driver;Normal;Not a Pedestrian;Driving carelessly;Slight Injury
07:44:00;Friday;18-30;Male;Junior high school;Employee;2-5yr;Lorry (41?100Q);Owner;Below 1yr;No defect; Hospital areas;Undivided Two way;Tangent road with flat terrain;;Earth roads;Dry;Daylight;Normal;Vehicle with vehicle collision;3;1;Going straight;Driver or rider;Male;18-30;3;Driver;Normal;Not a Pedestrian;Changing lane to the left;Slight Injury
15:35:00;Thursday;31-50;Male;High school;Employee;Above 10yr;Automobile;Owner;2-5yrs;;Other;Undivided Two way;Tangent road with flat terrain;;Asphalt roads;Dry;Daylight;Normal;Vehicle with vehicle collision;2;1;Going straight;na;na;na;na;;;Not a Pedestrian;Driving carelessly;Slight Injury
20:00:00;Friday;Over 51;Male;Junior high school;Employee;Above 10yr;Lorry (41?100Q);Owner;;;Other;Two-way (divided with broken lines road marking);Tangent road with flat terrain;;Asphalt roads;Dry;Daylight;Normal;Vehicle with vehicle collision;2;1;Turnover;Driver or rider;Male;5;3;Driver;Normal;Not a Pedestrian;Driving carelessly;Slight Injury
20:00:00;Friday;31-50;Male;High school;Employee;5-10yr;Lorry (41?100Q);Owner;;;Other;Undivided Two way;Tangent road with flat terrain;;Asphalt roads;Dry;Daylight;Normal;Vehicle with vehicle collision;1;1;Going straight;na;na;na;na;Self-employed;Normal;Not a Pedestrian;Driving under the influence of drugs;Slight Injury
20:00:00;Friday;31-50;Male;Junior high school;Employee;Above 10yr;Pick up upto 10Q;;;;Other;Double carriageway (median);Tangent road with flat terrain;;Asphalt roads;Dry;Daylight;Normal;Vehicle with vehicle collision;1;1;Going straight;na;na;na;na;Self-employed;Normal;Not a Pedestrian;Driving carelessly;Serious Injury
17:46:00;Thursday;Over 51;Male;Junior high school;Employee;1-2yr;Other;Governmental;;No defect;Other;Two-way (divided with broken lines road marking);Tangent road with mild grade and flat terrain;;Earth roads;Dry;Daylight;Normal;Other;1;1;Getting off;Driver or rider;Male;18-30;3;;;Not a Pedestrian;No distancing;Slight Injury
17:46:00;Thursday;Over 51;Male;Junior high school;Employee;2-5yr;Automobile;Owner;Above 10yr;No defect; Hospital areas;Two-way (divided with broken lines road marking);Tangent road with flat terrain;;Asphalt roads;Dry;Daylight;Normal;Vehicle with vehicle collision;2;1;Moving Backward;na;na;na;na;;Normal;Not a Pedestrian;Driving carelessly;Slight Injury
17:46:00;Thursday;31-50;Male;Elementary school;Employee;2-5yr;Automobile;;Above 10yr;No defect;Other;Two-way (divided with broken lines road marking);Tangent road with flat terrain;;Asphalt roads;Dry;Daylight;Normal;Collision with roadside objects;2;1;Getting off;Driver or rider;Male;31-50;3;Driver;Normal;Not a Pedestrian;Driving to the left;Slight Injury
14:20:00;Friday;18-30;Male;Elementary school;Other;5-10yr;Lorry (11?40Q);Owner;;No defect;Other;One way;Tangent road with flat terrain;;Asphalt roads;Dry;Daylight;Normal;Vehicle with vehicle collision;1;1;Overtaking;na;na;na;na;Driver;Normal;Not a Pedestrian;Overtaking;Slight Injury
12:15:00;Sunday;31-50;Male;Junior high school;Employee;5-10yr;Bajaj;Owner;2-5yrs;No defect;Other;Two-way (divided with broken lines road marking);Tangent road with mild grade and flat terrain;;Asphalt roads;Dry;Daylight;Normal;Vehicle with vehicle collision;2;1;Going straight;Driver or rider;Male;5;3;;;Not a Pedestrian;No distancing;Slight Injury
12:15:00;Sunday;18-30;Male;High school;Owner;5-10yr;Automobile;Owner;;;Office areas;Two-way (divided with broken lines road marking);Tangent road with flat terrain;;Asphalt roads;Dry;Daylight;Normal;Vehicle with vehicle collision;2;1;Going straight;na;na;na;na;Driver;Normal;Not a Pedestrian;Driving carelessly;Slight Injury
07:40:00;Tuesday;18-30;Male;Junior high school;Employee;Above 10yr;Lorry (41?100Q);Owner;Unknown;;Residential areas;Two-way (divided with broken lines road marking);Tangent road with flat terrain;;Asphalt roads;Dry;Daylight;Normal;Vehicle with vehicle collision;1;1;Going straight;Driver or rider;Male;18-30;2;Self-employed;Normal;Not a Pedestrian;No priority to vehicle;Slight Injury
16:10:00;Wednesday;31-50;Male;Junior high school;Employee;Below 1yr;Lorry (11?40Q);Owner;2-5yrs;No defect;Other;Two-way (divided with broken lines road marking);Tangent road with flat terrain;;Asphalt roads;Wet or damp;Daylight;Raining;Vehicle with vehicle collision;2;4;Reversing;Passenger;Male;5;2;Self-employed;Normal;Not a Pedestrian;No priority to vehicle;Slight Injury
08:35:00;Wednesday;31-50;Male;Junior high school;Other;Below 1yr;Lorry (11?40Q);Owner;Unknown;;Residential areas;Two-way (divided with broken lines road marking);Tangent road with flat terrain;;Asphalt roads;Wet or damp;Daylight;Raining;Vehicle with vehicle collision;2;4;Getting off;na;na;na;na;Self-employed;Normal;Not a Pedestrian;No priority to vehicle;Slight Injury
08:35:00;Wednesday;18-30;Male;Junior high school;Employee;Above 10yr;Automobile;Owner;Unknown;;Other;Undivided Two way;Tangent road with flat terrain;;Asphalt roads;Wet or damp;Daylight;Raining;Collision with roadside objects;2;4;Going straight;Driver or rider;Male;18-30;3;;;Not a Pedestrian;No priority to vehicle;Slight Injury
08:40:00;Wednesday;18-30;Male;High school;Owner;5-10yr;;Owner;2-5yrs;;Residential areas;Double carriageway (median);Tangent road with flat terrain;;Asphalt roads;Wet or damp;Daylight;Raining;Collision with roadside objects;2;4;Going straight;na;na;na;na;Self-employed;Normal;Not a Pedestrian;No distancing;Slight Injury
18:49:00;Tuesday;18-30;Male;Elementary school;Owner;5-10yr;Automobile;Owner;;;Office areas;Two-way (divided with broken lines road marking);Tangent road with flat terrain;;Earth roads;Dry;Daylight;Normal;Vehicle with vehicle collision;1;1;Going straight;Driver or rider;Female;31-50;3;Self-employed;Normal;Not a Pedestrian;Moving Backward;Serious Injury
12:46:00;Friday;31-50;Male;Junior high school;Employee;2-5yr;Public (13?45 seats);Owner;5-10yrs;;Office areas;Two-way (divided with broken lines road marking);Tangent road with mild grade and flat terrain;;Asphalt roads;Dry;Daylight;Unknown;Collision with roadside objects;1;1;Reversing;na;na;na;na;Driver;Deaf;Not a Pedestrian;No distancing;Serious Injury
12:46:00;Friday;31-50;Male;Junior high school;Employee;2-5yr;Public (12 seats);Owner;Unknown;;Office areas;Double carriageway (median);Tangent road with flat terrain;;Asphalt roads;Wet or damp;Darkness - no lighting;Raining;Collision with roadside objects;1;1;Going straight;na;na;na;na;Driver;Normal;Not a Pedestrian;Changing lane to the left;Serious Injury
07:40:00;Wednesday;18-30;Male;Above high school;Employee;5-10yr;Other;Owner;;;  Recreational areas;Two-way (divided with broken lines road marking);Tangent road with flat terrain;;Asphalt roads;Dry;Daylight;Normal;Vehicle with vehicle collision;2;1;Stopping;Driver or rider;Female;Over 51;3;Self-employed;Normal;Not a Pedestrian;Changing lane to the left;Slight Injury
07:40:00;Wednesday;31-50;Male;Junior high school;Owner;2-5yr;Automobile;Owner;;;Other;Two-way (divided with broken lines road marking);Tangent road with flat terrain;;Asphalt roads;Dry;Daylight;Normal;Vehicle with vehicle collision;2;1;Overtaking;Driver or rider;Male;Over 51;3;Self-employed;Normal;Not a Pedestrian;No priority to pedestrian;Slight Injury
06:00:00;Sunday;Unknown;Male;;;;Automobile;Owner;;;Other;other;Tangent road with flat terrain;;Earth roads;Dry;Daylight;Normal;Collision with roadside objects;2;1;Going straight;Passenger;Male;Over 51;3;Driver;Normal;Not a Pedestrian;Moving Backward;Slight Injury
06:00:00;Sunday;18-30;Male;Junior high school;Employee;2-5yr;Public (13?45 seats);Owner;5-10yrs;;Other;Two-way (divided with broken lines road marking);Tangent road with flat terrain;;Asphalt roads;Dry;Daylight;Normal;Vehicle with vehicle collision;2;1;Reversing;na;na;na;na;Driver;Normal;Not a Pedestrian;Changing lane to the left;Slight Injury
15:00:00;Saturday;31-50;Male;Junior high school;Employee;5-10yr;Public (13?45 seats);Owner;;;Other;Double carriageway (median);Tangent road with flat terrain;;Asphalt roads;Dry;Daylight;Normal;Vehicle with vehicle collision;1;1;Going straight;na;na;na;na;;;Not a Pedestrian;No distancing;Slight Injury
18:02:00;Wednesday;31-50;Male;Junior high school;Employee;2-5yr;Automobile;Owner;2-5yrs;No defect;Other;Undivided Two way;Tangent road with mountainous terrain and;;Asphalt roads;Wet or damp;Darkness - lights lit;Normal;Vehicle with vehicle collision;2;2;Going straight;na;na;na;na;Driver;Normal;Not a Pedestrian;No priority to vehicle;Slight Injury
21:25:00;Thursday;18-30;Male;Elementary school;Employee;1-2yr;Other;Owner;2-5yrs;No defect;Office areas;Two-way (divided with broken lines road marking);Tangent road with flat terrain;;Asphalt roads;Wet or damp;Darkness - lights lit;Normal;Vehicle with vehicle collision;2;2;Reversing;Driver or rider;Male;18-30;3;Driver;Normal;Not a Pedestrian;Changing lane to the right;Slight Injury
21:25:00;Thursday;18-30;Male;High school;Employee;;Pick up upto 10Q;Owner;Above 10yr;No defect;Office areas;Two-way (divided with broken lines road marking);Tangent road with flat terrain;;Asphalt roads;Dry;Daylight;Normal;Vehicle with vehicle collision;1;1;Going straight;Passenger;Male;Over 51;3;Student;Normal;Not a Pedestrian;No distancing;Serious Injury
21:25:00;Thursday;18-30;Male;Junior high school;Owner;1-2yr;Lorry (41?100Q);Owner;Unknown;No defect;Office areas;One way;Tangent road with flat terrain;;Asphalt roads;Dry;Daylight;Normal;Vehicle with vehicle collision;2;1;Waiting to go;na;na;na;na;Employee;Normal;Not a Pedestrian;No distancing;Slight Injury
16:55:00;Friday;31-50;Male;Junior high school;Employee;2-5yr;Automobile;Owner;Above 10yr;No defect;Residential areas;Double carriageway (median);Tangent road with flat terrain;;Asphalt roads;Dry;Daylight;Normal;Collision with pedestrians;2;1;Going straight;na;na;na;na;Driver;Normal;Not a Pedestrian;Getting off the vehicle improperly;Slight Injury
16:55:00;Friday;31-50;Male;Junior high school;Employee;1-2yr;Automobile;Governmental;Below 1yr;No defect;  Recreational areas;Two-way (divided with broken lines road marking);Tangent road with flat terrain;;Asphalt roads;Dry;Daylight;Normal;Vehicle with vehicle collision;1;1;Going straight;Driver or rider;Male;31-50;3;Other;Normal;Not a Pedestrian;No priority to pedestrian;Serious Injury
16:55:00;Friday;31-50;Male;Elementary school;Employee;Above 10yr;Lorry (41?100Q);Owner;Unknown;No defect; Church areas;Double carriageway (median);Tangent road with flat terrain;;Other;Dry;Darkness - lights lit;Normal;Collision with roadside objects;2;1;Going straight;na;na;na;na;;Normal;Not a Pedestrian;Changing lane to the left;Slight Injury
16:55:00;Friday;Unknown;Male;Junior high school;Employee;2-5yr;;Owner;Unknown;No defect;Office areas;Undivided Two way;Tangent road with flat terrain;;Asphalt roads;Dry;Darkness - lights lit;Normal;Vehicle with vehicle collision;2;1;Going straight;Pedestrian;Female;5;3;;;Crossing from nearside - masked by parked or statioNot a Pedestrianry vehicle;No distancing;Slight Injury
16:55:00;Friday;Unknown;Male;Junior high school;Employee;2-5yr;Other;Owner;Unknown;No defect;Other;Two-way (divided with broken lines road marking);Tangent road with flat terrain;;Asphalt roads;Dry;Daylight;Normal;Vehicle with vehicle collision;1;1;Getting off;Driver or rider;Male;31-50;3;;;Not a Pedestrian;Driving carelessly;Serious Injury
20:15:00;Monday;18-30;Male;Junior high school;Employee;2-5yr;Automobile;Owner;;;Residential areas;other;Steep grade downward with mountainous terrain;;Asphalt roads;Dry;Daylight;Normal;Vehicle with vehicle collision;2;1;Going straight;Passenger;Female;5;3;Employee;;Not a Pedestrian;No distancing;Slight Injury
20:15:00;Monday;18-30;Female;Junior high school;Employee;2-5yr;Automobile;Owner;;No defect;School areas;other;Tangent road with flat terrain;;Asphalt roads;Dry;Daylight;Normal;Vehicle with vehicle collision;2;1;Going straight;na;na;na;na;Driver;;Not a Pedestrian;Changing lane to the right;Slight Injury
20:15:00;Monday;18-30;Female;Elementary school;Employee;2-5yr;Automobile;Owner;1-2yr;No defect;Office areas;Two-way (divided with broken lines road marking);Tangent road with flat terrain;;Asphalt roads;Dry;Daylight;Normal;Vehicle with vehicle collision;1;1;Going straight;Pedestrian;Female;18-30;2;Driver;;Not a Pedestrian;Overtaking;Slight Injury
15:30:00;Tuesday;31-50;Male;Junior high school;Employee;2-5yr;Automobile;Owner;Above 10yr;No defect;Other;other;Tangent road with flat terrain;;Asphalt roads;Wet or damp;Daylight;Normal;Vehicle with vehicle collision;2;1;Reversing;na;na;na;na;Driver;;Not a Pedestrian;Driving carelessly;Slight Injury