Time;Day_of_week;Age_band_of_driver;Sex_of_driver;Educational_level;Vehicle_driver_relation;Driving_experience;Type_of_vehicle;Owner_of_vehicle;Service_year_of_vehicle;Defect_of_vehicle;Area_accident_occured;Lanes_or_Medians;Road_allignment;Types_of_Junction;Road_surface_type;Road_surface_conditions;Light_conditions;Weather_conditions;Type_of_collision;Number_of_vehicles_involved;Number_of_casualties;Vehicle_movement;Casualty_class;Sex_of_casualty;Age_band_of_casualty;Casualty_severity;Work_of_casuality;Fitness_of_casuality;Pedestrian_movement;Cause_of_accident;Accident_severity
07:50:00;Tuesday;Over 51;Male;Junior high school;Employee;Above 10yr;Automobile;Owner;;No defect;Other;Two-way (divided with broken lines road marking);Tangent road with flat terrain;;Asphalt roads;Dry;Daylight;Normal;Vehicle with vehicle collision;2;1;Going straight;na;na;na;na;Employee;Normal;Not a Pedestrian;Other;Slight Injury
07:50:00;Tuesday;18-30;Male;Junior high school;Employee;Below 1yr;Automobile;Owner;;No defect;Office areas;Two-way (divided with broken lines road marking);Tangent road with mild grade and flat terrain;;Asphalt roads;Dry;Daylight;Normal;Rollover;2;1;Going straight;Pedestrian;Female;18-30;3;Other;Normal;Crossing from nearside - masked by parked or statioNot a Pedestrianry vehicle;No distancing;Slight Injury
07:50:00;Tuesday;18-30;Male;Junior high school;Employee;2-5yr;Lorry (41?100Q);Owner;;No defect;Office areas;Two-way (divided with broken lines road marking);Tangent road with flat terrain;;Asphalt roads;Dry;Daylight;Normal;Collision with roadside objects;2;1;Going straight;Driver or rider;Female;18-30;3;Driver;Normal;Not a Pedestrian;No priority to vehicle;Slight Injury
16:30:00;Tuesday;18-30;Male;Junior high school;Employee;1-2yr;Stationwagen;Owner;Above 10yr;No defect;Office areas;Two-way (divided with broken lines road marking);Sharp reverse curve;;Asphalt roads;Dry;Daylight;Normal;Vehicle with vehicle collision;2;1;Going straight;Driver or rider;Female;31-50;3;Driver;Normal;Not a Pedestrian;Overtaking;Slight Injury
16:30:00;Tuesday;31-50;Male;Elementary school;Employee;5-10yr;Lorry (41?100Q);Owner;Above 10yr;No defect; Church areas;Undivided Two way;Sharp reverse curve;;Asphalt roads;Dry;Daylight;Normal;Vehicle with vehicle collision;2;1;Going straight;Driver or rider;Male;31-50;3;Driver;Normal;Not a Pedestrian;No priority to pedestrian;Slight Injury
18:56:00;Monday;Under 18;Male;Junior high school;Owner;Below 1yr;Public (> 45 seats);Owner;Above 10yr;No defect;Office areas;Undivided Two way;Gentle horizontal curve;;Asphalt roads;Dry;Daylight;Normal;Collision with roadside objects;2;2;Going straight;na;na;na;na;;Normal;Not a Pedestrian;No distancing;Slight Injury
18:56:00;Monday;Unknown;Male;Junior high school;Employee;Below 1yr;Automobile;Owner;5-10yrs;No defect;Other;Double carriageway (median);Gentle horizontal curve;;Asphalt roads;Dry;Daylight;Normal;Vehicle with vehicle collision;2;2;;Driver or rider;Male;5;3;Employee;Normal;Not a Pedestrian;Changing lane to the right;Slight Injury
18:13:00;Tuesday;18-30;Male;Writing & reading;Employee;Below 1yr;Automobile;Owner;;;Other;Two-way (divided with broken lines road marking);Tangent road with flat terrain;;Other;Dry;Daylight;Normal;Vehicle with vehicle collision;1;1;Going straight;na;na;na;na;;Normal;Not a Pedestrian;Driving carelessly;Slight Injury
18:13:00;Tuesday;31-50;Male;Junior high school;Employee;1-2yr;Automobile;Owner;5-10yrs;No defect; Church areas;Unknown;Tangent road with mountainous terrain and;;Asphalt roads;Dry;Daylight;Normal;Vehicle with vehicle collision;2;2;Reversing;Driver or rider;Male;18-30;2;;Normal;Not a Pedestrian;Changing lane to the right;Slight Injury
18:13:00;Tuesday;31-50;Male;Elementary school;Owner;5-10yr;;Owner;1-2yr;;School areas;Undivided Two way;Tangent road with flat terrain;;Asphalt roads;Dry;Daylight;Normal;Rollover;2;2;Going straight;na;na;na;na;;Normal;Not a Pedestrian;Overtaking;Slight Injury
15:15:00;Sunday;18-30;Male;Junior high school;Employee;2-5yr;Lorry (41?100Q);;;; Church areas;Two-way (divided with broken lines road marking);Tangent road with flat terrain;;Asphalt roads;Dry;Daylight;Normal;Rollover;4;5;Going straight;Driver or rider;Male;31-50;3;;;Not a Pedestrian;Other;Slight Injury
15:15:00;Sunday;31-50;Male;Junior high school;Owner;Below 1yr;Lorry (41?100Q);Owner;Above 10yr;;Office areas;Undivided Two way;Tangent road with flat terrain;;Asphalt roads;Dry;Daylight;Normal;Collision with pedestrians;4;5;Going straight;Pedestrian;Male;31-50;2;Driver;Normal;Not a Pedestrian;Driving to the left;Slight Injury
15:15:00;Sunday;31-50;Male;Writing & reading;Employee;5-10yr;Automobile;Owner;2-5yrs;No defect;Other;other;Tangent road with flat terrain;;Asphalt roads;Dry;Daylight;Normal;Vehicle with vehicle collision;4;5;Going straight;Pedestrian;Female;31-50;3;Self-employed;Normal;Not a Pedestrian;Driving at high speed;Slight Injury
10:12:00;Tuesday;18-30;Male;Writing & reading;Employee;5-10yr;Stationwagen;Owner;Above 10yr;; Church areas;Two-way (divided with broken lines road marking);Steep grade upward with mountainous terrain;;Asphalt roads;Dry;Daylight;Normal;Vehicle with vehicle collision;4;5;Going straight;Driver or rider;Male;18-30;3;;;Not a Pedestrian;Unknown;Slight Injury
19:25:00;Monday;31-50;Male;Junior high school;Employee;5-10yr;Public (12 seats);Governmental;1-2yr;No defect;Other;Double carriageway (median);Tangent road with flat terrain;;Asphalt roads;Dry;Daylight;Normal;Vehicle with vehicle collision;4;5;Going straight;Pedestrian;Female;18-30;3;Driver;Normal;Not a Pedestrian;Changing lane to the right;Slight Injury
14:57:00;Friday;18-30;Male;Junior high school;Employee;2-5yr;Public (12 seats);Governmental;Above 10yr;;Other;Double carriageway (median);Tangent road with flat terrain;;Asphalt roads;Dry;Daylight;Normal;Collision with pedestrians;4;5;Other;Driver or rider;Male;5;3;Driver;Normal;Not a Pedestrian;No distancing;Slight Injury
14:57:00;Friday;31-50;Male;Junior high school;Employee;Above 10yr;Automobile;Organization;5-10yrs;No defect;Office areas;Two-way (divided with broken lines road marking);Gentle horizontal curve;;;Dry;Daylight;Normal;Collision with pedestrians;3;1;Moving Backward;na;na;na;na;Driver;Normal;Not a Pedestrian;Other;Serious Injury
14:57:00;Friday;31-50;Male;Junior high school;Employee;5-10yr;Public (12 seats);Organization;Above 10yr;No defect;Other;Two-way (divided with broken lines road marking);Tangent road with flat terrain;;Other;Dry;Daylight;Normal;Vehicle with vehicle collision;3;1;Other;Driver or rider;Male;18-30;3;Driver;Normal;Not a Pedestrian;No priority to vehicle;Serious Injury
08:30:00;Sunday;Under 18;Male;Junior high school;Employee;Above 10yr;Public (12 seats);Owner;2-5yrs;No defect;Other;Two-way (divided with broken lines road marking);Tangent road with flat terrain;;Asphalt roads;Dry;Daylight;Normal;Vehicle with vehicle collision;3;1;Going straight;na;na;na;na;Self-employed;Normal;Not a Pedestrian;Changing lane to the left;Serious Injury
22:05:00;Monday;Unknown;Male;Junior high school;Employee;2-5yr;Lorry (41?100Q);Governmental;;No defect;Residential areas;Two-way (divided with broken lines road marking);Tangent road with flat terrain;;Asphalt roads;Dry;Daylight;Normal;Vehicle with vehicle collision;2;2;Going straight;Driver or rider;Male;18-30;2;;;Not a Pedestrian;No priority to pedestrian;Serious Injury
22:05:00;Monday;18-30;Male;Junior high school;Employee;Below 1yr;Automobile;Owner;2-5yrs;No defect;Office areas;Two-way (divided with broken lines road marking);Tangent road with flat terrain;;Asphalt roads;Dry;Daylight;Normal;Collision with roadside objects;2;2;Going straight;Passenger;Female;18-30;3;;;Not a Pedestrian;Overtaking;Serious Injury
15:30:00;Friday;18-30;Male;Junior high school;Employee;Below 1yr;Lorry (41?100Q);Owner;2-5yrs;No defect; Church areas;One way;Tangent road with flat terrain;;Asphalt roads;Dry;Daylight;Normal;Vehicle with vehicle collision;2;2;Other;Driver or rider;Female;Over 51;3;Driver;Normal;Not a Pedestrian;Driving carelessly;Serious Injury
15:30:00;Friday;Over 51;Male;Junior high school;Owner;5-10yr;;Owner;1-2yr;No defect;;Undivided Two way;Tangent road with flat terrain;;Asphalt roads with some distress;Dry;Darkness - lights lit;Normal;Collision with roadside objects;2;3;Going straight;na;na;na;na;Driver;Normal;Not a Pedestrian;No priority to vehicle;Slight Injury
15:30:00;Friday;Over 51;Female;Junior high school;Employee;2-5yr;Automobile;Owner;Above 10yr;;  Market areas;other;Steep grade downward with mountainous terrain;;;Dry;Darkness - lights lit;Normal;Vehicle with vehicle collision;2;3;;Driver or rider;Male;18-30;3;;;Not a Pedestrian;No priority to pedestrian;Slight Injury
21:15:00;Sunday;31-50;Male;Elementary school;Employee;Below 1yr;Stationwagen;Owner;Above 10yr;;Other;Two-way (divided with broken lines road marking);Tangent road with mountainous terrain and;;Asphalt roads;Dry;Darkness - lights lit;Normal;Vehicle with vehicle collision;2;3;Going straight;na;na;na;na;Self-employed;Normal;Not a Pedestrian;Changing lane to the right;Slight Injury
21:15:00;Sunday;31-50;Male;Junior high school;Employee;2-5yr;;Owner;;No defect;Other;Undivided Two way;Tangent road with mountainous terrain and;;Asphalt roads;Dry;Darkness - lights lit;Normal;Collision with roadside objects;2;3;Going straight;Driver or rider;Male;18-30;3;;;Not a Pedestrian;Driving carelessly;Slight Injury
21:15:00;Sunday;18-30;Male;Junior high school;Employee;5-10yr;;Owner;;No defect; Church areas;Undivided Two way;Tangent road with flat terrain;;Asphalt roads;Dry;Daylight;Normal;Vehicle with vehicle collision;1;1;Going straight;na;na;na;na;;;Not a Pedestrian;Changing lane to the right;Slight Injury
21:15:00;Sunday;18-30;Male;High school;Employee;Above 10yr;Automobile;Governmental;1-2yr;No defect;Residential areas;Undivided Two way;Tangent road with flat terrain;;Asphalt roads;Wet or damp;Daylight;Raining;Vehicle with vehicle collision;2;1;Going straight;na;na;na;na;Driver;Normal;Not a Pedestrian;Changing lane to the right;Slight Injury
16:32:00;Monday;18-30;Male;High school;Employee;Above 10yr;Stationwagen;Owner;Unknown;No defect;Other;Undivided Two way;Tangent road with flat terrain;;Earth roads;Wet or damp;Daylight;Raining;Collision with roadside objects;2;1;Moving Backward;Driver or rider;Male;31-50;3;Driver;Normal;Not a Pedestrian;Changing lane to the left;Slight Injury
16:32:00;Monday;31-50;Male;Junior high school;Employee;5-10yr;Automobile;Owner;Unknown;No defect;Other;Two-way (divided with broken lines road marking);Tangent road with flat terrain;;Asphalt roads;Wet or damp;Daylight;Raining;Collision with roadside objects;4;1;Moving Backward;Driver or rider;Male;31-50;3;Driver;Normal;Not a Pedestrian;Overturning;Slight Injury
16:32:00;Monday;Over 51;Male;Elementary school;Employee;1-2yr;Other;Owner;Unknown;No defect;Other;Double carriageway (median);Tangent road with flat terrain;;Asphalt roads;Wet or damp;Daylight;Raining;Vehicle with vehicle collision;4;1;Going straight;na;na;na;na;Driver;Normal;Not a Pedestrian;Driving carelessly;Slight Injury
15:30:00;Friday;31-50;Male;Elementary school;Employee;5-10yr;Other;Owner;;No defect;  Recreational areas;Two-way (divided with broken lines road marking);Tangent road with flat terrain;;Asphalt roads;Wet or damp;Daylight;Raining;Vehicle with vehicle collision;4;1;Going straight;Driver or rider;Male;31-50;3;Driver;Normal;Not a Pedestrian;No distancing;Slight Injury
15:30:00;Friday;31-50;Male;Junior high school;Employee;5-10yr;Automobile;Owner;Unknown;No defect;  Recreational areas;One way;Tangent road with flat terrain;;Asphalt roads;Wet or damp;Daylight;Raining;Vehicle with vehicle collision;4;1;Turnover;na;na;na;na;Driver;Normal;Not a Pedestrian;Driving carelessly;Slight Injury
14:45:00;Saturday;Over 51;Male;Junior high school;Employee;1-2yr;Lorry (41?100Q);Owner;;No defect;Other;Two-way (divided with broken lines road marking);Tangent road with flat terrain;;Asphalt roads;Dry;Daylight;Normal;Vehicle with vehicle collision;2;2;Going straight;na;na;na;na;Self-employed;Normal;Not a Pedestrian;Changing lane to the left;Slight Injury
19:30:00;Wednesday;31-50;Male;Junior high school;Owner;5-10yr;Lorry (41?100Q);Organization;1-2yr;No defect;Office areas;Two-way (divided with broken lines road marking);Tangent road with flat terrain;;Asphalt roads;Dry;Daylight;Normal;Vehicle with vehicle collision;2;2;Going straight;Driver or rider;Male;31-50;3;Driver;Normal;Not a Pedestrian;No priority to vehicle;Slight Injury
19:30:00;Wednesday;Over 51;Female;High school;Owner;Above 10yr;Lorry (41?100Q);Owner;2-5yrs;No defect;Residential areas;Two-way (divided with broken lines road marking);Tangent road with flat terrain;;Asphalt roads;Dry;Daylight;Normal;Vehicle with vehicle collision;2;2;Going straight;Driver or rider;Male;Under 18;2;Driver;Normal;Not a Pedestrian;Changing lane to the right;Slight Injury
16:56:00;Friday;Over 51;Male;;Owner;Below 1yr;Automobile;Owner;2-5yrs;No defect;Other;Two-way (divided with broken lines road marking);Tangent road with flat terrain;;Asphalt roads;Wet or damp;Daylight;Normal;Vehicle with vehicle collision;1;1;Going straight;na;na;na;na;;;Not a Pedestrian;No distancing;Serious Injury
17:50:00;Monday;18-30;Male;Writing & reading;Owner;5-10yr;Automobile;;1-2yr;;Residential areas;Undivided Two way;Steep grade downward with mountainous terrain;;Asphalt roads;Dry;Daylight;Normal;Vehicle with vehicle collision;2;1;Going straight;Pedestrian;Male;31-50;3;Driver;Normal;Not a Pedestrian;Moving Backward;Serious Injury
17:50:00;Monday;18-30;Male;Above high school;Employee;Above 10yr;Public (13?45 seats);Owner;;No defect; Church areas;Double carriageway (median);Tangent road with flat terrain;;Asphalt roads;Dry;Daylight;Normal;Vehicle with vehicle collision;2;1;Going straight;Driver or rider;Female;31-50;3;Driver;Normal;Not a Pedestrian;Moving Backward;Serious Injury
09:04:00;Tuesday;31-50;Male;High school;Employee;Below 1yr;Public (13?45 seats);Owner;2-5yrs;;Other;One way;Tangent road with flat terrain;;Asphalt roads;Dry;Daylight;Normal;Vehicle with vehicle collision;2;1;Going straight;na;na;na;na;Employee;Normal;Not a Pedestrian;No distancing;Serious Injury
09:04:00;Tuesday;Over 51;Male;Junior high school;Employee;1-2yr;Lorry (41?100Q);Owner;5-10yrs;No defect;Office areas;Two-way (divided with broken lines road marking);Tangent road with mountainous terrain and;;Gravel roads;Dry;Daylight;Normal;Vehicle with vehicle collision;2;1;Going straight;Driver or rider;Male;31-50;3;;;Not a Pedestrian;No distancing;Serious Injury
10:40:00;Thursday;Over 51;Male;Junior high school;Employee;Above 10yr;Lorry (41?100Q);Owner;2-5yrs;;Other;Undivided Two way;Tangent road with flat terrain;;Asphalt roads;Dry;Daylight;Normal;Vehicle with vehicle collision;2;1;;na;na;na;na;Driver;Normal;Not a Pedestrian;No distancing;Slight Injury
10:40:00;Thursday;Over 51;Female;Junior high school;Owner;Above 10yr;Public (12 seats);Owner;Unknown;;  Recreational areas;Two-way (divided with broken lines road marking);Steep grade downward with mountainous terrain;;Asphalt roads;Dry;Daylight;Normal;Vehicle with vehicle collision;2;1;Other;na;na;na;na;Self-employed;Normal;Not a Pedestrian;No priority to pedestrian;Slight Injury
21:15:00;Thursday;18-30;Male;Junior high school;Employee;Above 10yr;Other;Owner;;No defect;Other;Undivided Two way;Tangent road with flat terrain;;Asphalt roads;Dry;Daylight;Normal;Vehicle with vehicle collision;1;1;Getting off;Driver or rider;Female;5;3;Self-employed;Normal;Not a Pedestrian;Driving carelessly;Slight Injury
21:15:00;Thursday;18-30;Male;Junior high school;Employee;No Licence;Lorry (41?100Q);Owner;1-2yr;No defect;Office areas;Two-way (divided with broken lines road marking);Tangent road with flat terrain;;Asphalt roads;Wet or damp;Daylight;Raining;Vehicle with vehicle collision;1;1;Going straight;na;na;na;na;Employee;Normal;Not a Pedestrian;Changing lane to the right;Slight Injury
16:00:00;Friday;Under 18;Male;Junior high school;Employee;1-2yr;Automobile;Governmental;;No defect;Residential areas;Undivided Two way;Tangent road with flat terrain;;Asphalt roads;Dry;Daylight;Normal;Vehicle with vehicle collision;2;1;Going straight;Driver or rider;Female;31-50;3;Driver;Normal;Not a Pedestrian;Changing lane to the left;Slight Injury
16:00:00;Friday;18-30;Male;Illiterate;Owner;1-2yr;Other;Owner;Unknown;No defect;Office areas;One way;Tangent road with flat terrain;;Asphalt roads;Dry;Daylight;Normal;Vehicle with vehicle collision;2;1;Going straight;Pedestrian;Female;18-30;3;Driver;Normal;Not a Pedestrian;Driving carelessly;Slight Injury
16:00:00;Friday;31-50;Male;Junior high school;Owner;Below 1yr;Motorcycle;Owner;;No defect;Office areas;Two-way (divided with broken lines road marking);Tangent road with flat terrain;;Asphalt roads;Dry;Daylight;Normal;Vehicle with vehicle collision;1;1;Other;Pedestrian;Female;18-30;3;Employee;Normal;Not a Pedestrian;Driving carelessly;Slight Injury
19:30:00;Saturday;18-30;Male;Junior high school;Owner;1-2yr;Automobile;Owner;Unknown;No defect; Church areas;Double carriageway (median);Tangent road with flat terrain;;Asphalt roads;Dry;Daylight;Normal;Collision with roadside objects;2;2;Going straight;Driver or rider;Male;31-50;3;Self-employed;Normal;Not a Pedestrian;No distancing;Serious Injury
19:30:00;Saturday;18-30;Male;Junior high school;Owner;2-5yr;Automobile;Owner;;No defect; Church areas;Undivided Two way;Tangent road with flat terrain;;Asphalt roads;Dry;Daylight;Normal;Vehicle with vehicle collision;2;2;Moving Backward;na;na;na;na;Driver;Normal;Not a Pedestrian;Other;Serious Injury
19:30:00;Saturday;18-30;Male;Unknown;Owner;5-10yr;Lorry (41?100Q);Owner;;No defect;Residential areas;Undivided Two way;Tangent road with flat terrain;;Asphalt roads;Dry;Daylight;Normal;Collision with pedestrians;2;1;Other;Driver or rider;Male;18-30;3;Driver;Normal;Not a Pedestrian;Changing lane to the right;Slight Injury
09:32:00;Sunday;31-50;Male;Unknown;Owner;Above 10yr;Automobile;Owner;;No defect;Other;Undivided Two way;Tangent road with flat terrain;;Asphalt roads;Dry;Daylight;Normal;Vehicle with vehicle collision;2;1;Going straight;na;na;na;na;Self-employed;Normal;Not a Pedestrian;Changing lane to the right;Slight Injury
09:32:00;Sunday;18-30;Male;Junior high school;Owner;2-5yr;Public (> 45 seats);Owner;Unknown;;Other;other;Tangent road with flat terrain;;Asphalt roads;Dry;Daylight;Normal;Collision with roadside objects;2;1;Going straight;Driver or rider;Male;31-50;3;Driver;Normal;Not a Pedestrian;No distancing;Slight Injury
11:19:00;Wednesday;Over 51;Male;Elementary school;Owner;Above 10yr;Lorry (41?100Q);Owner;;No defect;;Undivided Two way;Tangent road with flat terrain;;Asphalt roads;Dry;Daylight;Normal;Vehicle with vehicle collision;2;1;Going straight;na;na;na;na;Driver;Normal;Not a Pedestrian;No distancing;Slight Injury
11:19:00;Wednesday;Over 51;Female;Writing & reading;Owner;5-10yr;Public (> 45 seats);Owner;2-5yrs;;Residential areas;Undivided Two way;Tangent road with flat terrain;;Asphalt roads;Dry;Daylight;Normal;Vehicle with vehicle collision;2;1;;Driver or rider;Female;18-30;3;Driver;Normal;Not a Pedestrian;Overturning;Slight Injury
08:05:00;Friday;31-50;Male;;Owner;;Lorry (41?100Q);Owner;Unknown;;Office areas;Undivided Two way;Tangent road with flat terrain;;Asphalt roads;Dry;Daylight;Normal;Vehicle with vehicle collision;2;1;Going straight;Driver or rider;Female;18-30;3;Self-employed;Normal;Not a Pedestrian;Driving at high speed;Slight Injury
06:26:00;Friday;18-30;Male;Junior high school;Owner;5-10yr;Lorry (41?100Q);Owner;Unknown;;Residential areas;Undivided Two way;Tangent road with flat terrain;;Asphalt roads;Dry;Daylight;Normal;Vehicle with vehicle collision;1;1;Going straight;na;na;na;na;Employee;Normal;Not a Pedestrian;No priority to vehicle;Slight Injury
06:26:00;Friday;18-30;Male;Junior high school;Owner;Below 1yr;Lorry (41?100Q);Owner;Unknown;No defect;Other;Two-way (divided with broken lines road marking);Tangent road with flat terrain;;Asphalt roads;Dry;Daylight;Normal;Vehicle with vehicle collision;2;1;Going straight;Driver or rider;Male;18-30;3;;;Not a Pedestrian;No priority to pedestrian;Slight Injury
09:20:00;Thursday;18-30;Male;Junior high school;Owner;2-5yr;Public (12 seats);Owner;;No defect;Other;Two-way (divided with broken lines road marking);Tangent road with flat terrain;;Asphalt roads;Dry;Daylight;Normal;Rollover;2;1;Going straight;na;na;na;na;Self-employed;Normal;Not a Pedestrian;No priority to vehicle;Slight Injury
09:20:00;Thursday;18-30;Male;Elementary school;Employee;2-5yr;Public (12 seats);Owner;;No defect;  Recreational areas;Two-way (divided with broken lines road marking);Tangent road with flat terrain;;Asphalt roads;Dry;Darkness - lights lit;Normal;Collision with roadside objects;1;1;Going straight;Driver or rider;Male;18-30;3;Driver;Normal;Not a Pedestrian;Other;Slight Injury
09:25:00;Friday;31-50;Male;Junior high school;Employee;2-5yr;Stationwagen;Owner;5-10yrs;; Church areas;One way;Tangent road with flat terrain;;Asphalt roads;Dry;Daylight;Normal;Vehicle with vehicle collision;2;3;Going straight;na;na;na;na;Driver;Normal;Not a Pedestrian;Other;Slight Injury
09:25:00;Friday;31-50;Male;Junior high school;Employee;2-5yr;Lorry (41?100Q);Owner;;;School areas;Two-way (divided with broken lines road marking);Tangent road with flat terrain;;Asphalt roads;Dry;Daylight;Normal;Vehicle with vehicle collision;2;3;Going straight;na;na;na;na;Driver;Normal;Not a Pedestrian;Moving Backward;Slight Injury
17:50:00;Monday;Over 51;Male;Junior high school;Employee;5-10yr;Automobile;Owner;2-5yrs;;Office areas;Undivided Two way;Tangent road with flat terrain;;Asphalt roads;Dry;Daylight;Normal;Collision with roadside objects;2;3;Going straight;Driver or rider;Male;31-50;3;Driver;Normal;Not a Pedestrian;No distancing;Slight Injury
17:50:00;Monday;31-50;Male;Junior high school;Employee;5-10yr;Pick up upto 10Q;Owner;1-2yr;;Other;;Tangent road with flat terrain;;Asphalt roads;Dry;Daylight;Normal;Vehicle with vehicle collision;2;1;Going straight;Driver or rider;Male;18-30;3;Self-employed;Normal;Not a Pedestrian;Moving Backward;Slight Injury
16:02:00;Sunday;31-50;Male;Junior high school;Employee;Above 10yr;Automobile;Owner;5-10yrs;;Residential areas;Undivided Two way;Tangent road with flat terrain;;Asphalt roads;Dry;Daylight;Normal;Vehicle with vehicle collision;2;1;Going straight;na;na;na;na;Driver;Normal;Not a Pedestrian;No priority to vehicle;Slight Injury
16:02:00;Sunday;Under 18;Male;Elementary school;Employee;5-10yr;Public (13?45 seats);Owner;Above 10yr;;Other;Undivided Two way;Tangent road with flat terrain;;Earth roads;Dry;Darkness - lights lit;Normal;Vehicle with vehicle collision;3;1;Going straight;na;na;na;na;Driver;Normal;Not a Pedestrian;Driving carelessly;Slight Injury
15:36:00;Tuesday;31-50;Male;Junior high school;Employee;5-10yr;Public (> 45 seats);Owner;1-2yr;No defect;Other;other;Steep grade downward with mountainous terrain;;Asphalt roads;Dry;Darkness - lights lit;Normal;Vehicle with vehicle collision;3;1;;Driver or rider;Female;18-30;3;;;Not a Pedestrian;No distancing;Slight Injury
15:36:00;Tuesday;Under 18;Male;Junior high school;Employee;Above 10yr;Stationwagen;Owner;2-5yrs;;Office areas;One way;Steep grade downward with mountainous terrain;;;Dry;Darkness - lights lit;Normal;Vehicle with vehicle collision;3;1;Going straight;Passenger;Female;31-50;2;Self-employed;Normal;Not a Pedestrian;Other;Slight Injury
20:46:00;Saturday;18-30;Male;Elementary school;Owner;;;Owner;;No defect;Residential areas;Two-way (divided with broken lines road marking);Tangent road with flat terrain;;;Dry;Daylight;Normal;Vehicle with vehicle collision;3;3;Going straight;Driver or rider;Male;31-50;3;Driver;Normal;Not a Pedestrian;Changing lane to the right;Slight Injury
20:46:00;Saturday;18-30;Male;Junior high school;Owner;5-10yr;Lorry (41?100Q);Owner;;No defect;Other;Two-way (divided with broken lines road marking);Tangent road with flat terrain;;Asphalt roads;Dry;Daylight;Normal;Collision with pedestrians;3;3;Going straight;na;na;na;na;Driver;Normal;Not a Pedestrian;No distancing;Slight Injury
07:25:00;Wednesday;31-50;Male;Junior high school;Employee;5-10yr;Stationwagen;Organization;2-5yrs;;Residential areas;Undivided Two way;Tangent road with flat terrain;;Earth roads;Dry;Daylight;Normal;Vehicle with vehicle collision;3;3;Going straight;Driver or rider;Male;18-30;3;Driver;Normal;Not a Pedestrian;Driving carelessly;Slight Injury
07:25:00;Wednesday;Under 18;Male;Junior high school;Employee;Below 1yr;Lorry (41?100Q);Owner;;No defect; Church areas;Two-way (divided with broken lines road marking);Tangent road with flat terrain;;Asphalt roads;Dry;Daylight;Normal;Collision with roadside objects;3;3;Turnover;na;na;na;na;Other;Normal;Not a Pedestrian;No distancing;Slight Injury
19:58:00;Sunday;Over 51;Male;;;;Public (12 seats);Governmental;;No defect;Residential areas;Two-way (divided with broken lines road marking);Tangent road with flat terrain;;Asphalt roads;Dry;Daylight;Normal;Vehicle with vehicle collision;1;1;Moving Backward;na;na;na;na;Employee;Normal;Not a Pedestrian;No priority to vehicle;Serious Injury
06:50:00;Wednesday;31-50;Male;Junior high school;Employee;5-10yr;Lorry (41?100Q);Owner;;No defect;Office areas;One way;Tangent road with flat terrain;;Earth roads;Dry;Darkness - lights lit;Normal;Vehicle with vehicle collision;1;1;Going straight;Driver or rider;Male;18-30;3;Driver;Normal;Not a Pedestrian;Changing lane to the right;Serious Injury
06:50:00;Wednesday;Under 18;Male;Junior high school;Employee;5-10yr;Other;Governmental;Below 1yr;No defect;Residential areas;Two-way (divided with broken lines road marking);Tangent road with flat terrain;;Asphalt roads;Dry;Daylight;Normal;Vehicle with vehicle collision;2;1;Going straight;Pedestrian;Male;31-50;3;Self-employed;Normal;Unknown or other;No priority to pedestrian;Serious Injury
12:08:00;Friday;18-30;Male;Junior high school;Employee;Above 10yr;Stationwagen;Owner;Unknown;No defect;Other;One way;Tangent road with flat terrain;;Asphalt roads;Dry;Daylight;Normal;Vehicle with vehicle collision;2;1;Moving Backward;Passenger;Male;Over 51;3;Driver;Normal;Not a Pedestrian;No priority to vehicle;Serious Injury
12:08:00;Friday;18-30;Female;High school;Employee;Above 10yr;Automobile;Owner;Unknown;; Industrial areas;Two-way (divided with broken lines road marking);Tangent road with flat terrain;;Asphalt roads;Dry;Daylight;Normal;Vehicle with vehicle collision;2;1;Going straight;Pedestrian;Female;18-30;2;;;Not a Pedestrian;Changing lane to the left;Slight Injury
12:08:00;Friday;Over 51;Male;Junior high school;Employee;Above 10yr;Public (> 45 seats);Owner;Unknown;; Church areas;Two-way (divided with broken lines road marking);Tangent road with flat terrain;;Asphalt roads;Dry;Daylight;Normal;Vehicle with vehicle collision;2;1;Moving Backward;na;na;na;na;Driver;Normal;Not a Pedestrian;Turnover;Slight Injury
18:40:00;Tuesday;31-50;Male;Junior high school;Employee;Above 10yr;Other;Owner;2-5yrs;No defect;Residential areas;Undivided Two way;Steep grade downward with mountainous terrain;;Asphalt roads;Dry;Daylight;Normal;Vehicle with vehicle collision;2;1;Going straight;Driver or rider;Male;18-30;2;Driver;Normal;Not a Pedestrian;Driving to the left;Slight Injury
18:40:00;Tuesday;Over 51;Male;Junior high school;Employee;Above 10yr;Lorry (41?100Q);;;;;Two-way (divided with broken lines road marking);Tangent road with flat terrain;;Asphalt roads;Dry;Daylight;Normal;Vehicle with vehicle collision;2;1;Going straight;Pedestrian;Female;18-30;3;Self-employed;Normal;Not a Pedestrian;Driving carelessly;Slight Injury
11:43:00;Sunday;Under 18;Female;Junior high school;Employee;Above 10yr;Automobile;;;;;Two-way (divided with broken lines road marking);Tangent road with flat terrain;;Asphalt roads;Dry;Daylight;Normal;Vehicle with vehicle collision;1;1;Going straight;na;na;na;na;Self-employed;Normal;Not a Pedestrian;Driving to the left;Serious Injury
11:43:00;Sunday;Over 51;Male;Junior high school;Employee;5-10yr;Public (> 45 seats);Owner;1-2yr;No defect;Office areas;Undivided Two way;Tangent road with flat terrain;;Asphalt roads;Dry;Daylight;Normal;Collision with roadside objects;6;2;Other;Driver or rider;Male;18-30;3;Driver;Normal;Not a Pedestrian;Driving carelessly;Serious Injury