Time;Day_of_week;Age_band_of_driver;Sex_of_driver;Educational_level;Vehicle_driver_relation;Driving_experience;Type_of_vehicle;Owner_of_vehicle;Service_year_of_vehicle;Defect_of_vehicle;Area_accident_occured;Lanes_or_Medians;Road_allignment;Types_of_Junction;Road_surface_type;Road_surface_conditions;Light_conditions;Weather_conditions;Type_of_collision;Number_of_vehicles_involved;Number_of_casualties;Vehicle_movement;Casualty_class;Sex_of_casualty;Age_band_of_casualty;Casualty_severity;Work_of_casuality;Fitness_of_casuality;Pedestrian_movement;Cause_of_accident;Accident_severity
00:25:00;Sunday;18-30;Male;Elementary school;Owner;5-10yr;Public (> 45 seats);Owner;1-2yr;;School areas;Undivided Two way;Tangent road with flat terrain;;Asphalt roads;Dry;Darkness - lights lit;Normal;Vehicle with vehicle collision;2;3;Moving Backward;na;na;na;na;Driver;Normal;Not a Pedestrian;Changing lane to the left;Slight Injury
00:25:00;Sunday;31-50;Male;Junior high school;Employee;2-5yr;Lorry (11?40Q);;;; Church areas;Two-way (divided with broken lines road marking);Tangent road with flat terrain;;Asphalt roads;Dry;Daylight;Normal;Vehicle with vehicle collision;2;1;Going straight;Driver or rider;Female;18-30;3;Self-employed;Normal;Not a Pedestrian;No distancing;Serious Injury
00:25:00;Sunday;31-50;Male;Junior high school;Owner;Below 1yr;Pick up upto 10Q;Owner;Above 10yr;;Office areas;Undivided Two way;Tangent road with flat terrain;;Asphalt roads;Dry;Daylight;Normal;Vehicle with vehicle collision;2;1;Moving Backward;na;na;na;na;Driver;Normal;Not a Pedestrian;No distancing;Serious Injury
00:10:00;Sunday;18-30;Female;Writing & reading;Employee;5-10yr;Lorry (11?40Q);Owner;2-5yrs;No defect;Other;other;Tangent road with flat terrain;;Asphalt roads;Dry;Daylight;Normal;Collision with pedestrians;2;1;Other;Driver or rider;Male;Under 18;3;Driver;Normal;Not a Pedestrian;Getting off the vehicle improperly;Fatal injury
00:10:00;Sunday;18-30;Male;Writing & reading;Employee;5-10yr;Pick up upto 10Q;Owner;Above 10yr;; Church areas;Two-way (divided with broken lines road marking);Steep grade upward with mountainous terrain;;Asphalt roads;Dry;Daylight;Normal;Vehicle with vehicle collision;2;1;Going straight;Pedestrian;Male;18-30;3;Self-employed;Normal;Not a Pedestrian;Overtaking;Fatal injury
15:20:00;Saturday;Unknown;Male;Junior high school;Employee;5-10yr;Special vehicle;Governmental;1-2yr;No defect;Other;Double carriageway (median);Tangent road with flat terrain;;Asphalt roads;Dry;Daylight;Normal;Vehicle with vehicle collision;2;1;Reversing;Driver or rider;Male;Under 18;2;Driver;Normal;Not a Pedestrian;Driving carelessly;Slight Injury
15:20:00;Saturday;31-50;Male;Junior high school;Employee;2-5yr;Lorry (11?40Q);Governmental;Above 10yr;;Other;Double carriageway (median);Tangent road with flat terrain;;Other;Dry;Daylight;Normal;Collision with roadside objects;2;1;Going straight;Driver or rider;Female;31-50;3;Driver;Normal;Not a Pedestrian;Driving under the influence of drugs;Slight Injury
15:20:00;Saturday;31-50;Male;Junior high school;Employee;Above 10yr;;Organization;5-10yrs;No defect;Office areas;Two-way (divided with broken lines road marking);Gentle horizontal curve;;Asphalt roads;Dry;Daylight;Normal;Vehicle with vehicle collision;2;1;Other;na;na;na;na;Self-employed;Normal;Not a Pedestrian;Moving Backward;Slight Injury
16:30:00;Saturday;Under 18;Male;Junior high school;Employee;5-10yr;;Organization;Above 10yr;No defect;Other;Two-way (divided with broken lines road marking);Tangent road with flat terrain;;Asphalt roads;Dry;Daylight;Normal;Vehicle with vehicle collision;2;1;Other;Driver or rider;Female;Over 51;3;;;Not a Pedestrian;Overturning;Slight Injury
16:30:00;Saturday;Under 18;Male;Junior high school;Employee;Above 10yr;Lorry (41?100Q);Owner;2-5yrs;No defect;Other;Two-way (divided with broken lines road marking);Tangent road with flat terrain;;;Dry;Daylight;Normal;Collision with pedestrians;3;1;Other;na;na;na;na;Self-employed;Normal;Not a Pedestrian;Driving under the influence of drugs;Slight Injury
01:05:00;Friday;Under 18;Male;Junior high school;Employee;2-5yr;Other;Governmental;;No defect;Residential areas;Two-way (divided with broken lines road marking);Tangent road with flat terrain;;Asphalt roads;Dry;Daylight;Normal;Vehicle with vehicle collision;3;1;Stopping;Driver or rider;Male;18-30;3;Self-employed;Normal;Not a Pedestrian;Changing lane to the right;Slight Injury
01:05:00;Friday;31-50;Female;Junior high school;Employee;Below 1yr;Other;Owner;2-5yrs;No defect;Office areas;Two-way (divided with broken lines road marking);Tangent road with flat terrain;;Asphalt roads;Dry;Daylight;Normal;Vehicle with vehicle collision;3;1;Other;na;na;na;na;Self-employed;Normal;Not a Pedestrian;Changing lane to the left;Slight Injury
19:40:00;Monday;Over 51;Male;Junior high school;Employee;Below 1yr;Automobile;Owner;2-5yrs;No defect; Church areas;One way;Tangent road with flat terrain;;Asphalt roads;Dry;Darkness - lights lit;Normal;Collision with pedestrians;2;1;Other;Driver or rider;Male;18-30;3;Driver;Normal;Not a Pedestrian;No distancing;Slight Injury
19:40:00;Monday;31-50;Male;Junior high school;Owner;5-10yr;Other;Owner;1-2yr;No defect;;Undivided Two way;Tangent road with flat terrain;;Earth roads;Dry;Darkness - lights lit;Normal;Collision with pedestrians;2;1;Other;Passenger;Female;Over 51;3;;;Not a Pedestrian;No distancing;Slight Injury
19:40:00;Monday;31-50;Male;Junior high school;Employee;2-5yr;Automobile;Owner;Above 10yr;;  Market areas;other;Steep grade downward with mountainous terrain;;Asphalt roads;Dry;Darkness - lights lit;Normal;Collision with pedestrians;2;2;Going straight;Pedestrian;Male;31-50;3;Student;Normal;Unknown or other;No priority to vehicle;Slight Injury
19:08:00;Tuesday;18-30;Male;Elementary school;Employee;Below 1yr;Public (13?45 seats);Owner;Above 10yr;No defect;Residential areas;;Tangent road with flat terrain;;Asphalt roads;Dry;Darkness - lights lit;Normal;Collision with roadside objects;2;2;Going straight;Pedestrian;Male;Under 18;3;Driver;Normal;Crossing from nearside - masked by parked or statioNot a Pedestrianry vehicle;Moving Backward;Slight Injury
19:08:00;Tuesday;18-30;Male;Junior high school;Employee;2-5yr;Lorry (41?100Q);Owner;5-10yrs;No defect;Office areas;Undivided Two way;Tangent road with flat terrain;;Asphalt roads;Dry;Darkness - lights lit;Normal;Vehicle with vehicle collision;2;1;Going straight;Driver or rider;Female;31-50;3;;;Not a Pedestrian;Moving Backward;Slight Injury
17:50:00;Saturday;Over 51;Male;Junior high school;Employee;5-10yr;;Owner;;No defect;  Recreational areas;other;;;Asphalt roads;Dry;Darkness - lights lit;Normal;Vehicle with vehicle collision;2;1;Going straight;na;na;na;na;Self-employed;Normal;Not a Pedestrian;Getting off the vehicle improperly;Slight Injury
17:50:00;Saturday;18-30;Male;High school;Employee;Above 10yr;Automobile;Governmental;;No defect;Office areas;other;Tangent road with mild grade and flat terrain;;Asphalt roads;Dry;Daylight;Normal;Vehicle with vehicle collision;2;1;Going straight;Driver or rider;Female;31-50;3;Self-employed;Normal;Not a Pedestrian;Changing lane to the left;Slight Injury
21:30:00;Sunday;31-50;Male;High school;Employee;Above 10yr;;Owner;5-10yrs;No defect; Industrial areas;other;Tangent road with flat terrain;;Asphalt roads;Dry;Daylight;Normal;Vehicle with vehicle collision;2;1;Going straight;na;na;na;na;Driver;Normal;Not a Pedestrian;Changing lane to the left;Slight Injury
21:30:00;Sunday;31-50;Male;Junior high school;Employee;5-10yr;Lorry (41?100Q);;;;;;;;Asphalt roads;Dry;Daylight;Normal;Vehicle with vehicle collision;1;1;Going straight;na;na;na;na;;Normal;Not a Pedestrian;No priority to vehicle;Slight Injury
14:49:00;Monday;Over 51;Male;Elementary school;Employee;1-2yr;;Owner;;No defect;Residential areas;Undivided Two way;Tangent road with flat terrain;;Asphalt roads;Dry;Darkness - no lighting;Normal;Vehicle with vehicle collision;1;4;Going straight;Driver or rider;Male;18-30;3;;;Not a Pedestrian;Changing lane to the right;Serious Injury
14:49:00;Monday;Over 51;Female;Elementary school;Employee;5-10yr;Lorry (41?100Q);Governmental;Above 10yr;No defect;Residential areas;other;Tangent road with flat terrain;;Asphalt roads;Dry;Darkness - no lighting;Normal;Collision with pedestrians;1;4;Going straight;na;na;na;na;Self-employed;Normal;Not a Pedestrian;Changing lane to the right;Serious Injury
14:49:00;Monday;18-30;Female;Junior high school;Employee;5-10yr;Taxi;Owner;1-2yr;No defect; Industrial areas;other;Tangent road with flat terrain;;Asphalt roads;Dry;Darkness - no lighting;Normal;Collision with roadside objects;1;4;Going straight;Driver or rider;Female;18-30;3;Driver;Normal;Not a Pedestrian;Driving carelessly;Serious Injury
17:40:00;Sunday;31-50;Male;Junior high school;Employee;1-2yr;Lorry (41?100Q);Owner;2-5yrs;No defect;Residential areas;Undivided Two way;Tangent road with flat terrain;;Asphalt roads;Dry;Darkness - no lighting;Normal;Vehicle with vehicle collision;1;4;Going straight;Driver or rider;Female;31-50;2;;Normal;Not a Pedestrian;Changing lane to the left;Serious Injury
17:40:00;Sunday;Over 51;Male;Junior high school;Owner;5-10yr;Lorry (41?100Q);Owner;Unknown;No defect;Residential areas;other;Tangent road with flat terrain;;Asphalt roads;Dry;Darkness - lights unlit;Normal;Vehicle with vehicle collision;3;1;Reversing;na;na;na;na;;Normal;Not a Pedestrian;Changing lane to the right;Slight Injury
21:55:00;Saturday;18-30;Female;High school;Owner;Above 10yr;Other;Owner;;No defect;Office areas;Undivided Two way;Tangent road with flat terrain;;Asphalt roads;Dry;Darkness - lights unlit;Normal;Vehicle with vehicle collision;3;1;Going straight;na;na;na;na;Self-employed;Normal;Not a Pedestrian;Driving under the influence of drugs;Slight Injury
21:55:00;Saturday;18-30;Female;;Owner;Below 1yr;Stationwagen;Owner;2-5yrs;No defect;Office areas;Double carriageway (median);Escarpments;;Asphalt roads;Dry;Darkness - lights unlit;Normal;Vehicle with vehicle collision;3;1;Other;Driver or rider;Male;18-30;3;Self-employed;Normal;Not a Pedestrian;Driving carelessly;Slight Injury
07:30:00;Tuesday;18-30;Male;Writing & reading;Owner;5-10yr;Stationwagen;Owner;Above 10yr;No defect;Office areas;other;Tangent road with flat terrain;;Asphalt roads;Dry;Daylight;Normal;With Train;2;1;;Driver or rider;Male;31-50;3;;Normal;Not a Pedestrian;No distancing;Slight Injury
07:30:00;Tuesday;31-50;Male;Above high school;Employee;Above 10yr;Lorry (41?100Q);Owner;1-2yr;No defect;Office areas;Undivided Two way;Escarpments;;Asphalt roads;Dry;Daylight;Normal;Vehicle with vehicle collision;2;1;Getting off;na;na;na;na;Driver;Normal;Not a Pedestrian;No priority to vehicle;Slight Injury
10:41:00;Wednesday;31-50;Male;High school;Employee;Below 1yr;Lorry (41?100Q);Owner;;No defect;Office areas;One way;Tangent road with flat terrain;;Asphalt roads;Dry;Daylight;Normal;Vehicle with vehicle collision;1;1;Going straight;Driver or rider;Male;31-50;3;Other;Normal;Not a Pedestrian;No priority to vehicle;Slight Injury
13:16:00;Wednesday;31-50;Male;Junior high school;Employee;1-2yr;Other;Owner;;No defect;Office areas;Undivided Two way;Tangent road with flat terrain;;Earth roads;Dry;Daylight;Normal;Vehicle with vehicle collision;1;1;Going straight;Passenger;Female;Under 18;3;Employee;Normal;Not a Pedestrian;No priority to vehicle;Slight Injury
13:16:00;Wednesday;31-50;Male;Junior high school;Employee;Above 10yr;Automobile;Owner;;No defect;Office areas;other;Tangent road with flat terrain;;Asphalt roads;Dry;Darkness - lights lit;Normal;Vehicle with vehicle collision;2;3;Going straight;na;na;na;na;Driver;Normal;Not a Pedestrian;Changing lane to the left;Slight Injury
13:16:00;Wednesday;31-50;Male;Junior high school;Owner;Above 10yr;;Owner;Above 10yr;No defect;Residential areas;other;Tangent road with flat terrain;;Asphalt roads;Dry;Darkness - lights lit;Normal;Vehicle with vehicle collision;2;3;Going straight;na;na;na;na;Driver;Normal;Not a Pedestrian;Moving Backward;Slight Injury
11:30:00;Thursday;18-30;Male;Junior high school;Employee;Above 10yr;Taxi;Owner;5-10yrs;No defect;Residential areas;One way;Tangent road with flat terrain;;Asphalt roads;Dry;Darkness - lights lit;Normal;Vehicle with vehicle collision;2;3;Turnover;Driver or rider;Male;18-30;3;Employee;Normal;Not a Pedestrian;Driving carelessly;Slight Injury
11:30:00;Thursday;18-30;Male;Junior high school;Employee;No Licence;Lorry (41?100Q);Owner;;No defect;Other;One way;Tangent road with flat terrain;;Asphalt roads;Dry;Darkness - lights lit;Normal;Vehicle with vehicle collision;2;3;Entering a junction;na;na;na;na;Driver;Normal;Not a Pedestrian;Driving under the influence of drugs;Slight Injury
19:31:00;Wednesday;18-30;Male;Junior high school;Employee;1-2yr;Other;Owner;5-10yrs;No defect; Church areas;Undivided Two way;Tangent road with flat terrain;;Asphalt roads;Wet or damp;Darkness - lights lit;Raining;Vehicle with vehicle collision;2;1;Entering a junction;Driver or rider;Male;31-50;3;Driver;Normal;Not a Pedestrian;Changing lane to the right;Slight Injury
19:31:00;Wednesday;18-30;Male;Illiterate;Owner;1-2yr;Automobile;Owner;;No defect;  Recreational areas;other;Tangent road with flat terrain;;Asphalt roads;Wet or damp;Darkness - lights lit;Raining;Vehicle with vehicle collision;2;1;Entering a junction;Passenger;Female;31-50;3;Driver;Normal;Not a Pedestrian;No priority to vehicle;Slight Injury
09:25:00;Friday;31-50;Male;Junior high school;Owner;Below 1yr;Public (> 45 seats);Owner;;; Industrial areas;Undivided Two way;Tangent road with flat terrain;;Asphalt roads;Dry;Daylight;Normal;Collision with pedestrians;3;1;Entering a junction;na;na;na;na;Driver;Normal;Not a Pedestrian;Changing lane to the right;Slight Injury
09:25:00;Friday;18-30;Male;Junior high school;Owner;1-2yr;Stationwagen;;;;Residential areas;other;;;Asphalt roads;Dry;Daylight;Normal;Collision with roadside objects;3;1;Other;na;na;na;na;;Normal;Not a Pedestrian;Driving to the left;Slight Injury
14:10:00;Wednesday;18-30;Male;Junior high school;Owner;2-5yr;Automobile;Owner;Above 10yr;No defect;Residential areas;other;Tangent road with rolling terrain;;Asphalt roads;Dry;Daylight;Normal;Collision with roadside objects;3;1;Entering a junction;Pedestrian;Female;Under 18;3;;Normal;Walking along in carriageway, back to traffic;Moving Backward;Slight Injury
14:10:00;Wednesday;Over 51;Male;Unknown;Owner;5-10yr;Lorry (41?100Q);Owner;2-5yrs;No defect;Office areas;Double carriageway (median);Tangent road with flat terrain;;Asphalt roads;Dry;Daylight;Normal;Vehicle with vehicle collision;1;1;Turnover;Passenger;Female;31-50;3;;Normal;Not a Pedestrian;No priority to vehicle;Serious Injury
14:00:00;Friday;31-50;Male;Unknown;Owner;Above 10yr;Other;Owner;2-5yrs;No defect;  Market areas;Undivided Two way;Tangent road with flat terrain;;Earth roads;Dry;Daylight;Normal;Vehicle with vehicle collision;2;1;Entering a junction;Passenger;Female;Over 51;3;;Normal;Not a Pedestrian;No distancing;Slight Injury
14:00:00;Friday;31-50;Male;Junior high school;Owner;2-5yr;Public (13?45 seats);;;;Unknown;other;Tangent road with flat terrain;;Asphalt roads;Dry;Daylight;Normal;Vehicle with vehicle collision;2;1;Entering a junction;na;na;na;na;;Normal;Not a Pedestrian;Driving carelessly;Slight Injury
22:05:00;Tuesday;Unknown;Male;Elementary school;Owner;Above 10yr;Other;Owner;;No defect; Industrial areas;other;Tangent road with flat terrain;;Asphalt roads;Wet or damp;Daylight;Normal;Vehicle with vehicle collision;1;1;Entering a junction;na;na;na;na;;Normal;Not a Pedestrian;Changing lane to the left;Slight Injury
22:05:00;Tuesday;Over 51;Female;Writing & reading;Owner;5-10yr;Other;Owner;;No defect;Residential areas;Two-way (divided with solid lines road marking);Tangent road with flat terrain;;Asphalt roads;Dry;Darkness - lights lit;Normal;Vehicle with vehicle collision;1;3;Entering a junction;Driver or rider;Female;18-30;3;;;Not a Pedestrian;No priority to vehicle;Slight Injury
07:00:00;Thursday;18-30;Male;;Owner;;Ridden horse;Governmental;Below 1yr;No defect;Residential areas;Undivided Two way;Tangent road with flat terrain;;Asphalt roads;Dry;Darkness - lights lit;Normal;Collision with roadside objects;1;3;Entering a junction;Driver or rider;Male;5;3;Self-employed;;Not a Pedestrian;No priority to vehicle;Slight Injury
07:00:00;Thursday;31-50;Male;Junior high school;Owner;5-10yr;Lorry (41?100Q);Owner;5-10yrs;No defect;Other;Undivided Two way;Tangent road with flat terrain;;Asphalt roads;Dry;Darkness - lights lit;Normal;Vehicle with vehicle collision;1;3;Other;Driver or rider;Male;18-30;3;Self-employed;Normal;Not a Pedestrian;No distancing;Slight Injury
07:35:00;Thursday;18-30;Male;Junior high school;Owner;Below 1yr;Lorry (41?100Q);Governmental;;No defect;Residential areas;other;Tangent road with flat terrain;;Asphalt roads;Dry;Daylight;Normal;Vehicle with vehicle collision;1;1;Going straight;Driver or rider;Male;31-50;3;;Normal;Not a Pedestrian;Driving to the left;Slight Injury
07:35:00;Thursday;31-50;Male;Junior high school;Owner;2-5yr;Pick up upto 10Q;Owner;1-2yr;No defect;Rural village areas;Undivided Two way;Gentle horizontal curve;;Asphalt roads;Wet or damp;Darkness - lights lit;Raining;Vehicle with vehicle collision;2;1;Going straight;Pedestrian;Female;Under 18;2;;;Crossing from driver's nearside;Driving carelessly;Slight Injury
08:43:00;Wednesday;31-50;Male;Elementary school;Employee;2-5yr;Lorry (11?40Q);Owner;2-5yrs;No defect;Rural village areas;Undivided Two way;Gentle horizontal curve;;Asphalt roads;Wet or damp;Darkness - lights lit;Raining;Vehicle with vehicle collision;2;1;Other;Driver or rider;Male;31-50;3;Driver;Normal;Not a Pedestrian;Driving carelessly;Slight Injury
08:43:00;Wednesday;31-50;Male;Junior high school;Employee;2-5yr;Automobile;Owner;;No defect;Office areas;Double carriageway (median);Tangent road with flat terrain;;Gravel roads;Wet or damp;Darkness - no lighting;Normal;Vehicle with vehicle collision;1;1;Going straight;na;na;na;na;;;Not a Pedestrian;Changing lane to the right;Serious Injury
16:05:00;Tuesday;Over 51;Male;Junior high school;Employee;2-5yr;Automobile;Owner;2-5yrs;No defect;Residential areas;Undivided Two way;Gentle horizontal curve;;Asphalt roads;Dry;Daylight;Normal;Vehicle with vehicle collision;1;1;Going straight;Driver or rider;Male;18-30;3;;;Not a Pedestrian;Driving carelessly;Slight Injury
22:05:00;Friday;18-30;Male;Junior high school;Employee;5-10yr;Pick up upto 10Q;Owner;;;Residential areas;other;Tangent road with flat terrain;;Asphalt roads;Dry;Darkness - lights lit;Normal;Collision with pedestrians;1;1;Going straight;na;na;na;na;;;Not a Pedestrian;Changing lane to the left;Slight Injury
22:05:00;Friday;18-30;Male;Junior high school;Employee;5-10yr;Automobile;Owner;;7; Outside rural areas;other;Tangent road with flat terrain;;Asphalt roads;Wet or damp;Darkness - lights lit;Raining;Collision with pedestrians;2;1;Going straight;Pedestrian;Male;Over 51;3;Other;Normal;Unknown or other;Driving carelessly;Serious Injury
22:05:00;Friday;18-30;Male;Junior high school;Employee;Above 10yr;Other;Owner;Above 10yr;;Residential areas;other;Tangent road with flat terrain;;Asphalt roads;Wet or damp;Darkness - lights lit;Raining;Collision with roadside objects;2;1;Going straight;Driver or rider;Male;18-30;3;Employee;Normal;Not a Pedestrian;Driving carelessly;Serious Injury
22:05:00;Friday;18-30;Male;Elementary school;Employee;5-10yr;Lorry (41?100Q);Owner;5-10yrs;5; Church areas;other;Tangent road with flat terrain;;Asphalt roads;Wet or damp;Darkness - lights lit;Normal;Collision with pedestrians;1;2;Reversing;na;na;na;na;Self-employed;Normal;Not a Pedestrian;Driving under the influence of drugs;Serious Injury
03:40:00;Saturday;18-30;Male;Junior high school;Employee;5-10yr;Public (13?45 seats);Owner;;No defect;Office areas;Undivided Two way;Tangent road with flat terrain;;Asphalt roads;Wet or damp;Darkness - lights lit;Normal;Vehicle with vehicle collision;1;2;Moving Backward;Driver or rider;Male;Over 51;3;Driver;Normal;Not a Pedestrian;Driving carelessly;Serious Injury
09:25:00;Tuesday;Over 51;Male;Junior high school;Employee;Above 10yr;Pick up upto 10Q;Owner;Unknown;No defect;Office areas;Two-way (divided with broken lines road marking);Tangent road with mountainous terrain and;;Asphalt roads;Wet or damp;Darkness - lights lit;Raining;Vehicle with vehicle collision;1;4;Overtaking;na;na;na;na;;;Not a Pedestrian;No distancing;Slight Injury
09:25:00;Tuesday;Unknown;Male;Elementary school;Owner;;Stationwagen;Governmental;;No defect;Office areas;Two-way (divided with broken lines road marking);Escarpments;;Asphalt roads;Wet or damp;Darkness - lights lit;Raining;Vehicle with vehicle collision;1;4;Going straight;Pedestrian;Male;31-50;2;Other;Normal;Crossing from nearside - masked by parked or statioNot a Pedestrianry vehicle;Driving carelessly;Slight Injury
09:25:00;Tuesday;Unknown;Male;Junior high school;Owner;5-10yr;Other;Owner;2-5yrs;;Other;Undivided Two way;Tangent road with mountainous terrain and;;Asphalt roads;Wet or damp;Darkness - lights lit;Raining;Collision with roadside objects;1;4;Going straight;Driver or rider;Male;31-50;3;;;Not a Pedestrian;Driving to the left;Slight Injury
09:25:00;Tuesday;Unknown;Male;Junior high school;Employee;5-10yr;Pick up upto 10Q;Owner;2-5yrs;;Other;Undivided Two way;Tangent road with flat terrain;;Asphalt roads;Wet or damp;Darkness - lights lit;Raining;Collision with roadside objects;1;4;Going straight;na;na;na;na;Driver;Normal;Not a Pedestrian;Overtaking;Slight Injury
09:25:00;Tuesday;Unknown;Male;Junior high school;Employee;Below 1yr;Public (13?45 seats);Owner;Unknown;No defect;Residential areas;Two-way (divided with broken lines road marking);Tangent road with flat terrain;;Asphalt roads;Dry;Daylight;Normal;Vehicle with vehicle collision;1;1;Going straight;na;na;na;na;Driver;Normal;Not a Pedestrian;No distancing;Slight Injury
09:25:00;Tuesday;Unknown;Male;;;;Public (12 seats);Owner;;;Other;Two-way (divided with broken lines road marking);Tangent road with flat terrain;;Asphalt roads;Wet or damp;Daylight;Raining;Vehicle with vehicle collision;1;1;Going straight;Driver or rider;Male;31-50;3;Driver;Normal;Not a Pedestrian;Driving carelessly;Slight Injury
07:58:00;Thursday;Under 18;Male;Junior high school;Employee;5-10yr;Lorry (41?100Q);Owner;Below 1yr;;Other;Undivided Two way;Tangent road with mild grade and flat terrain;;Asphalt roads;Dry;Darkness - lights lit;Normal;Vehicle with vehicle collision;2;2;Going straight;Driver or rider;Male;18-30;3;Driver;Normal;Not a Pedestrian;Moving Backward;Slight Injury
07:58:00;Thursday;18-30;Male;Junior high school;Employee;5-10yr;Pick up upto 10Q;Owner;5-10yrs;;Other;Two-way (divided with broken lines road marking);Tangent road with flat terrain;;Asphalt roads;Dry;Darkness - lights lit;Normal;Vehicle with vehicle collision;2;2;Going straight;Driver or rider;Male;18-30;3;Driver;Normal;Not a Pedestrian;Overtaking;Slight Injury
20:15:00;Tuesday;18-30;Male;Junior high school;Employee;Above 10yr;Lorry (41?100Q);Governmental;5-10yrs;No defect;Other;Undivided Two way;Tangent road with flat terrain;;Asphalt roads;Dry;Darkness - lights lit;Normal;Vehicle with vehicle collision;2;2;Going straight;na;na;na;na;Driver;Normal;Not a Pedestrian;Changing lane to the left;Slight Injury
20:15:00;Tuesday;18-30;Male;High school;Employee;Above 10yr;Pick up upto 10Q;Owner;2-5yrs;No defect;Other;Double carriageway (median);Tangent road with mild grade and flat terrain;;Asphalt roads;Wet or damp;Darkness - lights lit;Raining and Windy;Vehicle with vehicle collision;2;1;Going straight;Driver or rider;Male;18-30;3;Driver;Normal;Not a Pedestrian;Changing lane to the right;Slight Injury
17:10:00;Tuesday;18-30;Male;Junior high school;Employee;Above 10yr;Long lorry;Owner;;No defect;Other;Two-way (divided with broken lines road marking);Tangent road with flat terrain;;Asphalt roads;Wet or damp;Darkness - lights lit;Raining and Windy;Vehicle with vehicle collision;2;1;Going straight;Driver or rider;Male;31-50;3;Driver;Normal;Not a Pedestrian;Overtaking;Slight Injury
17:10:00;Tuesday;31-50;Male;Junior high school;Employee;Above 10yr;;Owner;2-5yrs;; Church areas;Two-way (divided with broken lines road marking);Tangent road with flat terrain;;Asphalt roads;Dry;Daylight;Cloudy;Vehicle with vehicle collision;2;2;Going straight;na;na;na;na;Self-employed;Normal;Not a Pedestrian;Overloading;Slight Injury
17:10:00;Tuesday;31-50;Male;Junior high school;Employee;Above 10yr;Other;Owner;5-10yrs;;Other;Undivided Two way;Tangent road with flat terrain;;Asphalt roads;Dry;Daylight;Cloudy;Vehicle with vehicle collision;2;2;Other;Driver or rider;Male;Over 51;3;Other;Normal;Not a Pedestrian;Other;Slight Injury
15:30:00;Saturday;Unknown;Male;Junior high school;Employee;Above 10yr;;Organization;2-5yrs;; Industrial areas;Two-way (divided with broken lines road marking);Tangent road with flat terrain;;Asphalt roads;Dry;Daylight;Cloudy;Collision with roadside objects;2;2;Going straight;na;na;na;na;Driver;Normal;Not a Pedestrian;No priority to vehicle;Slight Injury
15:30:00;Saturday;18-30;Male;Junior high school;Employee;5-10yr;Public (13?45 seats);Owner;;No defect;Residential areas;Double carriageway (median);Tangent road with flat terrain;;Earth roads;Wet or damp;Darkness - lights lit;Raining;Collision with roadside objects;2;1;Moving Backward;Pedestrian;Male;Over 51;3;Driver;Normal;Unknown or other;Changing lane to the right;Slight Injury
09:47:00;Saturday;18-30;Male;Junior high school;Employee;2-5yr;Special vehicle;Governmental;Above 10yr;No defect;Other;Two-way (divided with broken lines road marking);Tangent road with flat terrain;;Asphalt roads;Wet or damp;Darkness - lights lit;Raining;Collision with pedestrians;2;1;Other;Driver or rider;Male;31-50;3;Self-employed;Normal;Not a Pedestrian;Moving Backward;Slight Injury
09:47:00;Saturday;Over 51;Male;Junior high school;Employee;Below 1yr;Lorry (41?100Q);Owner;;No defect;Office areas;Two-way (divided with broken lines road marking);Tangent road with flat terrain;;Asphalt roads;Dry;Darkness - lights lit;Normal;Vehicle with vehicle collision;2;2;Going straight;Driver or rider;Male;18-30;3;Driver;Normal;Not a Pedestrian;Changing lane to the left;Slight Injury
09:47:00;Saturday;31-50;Male;Junior high school;Employee;Below 1yr;Lorry (41?100Q);Owner;;No defect; Industrial areas;Unknown;Tangent road with flat terrain;;Asphalt roads;Dry;Darkness - lights lit;Normal;Vehicle with vehicle collision;2;2;Going straight;Passenger;Male;18-30;3;Driver;Normal;Not a Pedestrian;No priority to pedestrian;Slight Injury
11:19:00;Monday;18-30;Male;Junior high school;Employee;2-5yr;Public (> 45 seats);Owner;1-2yr;No defect; Industrial areas;Double carriageway (median);Tangent road with flat terrain;;Asphalt roads;Wet or damp;Darkness - no lighting;Normal;Vehicle with vehicle collision;2;3;Going straight;Passenger;Female;18-30;3;Driver;Normal;Not a Pedestrian;No distancing;Slight Injury
11:19:00;Monday;Over 51;Male;Elementary school;Employee;Below 1yr;Automobile;Owner;;No defect;Other;Two-way (divided with broken lines road marking);Tangent road with flat terrain;;Asphalt roads;Wet or damp;Darkness - no lighting;Normal;Vehicle with vehicle collision;2;3;Going straight;na;na;na;na;Other;Normal;Not a Pedestrian;No priority to vehicle;Slight Injury
13:13:00;Friday;Unknown;Male;Junior high school;Employee;Below 1yr;Automobile;Organization;Above 10yr;; Hospital areas;Two-way (divided with broken lines road marking);Tangent road with flat terrain;;Asphalt roads;Wet or damp;Darkness - no lighting;Normal;Vehicle with vehicle collision;2;3;Going straight;Passenger;Female;Over 51;3;;Normal;Not a Pedestrian;No distancing;Slight Injury
13:13:00;Friday;18-30;Male;Junior high school;Employee;;Automobile;Owner;Unknown;;Office areas;One way;Tangent road with flat terrain;;Asphalt roads;Wet or damp;Darkness - lights lit;Normal;Vehicle with vehicle collision;2;1;Going straight;na;na;na;na;Driver;Normal;Not a Pedestrian;No distancing;Slight Injury
15:55:00;Thursday;18-30;Male;;Employee;5-10yr;Public (> 45 seats);Owner;2-5yrs;No defect; Church areas;Undivided Two way;Tangent road with flat terrain;;Gravel roads;Wet or damp;Darkness - lights lit;Normal;Vehicle with vehicle collision;2;1;Going straight;Pedestrian;Female;31-50;2;Driver;Normal;Not a Pedestrian;Moving Backward;Slight Injury