Time;Day_of_week;Age_band_of_driver;Sex_of_driver;Educational_level;Vehicle_driver_relation;Driving_experience;Type_of_vehicle;Owner_of_vehicle;Service_year_of_vehicle;Defect_of_vehicle;Area_accident_occured;Lanes_or_Medians;Road_allignment;Types_of_Junction;Road_surface_type;Road_surface_conditions;Light_conditions;Weather_conditions;Type_of_collision;Number_of_vehicles_involved;Number_of_casualties;Vehicle_movement;Casualty_class;Sex_of_casualty;Age_band_of_casualty;Casualty_severity;Work_of_casuality;Fitness_of_casuality;Pedestrian_movement;Cause_of_accident;Accident_severity
13:57:00;Wednesday;Unknown;Male;Junior high school;Employee;5-10yr;Automobile;Owner;Unknown;No defect;Other;One way;Tangent road with flat terrain;Y Shape;Asphalt roads;Dry;Daylight;Normal;Rollover;2;1;Going straight;Driver or rider;Male;18-30;3;Driver;Normal;Not a Pedestrian;Changing lane to the right;Serious Injury
13:57:00;Wednesday;Unknown;Male;Junior high school;Employee;1-2yr;Pick up upto 10Q;Owner;Unknown;No defect;  Recreational areas;Undivided Two way;Steep grade downward with mountainous terrain;Crossing;Asphalt roads;Dry;Daylight;Normal;Vehicle with vehicle collision;2;1;Going straight;na;na;na;na;Driver;Normal;Not a Pedestrian;Changing lane to the left;Serious Injury
13:45:00;Sunday;Under 18;Male;Elementary school;Other;5-10yr;Motorcycle;Governmental;Unknown;No defect;Other;Two-way (divided with broken lines road marking);Steep grade downward with mountainous terrain;Crossing;Earth roads;Dry;Daylight;Normal;Vehicle with vehicle collision;2;1;Going straight;Pedestrian;Female;18-30;3;Driver;Normal;In carriageway, statioNot a Pedestrianry - not crossing  (standing or playing);Driving carelessly;Slight Injury
13:45:00;Sunday;18-30;Male;Junior high school;Employee;2-5yr;Automobile;Governmental;5-10yrs;No defect; Church areas;Two-way (divided with broken lines road marking);Tangent road with flat terrain;Crossing;Asphalt roads;Dry;Daylight;Normal;Vehicle with vehicle collision;2;1;Going straight;na;na;na;na;Driver;Normal;Not a Pedestrian;Driving carelessly;Slight Injury
07:44:00;Friday;18-30;Male;Elementary school;Employee;5-10yr;Pick up upto 10Q;Owner;;;Residential areas;Undivided Two way;Tangent road with flat terrain;Crossing;Asphalt roads;Wet or damp;Darkness - lights lit;Normal;Vehicle with vehicle collision;2;1;Going straight;Driver or rider;Male;31-50;3;Driver;Normal;Not a Pedestrian;No distancing;Slight Injury
07:44:00;Friday;18-30;Male;Junior high school;Employee;Above 10yr;Motorcycle;Owner;5-10yrs;No defect;Office areas;Two-way (divided with broken lines road marking);;Other;Asphalt roads;Wet or damp;Darkness - lights lit;Normal;Vehicle with vehicle collision;2;1;Going straight;Pedestrian;Female;Over 51;3;Driver;Normal;Crossing from nearside - masked by parked or statioNot a Pedestrianry vehicle;Other;Slight Injury
15:35:00;Thursday;31-50;Male;Junior high school;Employee;Above 10yr;Stationwagen;Owner;2-5yrs;No defect;Other;Two-way (divided with broken lines road marking);Tangent road with flat terrain;Other;Asphalt roads;Dry;Darkness - lights lit;Normal;Collision with roadside objects;1;1;Going straight;Pedestrian;Female;18-30;3;;;Crossing from nearside - masked by parked or statioNot a Pedestrianry vehicle;Changing lane to the right;Slight Injury
20:00:00;Friday;Over 51;Male;Elementary school;Owner;2-5yr;Lorry (41?100Q);Governmental;2-5yrs;;Office areas;Undivided Two way;Tangent road with flat terrain;No junction;Asphalt roads;Dry;Darkness - lights lit;Normal;Collision with roadside objects;1;1;Going straight;Driver or rider;Male;31-50;3;Driver;Normal;Not a Pedestrian;Changing lane to the right;Slight Injury
20:00:00;Friday;31-50;Male;Elementary school;Employee;5-10yr;Taxi;Owner;;;Office areas;other;Tangent road with flat terrain;No junction;Asphalt roads;Dry;Daylight;Normal;Vehicle with vehicle collision;1;1;Going straight;na;na;na;na;Driver;Normal;Not a Pedestrian;No distancing;Slight Injury
20:00:00;Friday;31-50;Male;Junior high school;Owner;1-2yr;Automobile;Owner;;No defect;Other;One way;Escarpments;No junction;Asphalt roads;Wet or damp;Darkness - lights lit;Raining;Collision with roadside objects;2;2;Going straight;na;na;na;na;Self-employed;Normal;Not a Pedestrian;No distancing;Slight Injury
17:46:00;Thursday;Over 51;Male;Elementary school;Employee;Above 10yr;Long lorry;Owner;;No defect;Residential areas;Undivided Two way;Tangent road with flat terrain;No junction;Asphalt roads;Wet or damp;Darkness - lights lit;Raining;Vehicle with vehicle collision;2;2;Other;Driver or rider;Male;Under 18;3;Driver;Normal;Not a Pedestrian;Overturning;Slight Injury
17:46:00;Thursday;Over 51;Male;Junior high school;Employee;5-10yr;Automobile;Owner;;No defect;  Recreational areas;One way;Tangent road with flat terrain;No junction;Asphalt roads;Wet or damp;Darkness - lights lit;Raining;Vehicle with vehicle collision;2;2;Going straight;Driver or rider;Male;Under 18;3;;;Not a Pedestrian;Driving at high speed;Slight Injury
17:46:00;Thursday;31-50;Male;Junior high school;Employee;2-5yr;Public (12 seats);Owner;;No defect; Church areas;Undivided Two way;Tangent road with flat terrain;No junction;Asphalt roads;Wet or damp;Darkness - lights lit;Raining;Vehicle with vehicle collision;2;2;Going straight;na;na;na;na;Unknown;Normal;Not a Pedestrian;No priority to vehicle;Slight Injury
14:20:00;Friday;18-30;Male;Elementary school;Employee;Above 10yr;Lorry (11?40Q);Owner;;No defect;Other;One way;Tangent road with flat terrain;Unknown;Asphalt roads;Wet or damp;Darkness - lights lit;Raining;Vehicle with vehicle collision;2;2;Going straight;Pedestrian;Male;18-30;3;Driver;Normal;Crossing from offside - masked by  parked or statioNot a Pedestrianry vehicle;No priority to pedestrian;Slight Injury
12:15:00;Sunday;31-50;Male;Junior high school;Employee;2-5yr;Pick up upto 10Q;Owner;;No defect;Other;Undivided Two way;Tangent road with flat terrain;Unknown;Earth roads;Dry;Darkness - lights lit;Normal;Vehicle with vehicle collision;2;1;Going straight;Driver or rider;Male;Over 51;3;;;Not a Pedestrian;No priority to vehicle;Slight Injury
12:15:00;Sunday;18-30;Male;Elementary school;Employee;Above 10yr;Lorry (41?100Q);Owner;Unknown;No defect;Other;Two-way (divided with broken lines road marking);Tangent road with flat terrain;Y Shape;Asphalt roads;Dry;Darkness - lights lit;Normal;Vehicle with vehicle collision;2;1;Going straight;Pedestrian;Male;31-50;3;Driver;Normal;Crossing from driver's nearside;Other;Slight Injury
07:40:00;Tuesday;18-30;Male;Junior high school;Employee;Above 10yr;Other;Governmental;;No defect;Residential areas;other;Tangent road with flat terrain;Y Shape;Asphalt roads;Wet or damp;Daylight;Normal;Collision with pedestrians;1;1;Going straight;na;na;na;na;Other;Normal;Not a Pedestrian;Other;Slight Injury
16:10:00;Wednesday;31-50;Male;Junior high school;Employee;2-5yr;Automobile;Owner;Above 10yr;No defect;School areas;other;Tangent road with flat terrain;Y Shape;Asphalt roads;Dry;Daylight;Normal;Vehicle with vehicle collision;1;1;Going straight;Driver or rider;Male;18-30;3;Other;Normal;Not a Pedestrian;Moving Backward;Slight Injury
08:35:00;Wednesday;31-50;Male;Junior high school;Employee;Above 10yr;Long lorry;Owner;Above 10yr;No defect; Church areas;Two-way (divided with broken lines road marking);Tangent road with flat terrain;Y Shape;Asphalt roads;Wet or damp;Darkness - no lighting;Normal;Collision with roadside objects;2;2;Other;na;na;na;na;Self-employed;Normal;Not a Pedestrian;No distancing;Serious Injury
08:35:00;Wednesday;18-30;Male;Junior high school;Employee;Above 10yr;Lorry (11?40Q);Owner;Above 10yr;No defect;Other;other;Tangent road with flat terrain;No junction;Other;Wet or damp;Darkness - no lighting;Normal;Vehicle with vehicle collision;2;2;Going straight;Driver or rider;Male;31-50;3;Driver;Normal;Not a Pedestrian;Moving Backward;Serious Injury
08:40:00;Wednesday;18-30;Male;Junior high school;Employee;Below 1yr;Long lorry;Owner;Below 1yr;;Other;Two-way (divided with broken lines road marking);Tangent road with flat terrain;No junction;Gravel roads;Wet or damp;Darkness - no lighting;Normal;Collision with roadside objects;2;2;Going straight;na;na;na;na;Driver;Normal;Not a Pedestrian;No priority to vehicle;Serious Injury
18:49:00;Tuesday;18-30;Male;Junior high school;Owner;Above 10yr;Automobile;Owner;2-5yrs;;Office areas;Undivided Two way;Tangent road with flat terrain;O Shape;Gravel roads;Wet or damp;Darkness - lights lit;Normal;Vehicle with vehicle collision;2;2;Going straight;Driver or rider;Male;18-30;3;Driver;Normal;Not a Pedestrian;Driving carelessly;Serious Injury
12:46:00;Friday;31-50;Male;High school;Other;Above 10yr;Taxi;Owner;2-5yrs;;Office areas;Two-way (divided with broken lines road marking);Tangent road with flat terrain;O Shape;Asphalt roads;Wet or damp;Darkness - lights lit;Normal;Vehicle with vehicle collision;2;2;Going straight;na;na;na;na;;;Not a Pedestrian;No distancing;Serious Injury
12:46:00;Friday;31-50;Male;Junior high school;Employee;5-10yr;Taxi;Owner;2-5yrs;No defect;Other;Undivided Two way;Tangent road with flat terrain;No junction;Asphalt roads;Dry;Daylight;Normal;Collision with pedestrians;3;1;Going straight;Driver or rider;Male;5;3;;;Not a Pedestrian;Other;Slight Injury
07:40:00;Wednesday;18-30;Male;Elementary school;;;Long lorry;Owner;Below 1yr;No defect; Hospital areas;Undivided Two way;Tangent road with flat terrain;No junction;Earth roads;Dry;Daylight;Normal;Vehicle with vehicle collision;3;1;Going straight;Driver or rider;Male;31-50;3;Driver;Normal;Not a Pedestrian;Changing lane to the right;Slight Injury
07:40:00;Wednesday;31-50;Male;Junior high school;Employee;5-10yr;Lorry (11?40Q);Owner;2-5yrs;;Other;Undivided Two way;Tangent road with flat terrain;Crossing;Asphalt roads;Dry;Daylight;Normal;Vehicle with vehicle collision;3;1;Going straight;na;na;na;na;Other;Normal;Not a Pedestrian;No distancing;Slight Injury
06:00:00;Sunday;Unknown;Male;Junior high school;Employee;5-10yr;Lorry (11?40Q);Owner;;;Other;Two-way (divided with broken lines road marking);Tangent road with flat terrain;Crossing;Asphalt roads;Wet or damp;Daylight;Other;Vehicle with vehicle collision;2;1;Going straight;na;na;na;na;Driver;Normal;Not a Pedestrian;Driving carelessly;Slight Injury
06:00:00;Sunday;18-30;Male;Junior high school;Owner;Below 1yr;Long lorry;Owner;;;Other;Undivided Two way;Tangent road with flat terrain;No junction;Asphalt roads;Wet or damp;Daylight;Other;Vehicle with vehicle collision;2;1;Going straight;Driver or rider;Male;18-30;3;;;Not a Pedestrian;No distancing;Slight Injury
15:00:00;Saturday;31-50;Male;Junior high school;Employee;5-10yr;Turbo;;;;Other;Double carriageway (median);Tangent road with flat terrain;No junction;Asphalt roads;Dry;Daylight;Normal;Collision with pedestrians;1;1;Moving Backward;Driver or rider;Male;18-30;3;Driver;Normal;Not a Pedestrian;No priority to vehicle;Slight Injury
18:02:00;Wednesday;31-50;Male;Elementary school;Employee;2-5yr;Long lorry;Governmental;;No defect;Other;Two-way (divided with broken lines road marking);Tangent road with mild grade and flat terrain;No junction;Earth roads;Dry;Daylight;Normal;Vehicle with vehicle collision;1;1;Going straight;na;na;na;na;Driver;Normal;Not a Pedestrian;Changing lane to the right;Slight Injury
21:25:00;Thursday;18-30;Male;Junior high school;Owner;2-5yr;Long lorry;Owner;Above 10yr;No defect; Hospital areas;Two-way (divided with broken lines road marking);Tangent road with flat terrain;No junction;Asphalt roads;Wet or damp;Darkness - lights lit;Normal;Vehicle with vehicle collision;1;1;Going straight;Driver or rider;Male;18-30;3;Employee;Normal;Not a Pedestrian;No priority to pedestrian;Slight Injury
21:25:00;Thursday;18-30;Male;Elementary school;Employee;2-5yr;Public (13?45 seats);;Above 10yr;No defect;Other;Two-way (divided with broken lines road marking);Tangent road with flat terrain;No junction;Asphalt roads;Wet or damp;Darkness - lights lit;Normal;Vehicle with vehicle collision;4;2;Going straight;Driver or rider;Male;18-30;3;;;Not a Pedestrian;No priority to vehicle;Slight Injury
21:25:00;Thursday;18-30;Male;Junior high school;Owner;2-5yr;Automobile;Owner;;No defect;Other;One way;Tangent road with flat terrain;No junction;Asphalt roads;Wet or damp;Darkness - lights lit;Normal;Vehicle with vehicle collision;4;2;Going straight;Passenger;Female;5;3;Student;Normal;Not a Pedestrian;Changing lane to the left;Slight Injury
16:55:00;Friday;31-50;Male;Junior high school;Employee;Above 10yr;Automobile;Owner;2-5yrs;No defect;Other;Two-way (divided with broken lines road marking);Tangent road with mild grade and flat terrain;Y Shape;Asphalt roads;Wet or damp;Darkness - lights lit;Normal;Collision with roadside objects;4;2;Moving Backward;Passenger;Female;5;3;Driver;Normal;Not a Pedestrian;Turnover;Slight Injury
16:55:00;Friday;31-50;Male;Junior high school;Employee;2-5yr;Pick up upto 10Q;Owner;;;Office areas;Two-way (divided with broken lines road marking);Tangent road with flat terrain;Y Shape;Asphalt roads;Wet or damp;Darkness - lights lit;Normal;Vehicle with vehicle collision;4;2;Going straight;Passenger;Male;5;3;Self-employed;Normal;Not a Pedestrian;Driving to the left;Slight Injury
16:55:00;Friday;31-50;Male;Junior high school;Employee;1-2yr;;Owner;Unknown;;Residential areas;Two-way (divided with broken lines road marking);Tangent road with flat terrain;Crossing;Asphalt roads;Dry;Daylight;Normal;Vehicle with vehicle collision;4;1;Other;Passenger;Male;5;3;Self-employed;Normal;Not a Pedestrian;Driving carelessly;Slight Injury
16:55:00;Friday;Unknown;Male;Junior high school;Employee;2-5yr;Stationwagen;Owner;2-5yrs;No defect;Other;Two-way (divided with broken lines road marking);Tangent road with flat terrain;Crossing;Asphalt roads;Dry;Daylight;Normal;Vehicle with vehicle collision;4;1;Other;Passenger;Male;5;3;Driver;Normal;Not a Pedestrian;Driving to the left;Slight Injury
16:55:00;Friday;Unknown;Male;Junior high school;Employee;1-2yr;;Owner;Unknown;;Residential areas;Two-way (divided with broken lines road marking);Tangent road with flat terrain;Unknown;Asphalt roads;Dry;Daylight;Normal;Vehicle with vehicle collision;4;1;Going straight;Passenger;Female;5;3;;;Not a Pedestrian;Driving carelessly;Slight Injury
20:15:00;Monday;18-30;Male;Junior high school;Employee;5-10yr;Automobile;Owner;Unknown;;Other;Undivided Two way;Tangent road with flat terrain;Unknown;Asphalt roads;Dry;Daylight;Normal;Collision with roadside objects;4;1;Going straight;Passenger;Male;18-30;3;Driver;Normal;Not a Pedestrian;No priority to pedestrian;Slight Injury
20:15:00;Monday;18-30;Male;Junior high school;Employee;5-10yr;Automobile;Owner;2-5yrs;;Residential areas;Double carriageway (median);Tangent road with flat terrain;Crossing;Asphalt roads;Wet or damp;Darkness - lights lit;Cloudy;Vehicle with vehicle collision;3;2;Going straight;Passenger;Female;18-30;3;Driver;Normal;Not a Pedestrian;Driving carelessly;Slight Injury
20:15:00;Monday;18-30;Male;Elementary school;Owner;2-5yr;Long lorry;Owner;;;Office areas;Two-way (divided with broken lines road marking);Tangent road with flat terrain;Crossing;Earth roads;Wet or damp;Darkness - lights lit;Cloudy;Vehicle with vehicle collision;3;2;Going straight;Passenger;Male;Under 18;3;Self-employed;Normal;Not a Pedestrian;Changing lane to the right;Slight Injury
15:30:00;Tuesday;31-50;Male;Elementary school;Employee;Below 1yr;Public (13?45 seats);Owner;5-10yrs;;Office areas;Two-way (divided with broken lines road marking);Tangent road with mild grade and flat terrain;Crossing;Asphalt roads;Wet or damp;Darkness - lights lit;Cloudy;Vehicle with vehicle collision;3;2;Other;Driver or rider;Male;31-50;3;Driver;Normal;Not a Pedestrian;Moving Backward;Slight Injury
20:17:00;Thursday;31-50;Male;;;;Public (13?45 seats);Owner;Unknown;;Office areas;Double carriageway (median);Tangent road with flat terrain;Y Shape;Asphalt roads;Wet or damp;Darkness - lights lit;Raining;Vehicle with vehicle collision;2;2;Going straight;Driver or rider;Male;18-30;3;;Normal;Not a Pedestrian;Driving carelessly;Slight Injury
20:17:00;Thursday;31-50;Male;Junior high school;Employee;Above 10yr;Lorry (11?40Q);Owner;;;  Recreational areas;Two-way (divided with broken lines road marking);Tangent road with flat terrain;Y Shape;Asphalt roads;Wet or damp;Darkness - lights lit;Raining;Vehicle with vehicle collision;2;2;Getting off;Driver or rider;Male;18-30;2;Driver;Normal;Not a Pedestrian;Changing lane to the right;Slight Injury
13:07:00;Sunday;31-50;Male;High school;Employee;1-2yr;Lorry (11?40Q);Owner;;;Other;Two-way (divided with broken lines road marking);Tangent road with flat terrain;No junction;Asphalt roads;Snow;Daylight;Snow;Vehicle with vehicle collision;3;2;Going straight;Pedestrian;Male;18-30;2;;;Not a Pedestrian;Driving carelessly;Slight Injury
13:07:00;Sunday;31-50;Male;Junior high school;Owner;5-10yr;Pick up upto 10Q;Owner;;;Other;other;Tangent road with flat terrain;No junction;Earth roads;Snow;Daylight;Snow;Vehicle with vehicle collision;3;2;Going straight;na;na;na;na;Driver;Normal;Not a Pedestrian;Driving carelessly;Slight Injury
13:07:00;Sunday;31-50;Male;Junior high school;Employee;1-2yr;Automobile;Owner;5-10yrs;;Other;Two-way (divided with broken lines road marking);Tangent road with flat terrain;No junction;Asphalt roads;Snow;Daylight;Snow;Vehicle with vehicle collision;3;2;Going straight;Driver or rider;Male;5;2;;;Not a Pedestrian;Driving carelessly;Slight Injury
16:30:00;Tuesday;31-50;Male;Junior high school;Employee;Above 10yr;Automobile;Owner;;;Other;Double carriageway (median);Tangent road with flat terrain;No junction;Asphalt roads;Snow;Daylight;Snow;Vehicle with vehicle collision;3;2;Going straight;Driver or rider;Male;18-30;3;Self-employed;NormalNormal;Not a Pedestrian;Changing lane to the right;Slight Injury
16:30:00;Tuesday;31-50;Male;Junior high school;Employee;Below 1yr;Automobile;Owner;2-5yrs;No defect;Other;Undivided Two way;Tangent road with mountainous terrain and;Crossing;Asphalt roads;Snow;Daylight;Snow;Vehicle with vehicle collision;3;2;Going straight;na;na;na;na;Driver;Normal;Not a Pedestrian;Changing lane to the right;Slight Injury
15:18:00;Monday;31-50;Male;Elementary school;Employee;2-5yr;Long lorry;Owner;2-5yrs;No defect;Office areas;Two-way (divided with broken lines road marking);Tangent road with flat terrain;Crossing;Asphalt roads;Snow;Daylight;Snow;Vehicle with vehicle collision;3;2;Going straight;na;na;na;na;Driver;Normal;Not a Pedestrian;Driving carelessly;Slight Injury
17:40:00;Wednesday;18-30;Male;Junior high school;Employee;5-10yr;Long lorry;Owner;Above 10yr;No defect;Office areas;Two-way (divided with broken lines road marking);Tangent road with flat terrain;Y Shape;Asphalt roads;Snow;Daylight;Snow;Collision with roadside objects;3;2;Moving Backward;Driver or rider;Female;18-30;3;Other;Normal;Not a Pedestrian;Overtaking;Slight Injury
18:32:00;Tuesday;18-30;Male;Elementary school;Employee;5-10yr;Automobile;Owner;Unknown;No defect;Office areas;One way;Tangent road with flat terrain;Y Shape;Asphalt roads;Snow;Daylight;Snow;Collision with roadside objects;3;2;Going straight;Driver or rider;Male;Over 51;3;;;Not a Pedestrian;Changing lane to the right;Slight Injury
18:32:00;Tuesday;18-30;Male;Junior high school;Owner;1-2yr;Stationwagen;Owner;Above 10yr;No defect;Residential areas;Double carriageway (median);Tangent road with flat terrain;Y Shape;Asphalt roads;Wet or damp;Daylight;Snow;Collision with roadside objects;2;1;Other;na;na;na;na;;;Not a Pedestrian;No distancing;Slight Injury
18:32:00;Tuesday;31-50;Male;Junior high school;Employee;5-10yr;;Governmental;Below 1yr;No defect;  Recreational areas;Two-way (divided with broken lines road marking);Tangent road with flat terrain;No junction;Asphalt roads;Wet or damp;Daylight;Snow;Collision with pedestrians;2;1;Going straight;Pedestrian;Male;31-50;3;Other;Normal;Not a Pedestrian;Other;Slight Injury
18:32:00;Tuesday;Over 51;Male;Unknown;Other;;Other;Owner;Unknown;No defect; Church areas;Double carriageway (median);Tangent road with flat terrain;No junction;Other;Dry;Darkness - no lighting;Snow;Vehicle with vehicle collision;2;2;Going straight;na;na;na;na;Driver;Normal;Not a Pedestrian;Changing lane to the right;Slight Injury
18:35:00;Saturday;31-50;Male;High school;Employee;2-5yr;Special vehicle;Owner;Unknown;No defect;Office areas;Undivided Two way;Tangent road with flat terrain;Y Shape;Asphalt roads;Dry;Darkness - no lighting;Snow;Vehicle with vehicle collision;2;2;Going straight;Driver or rider;Female;18-30;3;Driver;Normal;Not a Pedestrian;Changing lane to the right;Slight Injury
18:35:00;Saturday;31-50;Male;Junior high school;Employee;1-2yr;Lorry (41?100Q);Owner;Unknown;No defect;Other;Two-way (divided with broken lines road marking);Tangent road with flat terrain;Y Shape;Asphalt roads;Wet or damp;Darkness - lights lit;Normal;Collision with pedestrians;2;6;Going straight;na;na;na;na;;;Not a Pedestrian;Overtaking;Slight Injury
12:10:00;Friday;18-30;Male;Junior high school;Employee;5-10yr;Pick up upto 10Q;Owner;;;Residential areas;other;Steep grade downward with mountainous terrain;Y Shape;Asphalt roads;Wet or damp;Darkness - lights lit;Normal;Vehicle with vehicle collision;2;6;;Driver or rider;Male;18-30;3;Driver;Normal;Not a Pedestrian;Other;Slight Injury
12:10:00;Friday;18-30;Male;Junior high school;Employee;2-5yr;Lorry (11?40Q);Owner;;No defect;School areas;other;Tangent road with flat terrain;Y Shape;Asphalt roads;Wet or damp;Darkness - lights lit;Normal;Vehicle with vehicle collision;2;6;Moving Backward;Passenger;Male;18-30;3;;;Not a Pedestrian;Driving to the left;Slight Injury
15:08:00;Monday;18-30;Male;Junior high school;Employee;No Licence;Lorry (41?100Q);Owner;1-2yr;No defect;Office areas;Two-way (divided with broken lines road marking);Tangent road with flat terrain;Crossing;Asphalt roads;Wet or damp;Darkness - lights lit;Normal;Vehicle with vehicle collision;2;6;;Driver or rider;Male;31-50;3;Driver;Normal;Not a Pedestrian;Overtaking;Slight Injury
15:08:00;Monday;18-30;Male;Junior high school;Employee;Above 10yr;Motorcycle;Owner;Above 10yr;No defect;Other;other;Tangent road with flat terrain;Crossing;Asphalt roads;Wet or damp;Darkness - lights lit;Normal;Vehicle with vehicle collision;2;6;Going straight;Driver or rider;Male;Under 18;3;Driver;Normal;Not a Pedestrian;No priority to vehicle;Slight Injury
15:08:00;Monday;Over 51;Male;Junior high school;Employee;Above 10yr;Automobile;Owner;Unknown;No defect;Other;Two-way (divided with broken lines road marking);Tangent road with flat terrain;Crossing;Asphalt roads;Wet or damp;Darkness - lights lit;Normal;Vehicle with vehicle collision;2;6;Going straight;na;na;na;na;;;Not a Pedestrian;Moving Backward;Slight Injury
15:08:00;Monday;Over 51;Male;Junior high school;Employee;5-10yr;Automobile;Organization;2-5yrs;;Office areas;Two-way (divided with broken lines road marking);Tangent road with mountainous terrain and;No junction;Earth roads;Snow;Daylight;Normal;Vehicle with vehicle collision;4;2;;Driver or rider;Female;18-30;2;;;Not a Pedestrian;Other;Slight Injury
08:54:00;Thursday;18-30;Male;High school;Employee;2-5yr;Automobile;Owner;;;Office areas;Two-way (divided with broken lines road marking);Tangent road with flat terrain;No junction;Asphalt roads;Snow;Daylight;Normal;Collision with roadside objects;4;2;Going straight;na;na;na;na;;;Not a Pedestrian;No priority to vehicle;Slight Injury
16:51:00;Wednesday;31-50;Male;High school;Owner;2-5yr;Stationwagen;Owner;5-10yrs;;Other;Undivided Two way;Tangent road with flat terrain;No junction;Asphalt roads;Snow;Daylight;Normal;Collision with pedestrians;4;2;Going straight;Driver or rider;Male;31-50;3;;;Not a Pedestrian;No priority to pedestrian;Slight Injury
19:02:00;Saturday;18-30;Male;Junior high school;Employee;Below 1yr;;Owner;5-10yrs;No defect;Office areas;Two-way (divided with broken lines road marking);Tangent road with flat terrain;No junction;Asphalt roads;Snow;Daylight;Normal;Vehicle with vehicle collision;4;2;Going straight;na;na;na;na;Other;Normal;Not a Pedestrian;Changing lane to the right;Slight Injury
19:02:00;Saturday;18-30;Male;Junior high school;Owner;Above 10yr;Public (> 45 seats);Owner;2-5yrs;No defect; Industrial areas;Two-way (divided with broken lines road marking);Tangent road with flat terrain;Y Shape;Asphalt roads;Wet or damp;Daylight;Snow;Vehicle with vehicle collision;2;1;Going straight;na;na;na;na;Self-employed;Normal;Not a Pedestrian;Changing lane to the right;Slight Injury
08:10:00;Monday;18-30;Male;Junior high school;Employee;Above 10yr;Public (> 45 seats);Owner;Unknown;No defect;Office areas;Undivided Two way;Tangent road with flat terrain;Y Shape;Asphalt roads;Wet or damp;Daylight;Snow;Collision with roadside objects;2;1;Going straight;Driver or rider;Female;31-50;3;;;Not a Pedestrian;Changing lane to the right;Slight Injury
08:10:00;Monday;31-50;Male;Elementary school;Employee;2-5yr;Stationwagen;Owner;;;Other;Undivided Two way;Tangent road with flat terrain;Y Shape;Asphalt roads;Dry;Darkness - lights lit;Normal;Vehicle with vehicle collision;2;1;Going straight;Pedestrian;Male;Over 51;3;Student;Normal;Unknown or other;Driving to the left;Slight Injury
17:50:00;Saturday;18-30;Male;Junior high school;Employee;2-5yr;Automobile;Owner;Above 10yr;;Other;Two-way (divided with broken lines road marking);Tangent road with flat terrain;Crossing;Asphalt roads;Dry;Darkness - lights lit;Normal;Vehicle with vehicle collision;2;1;Going straight;Driver or rider;Male;18-30;3;Other;Normal;Not a Pedestrian;Changing lane to the left;Slight Injury
17:50:00;Saturday;31-50;Male;Unknown;Employee;Above 10yr;Bicycle;Owner;Unknown;;Office areas;Two-way (divided with broken lines road marking);Tangent road with flat terrain;Crossing;Asphalt roads;Dry;Daylight;Normal;Vehicle with vehicle collision;1;1;Other;na;na;na;na;Driver;Normal;Not a Pedestrian;Moving Backward;Slight Injury
20:51:00;Tuesday;18-30;Male;Elementary school;Employee;5-10yr;Automobile;;;; Church areas;;Tangent road with flat terrain;Crossing;Asphalt roads;Wet or damp;Darkness - lights lit;Cloudy;Vehicle with vehicle collision;2;2;Going straight;Driver or rider;Male;Under 18;3;Other;Normal;Not a Pedestrian;Driving at high speed;Slight Injury
14:00:00;Saturday;31-50;Male;Junior high school;Employee;Below 1yr;Lorry (41?100Q);Owner;;;Office areas;other;Tangent road with flat terrain;No junction;Asphalt roads;Wet or damp;Darkness - lights lit;Cloudy;Vehicle with vehicle collision;2;2;Going straight;Pedestrian;Female;Under 18;3;Driver;Normal;Crossing from offside - masked by  parked or statioNot a Pedestrianry vehicle;Moving Backward;Slight Injury
14:00:00;Saturday;18-30;Female;Elementary school;Employee;Below 1yr;Automobile;Owner;;;Residential areas;other;Tangent road with flat terrain;Crossing;Asphalt roads;Wet or damp;Darkness - lights lit;Cloudy;Vehicle with vehicle collision;2;2;Going straight;Driver or rider;Male;31-50;3;Other;Normal;Not a Pedestrian;No distancing;Slight Injury
14:43:00;Friday;Over 51;Male;Junior high school;Employee;Below 1yr;Public (13?45 seats);Owner;Unknown;No defect;  Recreational areas;Two-way (divided with broken lines road marking);Tangent road with flat terrain;Crossing;Asphalt roads;Snow;Darkness - lights lit;Other;Vehicle with vehicle collision;2;3;Going straight;na;na;na;na;;Normal;Not a Pedestrian;Other;Slight Injury
16:26:00;Tuesday;Over 51;Male;Junior high school;Employee;5-10yr;Special vehicle;Governmental;5-10yrs;;Other;other;Tangent road with flat terrain;Crossing;Asphalt roads;Snow;Darkness - lights lit;Other;Vehicle with vehicle collision;2;3;Going straight;na;na;na;na;Driver;Normal;Not a Pedestrian;No priority to vehicle;Slight Injury
16:26:00;Tuesday;Over 51;Male;Junior high school;Owner;5-10yr;Automobile;Owner;Unknown;No defect; Church areas;Undivided Two way;Tangent road with flat terrain;Crossing;Asphalt roads;Snow;Darkness - lights lit;Other;Collision with roadside objects;2;3;Going straight;Driver or rider;Male;18-30;3;Driver;Normal;Not a Pedestrian;Changing lane to the right;Slight Injury
13:54:00;Saturday;31-50;Male;High school;Owner;5-10yr;Public (13?45 seats);Owner;Unknown;No defect;Other;One way;Tangent road with flat terrain;No junction;Asphalt roads;Dry;Daylight;Normal;Collision with roadside objects;1;1;Moving Backward;na;na;na;na;Self-employed;Normal;Not a Pedestrian;Other;Slight Injury