Time;Day_of_week;Age_band_of_driver;Sex_of_driver;Educational_level;Vehicle_driver_relation;Driving_experience;Type_of_vehicle;Owner_of_vehicle;Service_year_of_vehicle;Defect_of_vehicle;Area_accident_occured;Lanes_or_Medians;Road_allignment;Types_of_Junction;Road_surface_type;Road_surface_conditions;Light_conditions;Weather_conditions;Type_of_collision;Number_of_vehicles_involved;Number_of_casualties;Vehicle_movement;Casualty_class;Sex_of_casualty;Age_band_of_casualty;Casualty_severity;Work_of_casuality;Fitness_of_casuality;Pedestrian_movement;Cause_of_accident;Accident_severity
10:39:00;Wednesday;Over 51;Male;Junior high school;Employee;5-10yr;Stationwagen;Owner;2-5yrs;No defect;Other;Two-way (divided with broken lines road marking);Tangent road with flat terrain;Y Shape;Asphalt roads;Wet or damp;Daylight;Normal;Collision with roadside objects;3;1;Going straight;na;na;na;na;Driver;Normal;Not a Pedestrian;Driving under the influence of drugs;Slight Injury
12:55:00;Monday;18-30;Female;Junior high school;Employee;5-10yr;Ridden horse;Owner;Unknown;No defect;Office areas;Two-way (divided with broken lines road marking);Tangent road with flat terrain;Y Shape;Asphalt roads;Wet or damp;Daylight;Normal;Rollover;3;1;Going straight;na;na;na;na;Driver;Normal;Not a Pedestrian;Changing lane to the right;Slight Injury
12:55:00;Monday;18-30;Male;Junior high school;Employee;Above 10yr;Stationwagen;Owner;Unknown;No defect;Other;Two-way (divided with broken lines road marking);Tangent road with flat terrain;Y Shape;Asphalt roads;Wet or damp;Daylight;Raining;Vehicle with vehicle collision;2;1;Moving Backward;Driver or rider;Female;31-50;3;Unemployed;Normal;Not a Pedestrian;Driving carelessly;Slight Injury
12:55:00;Monday;18-30;Male;Elementary school;Employee;5-10yr;Automobile;Owner;Unknown;No defect;Other;Two-way (divided with broken lines road marking);Tangent road with flat terrain;Y Shape;Asphalt roads;Wet or damp;Daylight;Raining;Vehicle with vehicle collision;2;1;Going straight;na;na;na;na;Driver;Normal;Not a Pedestrian;Moving Backward;Slight Injury
15:20:00;Sunday;31-50;Male;Junior high school;Employee;5-10yr;Automobile;Organization;Above 10yr;No defect; Outside rural areas;Undivided Two way;Tangent road with flat terrain;Y Shape;Asphalt roads;Dry;Daylight;Normal;Vehicle with vehicle collision;1;1;Moving Backward;Driver or rider;Male;Under 18;3;Driver;Normal;Not a Pedestrian;Turnover;Slight Injury
15:20:00;Sunday;Over 51;Male;Junior high school;Employee;Above 10yr;Other;Owner;Unknown;No defect;Other;other;Tangent road with flat terrain;Y Shape;Asphalt roads;Dry;Darkness - lights lit;Normal;Vehicle with vehicle collision;1;1;Other;na;na;na;na;Driver;Normal;Not a Pedestrian;Changing lane to the right;Slight Injury
15:20:00;Sunday;Over 51;Female;Elementary school;Owner;;Taxi;Owner;Above 10yr;No defect;Residential areas;Two-way (divided with broken lines road marking);Tangent road with flat terrain;Y Shape;Asphalt roads;Dry;Daylight;Normal;Vehicle with vehicle collision;3;3;Going straight;Driver or rider;Male;18-30;3;Driver;Normal;Not a Pedestrian;Driving carelessly;Slight Injury
14:45:00;Sunday;31-50;Male;Junior high school;Owner;5-10yr;Automobile;Owner;Above 10yr;;Office areas;Two-way (divided with broken lines road marking);Tangent road with flat terrain;Crossing;Asphalt roads;Dry;Daylight;Normal;Vehicle with vehicle collision;3;3;Reversing;Pedestrian;Female;18-30;3;Employee;Normal;Crossing from nearside - masked by parked or statioNot a Pedestrianry vehicle;No priority to vehicle;Slight Injury
17:22:00;Tuesday;Over 51;Male;Junior high school;Employee;5-10yr;Stationwagen;Owner;Unknown;;Office areas;Double carriageway (median);Tangent road with flat terrain;Crossing;Asphalt roads;Dry;Daylight;Normal;Vehicle with vehicle collision;3;3;Going straight;Driver or rider;Male;31-50;3;Driver;Normal;Not a Pedestrian;Moving Backward;Slight Injury
17:22:00;Tuesday;Under 18;Male;Junior high school;Employee;Below 1yr;Automobile;;2-5yrs;; Hospital areas;One way;;Crossing;Asphalt roads;Dry;Daylight;Normal;Vehicle with vehicle collision;3;3;Other;na;na;na;na;Self-employed;Normal;Not a Pedestrian;Changing lane to the left;Slight Injury
10:58:00;Tuesday;31-50;Female;;;;Public (12 seats);Owner;Unknown;; Industrial areas;Two-way (divided with broken lines road marking);Tangent road with flat terrain;Crossing;Asphalt roads;Dry;Darkness - lights lit;Normal;Collision with roadside objects;2;2;Other;na;na;na;na;Driver;Normal;Not a Pedestrian;Overturning;Slight Injury
10:58:00;Tuesday;Over 51;Female;Junior high school;Employee;5-10yr;;Owner;2-5yrs;No defect;Other;Undivided Two way;Tangent road with flat terrain;Crossing;Asphalt roads;Dry;Darkness - lights lit;Normal;Vehicle with vehicle collision;2;2;Other;Driver or rider;Male;18-30;3;Driver;Normal;Not a Pedestrian;No distancing;Slight Injury
14:57:00;Monday;31-50;Male;Junior high school;Employee;5-10yr;Automobile;Owner;;;Office areas;Undivided Two way;Tangent road with flat terrain;Crossing;Asphalt roads;Dry;Darkness - lights lit;Normal;Vehicle with vehicle collision;2;2;Stopping;na;na;na;na;;;Not a Pedestrian;Driving carelessly;Slight Injury
14:57:00;Monday;Over 51;Male;Junior high school;Employee;Above 10yr;Lorry (41?100Q);Owner;Unknown;No defect;Office areas;other;Tangent road with flat terrain;Y Shape;Asphalt roads;Dry;Daylight;Normal;Vehicle with vehicle collision;1;1;Other;Driver or rider;Female;Over 51;3;Driver;Normal;Not a Pedestrian;No distancing;Slight Injury
14:57:00;Monday;Unknown;Male;High school;Employee;Above 10yr;;Owner;Unknown;;Residential areas;Two-way (divided with broken lines road marking);Tangent road with flat terrain;Y Shape;Asphalt roads;Dry;Daylight;Normal;Vehicle with vehicle collision;3;2;Other;na;na;na;na;;;Not a Pedestrian;Changing lane to the left;Slight Injury
13:10:00;Saturday;18-30;Male;Junior high school;Employee;Above 10yr;Public (> 45 seats);Owner;Unknown;;Residential areas;;Tangent road with flat terrain;O Shape;Other;Dry;Daylight;Normal;Collision with pedestrians;3;2;Other;Driver or rider;Male;31-50;3;;;Not a Pedestrian;No priority to pedestrian;Slight Injury
13:10:00;Saturday;18-30;Female;Junior high school;Employee;Above 10yr;;Owner;Unknown;No defect;School areas;Two-way (divided with broken lines road marking);Tangent road with flat terrain;O Shape;;Dry;Daylight;Normal;Collision with pedestrians;3;2;Going straight;Pedestrian;Female;5;3;;Normal;Crossing from nearside - masked by parked or statioNot a Pedestrianry vehicle;No distancing;Slight Injury
13:10:00;Saturday;Unknown;Female;Junior high school;Employee;Above 10yr;Public (12 seats);Governmental;Unknown;No defect;Other;Two-way (divided with broken lines road marking);Tangent road with flat terrain;Y Shape;Asphalt roads;Dry;Darkness - lights lit;Normal;Vehicle with vehicle collision;2;1;Going straight;Driver or rider;Male;18-30;3;Driver;Normal;Not a Pedestrian;No distancing;Slight Injury
08:10:00;Wednesday;Unknown;Male;Junior high school;Employee;Above 10yr;Public (12 seats);Governmental;Unknown;No defect;  Market areas;Undivided Two way;Tangent road with flat terrain;Y Shape;Asphalt roads;Dry;Darkness - lights lit;Normal;Vehicle with vehicle collision;2;1;Going straight;na;na;na;na;Driver;Normal;Not a Pedestrian;Changing lane to the left;Slight Injury
08:10:00;Wednesday;18-30;Male;Junior high school;Employee;5-10yr;Automobile;Owner;Unknown;No defect;Office areas;other;Tangent road with flat terrain;Y Shape;Asphalt roads;Wet or damp;Daylight;Other;Vehicle with vehicle collision;2;1;Going straight;na;na;na;na;Driver;Normal;Not a Pedestrian;No distancing;Slight Injury
12:30:00;Sunday;18-30;Male;Junior high school;Employee;2-5yr;;Owner;Unknown;No defect; Church areas;Two-way (divided with broken lines road marking);Tangent road with flat terrain;Y Shape;Asphalt roads;Wet or damp;Daylight;Other;Rollover;2;1;Going straight;Driver or rider;Female;18-30;3;Driver;Normal;Not a Pedestrian;Changing lane to the left;Slight Injury
12:30:00;Sunday;18-30;Male;Junior high school;Employee;Below 1yr;Automobile;Governmental;Unknown;No defect; Church areas;Two-way (divided with broken lines road marking);Tangent road with flat terrain;Y Shape;Asphalt roads;Dry;Daylight;Normal;Vehicle with vehicle collision;2;1;Going straight;na;na;na;na;Driver;Normal;Not a Pedestrian;No distancing;Slight Injury
12:30:00;Sunday;Unknown;Male;Junior high school;Employee;Below 1yr;Lorry (41?100Q);Owner;Unknown;No defect;Residential areas;Double carriageway (median);Tangent road with flat terrain;Crossing;Asphalt roads;Dry;Daylight;Normal;Vehicle with vehicle collision;2;1;Going straight;Driver or rider;Male;18-30;3;Driver;Normal;Not a Pedestrian;No distancing;Slight Injury
12:30:00;Sunday;Unknown;Male;Junior high school;Employee;2-5yr;Public (12 seats);Owner;Above 10yr;No defect;Residential areas;Two-way (divided with broken lines road marking);Tangent road with flat terrain;Crossing;Asphalt roads;Dry;Daylight;Normal;Collision with pedestrians;1;1;Going straight;na;na;na;na;Employee;Normal;Not a Pedestrian;No distancing;Serious Injury
20:01:00;Sunday;18-30;Male;Elementary school;Employee;Below 1yr;Lorry (11?40Q);Owner;Unknown;No defect;Residential areas;Double carriageway (median);Tangent road with flat terrain;Crossing;Asphalt roads;Dry;Daylight;Normal;Vehicle with vehicle collision;2;1;Going straight;Driver or rider;Male;31-50;3;;Normal;Not a Pedestrian;Changing lane to the left;Slight Injury
20:01:00;Sunday;31-50;Male;Junior high school;Employee;Below 1yr;Automobile;Owner;Above 10yr;No defect;Residential areas;Two-way (divided with broken lines road marking);Tangent road with flat terrain;No junction;Asphalt roads;Dry;Daylight;Normal;Vehicle with vehicle collision;2;1;Going straight;Driver or rider;Male;31-50;3;Driver;Normal;Not a Pedestrian;Changing lane to the right;Slight Injury
18:49:00;Thursday;31-50;Male;Junior high school;Employee;;Automobile;Owner;1-2yr;No defect;Other;Double carriageway (median);Tangent road with flat terrain;No junction;Asphalt roads;Dry;Daylight;Normal;Vehicle with vehicle collision;2;1;Going straight;na;na;na;na;;;Not a Pedestrian;Moving Backward;Slight Injury
20:41:00;Thursday;31-50;Male;;Employee;5-10yr;Automobile;Owner;Unknown;No defect;Other;Two-way (divided with broken lines road marking);Tangent road with flat terrain;No junction;Asphalt roads;Dry;Daylight;Normal;Collision with pedestrians;2;1;Reversing;na;na;na;na;Self-employed;Normal;Not a Pedestrian;Changing lane to the right;Slight Injury
20:41:00;Thursday;18-30;Male;Writing & reading;Employee;Below 1yr;Bajaj;Owner;2-5yrs;No defect;Residential areas;Two-way (divided with broken lines road marking);Tangent road with flat terrain;No junction;Asphalt roads;Wet or damp;Daylight;Normal;Vehicle with vehicle collision;2;1;Going straight;Driver or rider;Male;18-30;3;;;Not a Pedestrian;No distancing;Slight Injury
20:41:00;Thursday;31-50;Male;Junior high school;Employee;Below 1yr;Public (12 seats);Owner;Unknown;No defect;Other;other;Tangent road with flat terrain;Y Shape;Other;Wet or damp;Daylight;Normal;Collision with pedestrians;2;1;Other;Driver or rider;Male;18-30;3;Self-employed;Normal;Not a Pedestrian;Overtaking;Slight Injury
20:41:00;Thursday;31-50;Male;Junior high school;Employee;1-2yr;Lorry (11?40Q);Owner;Unknown;No defect; Church areas;Undivided Two way;Tangent road with flat terrain;Y Shape;Asphalt roads;Dry;Darkness - lights lit;Normal;Vehicle with vehicle collision;1;1;;na;na;na;na;;;Not a Pedestrian;Other;Slight Injury
10:04:00;Wednesday;31-50;Male;Elementary school;Employee;Above 10yr;;Owner;Unknown;No defect;Other;Undivided Two way;Tangent road with flat terrain;Y Shape;Asphalt roads;Dry;Daylight;Normal;Vehicle with vehicle collision;3;1;Getting off;Pedestrian;Male;18-30;3;Self-employed;Normal;Unknown or other;Other;Slight Injury
10:04:00;Wednesday;31-50;Male;Elementary school;Employee;Above 10yr;;Owner;Unknown;No defect;Office areas;Undivided Two way;Tangent road with flat terrain;Y Shape;Asphalt roads;Dry;Daylight;Normal;Vehicle with vehicle collision;3;1;Going straight;na;na;na;na;;;Not a Pedestrian;Changing lane to the right;Slight Injury
10:04:00;Wednesday;31-50;Male;Elementary school;Employee;Below 1yr;Automobile;Owner;2-5yrs;No defect;Office areas;Two-way (divided with broken lines road marking);Tangent road with flat terrain;Y Shape;Asphalt roads;Dry;Daylight;Normal;Vehicle with vehicle collision;3;1;Going straight;Driver or rider;Female;Over 51;2;;;Not a Pedestrian;No priority to pedestrian;Slight Injury
20:30:00;Wednesday;18-30;Male;High school;Employee;2-5yr;Lorry (11?40Q);Owner;;;Residential areas;Undivided Two way;Tangent road with flat terrain;No junction;Asphalt roads;Wet or damp;Darkness - lights lit;Raining;Vehicle with vehicle collision;1;1;Going straight;Driver or rider;Male;18-30;2;Self-employed;Normal;Not a Pedestrian;No priority to vehicle;Fatal injury
20:30:00;Wednesday;18-30;Male;Junior high school;Employee;2-5yr;Lorry (41?100Q);Owner;Unknown;;Other;Two-way (divided with broken lines road marking);Tangent road with flat terrain;No junction;Asphalt roads;Wet or damp;Daylight;Normal;Collision with roadside objects;4;6;Going straight;na;na;na;na;Employee;Normal;Not a Pedestrian;Changing lane to the left;Serious Injury
20:30:00;Wednesday;18-30;Male;Above high school;Employee;Above 10yr;Pick up upto 10Q;Owner;Above 10yr;; Industrial areas;Undivided Two way;Tangent road with flat terrain;Y Shape;Asphalt roads;Wet or damp;Daylight;Normal;Vehicle with vehicle collision;4;6;Turnover;Pedestrian;Male;18-30;3;Other;Normal;Not a Pedestrian;Changing lane to the left;Serious Injury
11:15:00;Friday;Over 51;Male;Junior high school;Employee;2-5yr;Lorry (11?40Q);Owner;Unknown;;Office areas;Two-way (divided with broken lines road marking);Tangent road with flat terrain;No junction;Asphalt roads;Wet or damp;Daylight;Normal;Vehicle with vehicle collision;4;6;Entering a junction;na;na;na;na;Employee;Normal;Not a Pedestrian;Overtaking;Serious Injury
11:15:00;Friday;31-50;Male;Junior high school;Employee;2-5yr;Stationwagen;Organization;Unknown;;  Recreational areas;Two-way (divided with broken lines road marking);Tangent road with flat terrain;No junction;Asphalt roads;Wet or damp;Daylight;Normal;Collision with roadside objects;4;6;Entering a junction;Driver or rider;Male;5;2;;;Not a Pedestrian;No distancing;Serious Injury
11:15:00;Friday;31-50;Male;High school;Employee;1-2yr;Other;Owner;1-2yr;No defect;Residential areas;Two-way (divided with broken lines road marking);Tangent road with flat terrain;No junction;Other;Wet or damp;Daylight;Normal;Vehicle with vehicle collision;4;6;Entering a junction;Pedestrian;Male;5;3;Employee;Normal;Not a Pedestrian;No priority to vehicle;Serious Injury
16:36:00;Thursday;31-50;Male;Junior high school;Employee;5-10yr;Other;Owner;Above 10yr;;Residential areas;Undivided Two way;Tangent road with flat terrain;Crossing;Asphalt roads;Wet or damp;Daylight;Normal;Vehicle with vehicle collision;4;6;Entering a junction;na;na;na;na;;;Not a Pedestrian;Changing lane to the right;Serious Injury
16:36:00;Thursday;18-30;Male;Junior high school;Employee;Below 1yr;Lorry (11?40Q);Owner;5-10yrs;; Church areas;Undivided Two way;Steep grade downward with mountainous terrain;Crossing;Asphalt roads;Wet or damp;Daylight;Normal;Vehicle with vehicle collision;4;6;Other;Driver or rider;Male;31-50;3;Employee;Normal;Not a Pedestrian;Changing lane to the left;Serious Injury
13:28:00;Monday;31-50;Male;Junior high school;Employee;Below 1yr;;Owner;5-10yrs;;Residential areas;Undivided Two way;Tangent road with flat terrain;Crossing;;Dry;Daylight;Normal;Vehicle with vehicle collision;2;1;Entering a junction;Pedestrian;Female;18-30;2;Employee;Normal;Crossing from driver's nearside;No distancing;Slight Injury
13:28:00;Monday;18-30;Male;Elementary school;Employee;;Automobile;Owner;Unknown;No defect;;other;Tangent road with flat terrain;Crossing;Asphalt roads;Dry;Daylight;Normal;Collision with pedestrians;2;1;Turnover;na;na;na;na;Employee;Normal;Not a Pedestrian;Driving carelessly;Slight Injury
19:28:00;Friday;31-50;Male;Junior high school;Employee;Below 1yr;Lorry (41?100Q);Owner;5-10yrs;No defect;Other;Undivided Two way;Tangent road with flat terrain;Crossing;Asphalt roads;Dry;Darkness - lights lit;Normal;Collision with pedestrians;3;5;Entering a junction;Driver or rider;Male;18-30;3;Driver;Normal;Not a Pedestrian;No priority to pedestrian;Serious Injury
19:28:00;Friday;31-50;Female;Junior high school;Employee;1-2yr;Other;Owner;Unknown;;Other;Two-way (divided with solid lines road marking);Tangent road with flat terrain;Y Shape;Asphalt roads;Dry;Darkness - lights lit;Normal;Vehicle with vehicle collision;3;5;Entering a junction;na;na;na;na;Driver;Normal;Not a Pedestrian;Driving carelessly;Serious Injury
23:35:00;Saturday;Under 18;Male;Elementary school;Employee;2-5yr;Lorry (41?100Q);Owner;Unknown;No defect; Church areas;Two-way (divided with solid lines road marking);Tangent road with flat terrain;Y Shape;Earth roads;Dry;Darkness - lights lit;Normal;Vehicle with vehicle collision;3;5;Entering a junction;Driver or rider;Female;18-30;3;Student;Normal;Not a Pedestrian;Moving Backward;Serious Injury
23:35:00;Saturday;Under 18;Male;High school;Employee;1-2yr;Automobile;Governmental;;No defect;Other;Two-way (divided with solid lines road marking);Tangent road with flat terrain;Crossing;Asphalt roads;Dry;Darkness - lights lit;Normal;Collision with roadside objects;3;5;Entering a junction;na;na;na;na;Driver;Normal;Not a Pedestrian;No distancing;Serious Injury
23:35:00;Saturday;Under 18;Male;Junior high school;Employee;5-10yr;Pick up upto 10Q;Owner;Unknown;No defect; Church areas;Two-way (divided with solid lines road marking);Tangent road with flat terrain;Crossing;Asphalt roads;Dry;Darkness - lights lit;Normal;Vehicle with vehicle collision;3;5;Entering a junction;Driver or rider;Male;31-50;3;Self-employed;Normal;Not a Pedestrian;No distancing;Serious Injury
09:01:00;Wednesday;18-30;Male;Junior high school;Employee;Below 1yr;Lorry (41?100Q);Owner;Unknown;No defect; Church areas;Two-way (divided with broken lines road marking);Tangent road with flat terrain;Y Shape;Asphalt roads;Dry;Darkness - lights lit;Normal;Vehicle with vehicle collision;3;5;Other;na;na;na;na;;;Not a Pedestrian;No distancing;Serious Injury
15:46:00;Thursday;31-50;Male;High school;Employee;Above 10yr;Public (13?45 seats);Owner;Above 10yr;No defect;Other;Undivided Two way;Tangent road with flat terrain;Y Shape;Asphalt roads;Dry;Darkness - lights lit;Normal;Vehicle with vehicle collision;2;2;Going straight;Pedestrian;Female;31-50;3;;;Crossing from driver's nearside;Changing lane to the left;Slight Injury
15:46:00;Thursday;31-50;Male;Elementary school;Owner;5-10yr;Long lorry;Governmental;5-10yrs;No defect;Other;Undivided Two way;Tangent road with flat terrain;Y Shape;Asphalt roads;Dry;Darkness - lights lit;Normal;Vehicle with vehicle collision;2;2;Going straight;Driver or rider;Male;18-30;3;Driver;Normal;Not a Pedestrian;Changing lane to the left;Slight Injury
20:10:00;Saturday;Under 18;Male;Elementary school;Employee;Below 1yr;Automobile;Owner;5-10yrs;No defect;School areas;other;Tangent road with flat terrain;Y Shape;Asphalt roads;Dry;Darkness - lights lit;Normal;Collision with roadside objects;1;1;Other;na;na;na;na;Driver;Normal;Not a Pedestrian;Moving Backward;Serious Injury
21:46:00;Wednesday;31-50;Male;Junior high school;Employee;5-10yr;Automobile;Owner;Above 10yr;No defect;Residential areas;Undivided Two way;Tangent road with flat terrain;No junction;Asphalt roads;Dry;Darkness - lights lit;Normal;Vehicle with vehicle collision;1;1;Going straight;Pedestrian;Female;18-30;3;Driver;Normal;Crossing from driver's nearside;Changing lane to the right;Slight Injury
21:46:00;Wednesday;18-30;Male;Elementary school;Owner;5-10yr;Other;;1-2yr;No defect;Other;Two-way (divided with broken lines road marking);Tangent road with flat terrain;Y Shape;Asphalt roads;Dry;Daylight;Normal;Vehicle with vehicle collision;2;1;Going straight;Passenger;Female;Over 51;2;Driver;Normal;Not a Pedestrian;No priority to vehicle;Slight Injury
21:20:00;Saturday;Under 18;Female;Junior high school;Employee;2-5yr;;Owner;Above 10yr;No defect;Office areas;Undivided Two way;Tangent road with flat terrain;Y Shape;Asphalt roads;Dry;Daylight;Normal;Collision with roadside objects;2;1;Going straight;Driver or rider;Male;18-30;3;;;Not a Pedestrian;Moving Backward;Slight Injury
21:20:00;Saturday;Under 18;Male;Junior high school;Employee;Above 10yr;Long lorry;Owner;Above 10yr;No defect;Residential areas;Undivided Two way;Tangent road with flat terrain;Crossing;Asphalt roads;Wet or damp;Daylight;Normal;Vehicle with vehicle collision;2;1;Going straight;na;na;na;na;Driver;Normal;Not a Pedestrian;Driving carelessly;Slight Injury
05:49:00;Tuesday;Under 18;Male;Junior high school;Employee;5-10yr;Public (12 seats);Owner;Above 10yr;No defect;Other;One way;Steep grade downward with mountainous terrain;Crossing;Asphalt roads;Wet or damp;Daylight;Normal;Collision with roadside objects;2;1;Going straight;Driver or rider;Female;Under 18;3;Self-employed;Normal;Not a Pedestrian;Driving carelessly;Slight Injury
05:49:00;Tuesday;Under 18;Male;High school;Employee;1-2yr;Public (12 seats);Owner;Above 10yr;No defect;Residential areas;Two-way (divided with broken lines road marking);Tangent road with flat terrain;Crossing;Asphalt roads;Dry;Daylight;Normal;Vehicle with vehicle collision;2;1;Reversing;na;na;na;na;Self-employed;Normal;Not a Pedestrian;Driving under the influence of drugs;Slight Injury
05:49:00;Tuesday;18-30;Male;Elementary school;Employee;5-10yr;Other;Owner;5-10yrs;No defect;Residential areas;Undivided Two way;Tangent road with flat terrain;Crossing;Asphalt roads;Dry;Daylight;Normal;Vehicle with vehicle collision;2;1;Moving Backward;Driver or rider;Male;18-30;2;Self-employed;Normal;Not a Pedestrian;No priority to pedestrian;Slight Injury
09:35:00;Monday;31-50;Male;Elementary school;Employee;2-5yr;Other;Owner;;No defect;Residential areas;Two-way (divided with broken lines road marking);Tangent road with flat terrain;Crossing;Asphalt roads;Dry;Daylight;Normal;Vehicle with vehicle collision;2;1;Overtaking;na;na;na;na;Driver;Normal;Not a Pedestrian;No priority to vehicle;Slight Injury
09:35:00;Monday;31-50;Male;Junior high school;Employee;Below 1yr;Other;Owner;1-2yr;No defect;Other;other;Tangent road with flat terrain;Y Shape;Asphalt roads;Dry;Daylight;Normal;Vehicle with vehicle collision;2;1;Going straight;Pedestrian;Female;Over 51;3;Other;Normal;Not a Pedestrian;Driving carelessly;Slight Injury
18:39:00;Wednesday;Unknown;Male;Junior high school;Employee;Below 1yr;Public (12 seats);Owner;5-10yrs;No defect;Other;Undivided Two way;Tangent road with flat terrain;No junction;Asphalt roads;Dry;Daylight;Normal;Vehicle with vehicle collision;2;1;Going straight;Pedestrian;Male;5;2;;;Not a Pedestrian;Moving Backward;Slight Injury
18:39:00;Wednesday;Under 18;Male;Junior high school;Employee;5-10yr;Lorry (41?100Q);Owner;5-10yrs;No defect;Other;One way;Tangent road with flat terrain;Y Shape;Asphalt roads;Dry;Daylight;Normal;Vehicle with vehicle collision;2;1;Going straight;na;na;na;na;Self-employed;Normal;Not a Pedestrian;Driving carelessly;Slight Injury
16:00:00;Wednesday;Over 51;Male;Junior high school;Owner;5-10yr;Other;Owner;1-2yr;No defect; Hospital areas;Undivided Two way;Tangent road with flat terrain;Y Shape;Earth roads;Wet or damp;Daylight;Raining;Vehicle with vehicle collision;1;1;Going straight;Driver or rider;Male;18-30;3;Other;Normal;Not a Pedestrian;No priority to vehicle;Slight Injury
16:00:00;Wednesday;18-30;Male;Elementary school;Employee;1-2yr;Public (12 seats);Owner;2-5yrs;No defect;Residential areas;Undivided Two way;Tangent road with flat terrain;Y Shape;Asphalt roads;Dry;Daylight;Normal;Vehicle with vehicle collision;3;1;Going straight;na;na;na;na;;;Not a Pedestrian;Changing lane to the right;Slight Injury
13:09:00;Tuesday;31-50;Male;Junior high school;Employee;;Other;Owner;5-10yrs;No defect;Residential areas;One way;Tangent road with flat terrain;Crossing;Asphalt roads;Dry;Daylight;Normal;Collision with pedestrians;3;1;Going straight;Driver or rider;Male;18-30;3;;;Not a Pedestrian;Changing lane to the left;Slight Injury
13:09:00;Tuesday;Over 51;Male;Elementary school;Employee;Above 10yr;Lorry (11?40Q);Owner;5-10yrs;No defect;Residential areas;Undivided Two way;Tangent road with flat terrain;Crossing;Asphalt roads;Dry;Daylight;Normal;Collision with roadside objects;3;1;Going straight;na;na;na;na;Driver;Normal;Not a Pedestrian;No priority to vehicle;Slight Injury
20:30:00;Friday;Unknown;Male;Junior high school;Owner;1-2yr;Other;Owner;1-2yr;No defect;Other;Two-way (divided with broken lines road marking);Tangent road with flat terrain;Y Shape;Asphalt roads;Dry;Daylight;Normal;Vehicle with vehicle collision;2;3;Reversing;Driver or rider;Female;18-30;3;;;Not a Pedestrian;Driving carelessly;Slight Injury
20:30:00;Friday;Under 18;Male;;;;Other;Owner;1-2yr;No defect;Office areas;Two-way (divided with broken lines road marking);Tangent road with flat terrain;Y Shape;Asphalt roads;Dry;Daylight;Normal;Vehicle with vehicle collision;2;3;Going straight;na;na;na;na;Driver;Normal;Not a Pedestrian;Moving Backward;Slight Injury
19:00:00;Friday;Over 51;Male;Junior high school;Employee;Above 10yr;Other;Owner;2-5yrs;No defect;Other;other;Tangent road with flat terrain;Y Shape;Asphalt roads;Dry;Daylight;Normal;Collision with roadside objects;2;3;Going straight;Driver or rider;Female;18-30;3;Driver;Normal;Not a Pedestrian;No distancing;Slight Injury
12:40:00;Saturday;Unknown;Male;Elementary school;Owner;2-5yr;Pick up upto 10Q;Owner;Unknown;No defect;Office areas;Double carriageway (median);Tangent road with flat terrain;Crossing;Asphalt roads;Dry;Daylight;Normal;Vehicle with vehicle collision;1;1;Other;Driver or rider;Female;18-30;3;Driver;Normal;Not a Pedestrian;Changing lane to the left;Serious Injury
18:12:00;Wednesday;31-50;Male;Junior high school;Employee;5-10yr;Automobile;Owner;Unknown;No defect;Residential areas;Two-way (divided with broken lines road marking);Tangent road with flat terrain;Crossing;Asphalt roads;Dry;Daylight;Normal;Vehicle with vehicle collision;2;1;Entering a junction;na;na;na;na;Driver;Normal;Not a Pedestrian;Changing lane to the left;Slight Injury
18:12:00;Wednesday;31-50;Male;Junior high school;Employee;Below 1yr;Other;Owner;Unknown;No defect;Office areas;Double carriageway (median);Gentle horizontal curve;Y Shape;Asphalt roads;Dry;Daylight;Normal;Collision with pedestrians;2;1;Turnover;Driver or rider;Male;18-30;3;Self-employed;Normal;Not a Pedestrian;No distancing;Slight Injury
18:12:00;Wednesday;31-50;Male;Junior high school;Employee;5-10yr;Lorry (41?100Q);Owner;;No defect;Office areas;Double carriageway (median);Tangent road with flat terrain;No junction;Asphalt roads;Dry;Daylight;Normal;Vehicle with vehicle collision;2;1;Going straight;Driver or rider;Female;5;3;Self-employed;Normal;Not a Pedestrian;Changing lane to the left;Slight Injury
18:12:00;Wednesday;18-30;Male;High school;Employee;Above 10yr;Public (13?45 seats);Organization;Unknown;No defect;Other;Double carriageway (median);Tangent road with flat terrain;Unknown;Earth roads;Dry;Daylight;Normal;Collision with pedestrians;2;1;Going straight;na;na;na;na;Driver;Normal;Not a Pedestrian;Driving carelessly;Slight Injury
07:50:00;Wednesday;18-30;Male;Junior high school;Employee;5-10yr;Automobile;Owner;Unknown;No defect;Office areas;Two-way (divided with broken lines road marking);Tangent road with flat terrain;No junction;Asphalt roads;Dry;Daylight;Normal;Vehicle with vehicle collision;3;2;Going straight;na;na;na;na;Driver;Normal;Not a Pedestrian;Changing lane to the left;Slight Injury
07:50:00;Wednesday;18-30;Male;Elementary school;Employee;1-2yr;Pick up upto 10Q;Owner;Unknown;No defect;Office areas;;Tangent road with flat terrain;No junction;Asphalt roads;Dry;Daylight;Normal;Vehicle with vehicle collision;3;2;Going straight;Driver or rider;Female;Under 18;3;;;Not a Pedestrian;No distancing;Slight Injury
10:16:00;Thursday;Under 18;Male;Junior high school;Employee;;Lorry (41?100Q);Governmental;Unknown;;Office areas;One way;Tangent road with flat terrain;No junction;Asphalt roads;Dry;Daylight;Normal;Collision with roadside objects;3;2;Going straight;na;na;na;na;Driver;Normal;Not a Pedestrian;Changing lane to the right;Slight Injury