Time;Day_of_week;Age_band_of_driver;Sex_of_driver;Educational_level;Vehicle_driver_relation;Driving_experience;Type_of_vehicle;Owner_of_vehicle;Service_year_of_vehicle;Defect_of_vehicle;Area_accident_occured;Lanes_or_Medians;Road_allignment;Types_of_Junction;Road_surface_type;Road_surface_conditions;Light_conditions;Weather_conditions;Type_of_collision;Number_of_vehicles_involved;Number_of_casualties;Vehicle_movement;Casualty_class;Sex_of_casualty;Age_band_of_casualty;Casualty_severity;Work_of_casuality;Fitness_of_casuality;Pedestrian_movement;Cause_of_accident;Accident_severity
10:16:00;Thursday;Over 51;Female;Elementary school;Employee;1-2yr;Public (12 seats);Owner;Unknown;;Other;Undivided Two way;Tangent road with flat terrain;No junction;Asphalt roads;Wet or damp;Daylight;Normal;Vehicle with vehicle collision;2;3;Going straight;Driver or rider;Male;5;3;Driver;Normal;Not a Pedestrian;No distancing;Slight Injury
23:05:00;Saturday;Over 51;Male;Junior high school;Owner;1-2yr;Other;Owner;Unknown;;Residential areas;;Tangent road with flat terrain;Y Shape;Asphalt roads;Wet or damp;Daylight;Normal;Vehicle with vehicle collision;2;3;Going straight;na;na;na;na;Driver;Normal;Not a Pedestrian;Driving to the left;Slight Injury
00:47:00;Sunday;18-30;Male;Above high school;Owner;1-2yr;Lorry (41?100Q);Owner;2-5yrs;No defect;Residential areas;Two-way (divided with broken lines road marking);Gentle horizontal curve;Y Shape;Asphalt roads;Wet or damp;Daylight;Normal;Vehicle with vehicle collision;2;3;Going straight;na;na;na;na;;Normal;Not a Pedestrian;No distancing;Slight Injury
00:47:00;Sunday;18-30;Male;Junior high school;Owner;5-10yr;Pick up upto 10Q;Owner;5-10yrs;; Church areas;Two-way (divided with broken lines road marking);Tangent road with flat terrain;Y Shape;Asphalt roads;Dry;Daylight;Normal;Collision with pedestrians;2;1;Getting off;Driver or rider;Male;31-50;3;;;Not a Pedestrian;Overtaking;Slight Injury
10:30:00;Monday;18-30;Male;Junior high school;Employee;5-10yr;Other;Owner;5-10yrs;;Other;Two-way (divided with broken lines road marking);Tangent road with flat terrain;Y Shape;Asphalt roads;Dry;Daylight;Normal;Collision with roadside objects;2;1;Getting off;na;na;na;na;Driver;Normal;Not a Pedestrian;Driving under the influence of drugs;Slight Injury
10:30:00;Monday;18-30;Male;Elementary school;Employee;5-10yr;Lorry (41?100Q);Owner;Unknown;;Residential areas;Two-way (divided with broken lines road marking);Tangent road with flat terrain;Y Shape;Gravel roads;Dry;Daylight;Normal;Collision with pedestrians;4;1;Getting off;Driver or rider;Male;31-50;3;Driver;Normal;Not a Pedestrian;No priority to pedestrian;Slight Injury
13:01:00;Saturday;18-30;Male;High school;Owner;Below 1yr;Ridden horse;Owner;2-5yrs;;Other;Undivided Two way;Tangent road with flat terrain;Y Shape;Asphalt roads;Dry;Daylight;Normal;Vehicle with vehicle collision;4;1;Moving Backward;Driver or rider;Male;31-50;3;Self-employed;Normal;Not a Pedestrian;Moving Backward;Slight Injury
13:01:00;Saturday;Over 51;Male;Junior high school;Employee;Above 10yr;Automobile;Owner;2-5yrs;;Residential areas;Undivided Two way;Tangent road with flat terrain;Y Shape;Asphalt roads;Dry;Daylight;Normal;Vehicle with vehicle collision;4;1;Going straight;Driver or rider;Female;31-50;3;Driver;Normal;Not a Pedestrian;Changing lane to the right;Slight Injury
13:01:00;Saturday;Over 51;Male;Junior high school;Employee;5-10yr;Automobile;Owner;2-5yrs;;Residential areas;Two-way (divided with broken lines road marking);Tangent road with flat terrain;Other;Asphalt roads;Dry;Daylight;Normal;Vehicle with vehicle collision;4;1;Going straight;na;na;na;na;Driver;Normal;Not a Pedestrian;Changing lane to the left;Slight Injury
17:41:00;Monday;18-30;Female;Junior high school;Employee;Below 1yr;Stationwagen;Owner;5-10yrs;No defect;Other;Two-way (divided with broken lines road marking);Tangent road with flat terrain;Other;Asphalt roads;Dry;Daylight;Normal;Vehicle with vehicle collision;2;1;Waiting to go;Driver or rider;Male;Over 51;3;Driver;Normal;Not a Pedestrian;Changing lane to the right;Serious Injury
17:41:00;Monday;31-50;Female;Junior high school;Employee;Above 10yr;Other;;;;Other;Two-way (divided with broken lines road marking);Tangent road with flat terrain;Y Shape;Asphalt roads;Dry;Daylight;Normal;Vehicle with vehicle collision;2;1;Going straight;na;na;na;na;;;Not a Pedestrian;Driving under the influence of drugs;Serious Injury
17:41:00;Monday;31-50;Male;Junior high school;Employee;5-10yr;Lorry (41?100Q);Owner;Unknown;No defect;Other;Undivided Two way;Tangent road with flat terrain;Y Shape;Asphalt roads;Dry;Daylight;Normal;Collision with roadside objects;1;1;Other;na;na;na;na;Driver;Normal;Not a Pedestrian;No priority to vehicle;Slight Injury
17:41:00;Monday;31-50;Male;Junior high school;Owner;Above 10yr;Lorry (41?100Q);Owner;Unknown;No defect;Other;Double carriageway (median);Tangent road with flat terrain;Y Shape;Asphalt roads;Dry;Daylight;Normal;Collision with roadside objects;4;2;Going straight;Passenger;Female;31-50;3;Driver;Normal;Not a Pedestrian;No priority to vehicle;Slight Injury
17:25:00;Friday;31-50;Male;Junior high school;Employee;5-10yr;Long lorry;Owner;Unknown;;Residential areas;Two-way (divided with broken lines road marking);Tangent road with flat terrain;Y Shape;Asphalt roads;Dry;Daylight;Normal;Vehicle with vehicle collision;4;2;Going straight;Driver or rider;Male;31-50;3;Self-employed;Normal;Not a Pedestrian;Changing lane to the left;Slight Injury
17:25:00;Friday;Under 18;Male;Junior high school;Employee;1-2yr;Stationwagen;Owner;2-5yrs;;  Recreational areas;Undivided Two way;Tangent road with flat terrain;Crossing;Asphalt roads;Dry;Daylight;Normal;Vehicle with vehicle collision;4;2;Going straight;na;na;na;na;;Normal;Not a Pedestrian;Changing lane to the right;Slight Injury
17:25:00;Friday;31-50;Male;Junior high school;Employee;1-2yr;Public (12 seats);Owner;;;Other;other;Tangent road with flat terrain;Crossing;Asphalt roads;Dry;Daylight;Normal;Vehicle with vehicle collision;4;2;Going straight;Driver or rider;Male;18-30;2;;;Not a Pedestrian;Changing lane to the right;Slight Injury
17:25:00;Friday;31-50;Male;Junior high school;Employee;1-2yr;Automobile;Owner;;;Office areas;Undivided Two way;Tangent road with flat terrain;Crossing;Asphalt roads;Wet or damp;Daylight;Raining;Vehicle with vehicle collision;3;1;Overtaking;na;na;na;na;Driver;Normal;Not a Pedestrian;Changing lane to the left;Slight Injury
17:25:00;Friday;31-50;Male;High school;Employee;2-5yr;Public (12 seats);;;;Other;Undivided Two way;Tangent road with flat terrain;Crossing;Asphalt roads;Wet or damp;Daylight;Raining;Vehicle with vehicle collision;3;1;Going straight;na;na;na;na;Driver;Normal;Not a Pedestrian;Changing lane to the left;Slight Injury
11:10:00;Sunday;18-30;Male;High school;Owner;Above 10yr;Lorry (41?100Q);Owner;Unknown;;Office areas;Undivided Two way;Tangent road with flat terrain;No junction;Asphalt roads;Wet or damp;Daylight;Raining;Vehicle with vehicle collision;3;1;Going straight;Driver or rider;Male;18-30;3;Driver;Normal;Not a Pedestrian;Getting off the vehicle improperly;Slight Injury
11:10:00;Sunday;18-30;Male;Elementary school;Employee;2-5yr;Automobile;Owner;Unknown;;Office areas;One way;Tangent road with flat terrain;No junction;Asphalt roads;Dry;Daylight;Normal;Vehicle with vehicle collision;2;2;Going straight;Driver or rider;Male;18-30;3;;;Not a Pedestrian;Overtaking;Slight Injury
11:10:00;Sunday;31-50;Male;Junior high school;Employee;Above 10yr;Lorry (41?100Q);Owner;Unknown;;Office areas;Undivided Two way;Tangent road with flat terrain;No junction;Asphalt roads;Dry;Daylight;Normal;Vehicle with vehicle collision;2;2;Turnover;Pedestrian;Male;31-50;3;Driver;Normal;Not a Pedestrian;Changing lane to the left;Slight Injury
03:15:00;Saturday;18-30;Male;High school;Employee;2-5yr;Lorry (41?100Q);Owner;Unknown;No defect;Other;Undivided Two way;Tangent road with flat terrain;No junction;Asphalt roads;Dry;Daylight;Normal;Vehicle with vehicle collision;2;2;Going straight;na;na;na;na;Self-employed;Normal;Not a Pedestrian;Driving under the influence of drugs;Slight Injury
03:15:00;Saturday;18-30;Male;Junior high school;Other;No Licence;Pick up upto 10Q;Governmental;Unknown;;Other;Double carriageway (median);Tangent road with flat terrain;No junction;Asphalt roads;Dry;Daylight;Normal;Vehicle with vehicle collision;2;2;Going straight;Driver or rider;Male;31-50;2;Self-employed;Normal;Not a Pedestrian;Driving carelessly;Slight Injury
17:00:00;Tuesday;31-50;Male;Junior high school;Employee;1-2yr;Other;Owner;Unknown;No defect;Office areas;Two-way (divided with solid lines road marking);Tangent road with flat terrain;No junction;Asphalt roads;Dry;Daylight;Normal;Other;2;2;Getting off;Driver or rider;Male;18-30;3;;;Not a Pedestrian;Moving Backward;Slight Injury
17:00:00;Tuesday;Under 18;Male;Junior high school;Owner;5-10yr;Automobile;Owner;Unknown;;Residential areas;other;Tangent road with flat terrain;No junction;Asphalt roads;Dry;Daylight;Normal;Vehicle with vehicle collision;2;2;Moving Backward;na;na;na;na;;Normal;Not a Pedestrian;No distancing;Slight Injury
17:10:00;Friday;31-50;Male;Junior high school;Employee;1-2yr;Automobile;Governmental;2-5yrs;;  Recreational areas;Undivided Two way;Tangent road with flat terrain;No junction;Asphalt roads;Dry;Daylight;Normal;Collision with roadside objects;2;1;Getting off;Driver or rider;Female;18-30;3;Driver;Normal;Not a Pedestrian;No priority to vehicle;Fatal injury
17:10:00;Friday;Under 18;Male;Junior high school;Employee;Above 10yr;Lorry (11?40Q);Owner;1-2yr;No defect;Other;other;Tangent road with flat terrain;No junction;Earth roads;Dry;Daylight;Normal;Vehicle with vehicle collision;2;1;Overtaking;na;na;na;na;Driver;Normal;Not a Pedestrian;Overturning;Fatal injury
17:23:00;Tuesday;31-50;Male;Junior high school;Employee;1-2yr;Bajaj;Owner;Above 10yr;No defect;Residential areas;other;Tangent road with flat terrain;No junction;Asphalt roads;Dry;Daylight;Normal;Vehicle with vehicle collision;2;1;Going straight;na;na;na;na;;;Not a Pedestrian;Changing lane to the left;Slight Injury
17:23:00;Tuesday;31-50;Male;Junior high school;Employee;1-2yr;Automobile;Owner;Unknown;No defect;Other;other;Tangent road with flat terrain;Crossing;Asphalt roads;Dry;Daylight;Normal;Vehicle with vehicle collision;2;1;Going straight;Driver or rider;Male;31-50;3;Driver;Normal;Not a Pedestrian;No distancing;Slight Injury
18:00:00;Sunday;31-50;Male;Junior high school;Employee;2-5yr;Lorry (41?100Q);Owner;Unknown;;Other;other;Tangent road with flat terrain;Crossing;Asphalt roads;Dry;Daylight;Normal;Vehicle with vehicle collision;2;1;Going straight;Passenger;Male;31-50;3;Self-employed;Normal;Not a Pedestrian;Moving Backward;Serious Injury
23:35:00;Wednesday;31-50;Male;High school;Employee;1-2yr;Lorry (11?40Q);Owner;5-10yrs;;Other;One way;Tangent road with flat terrain;Crossing;Asphalt roads;Dry;Daylight;Normal;Vehicle with vehicle collision;2;1;Reversing;Passenger;Female;5;3;Self-employed;Normal;Not a Pedestrian;No priority to vehicle;Serious Injury
23:35:00;Wednesday;31-50;Male;Junior high school;Employee;1-2yr;Lorry (11?40Q);Owner;Unknown;No defect;Other;Two-way (divided with broken lines road marking);Tangent road with flat terrain;Crossing;Asphalt roads;Dry;Darkness - lights lit;Normal;Vehicle with vehicle collision;2;3;Getting off;Driver or rider;Male;Under 18;3;Self-employed;Normal;Not a Pedestrian;No priority to vehicle;Slight Injury
14:59:00;Wednesday;Under 18;Male;Elementary school;Employee;Above 10yr;Automobile;Owner;2-5yrs;No defect;Other;other;Tangent road with flat terrain;No junction;Asphalt roads;Dry;Darkness - lights lit;Normal;Collision with roadside objects;2;3;Going straight;na;na;na;na;;;Not a Pedestrian;No distancing;Slight Injury
14:59:00;Wednesday;Under 18;Male;Junior high school;Employee;Above 10yr;;Owner;Unknown;No defect;School areas;Undivided Two way;Tangent road with flat terrain;No junction;Asphalt roads;Dry;Darkness - lights lit;Normal;Collision with roadside objects;2;3;Going straight;Pedestrian;Male;31-50;3;Self-employed;Normal;Unknown or other;No distancing;Slight Injury
14:59:00;Wednesday;Over 51;Male;Elementary school;Employee;Above 10yr;Automobile;Owner;;No defect;Office areas;Two-way (divided with broken lines road marking);Tangent road with flat terrain;Y Shape;Gravel roads;Wet or damp;Daylight;Raining;Vehicle with vehicle collision;1;1;Going straight;Pedestrian;Female;18-30;3;Self-employed;Normal;Crossing from offside - masked by  parked or statioNot a Pedestrianry vehicle;Overtaking;Serious Injury
14:40:00;Saturday;Unknown;Male;Junior high school;Employee;Above 10yr;Public (13?45 seats);Owner;Unknown;No defect;Office areas;Two-way (divided with broken lines road marking);Tangent road with flat terrain;Y Shape;Asphalt roads;Dry;Daylight;Normal;Collision with roadside objects;2;1;Reversing;na;na;na;na;Driver;Deaf;Not a Pedestrian;Driving under the influence of drugs;Serious Injury
14:40:00;Saturday;18-30;Male;Junior high school;Employee;1-2yr;Public (12 seats);Owner;5-10yrs;No defect;Office areas;Two-way (divided with broken lines road marking);Tangent road with flat terrain;No junction;Asphalt roads;Dry;Daylight;Normal;Collision with roadside objects;2;1;Going straight;Driver or rider;Male;18-30;3;Driver;Normal;Not a Pedestrian;Changing lane to the right;Serious Injury
14:40:00;Saturday;18-30;Male;Junior high school;Employee;5-10yr;Other;Owner;Unknown;No defect;School areas;;Tangent road with flat terrain;Y Shape;Asphalt roads;Dry;Daylight;Normal;Vehicle with vehicle collision;1;1;Stopping;na;na;na;na;Self-employed;Normal;Not a Pedestrian;Changing lane to the left;Serious Injury
12:48:00;Sunday;31-50;Male;High school;Owner;2-5yr;Automobile;Governmental;;No defect;School areas;Undivided Two way;Tangent road with flat terrain;Y Shape;Other;Dry;Darkness - lights lit;Normal;Vehicle with vehicle collision;2;2;Overtaking;Driver or rider;Male;18-30;3;Self-employed;Normal;Not a Pedestrian;Driving carelessly;Slight Injury
12:48:00;Sunday;18-30;Male;Junior high school;Employee;2-5yr;Automobile;Owner;;No defect;Office areas;Two-way (divided with broken lines road marking);Tangent road with flat terrain;Y Shape;Asphalt roads;Dry;Darkness - lights lit;Normal;Collision with roadside objects;2;2;Going straight;Pedestrian;Female;18-30;3;Driver;Normal;Not a Pedestrian;Moving Backward;Slight Injury
12:48:00;Sunday;18-30;Male;Junior high school;Employee;5-10yr;Public (13?45 seats);Owner;;No defect;Office areas;Two-way (divided with broken lines road marking);Tangent road with flat terrain;Y Shape;Asphalt roads;Dry;Daylight;Normal;Vehicle with vehicle collision;1;2;Reversing;Driver or rider;Male;18-30;3;Driver;Normal;Not a Pedestrian;Moving Backward;Serious Injury
12:48:00;Sunday;18-30;Male;Junior high school;Employee;5-10yr;Public (13?45 seats);Governmental;Above 10yr;No defect;School areas;Two-way (divided with broken lines road marking);Tangent road with flat terrain;Y Shape;Asphalt roads;Dry;Daylight;Normal;Vehicle with vehicle collision;1;2;Going straight;na;na;na;na;;;Not a Pedestrian;Changing lane to the right;Serious Injury
12:48:00;Sunday;18-30;Male;Junior high school;Employee;2-5yr;Automobile;Owner;1-2yr;No defect;;Two-way (divided with broken lines road marking);Tangent road with flat terrain;Y Shape;Asphalt roads;Wet or damp;Daylight;Raining;Vehicle with vehicle collision;2;2;Going straight;Driver or rider;Male;18-30;3;Driver;Normal;Not a Pedestrian;No priority to vehicle;Serious Injury
18:40:00;Friday;18-30;Male;High school;Employee;Above 10yr;Other;Owner;Above 10yr;No defect;Other;Two-way (divided with broken lines road marking);Tangent road with flat terrain;Y Shape;Asphalt roads;Wet or damp;Daylight;Raining;Vehicle with vehicle collision;2;2;Reversing;na;na;na;na;Driver;Normal;Not a Pedestrian;Driving at high speed;Serious Injury
18:40:00;Friday;18-30;Male;Elementary school;Employee;5-10yr;Pick up upto 10Q;Owner;Below 1yr;No defect;Other;Undivided Two way;Tangent road with flat terrain;Y Shape;Asphalt roads;Wet or damp;Daylight;Raining;Vehicle with vehicle collision;2;2;Going straight;na;na;na;na;Student;Normal;Not a Pedestrian;Driving under the influence of drugs;Serious Injury
11:11:00;Wednesday;18-30;Male;Junior high school;Employee;Above 10yr;Lorry (41?100Q);Owner;Above 10yr;No defect;Other;Two-way (divided with broken lines road marking);Tangent road with flat terrain;Y Shape;Asphalt roads;Dry;Daylight;Normal;Vehicle with vehicle collision;2;2;Waiting to go;Driver or rider;Male;31-50;3;Employee;Normal;Not a Pedestrian;Changing lane to the right;Fatal injury
11:11:00;Wednesday;18-30;Male;Writing & reading;Employee;2-5yr;Automobile;Owner;Unknown;No defect;Residential areas;Undivided Two way;Tangent road with flat terrain;Y Shape;Asphalt roads;Dry;Daylight;Normal;Collision with pedestrians;2;2;Going straight;na;na;na;na;Driver;Normal;Not a Pedestrian;Driving carelessly;Fatal injury
07:50:00;Tuesday;Over 51;Male;Junior high school;Employee;2-5yr;Automobile;Governmental;1-2yr;No defect;Other;Undivided Two way;Tangent road with flat terrain;Y Shape;Asphalt roads;Dry;Daylight;Normal;Vehicle with vehicle collision;2;1;Going straight;Driver or rider;Male;Over 51;3;Other;Normal;Not a Pedestrian;No distancing;Slight Injury
07:50:00;Tuesday;18-30;Male;High school;Employee;2-5yr;Lorry (41?100Q);Owner;1-2yr;No defect;Other;Undivided Two way;Tangent road with flat terrain;Y Shape;Asphalt roads;Dry;Daylight;Normal;Collision with roadside objects;2;1;Going straight;Driver or rider;Male;18-30;3;;Normal;Not a Pedestrian;Changing lane to the left;Slight Injury
07:50:00;Tuesday;18-30;Male;Junior high school;Employee;1-2yr;;Owner;;No defect; Industrial areas;Undivided Two way;Tangent road with flat terrain;Y Shape;Asphalt roads;Dry;Daylight;Normal;Vehicle with vehicle collision;2;2;Going straight;na;na;na;na;;;Not a Pedestrian;No distancing;Slight Injury
16:30:00;Tuesday;18-30;Male;High school;Employee;5-10yr;Other;Owner;;No defect;  Recreational areas;Undivided Two way;Tangent road with flat terrain;Y Shape;Asphalt roads;Dry;Daylight;Normal;Vehicle with vehicle collision;2;2;Getting off;Driver or rider;Male;31-50;3;;;Not a Pedestrian;No distancing;Slight Injury
16:30:00;Tuesday;31-50;Female;Elementary school;Employee;2-5yr;Automobile;Owner;Above 10yr;No defect; Church areas;Two-way (divided with broken lines road marking);Tangent road with flat terrain;Y Shape;Asphalt roads;Dry;Daylight;Normal;Vehicle with vehicle collision;2;1;Going straight;na;na;na;na;Employee;;Not a Pedestrian;Getting off the vehicle improperly;Serious Injury
18:56:00;Monday;Under 18;Male;Junior high school;Employee;1-2yr;Automobile;Owner;;;Office areas;Two-way (divided with broken lines road marking);Tangent road with flat terrain;Y Shape;Asphalt roads;Dry;Daylight;Normal;Vehicle with vehicle collision;2;1;Going straight;Driver or rider;Male;31-50;3;Driver;;Not a Pedestrian;Overtaking;Serious Injury
18:56:00;Monday;Unknown;Male;Elementary school;Employee;1-2yr;Automobile;Owner;;;Other;Two-way (divided with broken lines road marking);Tangent road with flat terrain;Y Shape;Gravel roads;Dry;Daylight;Normal;Vehicle with vehicle collision;2;1;Going straight;na;na;na;na;Driver;;Not a Pedestrian;Driving carelessly;Slight Injury
18:13:00;Tuesday;18-30;Male;High school;Employee;No Licence;Automobile;Owner;;;Office areas;Undivided Two way;Tangent road with flat terrain;Y Shape;Asphalt roads;Dry;Daylight;Normal;Vehicle with vehicle collision;2;1;Reversing;Driver or rider;Male;31-50;3;Driver;;Not a Pedestrian;Driving under the influence of drugs;Slight Injury
18:13:00;Tuesday;31-50;Male;Junior high school;Owner;5-10yr;Lorry (41?100Q);Owner;;;Office areas;Two-way (divided with broken lines road marking);Tangent road with flat terrain;Y Shape;Asphalt roads;Dry;Daylight;Normal;Vehicle with vehicle collision;1;1;Turnover;Driver or rider;Female;Over 51;3;Self-employed;Normal;Not a Pedestrian;Moving Backward;Slight Injury
18:13:00;Tuesday;31-50;Male;Junior high school;Employee;1-2yr;Other;Owner;;;Other;Two-way (divided with broken lines road marking);Tangent road with flat terrain;Crossing;Asphalt roads;Dry;Daylight;Normal;Vehicle with vehicle collision;1;1;Going straight;Driver or rider;Male;18-30;3;Driver;Normal;Not a Pedestrian;Overturning;Serious Injury
15:15:00;Sunday;18-30;Male;Junior high school;Employee;2-5yr;Pick up upto 10Q;Owner;Above 10yr;;Residential areas;Undivided Two way;Tangent road with flat terrain;Crossing;Other;Dry;Daylight;Normal;Vehicle with vehicle collision;2;3;Going straight;Passenger;Female;Under 18;3;Other;Normal;Not a Pedestrian;Driving under the influence of drugs;Slight Injury
15:15:00;Sunday;31-50;Male;Junior high school;Employee;5-10yr;Stationwagen;Owner;Above 10yr;;Office areas;other;Tangent road with mountainous terrain and;Y Shape;Asphalt roads;Dry;Daylight;Normal;Collision with roadside objects;2;3;Going straight;Driver or rider;Male;18-30;3;;;Not a Pedestrian;Changing lane to the right;Slight Injury
15:15:00;Sunday;31-50;Male;;;;Other;Owner;Above 10yr;No defect;Residential areas;other;Tangent road with flat terrain;Crossing;Other;Dry;Daylight;Normal;Vehicle with vehicle collision;2;3;Going straight;na;na;na;na;Driver;Normal;Not a Pedestrian;Changing lane to the left;Slight Injury
10:12:00;Tuesday;18-30;Male;;;;Pick up upto 10Q;;;;School areas;Two-way (divided with broken lines road marking);Tangent road with flat terrain;Y Shape;Asphalt roads;Dry;Daylight;Normal;Collision with roadside objects;2;3;Getting off;Driver or rider;Female;18-30;3;Self-employed;Normal;Not a Pedestrian;No distancing;Slight Injury
19:25:00;Monday;31-50;Male;Junior high school;Employee;2-5yr;Stationwagen;Owner;Above 10yr;No defect;Office areas;Two-way (divided with broken lines road marking);Sharp reverse curve;Y Shape;Asphalt roads;Dry;Daylight;Normal;Vehicle with vehicle collision;2;1;Going straight;na;na;na;na;Self-employed;Normal;Not a Pedestrian;No distancing;Slight Injury
14:57:00;Friday;18-30;Male;Junior high school;Employee;Above 10yr;Lorry (41?100Q);Owner;5-10yrs;No defect;Other;other;Tangent road with flat terrain;Y Shape;Asphalt roads;Dry;Daylight;Normal;Vehicle with vehicle collision;2;1;Going straight;na;na;na;na;Self-employed;Normal;Not a Pedestrian;No priority to vehicle;Slight Injury
14:57:00;Friday;31-50;Male;Junior high school;Owner;Above 10yr;Automobile;Owner;Above 10yr;No defect;Other;Undivided Two way;Tangent road with flat terrain;No junction;Asphalt roads;Dry;Daylight;Normal;;2;1;Going straight;Driver or rider;Male;5;3;;Other;Not a Pedestrian;Moving Backward;Slight Injury
14:57:00;Friday;31-50;Male;;;;;Owner;Above 10yr;No defect; Church areas;other;Tangent road with flat terrain;No junction;Asphalt roads;Dry;Daylight;Normal;Collision with pedestrians;2;1;Going straight;Driver or rider;Male;31-50;3;Driver;Blind;Not a Pedestrian;Moving Backward;Slight Injury
08:30:00;Sunday;Under 18;Male;Elementary school;Owner;Above 10yr;Automobile;Owner;;No defect;Office areas;Two-way (divided with broken lines road marking);Tangent road with flat terrain;No junction;Asphalt roads;Dry;Darkness - no lighting;Normal;Vehicle with vehicle collision;1;1;Going straight;na;na;na;na;Driver;Normal;Not a Pedestrian;Getting off the vehicle improperly;Serious Injury
22:05:00;Monday;Unknown;Male;Junior high school;Employee;Above 10yr;Automobile;Owner;;No defect;Other;Two-way (divided with broken lines road marking);Tangent road with flat terrain;No junction;Asphalt roads;Dry;Darkness - lights lit;Normal;Vehicle with vehicle collision;1;2;Going straight;Driver or rider;Male;18-30;3;Self-employed;Normal;Not a Pedestrian;Changing lane to the left;Serious Injury
22:05:00;Monday;18-30;Male;Elementary school;Owner;2-5yr;Turbo;Owner;;No defect;Office areas;Two-way (divided with broken lines road marking);Tangent road with mild grade and flat terrain;No junction;Asphalt roads;Dry;Darkness - lights lit;Normal;Vehicle with vehicle collision;1;2;Going straight;na;na;na;na;Driver;Normal;Not a Pedestrian;Changing lane to the left;Serious Injury
15:30:00;Friday;18-30;Male;Junior high school;Employee;5-10yr;;Owner;;No defect;Office areas;Two-way (divided with broken lines road marking);Tangent road with flat terrain;No junction;Asphalt roads;Dry;Daylight;Normal;Collision with pedestrians;1;2;Going straight;Pedestrian;Female;Under 18;2;Driver;Normal;Crossing from driver's nearside;No priority to vehicle;Slight Injury
15:30:00;Friday;Over 51;Male;Junior high school;Employee;Below 1yr;Stationwagen;Owner;Above 10yr;No defect;Office areas;Two-way (divided with broken lines road marking);Sharp reverse curve;No junction;Asphalt roads;Dry;Daylight;Normal;Collision with roadside objects;1;2;Going straight;na;na;na;na;Driver;Normal;Not a Pedestrian;Changing lane to the right;Slight Injury
15:30:00;Friday;Over 51;Male;Junior high school;Employee;5-10yr;Automobile;Owner;Above 10yr;No defect; Church areas;Undivided Two way;Sharp reverse curve;No junction;Asphalt roads;Wet or damp;Daylight;Raining;;2;3;Going straight;Driver or rider;Male;31-50;3;Driver;Normal;Not a Pedestrian;Changing lane to the right;Slight Injury
21:15:00;Sunday;31-50;Male;High school;Employee;Above 10yr;Automobile;Owner;Above 10yr;No defect;Office areas;Undivided Two way;Gentle horizontal curve;Y Shape;Asphalt roads;Wet or damp;Daylight;Raining;Vehicle with vehicle collision;2;3;Reversing;na;na;na;na;Driver;Normal;Not a Pedestrian;Driving carelessly;Slight Injury
21:15:00;Sunday;31-50;Male;Junior high school;Employee;5-10yr;Automobile;Owner;5-10yrs;No defect;Other;Double carriageway (median);Gentle horizontal curve;No junction;Asphalt roads;Wet or damp;Daylight;Raining;;2;3;Going straight;Driver or rider;Male;31-50;2;Driver;Normal;Not a Pedestrian;Changing lane to the left;Slight Injury
21:15:00;Sunday;18-30;Male;Elementary school;Employee;1-2yr;Pick up upto 10Q;Owner;;;Other;Two-way (divided with broken lines road marking);Tangent road with flat terrain;No junction;Asphalt roads;Dry;Daylight;Normal;;4;1;Turnover;Pedestrian;Female;5;3;;Normal;Not a Pedestrian;Changing lane to the right;Slight Injury
21:15:00;Sunday;18-30;Male;Junior high school;Employee;;Lorry (41?100Q);Owner;5-10yrs;No defect; Church areas;Unknown;Tangent road with mountainous terrain and;Crossing;Asphalt roads;Dry;Daylight;Normal;;4;1;Going straight;na;na;na;na;Employee;Normal;Not a Pedestrian;Driving under the influence of drugs;Slight Injury
16:32:00;Monday;18-30;Male;Above high school;Employee;1-2yr;Lorry (41?100Q);Owner;1-2yr;;School areas;Undivided Two way;Tangent road with flat terrain;Crossing;Asphalt roads;Dry;Daylight;Normal;Vehicle with vehicle collision;4;1;Going straight;Driver or rider;Male;18-30;3;;;Not a Pedestrian;Driving carelessly;Slight Injury
16:32:00;Monday;31-50;Male;Junior high school;Employee;Above 10yr;Automobile;;;; Church areas;Two-way (divided with broken lines road marking);Tangent road with flat terrain;Crossing;Asphalt roads;Dry;Daylight;Normal;Vehicle with vehicle collision;4;1;Going straight;na;na;na;na;Driver;Normal;Not a Pedestrian;No distancing;Slight Injury
16:32:00;Monday;Over 51;Male;Junior high school;Employee;1-2yr;Lorry (41?100Q);Owner;Above 10yr;;Office areas;Undivided Two way;Tangent road with flat terrain;Crossing;Asphalt roads;Dry;Daylight;Normal;Collision with roadside objects;3;4;Going straight;Driver or rider;Male;18-30;3;Self-employed;Normal;Not a Pedestrian;No priority to vehicle;Slight Injury
15:30:00;Friday;31-50;Male;Junior high school;Employee;5-10yr;Lorry (41?100Q);Owner;2-5yrs;No defect;Other;other;Tangent road with flat terrain;Crossing;Asphalt roads;Dry;Daylight;Normal;Collision with roadside objects;3;4;Reversing;na;na;na;na;Self-employed;Normal;Not a Pedestrian;No priority to vehicle;Slight Injury
15:30:00;Friday;31-50;Male;Junior high school;Employee;2-5yr;Lorry (41?100Q);Owner;Above 10yr;; Church areas;Two-way (divided with broken lines road marking);Steep grade upward with mountainous terrain;No junction;Asphalt roads;Dry;Daylight;Normal;Vehicle with vehicle collision;3;4;Going straight;Driver or rider;Female;5;3;;;Not a Pedestrian;No priority to vehicle;Slight Injury