Time;Day_of_week;Age_band_of_driver;Sex_of_driver;Educational_level;Vehicle_driver_relation;Driving_experience;Type_of_vehicle;Owner_of_vehicle;Service_year_of_vehicle;Defect_of_vehicle;Area_accident_occured;Lanes_or_Medians;Road_allignment;Types_of_Junction;Road_surface_type;Road_surface_conditions;Light_conditions;Weather_conditions;Type_of_collision;Number_of_vehicles_involved;Number_of_casualties;Vehicle_movement;Casualty_class;Sex_of_casualty;Age_band_of_casualty;Casualty_severity;Work_of_casuality;Fitness_of_casuality;Pedestrian_movement;Cause_of_accident;Accident_severity
10:20:00;Sunday;31-50;Male;Junior high school;Employee;Above 10yr;Automobile;Owner;Unknown;No defect;Office areas;Two-way (divided with broken lines road marking);Tangent road with flat terrain;No junction;Asphalt roads;Dry;Daylight;Normal;Collision with roadside objects;2;1;Going straight;Driver or rider;Male;18-30;3;;;Not a Pedestrian;Changing lane to the left;Slight Injury
18:05:00;Tuesday;31-50;Male;Junior high school;Employee;Above 10yr;Lorry (41?100Q);Owner;Unknown;No defect;Office areas;;Tangent road with flat terrain;No junction;Asphalt roads;Dry;Daylight;Normal;Vehicle with vehicle collision;2;1;Other;Pedestrian;Male;31-50;3;Driver;Normal;Crossing from offside - masked by  parked or statioNot a Pedestrianry vehicle;Moving Backward;Slight Injury
18:05:00;Tuesday;18-30;Male;Junior high school;Employee;5-10yr;;Governmental;Unknown;;Office areas;One way;Tangent road with flat terrain;Y Shape;Asphalt roads;Dry;Daylight;Normal;Collision with roadside objects;2;1;Going straight;Driver or rider;Male;18-30;2;Driver;Normal;Not a Pedestrian;Driving at high speed;Slight Injury
13:32:00;Wednesday;Over 51;Male;Junior high school;Employee;1-2yr;Automobile;Owner;Unknown;;Other;Undivided Two way;Tangent road with flat terrain;Y Shape;Asphalt roads;Dry;Daylight;Normal;Vehicle with vehicle collision;3;3;;Pedestrian;Female;18-30;3;;;Crossing from nearside - masked by parked or statioNot a Pedestrianry vehicle;Moving Backward;Slight Injury
13:32:00;Wednesday;Over 51;Male;Unknown;Employee;Below 1yr;Stationwagen;Owner;Unknown;;Residential areas;;Tangent road with flat terrain;No junction;Asphalt roads;Dry;Daylight;Normal;Vehicle with vehicle collision;3;3;Going straight;na;na;na;na;Self-employed;Normal;Not a Pedestrian;No distancing;Slight Injury
13:32:00;Wednesday;31-50;Male;Junior high school;Employee;Below 1yr;;Owner;2-5yrs;No defect;Residential areas;Two-way (divided with broken lines road marking);Gentle horizontal curve;No junction;Asphalt roads;Dry;Daylight;Normal;Collision with roadside objects;3;3;Going straight;Driver or rider;Female;Under 18;3;;;Not a Pedestrian;Other;Slight Injury
15:20:00;Tuesday;18-30;Male;High school;Employee;2-5yr;;Owner;5-10yrs;; Church areas;Two-way (divided with broken lines road marking);Tangent road with flat terrain;No junction;Asphalt roads;Dry;Daylight;Normal;Vehicle with vehicle collision;3;3;Going straight;Driver or rider;Female;31-50;3;;;Not a Pedestrian;No priority to vehicle;Slight Injury
09:51:00;Thursday;Over 51;Male;Junior high school;Owner;1-2yr;Automobile;Owner;5-10yrs;;Other;Two-way (divided with broken lines road marking);Tangent road with flat terrain;Y Shape;Asphalt roads;Dry;Daylight;Normal;Vehicle with vehicle collision;3;1;Going straight;Driver or rider;Female;Over 51;3;Driver;Normal;Not a Pedestrian;Changing lane to the right;Serious Injury
11:50:00;Monday;Unknown;Male;Junior high school;Employee;5-10yr;Stationwagen;Owner;Unknown;;Residential areas;Two-way (divided with broken lines road marking);Tangent road with flat terrain;Y Shape;Asphalt roads;Dry;Daylight;Normal;Collision with roadside objects;3;1;Moving Backward;na;na;na;na;Driver;Normal;Not a Pedestrian;Other;Serious Injury
11:50:00;Monday;18-30;Male;Elementary school;Employee;2-5yr;Automobile;Owner;2-5yrs;;Other;Undivided Two way;Tangent road with flat terrain;Y Shape;Asphalt roads;Dry;Daylight;Normal;Collision with roadside objects;3;1;Moving Backward;Driver or rider;Male;Over 51;3;Driver;Normal;Not a Pedestrian;No distancing;Serious Injury
11:50:00;Monday;18-30;Male;Elementary school;Owner;5-10yr;Other;Owner;2-5yrs;;Residential areas;Undivided Two way;Tangent road with flat terrain;Crossing;Asphalt roads;Wet or damp;Daylight;Windy;Vehicle with vehicle collision;3;1;Going straight;Pedestrian;Female;31-50;3;Driver;Normal;Crossing from nearside - masked by parked or statioNot a Pedestrianry vehicle;Driving carelessly;Slight Injury
10:35:00;Wednesday;Under 18;Male;Junior high school;Employee;Above 10yr;Other;Owner;2-5yrs;;Residential areas;Two-way (divided with broken lines road marking);Tangent road with flat terrain;Crossing;Asphalt roads;Wet or damp;Daylight;Windy;Vehicle with vehicle collision;3;1;Going straight;Driver or rider;Male;18-30;3;Driver;Normal;Not a Pedestrian;No distancing;Slight Injury
10:35:00;Wednesday;Under 18;Male;Junior high school;Employee;5-10yr;Automobile;Owner;5-10yrs;No defect;Other;Two-way (divided with broken lines road marking);Tangent road with flat terrain;No junction;Asphalt roads;Wet or damp;Daylight;Windy;Vehicle with vehicle collision;3;1;Turnover;na;na;na;na;Driver;Normal;Not a Pedestrian;Moving Backward;Slight Injury
10:35:00;Wednesday;31-50;Male;High school;Employee;5-10yr;Lorry (41?100Q);;;;Other;Two-way (divided with broken lines road marking);Tangent road with flat terrain;No junction;Asphalt roads;Dry;Daylight;Normal;Vehicle with vehicle collision;2;1;Going straight;Pedestrian;Male;Under 18;3;Self-employed;Normal;Not a Pedestrian;No distancing;Slight Injury
18:30:00;Thursday;18-30;Male;Junior high school;Employee;5-10yr;Lorry (41?100Q);Owner;Unknown;No defect;Other;Undivided Two way;Tangent road with flat terrain;No junction;Asphalt roads;Dry;Daylight;Normal;Vehicle with vehicle collision;2;1;Going straight;na;na;na;na;Driver;Normal;Not a Pedestrian;Moving Backward;Slight Injury
18:30:00;Thursday;31-50;Male;Junior high school;Employee;Above 10yr;Lorry (41?100Q);Owner;Unknown;No defect;Other;Double carriageway (median);Tangent road with flat terrain;No junction;Asphalt roads;Wet or damp;Daylight;Normal;Vehicle with vehicle collision;3;4;Going straight;Driver or rider;Male;Under 18;3;Driver;Normal;Not a Pedestrian;No priority to pedestrian;Slight Injury
18:30:00;Friday;31-50;Male;Junior high school;;1-2yr;Automobile;Owner;Unknown;;Residential areas;Two-way (divided with broken lines road marking);Tangent road with flat terrain;Y Shape;Asphalt roads;Wet or damp;Daylight;Normal;Vehicle with vehicle collision;3;4;Going straight;na;na;na;na;;;Not a Pedestrian;Changing lane to the left;Slight Injury
18:30:00;Friday;18-30;Male;Junior high school;Employee;2-5yr;Automobile;Owner;2-5yrs;;  Recreational areas;Undivided Two way;Tangent road with flat terrain;Y Shape;Asphalt roads;Wet or damp;Daylight;Normal;Vehicle with vehicle collision;3;4;Going straight;Driver or rider;Female;18-30;3;Driver;Normal;Not a Pedestrian;No distancing;Slight Injury
11:55:00;Friday;31-50;Male;Junior high school;Employee;1-2yr;Public (13?45 seats);Owner;;;Other;other;Tangent road with flat terrain;No junction;Asphalt roads;Wet or damp;Daylight;Normal;Vehicle with vehicle collision;3;4;Going straight;na;na;na;na;Driver;Normal;Not a Pedestrian;Other;Slight Injury
11:55:00;Friday;31-50;Male;;;;Public (13?45 seats);Owner;;;Office areas;Undivided Two way;Tangent road with flat terrain;No junction;Asphalt roads;Wet or damp;Daylight;Normal;Vehicle with vehicle collision;1;1;Going straight;Driver or rider;Male;Under 18;3;Employee;Normal;Not a Pedestrian;No distancing;Serious Injury
07:30:00;Wednesday;Over 51;Male;Elementary school;Employee;5-10yr;Lorry (41?100Q);;;;Other;Undivided Two way;Tangent road with flat terrain;No junction;Asphalt roads;Dry;Darkness - no lighting;Cloudy;Vehicle with vehicle collision;2;1;Going straight;Driver or rider;Male;18-30;3;;;Not a Pedestrian;No priority to pedestrian;Slight Injury
07:30:00;Wednesday;31-50;Male;Junior high school;Employee;5-10yr;Lorry (41?100Q);Owner;Unknown;;Office areas;Undivided Two way;Tangent road with flat terrain;No junction;Asphalt roads;Dry;Darkness - no lighting;Cloudy;Vehicle with vehicle collision;2;1;;na;na;na;na;Driver;Normal;Not a Pedestrian;Moving Backward;Slight Injury
00:09:00;Monday;18-30;Female;Junior high school;Employee;Above 10yr;Public (12 seats);Owner;Unknown;;Office areas;One way;Tangent road with flat terrain;No junction;Asphalt roads;Wet or damp;Darkness - lights lit;Normal;Vehicle with vehicle collision;2;2;Other;na;na;na;na;Self-employed;Normal;Not a Pedestrian;No priority to pedestrian;Slight Injury
00:09:00;Monday;31-50;Male;Junior high school;Employee;2-5yr;Other;Owner;Unknown;;Office areas;Undivided Two way;Tangent road with flat terrain;No junction;Asphalt roads;Wet or damp;Darkness - lights lit;Normal;Vehicle with vehicle collision;2;2;Getting off;Driver or rider;Male;Under 18;3;Self-employed;Normal;Not a Pedestrian;No distancing;Slight Injury
19:47:00;Saturday;18-30;Male;Junior high school;Owner;Above 10yr;Lorry (41?100Q);Owner;Unknown;No defect;Other;Undivided Two way;Tangent road with flat terrain;No junction;Asphalt roads;Wet or damp;Daylight;Normal;Vehicle with vehicle collision;2;1;Going straight;Pedestrian;Male;Under 18;3;Employee;Normal;Crossing from driver's nearside;No priority to pedestrian;Slight Injury
19:47:00;Saturday;31-50;Male;Junior high school;Employee;2-5yr;Automobile;Governmental;Unknown;;Other;Double carriageway (median);Tangent road with flat terrain;No junction;Asphalt roads;Wet or damp;Daylight;Normal;Vehicle with vehicle collision;2;1;Going straight;na;na;na;na;Driver;Normal;Not a Pedestrian;Driving carelessly;Slight Injury
19:00:00;Wednesday;31-50;Male;Elementary school;Other;5-10yr;Other;Owner;Unknown;No defect;Office areas;Two-way (divided with solid lines road marking);Tangent road with flat terrain;No junction;Asphalt roads;Dry;Daylight;Normal;Vehicle with vehicle collision;3;3;Going straight;Driver or rider;Male;31-50;3;Driver;Normal;Not a Pedestrian;Getting off the vehicle improperly;Serious Injury
19:00:00;Wednesday;Under 18;Male;Elementary school;Employee;5-10yr;Motorcycle;Owner;Unknown;;Residential areas;other;Tangent road with flat terrain;No junction;Asphalt roads;Dry;Daylight;Normal;Vehicle with vehicle collision;3;3;Other;Driver or rider;Female;18-30;3;Employee;Normal;Not a Pedestrian;Driving carelessly;Serious Injury
12:00:00;Thursday;Unknown;Male;Junior high school;;5-10yr;Automobile;Governmental;2-5yrs;;  Recreational areas;Undivided Two way;Tangent road with flat terrain;No junction;Asphalt roads;Dry;Daylight;Normal;Collision with roadside objects;3;3;Going straight;na;na;na;na;Self-employed;Normal;Not a Pedestrian;Changing lane to the left;Serious Injury
12:00:00;Thursday;18-30;Male;Junior high school;Employee;5-10yr;Automobile;Owner;1-2yr;No defect;Other;other;Tangent road with flat terrain;No junction;Asphalt roads;Wet or damp;Darkness - lights lit;Normal;Vehicle with vehicle collision;1;1;Moving Backward;Driver or rider;Female;18-30;3;Driver;Normal;Not a Pedestrian;No priority to vehicle;Serious Injury
22:42:00;Friday;18-30;Male;Elementary school;Employee;Above 10yr;Lorry (41?100Q);Owner;Above 10yr;No defect;Residential areas;other;Tangent road with flat terrain;No junction;Asphalt roads;Dry;Darkness - lights lit;Normal;Collision with pedestrians;1;1;Other;na;na;na;na;Driver;Normal;Not a Pedestrian;Changing lane to the right;Slight Injury
07:55:00;Monday;18-30;Male;Junior high school;;Below 1yr;Automobile;Owner;Unknown;No defect;Other;other;Tangent road with flat terrain;Y Shape;Asphalt roads;Dry;Daylight;Normal;Vehicle with vehicle collision;2;1;Going straight;Pedestrian;Male;Under 18;2;Self-employed;Normal;Unknown or other;Changing lane to the right;Slight Injury
07:25:00;Friday;31-50;Male;Junior high school;Employee;5-10yr;Public (> 45 seats);Owner;Unknown;;Other;other;Tangent road with flat terrain;Y Shape;Asphalt roads;Dry;Daylight;Normal;Collision with roadside objects;2;1;Going straight;Driver or rider;Female;31-50;3;Driver;Normal;Not a Pedestrian;No distancing;Slight Injury
07:25:00;Friday;31-50;Male;Elementary school;Employee;1-2yr;Lorry (41?100Q);Owner;5-10yrs;;Other;One way;Tangent road with flat terrain;Y Shape;Asphalt roads;Dry;Darkness - lights lit;Normal;Vehicle with vehicle collision;2;1;Going straight;na;na;na;na;Driver;Normal;Not a Pedestrian;No distancing;Serious Injury
23:25:00;Saturday;Unknown;Male;;;;Public (> 45 seats);Owner;Unknown;No defect;Other;Two-way (divided with broken lines road marking);Tangent road with flat terrain;Y Shape;Asphalt roads;Dry;Darkness - lights lit;Normal;Vehicle with vehicle collision;2;1;;Driver or rider;Male;18-30;3;Driver;Normal;Not a Pedestrian;Changing lane to the left;Serious Injury
23:25:00;Saturday;18-30;Male;Junior high school;Employee;Above 10yr;Lorry (41?100Q);Owner;2-5yrs;No defect;Other;other;Tangent road with flat terrain;Y Shape;Asphalt roads;Wet or damp;Darkness - lights lit;Other;Vehicle with vehicle collision;2;3;Going straight;na;na;na;na;Self-employed;Normal;Not a Pedestrian;Changing lane to the right;Slight Injury
15:10:00;Wednesday;Over 51;Male;High school;Owner;2-5yr;Lorry (41?100Q);Owner;Unknown;No defect;School areas;Undivided Two way;Tangent road with flat terrain;No junction;Asphalt roads;Wet or damp;Darkness - lights lit;Other;Vehicle with vehicle collision;2;3;Going straight;Pedestrian;Male;Under 18;2;Employee;Normal;Not a Pedestrian;No priority to vehicle;Slight Injury
15:10:00;Wednesday;31-50;Male;Junior high school;Employee;1-2yr;Lorry (41?100Q);Owner;;No defect;Office areas;Two-way (divided with broken lines road marking);Tangent road with flat terrain;No junction;Asphalt roads;Wet or damp;Darkness - lights lit;Other;Vehicle with vehicle collision;2;3;Going straight;Driver or rider;Male;31-50;3;;;Not a Pedestrian;Changing lane to the left;Slight Injury
17:00:00;Wednesday;Unknown;Male;Junior high school;Employee;1-2yr;Public (12 seats);Owner;Unknown;No defect;Office areas;Two-way (divided with broken lines road marking);Tangent road with flat terrain;No junction;Asphalt roads;Wet or damp;Darkness - lights lit;Other;Rollover;2;3;Going straight;Driver or rider;Male;18-30;3;Self-employed;Normal;Not a Pedestrian;No priority to vehicle;Slight Injury
17:00:00;Wednesday;31-50;Male;Above high school;Owner;2-5yr;Public (12 seats);Owner;5-10yrs;No defect;Office areas;Two-way (divided with broken lines road marking);Tangent road with flat terrain;No junction;Asphalt roads;Dry;Daylight;Normal;Collision with roadside objects;2;2;Going straight;Pedestrian;Male;Over 51;2;Driver;Normal;Crossing from driver's nearside;Moving Backward;Serious Injury
16:10:00;Tuesday;18-30;Male;;;;Stationwagen;Owner;Unknown;No defect;School areas;;Tangent road with flat terrain;Crossing;Asphalt roads;Dry;Daylight;Normal;Vehicle with vehicle collision;2;2;Going straight;Pedestrian;Male;18-30;3;Driver;Normal;Not a Pedestrian;Turnover;Serious Injury
13:29:00;Saturday;31-50;Male;Elementary school;Owner;2-5yr;Lorry (41?100Q);Governmental;;No defect;School areas;Undivided Two way;Tangent road with flat terrain;Crossing;Asphalt roads;Wet or damp;Daylight;Raining;Vehicle with vehicle collision;1;1;Going straight;Driver or rider;Male;5;2;Driver;Normal;Not a Pedestrian;No distancing;Slight Injury
13:29:00;Saturday;18-30;Male;Junior high school;Employee;1-2yr;Automobile;Owner;;No defect;Office areas;Two-way (divided with broken lines road marking);Tangent road with flat terrain;Y Shape;Asphalt roads;Wet or damp;Daylight;Normal;Collision with roadside objects;1;1;Going straight;na;na;na;na;Driver;Normal;Not a Pedestrian;No distancing;Serious Injury
12:40:00;Friday;Over 51;Male;;Owner;5-10yr;Pick up upto 10Q;Owner;;No defect;Office areas;Two-way (divided with broken lines road marking);Tangent road with flat terrain;Y Shape;Asphalt roads;Wet or damp;Darkness - lights unlit;Normal;Vehicle with vehicle collision;2;2;Going straight;Driver or rider;Male;18-30;2;Self-employed;Normal;Not a Pedestrian;No distancing;Slight Injury
12:40:00;Friday;18-30;Male;Junior high school;Employee;Below 1yr;Automobile;Governmental;Above 10yr;No defect;School areas;Two-way (divided with broken lines road marking);Tangent road with flat terrain;Y Shape;Asphalt roads;Wet or damp;Darkness - lights unlit;Normal;Vehicle with vehicle collision;2;2;Going straight;na;na;na;na;Driver;Normal;Not a Pedestrian;Changing lane to the left;Slight Injury
15:30:00;Friday;Over 51;Male;Junior high school;Employee;2-5yr;Public (13?45 seats);Owner;1-2yr;No defect;;Two-way (divided with broken lines road marking);Tangent road with flat terrain;No junction;Asphalt roads;Wet or damp;Daylight;Other;Vehicle with vehicle collision;2;2;Going straight;Driver or rider;Male;31-50;3;Driver;Normal;Not a Pedestrian;No priority to vehicle;Slight Injury
15:30:00;Friday;31-50;Male;Junior high school;Employee;5-10yr;Public (> 45 seats);Owner;Above 10yr;No defect;Other;Two-way (divided with broken lines road marking);Tangent road with flat terrain;No junction;Asphalt roads;Wet or damp;Daylight;Other;Vehicle with vehicle collision;2;2;;Driver or rider;Male;31-50;3;;;Not a Pedestrian;Driving at high speed;Slight Injury
15:30:00;Friday;31-50;Male;Junior high school;Employee;Above 10yr;Stationwagen;Owner;Below 1yr;No defect;Other;Undivided Two way;Tangent road with flat terrain;No junction;Asphalt roads;Wet or damp;Daylight;Other;Vehicle with vehicle collision;2;2;Going straight;na;na;na;na;Self-employed;Normal;Not a Pedestrian;Overtaking;Slight Injury
15:30:00;Friday;31-50;Male;Elementary school;Employee;2-5yr;;Owner;Above 10yr;No defect;Other;Two-way (divided with broken lines road marking);Tangent road with flat terrain;Y Shape;Asphalt roads;Wet or damp;Darkness - lights lit;Other;Vehicle with vehicle collision;1;1;Going straight;Driver or rider;Male;18-30;3;Driver;Normal;Not a Pedestrian;Other;Slight Injury
15:30:00;Friday;31-50;Male;Elementary school;Owner;Above 10yr;Lorry (41?100Q);Owner;Unknown;No defect;Residential areas;Undivided Two way;Tangent road with flat terrain;Y Shape;Asphalt roads;Wet or damp;Darkness - lights lit;Windy;Collision with pedestrians;2;1;Going straight;na;na;na;na;Driver;Normal;Not a Pedestrian;Changing lane to the left;Slight Injury
03:32:00;Saturday;Under 18;Male;Junior high school;Employee;1-2yr;Stationwagen;Governmental;1-2yr;No defect;Other;Undivided Two way;Tangent road with flat terrain;Y Shape;Asphalt roads;Wet or damp;Darkness - lights lit;Windy;Vehicle with vehicle collision;2;1;Going straight;Driver or rider;Male;18-30;3;Driver;Normal;Not a Pedestrian;No priority to pedestrian;Slight Injury
04:00:00;Friday;18-30;Male;Junior high school;Employee;5-10yr;Lorry (41?100Q);Owner;1-2yr;No defect;Other;Undivided Two way;Tangent road with flat terrain;Y Shape;Asphalt roads;Dry;Daylight;Normal;Collision with roadside objects;1;1;Turnover;na;na;na;na;Other;Normal;Not a Pedestrian;Changing lane to the left;Fatal injury
04:00:00;Friday;18-30;Male;Junior high school;Employee;2-5yr;Public (12 seats);Owner;;No defect; Industrial areas;Undivided Two way;Tangent road with flat terrain;Y Shape;Asphalt roads;Wet or damp;Darkness - lights lit;Raining;Vehicle with vehicle collision;2;1;Moving Backward;na;na;na;na;Employee;Normal;Not a Pedestrian;No distancing;Serious Injury
04:00:00;Friday;18-30;Male;Junior high school;Employee;2-5yr;Lorry (41?100Q);Owner;;No defect;  Recreational areas;Undivided Two way;Tangent road with flat terrain;No junction;Asphalt roads;Wet or damp;Darkness - lights lit;Raining;Vehicle with vehicle collision;2;1;Going straight;Driver or rider;Female;31-50;3;Driver;Normal;Not a Pedestrian;Moving Backward;Serious Injury
04:00:00;Friday;18-30;Male;Junior high school;Employee;2-5yr;Other;Owner;Above 10yr;No defect; Church areas;Two-way (divided with broken lines road marking);Tangent road with flat terrain;No junction;Asphalt roads;Dry;Daylight;Unknown;Vehicle with vehicle collision;2;1;Going straight;Driver or rider;Male;18-30;3;Self-employed;Normal;Not a Pedestrian;Changing lane to the left;Slight Injury
15:50:00;Saturday;18-30;Male;Junior high school;Employee;2-5yr;Stationwagen;Owner;;;Office areas;Two-way (divided with broken lines road marking);Tangent road with flat terrain;Crossing;Asphalt roads;Dry;Daylight;Unknown;Vehicle with vehicle collision;2;1;Moving Backward;na;na;na;na;Driver;Normal;Not a Pedestrian;Other;Slight Injury
08:50:00;Friday;Under 18;Male;Junior high school;Employee;Above 10yr;Automobile;Owner;;;Other;Two-way (divided with broken lines road marking);Tangent road with flat terrain;Crossing;Asphalt roads;Dry;Darkness - lights lit;Normal;Vehicle with vehicle collision;1;1;Going straight;Driver or rider;Male;18-30;2;;;Not a Pedestrian;No distancing;Slight Injury
00:25:00;Sunday;18-30;Male;Junior high school;Employee;Above 10yr;Public (> 45 seats);Owner;;;Office areas;Undivided Two way;Tangent road with flat terrain;Y Shape;Asphalt roads with some distress;Wet or damp;Darkness - lights lit;Unknown;Vehicle with vehicle collision;1;1;Moving Backward;na;na;na;na;Driver;Normal;Not a Pedestrian;Moving Backward;Serious Injury
00:25:00;Sunday;31-50;Male;Elementary school;Employee;5-10yr;Other;Owner;;;Office areas;Two-way (divided with broken lines road marking);Tangent road with flat terrain;Y Shape;Asphalt roads;Dry;Daylight;Normal;Vehicle with vehicle collision;2;3;Going straight;Passenger;Male;18-30;3;Driver;Normal;Not a Pedestrian;No distancing;Slight Injury
00:25:00;Sunday;31-50;Female;;Employee;;Lorry (41?100Q);Owner;;;Other;Two-way (divided with broken lines road marking);Tangent road with flat terrain;No junction;Asphalt roads;Dry;Daylight;Normal;Vehicle with vehicle collision;2;3;Going straight;Driver or rider;Male;Under 18;2;Self-employed;Normal;Not a Pedestrian;Changing lane to the left;Slight Injury
00:10:00;Sunday;18-30;Male;;Employee;2-5yr;Automobile;Owner;Above 10yr;;Residential areas;Undivided Two way;Tangent road with flat terrain;No junction;Asphalt roads;Dry;Daylight;Normal;Vehicle with vehicle collision;2;3;Going straight;na;na;na;na;Self-employed;Normal;Not a Pedestrian;Changing lane to the left;Slight Injury
00:10:00;Sunday;18-30;Male;Elementary school;Employee;5-10yr;Public (> 45 seats);Owner;Above 10yr;;Office areas;other;Tangent road with mountainous terrain and;No junction;Asphalt roads;Dry;Daylight;Normal;Collision with roadside objects;2;3;Other;Driver or rider;Male;31-50;3;Driver;Normal;Not a Pedestrian;No priority to pedestrian;Slight Injury
15:20:00;Saturday;Unknown;Male;Junior high school;Employee;5-10yr;;Owner;Above 10yr;No defect;Residential areas;other;Tangent road with flat terrain;No junction;Gravel roads;Dry;Daylight;Normal;Vehicle with vehicle collision;2;2;Other;Driver or rider;Female;18-30;3;Driver;Normal;Not a Pedestrian;Changing lane to the left;Slight Injury
15:20:00;Saturday;31-50;Male;Junior high school;Employee;Above 10yr;Automobile;;;;School areas;Two-way (divided with broken lines road marking);Tangent road with flat terrain;Crossing;Asphalt roads;Dry;Daylight;Normal;Collision with roadside objects;2;2;Going straight;na;na;na;na;Self-employed;Normal;Not a Pedestrian;Driving carelessly;Slight Injury
15:20:00;Saturday;31-50;Male;Junior high school;Employee;5-10yr;Pick up upto 10Q;Owner;Above 10yr;No defect;Office areas;Two-way (divided with broken lines road marking);Sharp reverse curve;Crossing;Asphalt roads;Dry;Daylight;Normal;Vehicle with vehicle collision;2;2;Reversing;Driver or rider;Male;18-30;3;Driver;Normal;Not a Pedestrian;Driving carelessly;Slight Injury
16:30:00;Saturday;Under 18;Male;Junior high school;Employee;Above 10yr;Public (12 seats);Owner;5-10yrs;No defect;Other;other;Tangent road with flat terrain;Y Shape;Asphalt roads;Wet or damp;Darkness - lights lit;Raining;Vehicle with vehicle collision;2;1;Going straight;na;na;na;na;Self-employed;Normal;Not a Pedestrian;No priority to pedestrian;Slight Injury
16:30:00;Saturday;Under 18;Male;Elementary school;Employee;Below 1yr;Lorry (41?100Q);Owner;Above 10yr;No defect;Other;Undivided Two way;Tangent road with flat terrain;Y Shape;Asphalt roads;Wet or damp;Darkness - lights lit;Raining;;2;1;Going straight;Pedestrian;Female;Under 18;3;Driver;Normal;Not a Pedestrian;Getting off the vehicle improperly;Slight Injury
01:05:00;Friday;Under 18;Male;Elementary school;Employee;5-10yr;Lorry (41?100Q);Owner;Above 10yr;No defect; Church areas;other;Tangent road with flat terrain;Y Shape;Asphalt roads;Dry;Daylight;Normal;Collision with pedestrians;2;2;Going straight;Driver or rider;Male;18-30;2;Driver;Normal;Not a Pedestrian;No distancing;Slight Injury
01:05:00;Friday;31-50;Male;Elementary school;Employee;1-2yr;Lorry (41?100Q);Owner;;No defect;Office areas;Two-way (divided with broken lines road marking);Tangent road with flat terrain;Y Shape;Asphalt roads;Dry;Daylight;Normal;Vehicle with vehicle collision;2;2;Going straight;na;na;na;na;Driver;Normal;Not a Pedestrian;Changing lane to the left;Slight Injury
19:40:00;Monday;Over 51;Male;Elementary school;Employee;5-10yr;Public (13?45 seats);Owner;;No defect;Other;Two-way (divided with broken lines road marking);Tangent road with flat terrain;O Shape;Asphalt roads;Dry;Daylight;Normal;Vehicle with vehicle collision;2;2;Moving Backward;Pedestrian;Female;18-30;3;Driver;Normal;In carriageway, statioNot a Pedestrianry - not crossing  (standing or playing);No priority to vehicle;Slight Injury
19:40:00;Monday;31-50;Male;Elementary school;Employee;5-10yr;Lorry (41?100Q);Owner;;No defect;Office areas;Two-way (divided with broken lines road marking);Tangent road with mild grade and flat terrain;Y Shape;Asphalt roads;Dry;Daylight;Normal;Vehicle with vehicle collision;1;1;Going straight;Driver or rider;Female;31-50;3;Driver;Normal;Not a Pedestrian;No distancing;Slight Injury
19:40:00;Monday;31-50;Male;Elementary school;Employee;2-5yr;Lorry (41?100Q);Owner;;No defect;Office areas;Two-way (divided with broken lines road marking);Tangent road with flat terrain;Y Shape;Asphalt roads;Dry;Daylight;Normal;Collision with pedestrians;1;1;Going straight;na;na;na;na;;;Not a Pedestrian;No priority to pedestrian;Slight Injury
19:08:00;Tuesday;18-30;Male;Elementary school;Employee;5-10yr;Motorcycle;Owner;Above 10yr;No defect;Office areas;Two-way (divided with broken lines road marking);Sharp reverse curve;Y Shape;Asphalt roads;Dry;Daylight;Normal;Collision with roadside objects;3;1;Going straight;na;na;na;na;Driver;Normal;Not a Pedestrian;No priority to pedestrian;Slight Injury
19:08:00;Tuesday;18-30;Male;;;5-10yr;Lorry (41?100Q);Owner;Above 10yr;No defect; Church areas;Undivided Two way;Sharp reverse curve;Y Shape;Asphalt roads;Dry;Daylight;Normal;;3;1;Going straight;Driver or rider;Male;18-30;3;Driver;Normal;Not a Pedestrian;No priority to vehicle;Slight Injury
17:50:00;Saturday;Over 51;Male;Junior high school;Employee;Above 10yr;Ridden horse;Owner;Above 10yr;No defect;Office areas;Undivided Two way;Gentle horizontal curve;Y Shape;Asphalt roads;Dry;Daylight;Normal;Vehicle with vehicle collision;3;1;Going straight;na;na;na;na;;;Not a Pedestrian;Driving carelessly;Slight Injury
17:50:00;Saturday;18-30;Male;Junior high school;Employee;Above 10yr;Automobile;Owner;5-10yrs;No defect;Other;Double carriageway (median);Gentle horizontal curve;Y Shape;Asphalt roads;Wet or damp;Daylight;Normal;;2;2;Moving Backward;Driver or rider;Male;18-30;3;Self-employed;Normal;Not a Pedestrian;Changing lane to the right;Serious Injury
21:30:00;Sunday;31-50;Male;Elementary school;Employee;Below 1yr;Lorry (41?100Q);Owner;;;Other;Two-way (divided with broken lines road marking);Tangent road with flat terrain;Y Shape;Asphalt roads;Wet or damp;Daylight;Normal;;2;2;Going straight;Driver or rider;Male;18-30;3;Driver;Normal;Not a Pedestrian;Changing lane to the left;Serious Injury
21:30:00;Sunday;31-50;Male;Elementary school;Employee;5-10yr;Pick up upto 10Q;Owner;5-10yrs;No defect; Church areas;Unknown;Tangent road with mountainous terrain and;Y Shape;Asphalt roads;Wet or damp;Daylight;Normal;;2;2;Going straight;na;na;na;na;Driver;Normal;Not a Pedestrian;Moving Backward;Serious Injury