Time;Day_of_week;Age_band_of_driver;Sex_of_driver;Educational_level;Vehicle_driver_relation;Driving_experience;Type_of_vehicle;Owner_of_vehicle;Service_year_of_vehicle;Defect_of_vehicle;Area_accident_occured;Lanes_or_Medians;Road_allignment;Types_of_Junction;Road_surface_type;Road_surface_conditions;Light_conditions;Weather_conditions;Type_of_collision;Number_of_vehicles_involved;Number_of_casualties;Vehicle_movement;Casualty_class;Sex_of_casualty;Age_band_of_casualty;Casualty_severity;Work_of_casuality;Fitness_of_casuality;Pedestrian_movement;Cause_of_accident;Accident_severity
18:49:00;Tuesday;18-30;Male;;;;Other;Owner;2-5yrs;;Residential areas;Undivided Two way;Tangent road with flat terrain;Y Shape;Asphalt roads;Dry;Daylight;Normal;;2;1;Moving Backward;Driver or rider;Male;18-30;3;Self-employed;Normal;Not a Pedestrian;Changing lane to the left;Slight Injury
12:46:00;Friday;31-50;Male;;Employee;1-2yr;Automobile;Owner;Unknown;No defect;Residential areas;Undivided Two way;Tangent road with flat terrain;Y Shape;Asphalt roads;Dry;Daylight;Normal;Vehicle with vehicle collision;1;2;Going straight;Pedestrian;Female;18-30;3;Self-employed;Normal;Unknown or other;Changing lane to the right;Serious Injury
12:46:00;Friday;31-50;Female;Junior high school;Employee;2-5yr;Automobile;Owner;5-10yrs;7;;Two-way (divided with broken lines road marking);Tangent road with flat terrain;Other;Asphalt roads;Dry;Daylight;Normal;;1;2;Moving Backward;na;na;na;na;Driver;Normal;Not a Pedestrian;Driving under the influence of drugs;Serious Injury
07:40:00;Wednesday;18-30;Male;Junior high school;Employee;Above 10yr;Stationwagen;Owner;Unknown;7;Other;other;Tangent road with flat terrain;Other;Asphalt roads;Dry;Daylight;Normal;;3;1;Going straight;Driver or rider;Male;31-50;3;Driver;Normal;Not a Pedestrian;Driving carelessly;Slight Injury
07:40:00;Wednesday;31-50;Male;Junior high school;Employee;Below 1yr;Pick up upto 10Q;Owner;Unknown;No defect;Office areas;;Steep grade downward with mountainous terrain;No junction;Asphalt roads;Dry;Daylight;Normal;;3;1;;na;na;na;na;;;Not a Pedestrian;No distancing;Slight Injury
06:00:00;Sunday;Unknown;Male;Junior high school;Employee;2-5yr;Lorry (41?100Q);Governmental;Unknown;No defect;School areas;Double carriageway (median);Tangent road with flat terrain;No junction;Asphalt roads;Dry;Daylight;Normal;Vehicle with vehicle collision;3;1;Going straight;Pedestrian;Male;31-50;3;Driver;Normal;Not a Pedestrian;No priority to vehicle;Slight Injury
06:00:00;Sunday;18-30;Male;Junior high school;Employee;Below 1yr;Automobile;Owner;Unknown;No defect;Other;Two-way (divided with broken lines road marking);Steep grade downward with mountainous terrain;Unknown;Asphalt roads;Dry;Daylight;Normal;Vehicle with vehicle collision;2;1;;Driver or rider;Male;18-30;3;Driver;Normal;Not a Pedestrian;No priority to vehicle;Slight Injury
15:00:00;Saturday;31-50;Male;High school;Employee;5-10yr;;Owner;5-10yrs;No defect;Other;Two-way (divided with broken lines road marking);Tangent road with rolling terrain;Unknown;Asphalt roads;Dry;Daylight;Normal;Collision with roadside objects;2;1;Going straight;na;na;na;na;Student;Normal;Not a Pedestrian;No priority to vehicle;Slight Injury
18:02:00;Wednesday;31-50;Male;Above high school;Employee;1-2yr;Lorry (41?100Q);Governmental;Unknown;No defect; Church areas;Two-way (divided with broken lines road marking);Tangent road with flat terrain;Y Shape;Asphalt roads;Dry;Daylight;Normal;Collision with roadside objects;2;1;;Driver or rider;Male;18-30;3;Employee;Normal;Not a Pedestrian;Changing lane to the left;Slight Injury
21:25:00;Thursday;18-30;Male;Junior high school;Employee;Below 1yr;Lorry (41?100Q);;;;Office areas;;Tangent road with mild grade and flat terrain;Y Shape;Asphalt roads;Dry;Daylight;Normal;Vehicle with vehicle collision;2;1;Going straight;na;na;na;na;Driver;Normal;Not a Pedestrian;Moving Backward;Slight Injury
21:25:00;Thursday;18-30;Male;;;;Lorry (41?100Q);Owner;;;Other;Two-way (divided with broken lines road marking);Tangent road with mild grade and flat terrain;Y Shape;Asphalt roads;Dry;Daylight;Normal;Vehicle with vehicle collision;3;1;Going straight;Driver or rider;Male;5;3;Other;Normal;Not a Pedestrian;Driving carelessly;Slight Injury
21:25:00;Thursday;18-30;Male;High school;Employee;Below 1yr;Pick up upto 10Q;Governmental;;No defect;Residential areas;Double carriageway (median);Tangent road with flat terrain;No junction;Asphalt roads;Dry;Daylight;Normal;Vehicle with vehicle collision;3;1;Going straight;Driver or rider;Male;18-30;3;;Normal;Not a Pedestrian;Driving under the influence of drugs;Slight Injury
16:55:00;Friday;31-50;Female;High school;Employee;Below 1yr;Pick up upto 10Q;Owner;;;Office areas;Two-way (divided with broken lines road marking);Tangent road with flat terrain;Crossing;Asphalt roads;Dry;Daylight;Normal;Vehicle with vehicle collision;3;1;Going straight;na;na;na;na;;;Not a Pedestrian;Changing lane to the right;Slight Injury
16:55:00;Friday;31-50;Female;;;;Automobile;Owner;;;Office areas;Undivided Two way;Tangent road with flat terrain;Crossing;Asphalt roads;Dry;Daylight;Normal;Vehicle with vehicle collision;2;1;Going straight;Pedestrian;Female;18-30;2;;;Not a Pedestrian;No priority to vehicle;Slight Injury
16:55:00;Friday;31-50;Male;High school;Employee;2-5yr;Other;Owner;Below 1yr;;Office areas;Two-way (divided with broken lines road marking);Tangent road with flat terrain;Y Shape;Asphalt roads;Dry;Daylight;Normal;Rollover;2;1;Other;na;na;na;na;Employee;;Not a Pedestrian;Changing lane to the right;Slight Injury
16:55:00;Friday;Unknown;Male;Junior high school;Employee;Above 10yr;;Organization;1-2yr;; Church areas;;Tangent road with flat terrain;Unknown;Asphalt roads;Dry;Darkness - lights lit;Normal;Vehicle with vehicle collision;1;2;Other;Driver or rider;Male;18-30;3;Driver;;Not a Pedestrian;Driving to the left;Serious Injury
16:55:00;Friday;Unknown;Male;Junior high school;Employee;Above 10yr;Automobile;Owner;;;Office areas;Two-way (divided with broken lines road marking);Tangent road with flat terrain;Unknown;Asphalt roads;Dry;Darkness - lights lit;Normal;Collision with roadside objects;1;2;Going straight;Pedestrian;Female;18-30;3;Driver;;Crossing from nearside - masked by parked or statioNot a Pedestrianry vehicle;Moving Backward;Serious Injury
20:15:00;Monday;18-30;Male;Junior high school;Employee;5-10yr;Motorcycle;Owner;1-2yr;;Office areas;Two-way (divided with broken lines road marking);Tangent road with mild grade and flat terrain;Y Shape;Asphalt roads;Dry;Daylight;Normal;Collision with pedestrians;3;1;Going straight;Pedestrian;Female;18-30;3;Driver;;Not a Pedestrian;No priority to vehicle;Slight Injury
20:15:00;Monday;18-30;Male;Junior high school;Employee;1-2yr;Automobile;Owner;;;Office areas;Two-way (divided with broken lines road marking);Tangent road with mild grade and flat terrain;Y Shape;Asphalt roads;Dry;Daylight;Normal;Vehicle with vehicle collision;3;1;Getting off;na;na;na;na;Self-employed;Normal;Not a Pedestrian;No distancing;Slight Injury
20:15:00;Monday;18-30;Male;Unknown;Employee;Below 1yr;Automobile;Owner;5-10yrs;No defect;Office areas;Two-way (divided with broken lines road marking);Tangent road with flat terrain;No junction;Asphalt roads;Dry;Daylight;Normal;Vehicle with vehicle collision;3;1;Going straight;Driver or rider;Male;18-30;3;Driver;Normal;Not a Pedestrian;Driving carelessly;Slight Injury
15:30:00;Tuesday;31-50;Male;Junior high school;Employee;Below 1yr;Public (12 seats);Owner;;No defect;Other;Two-way (divided with broken lines road marking);Tangent road with flat terrain;Y Shape;Asphalt roads;Dry;Darkness - lights lit;Normal;Vehicle with vehicle collision;2;2;Going straight;Driver or rider;Male;18-30;3;Other;Normal;Not a Pedestrian;Changing lane to the left;Slight Injury
20:17:00;Thursday;31-50;Male;High school;Employee;2-5yr;Long lorry;Owner;;No defect;Residential areas;Double carriageway (median);Tangent road with flat terrain;Y Shape;Asphalt roads;Dry;Darkness - lights lit;Normal;Vehicle with vehicle collision;2;2;Going straight;na;na;na;na;;;Not a Pedestrian;No priority to vehicle;Slight Injury
20:17:00;Thursday;31-50;Male;Junior high school;Owner;1-2yr;Automobile;Owner;;No defect; Church areas;Undivided Two way;Tangent road with flat terrain;Y Shape;Asphalt roads;Dry;Daylight;Normal;Vehicle with vehicle collision;1;2;Going straight;Driver or rider;Male;31-50;3;Driver;Normal;Not a Pedestrian;No priority to vehicle;Serious Injury
13:07:00;Sunday;31-50;Male;Junior high school;Employee;5-10yr;Automobile;Owner;;No defect;Other;Two-way (divided with broken lines road marking);Tangent road with flat terrain;Y Shape;Asphalt roads;Dry;Daylight;Normal;Vehicle with vehicle collision;1;2;Going straight;na;na;na;na;Self-employed;Normal;Not a Pedestrian;No distancing;Serious Injury
13:07:00;Sunday;31-50;Male;Elementary school;Employee;2-5yr;Public (> 45 seats);Owner;;No defect;  Recreational areas;Two-way (divided with broken lines road marking);Tangent road with flat terrain;Y Shape;Asphalt roads;Dry;Daylight;Normal;Vehicle with vehicle collision;2;1;Getting off;na;na;na;na;Self-employed;Normal;Not a Pedestrian;Driving to the left;Slight Injury
13:07:00;Sunday;31-50;Male;Elementary school;Owner;5-10yr;Pick up upto 10Q;;;;;;Tangent road with flat terrain;Y Shape;Asphalt roads;Dry;Daylight;Normal;Collision with roadside objects;2;1;Going straight;Driver or rider;Male;18-30;3;Self-employed;Normal;Not a Pedestrian;Driving carelessly;Slight Injury
16:30:00;Tuesday;31-50;Male;Junior high school;Employee;Above 10yr;Lorry (41?100Q);Owner;Unknown;No defect; Industrial areas;Undivided Two way;Tangent road with mild grade and flat terrain;Y Shape;Asphalt roads;Dry;Darkness - lights lit;Normal;Rollover;1;1;Going straight;Driver or rider;Male;31-50;3;;Other;Not a Pedestrian;Driving carelessly;Fatal injury
16:30:00;Tuesday;31-50;Male;Junior high school;Employee;5-10yr;Automobile;Owner;;No defect;Other;Two-way (divided with broken lines road marking);Tangent road with flat terrain;Y Shape;Asphalt roads;Dry;Daylight;Normal;Vehicle with vehicle collision;1;1;Other;Driver or rider;Female;18-30;3;Driver;Blind;Not a Pedestrian;Changing lane to the right;Slight Injury
15:18:00;Monday;31-50;Male;High school;Employee;5-10yr;Public (13?45 seats);Owner;Unknown;;Other;other;Tangent road with flat terrain;Y Shape;Asphalt roads;Dry;Daylight;Normal;Collision with pedestrians;2;2;Going straight;Driver or rider;Male;Under 18;3;Driver;Normal;Not a Pedestrian;Driving carelessly;Slight Injury
17:40:00;Wednesday;18-30;Male;Junior high school;Employee;5-10yr;Automobile;Owner;5-10yrs;No defect; Church areas;other;Tangent road with flat terrain;Y Shape;Asphalt roads;Dry;Daylight;Normal;Vehicle with vehicle collision;2;2;Going straight;Driver or rider;Female;18-30;3;Self-employed;Normal;Not a Pedestrian;Changing lane to the left;Slight Injury
18:32:00;Tuesday;18-30;Male;Junior high school;Employee;Above 10yr;Public (> 45 seats);Owner;5-10yrs;No defect; Church areas;Undivided Two way;Tangent road with flat terrain;O Shape;Asphalt roads;Dry;Daylight;Normal;Vehicle with vehicle collision;2;1;Going straight;na;na;na;na;Driver;Normal;Not a Pedestrian;Driving carelessly;Slight Injury
18:32:00;Tuesday;18-30;Male;Junior high school;;1-2yr;Public (12 seats);Owner;;No defect;Other;Two-way (divided with broken lines road marking);Tangent road with flat terrain;O Shape;Asphalt roads;Dry;Daylight;Normal;Collision with pedestrians;2;1;Going straight;na;na;na;na;Driver;Normal;Not a Pedestrian;Driving carelessly;Slight Injury
18:32:00;Tuesday;31-50;Male;Junior high school;Employee;2-5yr;Automobile;Owner;;No defect;Other;One way;Tangent road with flat terrain;O Shape;Asphalt roads;Wet or damp;Daylight;Raining;Collision with pedestrians;2;4;Going straight;Driver or rider;Male;Under 18;3;Driver;Normal;Not a Pedestrian;Driving under the influence of drugs;Fatal injury
18:32:00;Tuesday;Over 51;Male;Junior high school;Employee;1-2yr;Lorry (41?100Q);Governmental;2-5yrs;;  Recreational areas;Two-way (divided with broken lines road marking);Tangent road with flat terrain;No junction;;Wet or damp;Daylight;Raining;Vehicle with vehicle collision;2;4;Reversing;Driver or rider;Male;18-30;3;Driver;Normal;Not a Pedestrian;Driving carelessly;Fatal injury
18:35:00;Saturday;31-50;Male;;;;Automobile;Owner;2-5yrs;;Other;Undivided Two way;Tangent road with flat terrain;Y Shape;Asphalt roads;Wet or damp;Daylight;Raining;Vehicle with vehicle collision;2;4;Other;na;na;na;na;Driver;Normal;Not a Pedestrian;No distancing;Fatal injury
18:35:00;Saturday;31-50;Male;Elementary school;Employee;5-10yr;Pick up upto 10Q;Owner;5-10yrs;;Office areas;Undivided Two way;Tangent road with flat terrain;Y Shape;Asphalt roads;Wet or damp;Daylight;Raining;Vehicle with vehicle collision;2;4;Going straight;Driver or rider;Male;Over 51;3;Driver;Normal;Not a Pedestrian;Driving carelessly;Fatal injury
12:10:00;Friday;18-30;Male;Junior high school;Employee;5-10yr;Public (12 seats);Owner;5-10yrs;No defect; Church areas;Two-way (divided with broken lines road marking);Tangent road with flat terrain;Y Shape;Asphalt roads;Dry;Daylight;Normal;Vehicle with vehicle collision;1;1;Going straight;na;na;na;na;;Normal;Not a Pedestrian;Driving to the left;Slight Injury
12:10:00;Friday;18-30;Male;Junior high school;Employee;Above 10yr;Automobile;Owner;2-5yrs;;Office areas;Two-way (divided with broken lines road marking);Tangent road with flat terrain;Y Shape;Asphalt roads;Dry;Daylight;Normal;Vehicle with vehicle collision;1;1;Going straight;Driver or rider;Female;Over 51;3;Employee;Normal;Not a Pedestrian;Overtaking;Slight Injury
15:08:00;Monday;18-30;Male;Junior high school;Employee;2-5yr;Automobile;;;No defect;Office areas;Undivided Two way;Tangent road with mountainous terrain and;No junction;Asphalt roads;Dry;Daylight;Normal;Collision with roadside objects;2;1;Going straight;na;na;na;na;;;Not a Pedestrian;No distancing;Slight Injury
15:08:00;Monday;18-30;Male;Junior high school;Owner;Above 10yr;Automobile;Owner;2-5yrs;No defect;Other;Undivided Two way;Tangent road with flat terrain;No junction;Asphalt roads;Wet or damp;Daylight;Raining;Vehicle with vehicle collision;2;1;Going straight;Driver or rider;Male;18-30;3;Driver;Normal;Not a Pedestrian;Driving carelessly;Slight Injury
15:08:00;Monday;Over 51;Male;Junior high school;Employee;2-5yr;Stationwagen;Governmental;;;Residential areas;Two-way (divided with broken lines road marking);Tangent road with flat terrain;No junction;Asphalt roads;Wet or damp;Darkness - lights lit;Other;Vehicle with vehicle collision;2;1;Going straight;na;na;na;na;Self-employed;Normal;Not a Pedestrian;No priority to vehicle;Slight Injury
15:08:00;Monday;Over 51;Male;Elementary school;Other;5-10yr;Other;Owner;2-5yrs;No defect;Office areas;Two-way (divided with broken lines road marking);Tangent road with mild grade and flat terrain;Y Shape;Asphalt roads;Wet or damp;Darkness - lights lit;Other;Vehicle with vehicle collision;2;1;Going straight;na;na;na;na;Self-employed;Normal;Not a Pedestrian;No priority to vehicle;Slight Injury
08:54:00;Thursday;18-30;Male;Elementary school;Employee;5-10yr;Other;Owner;2-5yrs;;Residential areas;other;Tangent road with flat terrain;Y Shape;Asphalt roads;Dry;Daylight;Normal;Vehicle with vehicle collision;2;1;Going straight;na;na;na;na;;;Not a Pedestrian;No priority to vehicle;Slight Injury
16:51:00;Wednesday;31-50;Male;Junior high school;;5-10yr;Other;Owner;Unknown;No defect;Residential areas;Two-way (divided with broken lines road marking);Tangent road with flat terrain;Y Shape;Asphalt roads;Dry;Daylight;Normal;Vehicle with vehicle collision;2;1;Going straight;Driver or rider;Male;18-30;3;Self-employed;Normal;Not a Pedestrian;No priority to vehicle;Slight Injury
19:02:00;Saturday;18-30;Male;Junior high school;Employee;5-10yr;Public (13?45 seats);Owner;;No defect;Other;Double carriageway (median);Tangent road with flat terrain;Y Shape;Asphalt roads;Wet or damp;Daylight;Raining;Vehicle with vehicle collision;2;2;Moving Backward;Driver or rider;Male;31-50;3;;;Not a Pedestrian;No distancing;Slight Injury
19:02:00;Saturday;18-30;Male;Elementary school;Employee;Above 10yr;Lorry (41?100Q);Owner;;No defect; Hospital areas;One way;Tangent road with flat terrain;Y Shape;Asphalt roads;Wet or damp;Daylight;Raining;Vehicle with vehicle collision;2;2;Moving Backward;na;na;na;na;Self-employed;Normal;Not a Pedestrian;Moving Backward;Slight Injury
08:10:00;Monday;18-30;Male;Junior high school;;Below 1yr;Public (12 seats);Governmental;;No defect;Other;Undivided Two way;Tangent road with flat terrain;Y Shape;Asphalt roads;Dry;Daylight;Normal;Vehicle with vehicle collision;3;1;Turnover;Driver or rider;Male;18-30;3;Driver;Normal;Not a Pedestrian;No distancing;Slight Injury
08:10:00;Monday;31-50;Male;Junior high school;Employee;5-10yr;Automobile;Owner;;No defect;Other;Undivided Two way;Tangent road with flat terrain;No junction;Asphalt roads;Dry;Daylight;Normal;Vehicle with vehicle collision;3;1;Other;na;na;na;na;Self-employed;Normal;Not a Pedestrian;Changing lane to the left;Slight Injury
17:50:00;Saturday;18-30;Male;Elementary school;Employee;1-2yr;Automobile;Owner;;No defect;  Recreational areas;One way;Tangent road with mild grade and flat terrain;No junction;Asphalt roads;Dry;Daylight;Normal;Vehicle with vehicle collision;3;1;Other;Driver or rider;Male;18-30;3;Self-employed;Normal;Not a Pedestrian;Changing lane to the left;Slight Injury
17:50:00;Saturday;31-50;Male;;;;Stationwagen;Owner;;No defect;Other;Undivided Two way;Tangent road with flat terrain;Y Shape;Asphalt roads;Dry;Daylight;Normal;Vehicle with vehicle collision;2;1;Going straight;na;na;na;na;Self-employed;Normal;Not a Pedestrian;No priority to pedestrian;Slight Injury
20:51:00;Tuesday;18-30;Male;Junior high school;Employee;Above 10yr;Lorry (41?100Q);Owner;;No defect;Other;Undivided Two way;Tangent road with flat terrain;Y Shape;Asphalt roads;Dry;Daylight;Normal;Vehicle with vehicle collision;2;1;Going straight;Driver or rider;Male;5;3;Driver;Normal;Not a Pedestrian;Moving Backward;Slight Injury
14:00:00;Saturday;31-50;Male;High school;Owner;2-5yr;Lorry (41?100Q);Owner;;No defect;Other;Undivided Two way;Tangent road with flat terrain;O Shape;Asphalt roads;Dry;Daylight;Normal;Vehicle with vehicle collision;1;1;Other;na;na;na;na;Employee;Normal;Not a Pedestrian;Changing lane to the left;Slight Injury
14:00:00;Saturday;18-30;Male;Junior high school;Employee;1-2yr;Lorry (41?100Q);Owner;Below 1yr;No defect;Office areas;Two-way (divided with broken lines road marking);Tangent road with flat terrain;O Shape;Asphalt roads;Dry;Daylight;Normal;Vehicle with vehicle collision;1;1;Other;na;na;na;na;;Normal;Not a Pedestrian;No distancing;Serious Injury
14:43:00;Friday;Over 51;Male;Junior high school;Employee;1-2yr;Public (> 45 seats);Owner;2-5yrs;No defect;Other;Two-way (divided with broken lines road marking);Tangent road with mild grade and flat terrain;Y Shape;Asphalt roads;Dry;Daylight;Normal;Vehicle with vehicle collision;1;1;Going straight;Driver or rider;Male;18-30;3;;;Not a Pedestrian;No priority to vehicle;Slight Injury
16:26:00;Tuesday;Over 51;Male;Above high school;Owner;2-5yr;Public (12 seats);Owner;;No defect;Residential areas;Two-way (divided with broken lines road marking);Tangent road with flat terrain;Y Shape;Asphalt roads;Dry;Daylight;Normal;Collision with roadside objects;2;1;Reversing;na;na;na;na;;;Not a Pedestrian;Changing lane to the right;Slight Injury
16:26:00;Tuesday;Over 51;Male;;;;Other;Owner;5-10yrs;No defect;Other;Undivided Two way;Tangent road with flat terrain;No junction;Asphalt roads;Dry;Daylight;Normal;Vehicle with vehicle collision;2;1;Other;Driver or rider;Male;31-50;3;;;Not a Pedestrian;No distancing;Slight Injury
13:54:00;Saturday;31-50;Male;Elementary school;Owner;2-5yr;Public (12 seats);Owner;Unknown;No defect;Other;Undivided Two way;Tangent road with flat terrain;No junction;Asphalt roads;Dry;Daylight;Normal;Vehicle with vehicle collision;1;1;Turnover;na;na;na;na;Self-employed;Normal;Not a Pedestrian;No distancing;Slight Injury
13:54:00;Saturday;31-50;Male;Junior high school;Employee;1-2yr;Other;Owner;;; Church areas;Undivided Two way;Tangent road with flat terrain;No junction;Asphalt roads;Dry;Daylight;Normal;Vehicle with vehicle collision;2;1;Going straight;Driver or rider;Male;5;3;Driver;Normal;Not a Pedestrian;Getting off the vehicle improperly;Slight Injury
13:54:00;Saturday;18-30;Male;;Owner;5-10yr;Public (12 seats);Owner;1-2yr;5;Office areas;Undivided Two way;Tangent road with flat terrain;No junction;Asphalt roads;Dry;Daylight;Normal;Vehicle with vehicle collision;2;1;Going straight;na;na;na;na;;;Not a Pedestrian;No priority to pedestrian;Slight Injury
15:31:00;Monday;31-50;Male;Junior high school;Employee;Below 1yr;Stationwagen;Owner;Above 10yr;No defect;School areas;other;Tangent road with flat terrain;Y Shape;Asphalt roads;Dry;Daylight;Normal;Collision with pedestrians;1;1;Going straight;Driver or rider;Male;18-30;2;;;Not a Pedestrian;Changing lane to the left;Slight Injury
15:31:00;Monday;Over 51;Male;Junior high school;Employee;2-5yr;Automobile;Owner;2-5yrs;No defect;Other;Undivided Two way;Tangent road with flat terrain;Y Shape;Asphalt roads;Wet or damp;Daylight;Raining;Vehicle with vehicle collision;2;4;Going straight;Passenger;Male;5;2;Driver;Normal;Not a Pedestrian;No distancing;Slight Injury
12:30:00;Thursday;18-30;Male;Junior high school;Employee;5-10yr;Lorry (41?100Q);Owner;1-2yr;No defect;Office areas;Undivided Two way;Tangent road with flat terrain;Y Shape;Asphalt roads;Wet or damp;Daylight;Raining;Vehicle with vehicle collision;2;4;Going straight;na;na;na;na;Driver;Normal;Not a Pedestrian;Driving carelessly;Slight Injury
18:45:00;Wednesday;18-30;Male;Junior high school;Employee;Above 10yr;Special vehicle;Owner;1-2yr;No defect;Residential areas;other;Steep grade downward with mountainous terrain;Y Shape;Gravel roads;Wet or damp;Daylight;Raining;Vehicle with vehicle collision;2;4;Going straight;Driver or rider;Male;18-30;3;Self-employed;Normal;Not a Pedestrian;No distancing;Slight Injury
18:45:00;Wednesday;31-50;Male;Elementary school;Employee;2-5yr;Lorry (41?100Q);Owner;1-2yr;No defect; Industrial areas;One way;Tangent road with flat terrain;Y Shape;Asphalt roads;Wet or damp;Daylight;Raining;Vehicle with vehicle collision;2;4;Going straight;na;na;na;na;Driver;Normal;Not a Pedestrian;Changing lane to the right;Slight Injury
19:12:00;Tuesday;31-50;Male;Elementary school;Owner;Above 10yr;Lorry (41?100Q);Owner;2-5yrs;No defect;Other;Undivided Two way;Tangent road with flat terrain;Y Shape;Asphalt roads;Dry;Daylight;Normal;Vehicle with vehicle collision;1;1;Going straight;Driver or rider;Female;31-50;3;Driver;Normal;Not a Pedestrian;Overtaking;Serious Injury
17:25:00;Friday;31-50;Male;Junior high school;Employee;1-2yr;Public (> 45 seats);Owner;1-2yr;No defect;Residential areas;Undivided Two way;Tangent road with flat terrain;Y Shape;Asphalt roads;Dry;Daylight;Unknown;Vehicle with vehicle collision;1;1;Going straight;na;na;na;na;Self-employed;Normal;Not a Pedestrian;Driving carelessly;Serious Injury
17:25:00;Friday;31-50;Male;Junior high school;Employee;5-10yr;Automobile;Owner;1-2yr;No defect;  Recreational areas;Two-way (divided with broken lines road marking);Tangent road with flat terrain;Y Shape;Asphalt roads;Wet or damp;Darkness - no lighting;Raining;Vehicle with vehicle collision;1;1;Other;na;na;na;na;Self-employed;Normal;Not a Pedestrian;Moving Backward;Serious Injury
12:48:00;Friday;31-50;Male;Junior high school;Employee;2-5yr;Automobile;Owner;Unknown;7;Office areas;other;Tangent road with flat terrain;Crossing;Asphalt roads;Dry;Daylight;Normal;Vehicle with vehicle collision;2;1;Going straight;Driver or rider;Female;Over 51;3;Driver;Normal;Not a Pedestrian;No distancing;Slight Injury
07:10:00;Friday;18-30;Male;Junior high school;Employee;2-5yr;Automobile;Owner;;No defect; Outside rural areas;Two-way (divided with broken lines road marking);Tangent road with flat terrain;Other;Asphalt roads;Dry;Daylight;Normal;Collision with pedestrians;2;1;Going straight;Driver or rider;Male;Over 51;3;Self-employed;Normal;Not a Pedestrian;Overtaking;Slight Injury
07:10:00;Friday;18-30;Male;Junior high school;Employee;2-5yr;Public (> 45 seats);Owner;1-2yr;No defect; Outside rural areas;Two-way (divided with broken lines road marking);Tangent road with flat terrain;Other;Asphalt roads;Dry;Daylight;Normal;Vehicle with vehicle collision;2;1;Moving Backward;Passenger;Male;Over 51;3;;;Not a Pedestrian;Driving carelessly;Slight Injury
17:10:00;Friday;18-30;Male;Junior high school;Employee;2-5yr;Lorry (11?40Q);Owner;1-2yr;No defect; Outside rural areas;Undivided Two way;Tangent road with flat terrain;Other;Asphalt roads;Dry;Daylight;Normal;Vehicle with vehicle collision;2;1;Going straight;na;na;na;na;;;Not a Pedestrian;Driving carelessly;Slight Injury
17:10:00;Friday;31-50;Male;Junior high school;Employee;Above 10yr;Pick up upto 10Q;Governmental;Below 1yr;No defect; Outside rural areas;Undivided Two way;Tangent road with flat terrain;Other;Asphalt roads;Dry;Daylight;Normal;Vehicle with vehicle collision;1;1;Moving Backward;na;na;na;na;;;Not a Pedestrian;Moving Backward;Slight Injury
17:10:00;Friday;18-30;Male;Junior high school;Employee;Above 10yr;Lorry (11?40Q);Owner;;No defect; Outside rural areas;other;Steep grade downward with mountainous terrain;No junction;Asphalt roads with some distress;Wet or damp;Darkness - lights lit;Normal;Vehicle with vehicle collision;2;2;Other;na;na;na;na;Self-employed;Normal;Not a Pedestrian;Driving carelessly;Slight Injury
09:05:00;Friday;31-50;Female;Elementary school;Employee;5-10yr;Pick up upto 10Q;Owner;;No defect;School areas;other;Steep grade downward with mountainous terrain;No junction;Asphalt roads;Wet or damp;Darkness - lights lit;Normal;Collision with roadside objects;2;2;Going straight;Driver or rider;Male;18-30;3;Driver;Normal;Not a Pedestrian;Driving to the left;Slight Injury
09:05:00;Friday;18-30;Male;;Employee;;Special vehicle;Owner;Above 10yr;No defect; Outside rural areas;Two-way (divided with broken lines road marking);Tangent road with flat terrain;No junction;Asphalt roads;Dry;Daylight;Normal;Vehicle with vehicle collision;1;1;Reversing;Passenger;Male;Over 51;3;Employee;Normal;Not a Pedestrian;Changing lane to the left;Serious Injury
16:15:00;Wednesday;31-50;Male;;Employee;2-5yr;Lorry (11?40Q);Owner;;No defect; Outside rural areas;Undivided Two way;Tangent road with flat terrain;No junction;Asphalt roads;Dry;Daylight;Normal;Vehicle with vehicle collision;2;1;Going straight;na;na;na;na;Driver;Normal;Not a Pedestrian;No distancing;Slight Injury
18:00:00;Sunday;Unknown;Male;Elementary school;Employee;5-10yr;Automobile;Owner;;No defect; Outside rural areas;Two-way (divided with broken lines road marking);Escarpments;No junction;Asphalt roads;Dry;Daylight;Normal;Vehicle with vehicle collision;2;1;Other;na;na;na;na;Driver;Normal;Not a Pedestrian;No distancing;Slight Injury
13:55:00;Sunday;Over 51;Male;Junior high school;Employee;5-10yr;Bajaj;Owner;2-5yrs;No defect; Outside rural areas;Two-way (divided with broken lines road marking);Tangent road with mountainous terrain and;No junction;Asphalt roads;Dry;Daylight;Normal;Vehicle with vehicle collision;1;1;Other;Driver or rider;Male;31-50;3;Driver;Normal;Not a Pedestrian;Changing lane to the right;Serious Injury
13:55:00;Sunday;18-30;Female;Junior high school;Employee;Above 10yr;Lorry (41?100Q);Owner;2-5yrs;No defect;Office areas;Undivided Two way;Tangent road with mountainous terrain and;No junction;Asphalt roads;Dry;Darkness - lights lit;Normal;Vehicle with vehicle collision;2;1;Other;na;na;na;na;Driver;Normal;Not a Pedestrian;Driving under the influence of drugs;Slight Injury
13:55:00;Sunday;18-30;Male;Junior high school;Employee;5-10yr;Other;Owner;2-5yrs;No defect; Outside rural areas;Undivided Two way;Tangent road with mountainous terrain and;O Shape;Asphalt roads;Dry;Darkness - lights lit;Normal;Vehicle with vehicle collision;2;1;Stopping;Pedestrian;Female;5;3;Driver;Normal;Crossing from nearside - masked by parked or statioNot a Pedestrianry vehicle;Changing lane to the right;Slight Injury